Test project /home/mingshi/Project/AI/ernie-image-ncnn-vulkan/.worktrees/surpass-reference/build-dev
      Start  1: native_cache_cpu
 1/61 Test  #1: native_cache_cpu .........................   Passed    0.04 sec
      Start  2: runtime_cache_cpu
 2/61 Test  #2: runtime_cache_cpu ........................   Passed    0.04 sec
      Start  3: native_cache_vulkan
 3/61 Test  #3: native_cache_vulkan ......................***Failed  Error regular expression found in output. Regex=[[Vv]alidation [Ee]rror]  2.67 sec
[0 NVIDIA GeForce RTX 4060 Laptop GPU]  queueC=2[8]  queueT=1[2]  rebar=1  r-score=76
[0 NVIDIA GeForce RTX 4060 Laptop GPU]  fp16-p/s/u/a=1/1/1/1  int8-p/s/u/a=1/1/1/1  bf16-p/s=1/1
[0 NVIDIA GeForce RTX 4060 Laptop GPU]  subgroup=32(32~32)  ops=1/1/1/1/1/1/1/1/1/1
[0 NVIDIA GeForce RTX 4060 Laptop GPU]  fp16-cm=16x16x16/16x8x16/16x8x8  int8-cm=16x16x32/16x8x32  bf16-cm=16x16x16  fp8-cm=16x16x32  fp6-cm=0  fp4-cm=0
[1 llvmpipe (LLVM 22.1.8, 256 bits)]  queueC=0[1]  queueT=0[1]  rebar=1  r-score=14
[1 llvmpipe (LLVM 22.1.8, 256 bits)]  fp16-p/s/u/a=1/1/1/1  int8-p/s/u/a=1/1/1/1  bf16-p/s=1/0
[1 llvmpipe (LLVM 22.1.8, 256 bits)]  subgroup=8(8~8)  ops=1/1/1/1/1/1/1/1/1/1
[1 llvmpipe (LLVM 22.1.8, 256 bits)]  fp16-cm=8x8x8  int8-cm=8x8x8  bf16-cm=0  fp8-cm=0  fp6-cm=0  fp4-cm=0
[2 llvmpipe (LLVM 17.0.6, 256 bits)]  queueC=0[1]  queueT=0[1]  rebar=1  r-score=4
[2 llvmpipe (LLVM 17.0.6, 256 bits)]  fp16-p/s/u/a=1/1/1/1  int8-p/s/u/a=1/1/1/1  bf16-p/s=1/0
[2 llvmpipe (LLVM 17.0.6, 256 bits)]  subgroup=8(8~8)  ops=1/1/1/1/1/1/0/1/0/0
[2 llvmpipe (LLVM 17.0.6, 256 bits)]  fp16-cm=0  int8-cm=0  bf16-cm=0  fp8-cm=0  fp6-cm=0  fp4-cm=0
{"ncnn_revision":"3b7bdba7fc8aea8fd46779533eee027df77c639d","q_heads":32,"kv_heads":8,"head_dim":128,"backend":"vulkan","runtime_layer":false}
Vulkan device: NVIDIA GeForce RTX 4060 Laptop GPU
{"configuration":"vulkan_fp32_dedicated","case":"prefill_decode_reuse","tokens":40,"steps":9,"hint":128,"key_backing_allocations":1,"value_backing_allocations":1,"max_abs_error":1.49011612e-07,"nrmse":1.05336898e-07,"atol":2e-05,"nrmse_limit":2e-05,"passed":true}
{"configuration":"vulkan_fp32_dedicated","case":"reset_and_growth","tokens":65,"steps":7,"hint":8,"key_backing_allocations":4,"value_backing_allocations":4,"max_abs_error":1.78813934e-07,"nrmse":1.16683426e-07,"atol":2e-05,"nrmse_limit":2e-05,"passed":true}
{"configuration":"vulkan_fp32_dedicated","case":"fresh_prompt_after_reset","tokens":9,"steps":3,"hint":16,"key_backing_allocations":1,"value_backing_allocations":1,"max_abs_error":1.78813934e-07,"nrmse":7.45773035e-08,"atol":2e-05,"nrmse_limit":2e-05,"passed":true}
{"configuration":"vulkan_fp32_default","case":"prefill_decode_reuse","tokens":40,"steps":9,"hint":128,"key_backing_allocations":9,"value_backing_allocations":9,"max_abs_error":1.49011612e-07,"nrmse":1.05336898e-07,"atol":2e-05,"nrmse_limit":2e-05,"passed":true}
{"configuration":"vulkan_fp32_default","case":"reset_and_growth","tokens":65,"steps":7,"hint":8,"key_backing_allocations":7,"value_backing_allocations":7,"max_abs_error":1.78813934e-07,"nrmse":1.16683426e-07,"atol":2e-05,"nrmse_limit":2e-05,"passed":true}
{"configuration":"vulkan_fp32_default","case":"fresh_prompt_after_reset","tokens":9,"steps":3,"hint":16,"key_backing_allocations":3,"value_backing_allocations":3,"max_abs_error":1.78813934e-07,"nrmse":7.45773035e-08,"atol":2e-05,"nrmse_limit":2e-05,"passed":true}
{"configuration":"vulkan_fp16_dedicated","case":"prefill_decode_reuse","tokens":40,"steps":9,"hint":128,"key_backing_allocations":1,"value_backing_allocations":1,"max_abs_error":0.00047814846,"nrmse":0.000299650544,"atol":0.002,"nrmse_limit":0.005,"passed":true}
{"configuration":"vulkan_fp16_dedicated","case":"reset_and_growth","tokens":65,"steps":7,"hint":8,"key_backing_allocations":4,"value_backing_allocations":4,"max_abs_error":0.000543236732,"nrmse":0.000309597437,"atol":0.002,"nrmse_limit":0.005,"passed":true}
{"configuration":"vulkan_fp16_dedicated","case":"fresh_prompt_after_reset","tokens":9,"steps":3,"hint":16,"key_backing_allocations":1,"value_backing_allocations":1,"max_abs_error":0.000584125519,"nrmse":0.000279038385,"atol":0.002,"nrmse_limit":0.005,"passed":true}
{"configuration":"vulkan_fp16_default","case":"prefill_decode_reuse","tokens":40,"steps":9,"hint":128,"key_backing_allocations":9,"value_backing_allocations":9,"max_abs_error":0.00047814846,"nrmse":0.000299650544,"atol":0.002,"nrmse_limit":0.005,"passed":true}
{"configuration":"vulkan_fp16_default","case":"reset_and_growth","tokens":65,"steps":7,"hint":8,"key_backing_allocations":7,"value_backing_allocations":7,"max_abs_error":0.000543236732,"nrmse":0.000309597437,"atol":0.002,"nrmse_limit":0.005,"passed":true}
{"configuration":"vulkan_fp16_default","case":"fresh_prompt_after_reset","tokens":9,"steps":3,"hint":16,"key_backing_allocations":3,"value_backing_allocations":3,"max_abs_error":0.000584125519,"nrmse":0.000279038385,"atol":0.002,"nrmse_limit":0.005,"passed":true}
Validation Error: [ VUID-RuntimeSpirv-cooperativeMatrixFlexibleDimensions-10165 ] | MessageID = 0xaf8bd211
vkCreateComputePipelines(): pCreateInfos[0].stage SPIR-V (VK_SHADER_STAGE_COMPUTE_BIT) has
%1269 = OpTypeCooperativeMatrixKHR %478 %33 %96 %130 %36 (rows: 16, cols: 16, scope: VK_SCOPE_SUBGROUP_KHR, type: VK_COMPONENT_TYPE_BFLOAT16_KHR, use: 2)
but doesn't match any VkCooperativeMatrixPropertiesKHR or VkCooperativeMatrixFlexibleDimensionsPropertiesNV
[0] MSize = 16 | NSize = 16 | KSize = 16 | AType = VK_COMPONENT_TYPE_FLOAT16_KHR | BType = VK_COMPONENT_TYPE_FLOAT16_KHR | CType = VK_COMPONENT_TYPE_FLOAT16_KHR | ResultType = VK_COMPONENT_TYPE_FLOAT16_KHR | scope = VK_SCOPE_SUBGROUP_KHR
[1] MSize = 16 | NSize = 8 | KSize = 16 | AType = VK_COMPONENT_TYPE_FLOAT16_KHR | BType = VK_COMPONENT_TYPE_FLOAT16_KHR | CType = VK_COMPONENT_TYPE_FLOAT16_KHR | ResultType = VK_COMPONENT_TYPE_FLOAT16_KHR | scope = VK_SCOPE_SUBGROUP_KHR
[2] MSize = 16 | NSize = 8 | KSize = 8 | AType = VK_COMPONENT_TYPE_FLOAT16_KHR | BType = VK_COMPONENT_TYPE_FLOAT16_KHR | CType = VK_COMPONENT_TYPE_FLOAT16_KHR | ResultType = VK_COMPONENT_TYPE_FLOAT16_KHR | scope = VK_SCOPE_SUBGROUP_KHR
[3] MSize = 16 | NSize = 16 | KSize = 16 | AType = VK_COMPONENT_TYPE_FLOAT16_KHR | BType = VK_COMPONENT_TYPE_FLOAT16_KHR | CType = VK_COMPONENT_TYPE_FLOAT32_KHR | ResultType = VK_COMPONENT_TYPE_FLOAT32_KHR | scope = VK_SCOPE_SUBGROUP_KHR
[4] MSize = 16 | NSize = 8 | KSize = 16 | AType = VK_COMPONENT_TYPE_FLOAT16_KHR | BType = VK_COMPONENT_TYPE_FLOAT16_KHR | CType = VK_COMPONENT_TYPE_FLOAT32_KHR | ResultType = VK_COMPONENT_TYPE_FLOAT32_KHR | scope = VK_SCOPE_SUBGROUP_KHR
[5] MSize = 16 | NSize = 8 | KSize = 8 | AType = VK_COMPONENT_TYPE_FLOAT16_KHR | BType = VK_COMPONENT_TYPE_FLOAT16_KHR | CType = VK_COMPONENT_TYPE_FLOAT32_KHR | ResultType = VK_COMPONENT_TYPE_FLOAT32_KHR | scope = VK_SCOPE_SUBGROUP_KHR
[6] MSize = 16 | NSize = 16 | KSize = 32 | AType = VK_COMPONENT_TYPE_UINT8_KHR | BType = VK_COMPONENT_TYPE_UINT8_KHR | CType = VK_COMPONENT_TYPE_UINT32_KHR | ResultType = VK_COMPONENT_TYPE_UINT32_KHR | scope = VK_SCOPE_SUBGROUP_KHR
[7] MSize = 16 | NSize = 16 | KSize = 32 | AType = VK_COMPONENT_TYPE_SINT8_KHR | BType = VK_COMPONENT_TYPE_SINT8_KHR | CType = VK_COMPONENT_TYPE_SINT32_KHR | ResultType = VK_COMPONENT_TYPE_SINT32_KHR | scope = VK_SCOPE_SUBGROUP_KHR
[8] MSize = 16 | NSize = 8 | KSize = 32 | AType = VK_COMPONENT_TYPE_UINT8_KHR | BType = VK_COMPONENT_TYPE_UINT8_KHR | CType = VK_COMPONENT_TYPE_UINT32_KHR | ResultType = VK_COMPONENT_TYPE_UINT32_KHR | scope = VK_SCOPE_SUBGROUP_KHR
[9] MSize = 16 | NSize = 8 | KSize = 32 | AType = VK_COMPONENT_TYPE_SINT8_KHR | BType = VK_COMPONENT_TYPE_SINT8_KHR | CType = VK_COMPONENT_TYPE_SINT32_KHR | ResultType = VK_COMPONENT_TYPE_SINT32_KHR | scope = VK_SCOPE_SUBGROUP_KHR
[10] MSize = 16 | NSize = 16 | KSize = 16 | AType = VK_COMPONENT_TYPE_BFLOAT16_KHR | BType = VK_COMPONENT_TYPE_BFLOAT16_KHR | CType = VK_COMPONENT_TYPE_FLOAT32_KHR | ResultType = VK_COMPONENT_TYPE_FLOAT32_KHR | scope = VK_SCOPE_SUBGROUP_KHR
[11] MSize = 16 | NSize = 16 | KSize = 32 | AType = VK_COMPONENT_TYPE_FLOAT8_E5M2_EXT | BType = VK_COMPONENT_TYPE_FLOAT8_E5M2_EXT | CType = VK_COMPONENT_TYPE_FLOAT16_KHR | ResultType = VK_COMPONENT_TYPE_FLOAT16_KHR | scope = VK_SCOPE_SUBGROUP_KHR
[12] MSize = 16 | NSize = 16 | KSize = 32 | AType = VK_COMPONENT_TYPE_FLOAT8_E5M2_EXT | BType = VK_COMPONENT_TYPE_FLOAT8_E5M2_EXT | CType = VK_COMPONENT_TYPE_FLOAT32_KHR | ResultType = VK_COMPONENT_TYPE_FLOAT32_KHR | scope = VK_SCOPE_SUBGROUP_KHR
[13] MSize = 16 | NSize = 16 | KSize = 32 | AType = VK_COMPONENT_TYPE_FLOAT8_E4M3_EXT | BType = VK_COMPONENT_TYPE_FLOAT8_E4M3_EXT | CType = VK_COMPONENT_TYPE_FLOAT16_KHR | ResultType = VK_COMPONENT_TYPE_FLOAT16_KHR | scope = VK_SCOPE_SUBGROUP_KHR
[14] MSize = 16 | NSize = 16 | KSize = 32 | AType = VK_COMPONENT_TYPE_FLOAT8_E4M3_EXT | BType = VK_COMPONENT_TYPE_FLOAT8_E4M3_EXT | CType = VK_COMPONENT_TYPE_FLOAT32_KHR | ResultType = VK_COMPONENT_TYPE_FLOAT32_KHR | scope = VK_SCOPE_SUBGROUP_KHR

[0] MGranularity = 16 | NGranularity = 16 | KGranularity = 16 | AType = VK_COMPONENT_TYPE_FLOAT16_KHR | BType = VK_COMPONENT_TYPE_FLOAT16_KHR | CType = VK_COMPONENT_TYPE_FLOAT16_KHR | ResultType = VK_COMPONENT_TYPE_FLOAT16_KHR | scope = VK_SCOPE_SUBGROUP_KHR | workgroupInvocations = 0
[1] MGranularity = 16 | NGranularity = 16 | KGranularity = 16 | AType = VK_COMPONENT_TYPE_FLOAT16_KHR | BType = VK_COMPONENT_TYPE_FLOAT16_KHR | CType = VK_COMPONENT_TYPE_FLOAT32_KHR | ResultType = VK_COMPONENT_TYPE_FLOAT32_KHR | scope = VK_SCOPE_SUBGROUP_KHR | workgroupInvocations = 0
[2] MGranularity = 16 | NGranularity = 16 | KGranularity = 32 | AType = VK_COMPONENT_TYPE_UINT8_KHR | BType = VK_COMPONENT_TYPE_UINT8_KHR | CType = VK_COMPONENT_TYPE_UINT32_KHR | ResultType = VK_COMPONENT_TYPE_UINT32_KHR | scope = VK_SCOPE_SUBGROUP_KHR | workgroupInvocations = 0
[3] MGranularity = 16 | NGranularity = 16 | KGranularity = 32 | AType = VK_COMPONENT_TYPE_SINT8_KHR | BType = VK_COMPONENT_TYPE_SINT8_KHR | CType = VK_COMPONENT_TYPE_SINT32_KHR | ResultType = VK_COMPONENT_TYPE_SINT32_KHR | scope = VK_SCOPE_SUBGROUP_KHR | workgroupInvocations = 0
[4] MGranularity = 16 | NGranularity = 16 | KGranularity = 16 | AType = VK_COMPONENT_TYPE_BFLOAT16_KHR | BType = VK_COMPONENT_TYPE_BFLOAT16_KHR | CType = VK_COMPONENT_TYPE_FLOAT32_KHR | ResultType = VK_COMPONENT_TYPE_FLOAT32_KHR | scope = VK_SCOPE_SUBGROUP_KHR | workgroupInvocations = 0
[5] MGranularity = 16 | NGranularity = 16 | KGranularity = 16 | AType = VK_COMPONENT_TYPE_FLOAT16_KHR | BType = VK_COMPONENT_TYPE_FLOAT16_KHR | CType = VK_COMPONENT_TYPE_FLOAT16_KHR | ResultType = VK_COMPONENT_TYPE_FLOAT16_KHR | scope = VK_SCOPE_WORKGROUP_KHR | workgroupInvocations = 32
[6] MGranularity = 16 | NGranularity = 16 | KGranularity = 16 | AType = VK_COMPONENT_TYPE_FLOAT16_KHR | BType = VK_COMPONENT_TYPE_FLOAT16_KHR | CType = VK_COMPONENT_TYPE_FLOAT32_KHR | ResultType = VK_COMPONENT_TYPE_FLOAT32_KHR | scope = VK_SCOPE_WORKGROUP_KHR | workgroupInvocations = 32
[7] MGranularity = 16 | NGranularity = 16 | KGranularity = 32 | AType = VK_COMPONENT_TYPE_UINT8_KHR | BType = VK_COMPONENT_TYPE_UINT8_KHR | CType = VK_COMPONENT_TYPE_UINT32_KHR | ResultType = VK_COMPONENT_TYPE_UINT32_KHR | scope = VK_SCOPE_WORKGROUP_KHR | workgroupInvocations = 32
[8] MGranularity = 16 | NGranularity = 16 | KGranularity = 32 | AType = VK_COMPONENT_TYPE_SINT8_KHR | BType = VK_COMPONENT_TYPE_SINT8_KHR | CType = VK_COMPONENT_TYPE_SINT32_KHR | ResultType = VK_COMPONENT_TYPE_SINT32_KHR | scope = VK_SCOPE_WORKGROUP_KHR | workgroupInvocations = 32
[9] MGranularity = 16 | NGranularity = 16 | KGranularity = 16 | AType = VK_COMPONENT_TYPE_BFLOAT16_KHR | BType = VK_COMPONENT_TYPE_BFLOAT16_KHR | CType = VK_COMPONENT_TYPE_FLOAT32_KHR | ResultType = VK_COMPONENT_TYPE_FLOAT32_KHR | scope = VK_SCOPE_WORKGROUP_KHR | workgroupInvocations = 32
[10] MGranularity = 16 | NGranularity = 16 | KGranularity = 16 | AType = VK_COMPONENT_TYPE_FLOAT16_KHR | BType = VK_COMPONENT_TYPE_FLOAT16_KHR | CType = VK_COMPONENT_TYPE_FLOAT16_KHR | ResultType = VK_COMPONENT_TYPE_FLOAT16_KHR | scope = VK_SCOPE_WORKGROUP_KHR | workgroupInvocations = 64
[11] MGranularity = 16 | NGranularity = 16 | KGranularity = 16 | AType = VK_COMPONENT_TYPE_FLOAT16_KHR | BType = VK_COMPONENT_TYPE_FLOAT16_KHR | CType = VK_COMPONENT_TYPE_FLOAT32_KHR | ResultType = VK_COMPONENT_TYPE_FLOAT32_KHR | scope = VK_SCOPE_WORKGROUP_KHR | workgroupInvocations = 64
[12] MGranularity = 16 | NGranularity = 16 | KGranularity = 32 | AType = VK_COMPONENT_TYPE_UINT8_KHR | BType = VK_COMPONENT_TYPE_UINT8_KHR | CType = VK_COMPONENT_TYPE_UINT32_KHR | ResultType = VK_COMPONENT_TYPE_UINT32_KHR | scope = VK_SCOPE_WORKGROUP_KHR | workgroupInvocations = 64
[13] MGranularity = 16 | NGranularity = 16 | KGranularity = 32 | AType = VK_COMPONENT_TYPE_SINT8_KHR | BType = VK_COMPONENT_TYPE_SINT8_KHR | CType = VK_COMPONENT_TYPE_SINT32_KHR | ResultType = VK_COMPONENT_TYPE_SINT32_KHR | scope = VK_SCOPE_WORKGROUP_KHR | workgroupInvocations = 64
[14] MGranularity = 16 | NGranularity = 16 | KGranularity = 16 | AType = VK_COMPONENT_TYPE_BFLOAT16_KHR | BType = VK_COMPONENT_TYPE_BFLOAT16_KHR | CType = VK_COMPONENT_TYPE_FLOAT32_KHR | ResultType = VK_COMPONENT_TYPE_FLOAT32_KHR | scope = VK_SCOPE_WORKGROUP_KHR | workgroupInvocations = 64
[15] MGranularity = 32 | NGranularity = 16 | KGranularity = 16 | AType = VK_COMPONENT_TYPE_FLOAT16_KHR | BType = VK_COMPONENT_TYPE_FLOAT16_KHR | CType = VK_COMPONENT_TYPE_FLOAT16_KHR | ResultType = VK_COMPONENT_TYPE_FLOAT16_KHR | scope = VK_SCOPE_WORKGROUP_KHR | workgroupInvocations = 128
[16] MGranularity = 32 | NGranularity = 16 | KGranularity = 16 | AType = VK_COMPONENT_TYPE_FLOAT16_KHR | BType = VK_COMPONENT_TYPE_FLOAT16_KHR | CType = VK_COMPONENT_TYPE_FLOAT32_KHR | ResultType = VK_COMPONENT_TYPE_FLOAT32_KHR | scope = VK_SCOPE_WORKGROUP_KHR | workgroupInvocations = 128
[17] MGranularity = 32 | NGranularity = 16 | KGranularity = 32 | AType = VK_COMPONENT_TYPE_UINT8_KHR | BType = VK_COMPONENT_TYPE_UINT8_KHR | CType = VK_COMPONENT_TYPE_UINT32_KHR | ResultType = VK_COMPONENT_TYPE_UINT32_KHR | scope = VK_SCOPE_WORKGROUP_KHR | workgroupInvocations = 128
[18] MGranularity = 32 | NGranularity = 16 | KGranularity = 32 | AType = VK_COMPONENT_TYPE_SINT8_KHR | BType = VK_COMPONENT_TYPE_SINT8_KHR | CType = VK_COMPONENT_TYPE_SINT32_KHR | ResultType = VK_COMPONENT_TYPE_SINT32_KHR | scope = VK_SCOPE_WORKGROUP_KHR | workgroupInvocations = 128
[19] MGranularity = 32 | NGranularity = 16 | KGranularity = 16 | AType = VK_COMPONENT_TYPE_BFLOAT16_KHR | BType = VK_COMPONENT_TYPE_BFLOAT16_KHR | CType = VK_COMPONENT_TYPE_FLOAT32_KHR | ResultType = VK_COMPONENT_TYPE_FLOAT32_KHR | scope = VK_SCOPE_WORKGROUP_KHR | workgroupInvocations = 128
[20] MGranularity = 32 | NGranularity = 32 | KGranularity = 16 | AType = VK_COMPONENT_TYPE_FLOAT16_KHR | BType = VK_COMPONENT_TYPE_FLOAT16_KHR | CType = VK_COMPONENT_TYPE_FLOAT16_KHR | ResultType = VK_COMPONENT_TYPE_FLOAT16_KHR | scope = VK_SCOPE_WORKGROUP_KHR | workgroupInvocations = 256
[21] MGranularity = 32 | NGranularity = 32 | KGranularity = 16 | AType = VK_COMPONENT_TYPE_FLOAT16_KHR | BType = VK_COMPONENT_TYPE_FLOAT16_KHR | CType = VK_COMPONENT_TYPE_FLOAT32_KHR | ResultType = VK_COMPONENT_TYPE_FLOAT32_KHR | scope = VK_SCOPE_WORKGROUP_KHR | workgroupInvocations = 256
[22] MGranularity = 32 | NGranularity = 32 | KGranularity = 32 | AType = VK_COMPONENT_TYPE_UINT8_KHR | BType = VK_COMPONENT_TYPE_UINT8_KHR | CType = VK_COMPONENT_TYPE_UINT32_KHR | ResultType = VK_COMPONENT_TYPE_UINT32_KHR | scope = VK_SCOPE_WORKGROUP_KHR | workgroupInvocations = 256
[23] MGranularity = 32 | NGranularity = 32 | KGranularity = 32 | AType = VK_COMPONENT_TYPE_SINT8_KHR | BType = VK_COMPONENT_TYPE_SINT8_KHR | CType = VK_COMPONENT_TYPE_SINT32_KHR | ResultType = VK_COMPONENT_TYPE_SINT32_KHR | scope = VK_SCOPE_WORKGROUP_KHR | workgroupInvocations = 256
[24] MGranularity = 32 | NGranularity = 32 | KGranularity = 16 | AType = VK_COMPONENT_TYPE_BFLOAT16_KHR | BType = VK_COMPONENT_TYPE_BFLOAT16_KHR | CType = VK_COMPONENT_TYPE_FLOAT32_KHR | ResultType = VK_COMPONENT_TYPE_FLOAT32_KHR | scope = VK_SCOPE_WORKGROUP_KHR | workgroupInvocations = 256
[25] MGranularity = 16 | NGranularity = 16 | KGranularity = 32 | AType = VK_COMPONENT_TYPE_FLOAT8_E5M2_EXT | BType = VK_COMPONENT_TYPE_FLOAT8_E5M2_EXT | CType = VK_COMPONENT_TYPE_FLOAT16_KHR | ResultType = VK_COMPONENT_TYPE_FLOAT16_KHR | scope = VK_SCOPE_SUBGROUP_KHR | workgroupInvocations = 0
[26] MGranularity = 16 | NGranularity = 16 | KGranularity = 32 | AType = VK_COMPONENT_TYPE_FLOAT8_E5M2_EXT | BType = VK_COMPONENT_TYPE_FLOAT8_E5M2_EXT | CType = VK_COMPONENT_TYPE_FLOAT32_KHR | ResultType = VK_COMPONENT_TYPE_FLOAT32_KHR | scope = VK_SCOPE_SUBGROUP_KHR | workgroupInvocations = 0
[27] MGranularity = 16 | NGranularity = 16 | KGranularity = 32 | AType = VK_COMPONENT_TYPE_FLOAT8_E4M3_EXT | BType = VK_COMPONENT_TYPE_FLOAT8_E4M3_EXT | CType = VK_COMPONENT_TYPE_FLOAT16_KHR | ResultType = VK_COMPONENT_TYPE_FLOAT16_KHR | scope = VK_SCOPE_SUBGROUP_KHR | workgroupInvocations = 0
[28] MGranularity = 16 | NGranularity = 16 | KGranularity = 32 | AType = VK_COMPONENT_TYPE_FLOAT8_E4M3_EXT | BType = VK_COMPONENT_TYPE_FLOAT8_E4M3_EXT | CType = VK_COMPONENT_TYPE_FLOAT32_KHR | ResultType = VK_COMPONENT_TYPE_FLOAT32_KHR | scope = VK_SCOPE_SUBGROUP_KHR | workgroupInvocations = 0
[29] MGranularity = 16 | NGranularity = 16 | KGranularity = 32 | AType = VK_COMPONENT_TYPE_FLOAT8_E5M2_EXT | BType = VK_COMPONENT_TYPE_FLOAT8_E5M2_EXT | CType = VK_COMPONENT_TYPE_FLOAT16_KHR | ResultType = VK_COMPONENT_TYPE_FLOAT16_KHR | scope = VK_SCOPE_WORKGROUP_KHR | workgroupInvocations = 32
[30] MGranularity = 16 | NGranularity = 16 | KGranularity = 32 | AType = VK_COMPONENT_TYPE_FLOAT8_E5M2_EXT | BType = VK_COMPONENT_TYPE_FLOAT8_E5M2_EXT | CType = VK_COMPONENT_TYPE_FLOAT32_KHR | ResultType = VK_COMPONENT_TYPE_FLOAT32_KHR | scope = VK_SCOPE_WORKGROUP_KHR | workgroupInvocations = 32
[31] MGranularity = 16 | NGranularity = 16 | KGranularity = 32 | AType = VK_COMPONENT_TYPE_FLOAT8_E4M3_EXT | BType = VK_COMPONENT_TYPE_FLOAT8_E4M3_EXT | CType = VK_COMPONENT_TYPE_FLOAT16_KHR | ResultType = VK_COMPONENT_TYPE_FLOAT16_KHR | scope = VK_SCOPE_WORKGROUP_KHR | workgroupInvocations = 32
[32] MGranularity = 16 | NGranularity = 16 | KGranularity = 32 | AType = VK_COMPONENT_TYPE_FLOAT8_E4M3_EXT | BType = VK_COMPONENT_TYPE_FLOAT8_E4M3_EXT | CType = VK_COMPONENT_TYPE_FLOAT32_KHR | ResultType = VK_COMPONENT_TYPE_FLOAT32_KHR | scope = VK_SCOPE_WORKGROUP_KHR | workgroupInvocations = 32
[33] MGranularity = 16 | NGranularity = 16 | KGranularity = 32 | AType = VK_COMPONENT_TYPE_FLOAT8_E5M2_EXT | BType = VK_COMPONENT_TYPE_FLOAT8_E5M2_EXT | CType = VK_COMPONENT_TYPE_FLOAT16_KHR | ResultType = VK_COMPONENT_TYPE_FLOAT16_KHR | scope = VK_SCOPE_WORKGROUP_KHR | workgroupInvocations = 64
[34] MGranularity = 16 | NGranularity = 16 | KGranularity = 32 | AType = VK_COMPONENT_TYPE_FLOAT8_E5M2_EXT | BType = VK_COMPONENT_TYPE_FLOAT8_E5M2_EXT | CType = VK_COMPONENT_TYPE_FLOAT32_KHR | ResultType = VK_COMPONENT_TYPE_FLOAT32_KHR | scope = VK_SCOPE_WORKGROUP_KHR | workgroupInvocations = 64
[35] MGranularity = 16 | NGranularity = 16 | KGranularity = 32 | AType = VK_COMPONENT_TYPE_FLOAT8_E4M3_EXT | BType = VK_COMPONENT_TYPE_FLOAT8_E4M3_EXT | CType = VK_COMPONENT_TYPE_FLOAT16_KHR | ResultType = VK_COMPONENT_TYPE_FLOAT16_KHR | scope = VK_SCOPE_WORKGROUP_KHR | workgroupInvocations = 64
[36] MGranularity = 16 | NGranularity = 16 | KGranularity = 32 | AType = VK_COMPONENT_TYPE_FLOAT8_E4M3_EXT | BType = VK_COMPONENT_TYPE_FLOAT8_E4M3_EXT | CType = VK_COMPONENT_TYPE_FLOAT32_KHR | ResultType = VK_COMPONENT_TYPE_FLOAT32_KHR | scope = VK_SCOPE_WORKGROUP_KHR | workgroupInvocations = 64
[37] MGranularity = 32 | NGranularity = 16 | KGranularity = 32 | AType = VK_COMPONENT_TYPE_FLOAT8_E5M2_EXT | BType = VK_COMPONENT_TYPE_FLOAT8_E5M2_EXT | CType = VK_COMPONENT_TYPE_FLOAT16_KHR | ResultType = VK_COMPONENT_TYPE_FLOAT16_KHR | scope = VK_SCOPE_WORKGROUP_KHR | workgroupInvocations = 128
[38] MGranularity = 32 | NGranularity = 16 | KGranularity = 32 | AType = VK_COMPONENT_TYPE_FLOAT8_E5M2_EXT | BType = VK_COMPONENT_TYPE_FLOAT8_E5M2_EXT | CType = VK_COMPONENT_TYPE_FLOAT32_KHR | ResultType = VK_COMPONENT_TYPE_FLOAT32_KHR | scope = VK_SCOPE_WORKGROUP_KHR | workgroupInvocations = 128
[39] MGranularity = 32 | NGranularity = 16 | KGranularity = 32 | AType = VK_COMPONENT_TYPE_FLOAT8_E4M3_EXT | BType = VK_COMPONENT_TYPE_FLOAT8_E4M3_EXT | CType = VK_COMPONENT_TYPE_FLOAT16_KHR | ResultType = VK_COMPONENT_TYPE_FLOAT16_KHR | scope = VK_SCOPE_WORKGROUP_KHR | workgroupInvocations = 128
[40] MGranularity = 32 | NGranularity = 16 | KGranularity = 32 | AType = VK_COMPONENT_TYPE_FLOAT8_E4M3_EXT | BType = VK_COMPONENT_TYPE_FLOAT8_E4M3_EXT | CType = VK_COMPONENT_TYPE_FLOAT32_KHR | ResultType = VK_COMPONENT_TYPE_FLOAT32_KHR | scope = VK_SCOPE_WORKGROUP_KHR | workgroupInvocations = 128
[41] MGranularity = 32 | NGranularity = 32 | KGranularity = 32 | AType = VK_COMPONENT_TYPE_FLOAT8_E5M2_EXT | BType = VK_COMPONENT_TYPE_FLOAT8_E5M2_EXT | CType = VK_COMPONENT_TYPE_FLOAT16_KHR | ResultType = VK_COMPONENT_TYPE_FLOAT16_KHR | scope = VK_SCOPE_WORKGROUP_KHR | workgroupInvocations = 256
[42] MGranularity = 32 | NGranularity = 32 | KGranularity = 32 | AType = VK_COMPONENT_TYPE_FLOAT8_E5M2_EXT | BType = VK_COMPONENT_TYPE_FLOAT8_E5M2_EXT | CType = VK_COMPONENT_TYPE_FLOAT32_KHR | ResultType = VK_COMPONENT_TYPE_FLOAT32_KHR | scope = VK_SCOPE_WORKGROUP_KHR | workgroupInvocations = 256
[43] MGranularity = 32 | NGranularity = 32 | KGranularity = 32 | AType = VK_COMPONENT_TYPE_FLOAT8_E4M3_EXT | BType = VK_COMPONENT_TYPE_FLOAT8_E4M3_EXT | CType = VK_COMPONENT_TYPE_FLOAT16_KHR | ResultType = VK_COMPONENT_TYPE_FLOAT16_KHR | scope = VK_SCOPE_WORKGROUP_KHR | workgroupInvocations = 256
[44] MGranularity = 32 | NGranularity = 32 | KGranularity = 32 | AType = VK_COMPONENT_TYPE_FLOAT8_E4M3_EXT | BType = VK_COMPONENT_TYPE_FLOAT8_E4M3_EXT | CType = VK_COMPONENT_TYPE_FLOAT32_KHR | ResultType = VK_COMPONENT_TYPE_FLOAT32_KHR | scope = VK_SCOPE_WORKGROUP_KHR | workgroupInvocations = 256
.
The Vulkan spec states: For OpTypeCooperativeMatrixKHR, if the cooperativeMatrixFlexibleDimensions feature is enabled, the component type, scope, number of rows, and number of columns must match either one of the matrices in one of the supported VkCooperativeMatrixPropertiesKHR or VkCooperativeMatrixFlexibleDimensionsPropertiesNV (https://docs.vulkan.org/spec/latest/appendices/spirvenv.html#VUID-RuntimeSpirv-cooperativeMatrixFlexibleDimensions-10165)

Validation Error: [ VUID-RuntimeSpirv-cooperativeMatrixFlexibleDimensions-10165 ] | MessageID = 0xaf8bd211
vkCreateComputePipelines(): pCreateInfos[0].stage SPIR-V (VK_SHADER_STAGE_COMPUTE_BIT) has
%1269 = OpTypeCooperativeMatrixKHR %478 %33 %96 %130 %36 (rows: 16, cols: 16, scope: VK_SCOPE_SUBGROUP_KHR, type: VK_COMPONENT_TYPE_BFLOAT16_KHR, use: 2)
but doesn't match any VkCooperativeMatrixPropertiesKHR or VkCooperativeMatrixFlexibleDimensionsPropertiesNV
[0] MSize = 16 | NSize = 16 | KSize = 16 | AType = VK_COMPONENT_TYPE_FLOAT16_KHR | BType = VK_COMPONENT_TYPE_FLOAT16_KHR | CType = VK_COMPONENT_TYPE_FLOAT16_KHR | ResultType = VK_COMPONENT_TYPE_FLOAT16_KHR | scope = VK_SCOPE_SUBGROUP_KHR
[1] MSize = 16 | NSize = 8 | KSize = 16 | AType = VK_COMPONENT_TYPE_FLOAT16_KHR | BType = VK_COMPONENT_TYPE_FLOAT16_KHR | CType = VK_COMPONENT_TYPE_FLOAT16_KHR | ResultType = VK_COMPONENT_TYPE_FLOAT16_KHR | scope = VK_SCOPE_SUBGROUP_KHR
[2] MSize = 16 | NSize = 8 | KSize = 8 | AType = VK_COMPONENT_TYPE_FLOAT16_KHR | BType = VK_COMPONENT_TYPE_FLOAT16_KHR | CType = VK_COMPONENT_TYPE_FLOAT16_KHR | ResultType = VK_COMPONENT_TYPE_FLOAT16_KHR | scope = VK_SCOPE_SUBGROUP_KHR
[3] MSize = 16 | NSize = 16 | KSize = 16 | AType = VK_COMPONENT_TYPE_FLOAT16_KHR | BType = VK_COMPONENT_TYPE_FLOAT16_KHR | CType = VK_COMPONENT_TYPE_FLOAT32_KHR | ResultType = VK_COMPONENT_TYPE_FLOAT32_KHR | scope = VK_SCOPE_SUBGROUP_KHR
[4] MSize = 16 | NSize = 8 | KSize = 16 | AType = VK_COMPONENT_TYPE_FLOAT16_KHR | BType = VK_COMPONENT_TYPE_FLOAT16_KHR | CType = VK_COMPONENT_TYPE_FLOAT32_KHR | ResultType = VK_COMPONENT_TYPE_FLOAT32_KHR | scope = VK_SCOPE_SUBGROUP_KHR
[5] MSize = 16 | NSize = 8 | KSize = 8 | AType = VK_COMPONENT_TYPE_FLOAT16_KHR | BType = VK_COMPONENT_TYPE_FLOAT16_KHR | CType = VK_COMPONENT_TYPE_FLOAT32_KHR | ResultType = VK_COMPONENT_TYPE_FLOAT32_KHR | scope = VK_SCOPE_SUBGROUP_KHR
[6] MSize = 16 | NSize = 16 | KSize = 32 | AType = VK_COMPONENT_TYPE_UINT8_KHR | BType = VK_COMPONENT_TYPE_UINT8_KHR | CType = VK_COMPONENT_TYPE_UINT32_KHR | ResultType = VK_COMPONENT_TYPE_UINT32_KHR | scope = VK_SCOPE_SUBGROUP_KHR
[7] MSize = 16 | NSize = 16 | KSize = 32 | AType = VK_COMPONENT_TYPE_SINT8_KHR | BType = VK_COMPONENT_TYPE_SINT8_KHR | CType = VK_COMPONENT_TYPE_SINT32_KHR | ResultType = VK_COMPONENT_TYPE_SINT32_KHR | scope = VK_SCOPE_SUBGROUP_KHR
[8] MSize = 16 | NSize = 8 | KSize = 32 | AType = VK_COMPONENT_TYPE_UINT8_KHR | BType = VK_COMPONENT_TYPE_UINT8_KHR | CType = VK_COMPONENT_TYPE_UINT32_KHR | ResultType = VK_COMPONENT_TYPE_UINT32_KHR | scope = VK_SCOPE_SUBGROUP_KHR
[9] MSize = 16 | NSize = 8 | KSize = 32 | AType = VK_COMPONENT_TYPE_SINT8_KHR | BType = VK_COMPONENT_TYPE_SINT8_KHR | CType = VK_COMPONENT_TYPE_SINT32_KHR | ResultType = VK_COMPONENT_TYPE_SINT32_KHR | scope = VK_SCOPE_SUBGROUP_KHR
[10] MSize = 16 | NSize = 16 | KSize = 16 | AType = VK_COMPONENT_TYPE_BFLOAT16_KHR | BType = VK_COMPONENT_TYPE_BFLOAT16_KHR | CType = VK_COMPONENT_TYPE_FLOAT32_KHR | ResultType = VK_COMPONENT_TYPE_FLOAT32_KHR | scope = VK_SCOPE_SUBGROUP_KHR
[11] MSize = 16 | NSize = 16 | KSize = 32 | AType = VK_COMPONENT_TYPE_FLOAT8_E5M2_EXT | BType = VK_COMPONENT_TYPE_FLOAT8_E5M2_EXT | CType = VK_COMPONENT_TYPE_FLOAT16_KHR | ResultType = VK_COMPONENT_TYPE_FLOAT16_KHR | scope = VK_SCOPE_SUBGROUP_KHR
[12] MSize = 16 | NSize = 16 | KSize = 32 | AType = VK_COMPONENT_TYPE_FLOAT8_E5M2_EXT | BType = VK_COMPONENT_TYPE_FLOAT8_E5M2_EXT | CType = VK_COMPONENT_TYPE_FLOAT32_KHR | ResultType = VK_COMPONENT_TYPE_FLOAT32_KHR | scope = VK_SCOPE_SUBGROUP_KHR
[13] MSize = 16 | NSize = 16 | KSize = 32 | AType = VK_COMPONENT_TYPE_FLOAT8_E4M3_EXT | BType = VK_COMPONENT_TYPE_FLOAT8_E4M3_EXT | CType = VK_COMPONENT_TYPE_FLOAT16_KHR | ResultType = VK_COMPONENT_TYPE_FLOAT16_KHR | scope = VK_SCOPE_SUBGROUP_KHR
[14] MSize = 16 | NSize = 16 | KSize = 32 | AType = VK_COMPONENT_TYPE_FLOAT8_E4M3_EXT | BType = VK_COMPONENT_TYPE_FLOAT8_E4M3_EXT | CType = VK_COMPONENT_TYPE_FLOAT32_KHR | ResultType = VK_COMPONENT_TYPE_FLOAT32_KHR | scope = VK_SCOPE_SUBGROUP_KHR

[0] MGranularity = 16 | NGranularity = 16 | KGranularity = 16 | AType = VK_COMPONENT_TYPE_FLOAT16_KHR | BType = VK_COMPONENT_TYPE_FLOAT16_KHR | CType = VK_COMPONENT_TYPE_FLOAT16_KHR | ResultType = VK_COMPONENT_TYPE_FLOAT16_KHR | scope = VK_SCOPE_SUBGROUP_KHR | workgroupInvocations = 0
[1] MGranularity = 16 | NGranularity = 16 | KGranularity = 16 | AType = VK_COMPONENT_TYPE_FLOAT16_KHR | BType = VK_COMPONENT_TYPE_FLOAT16_KHR | CType = VK_COMPONENT_TYPE_FLOAT32_KHR | ResultType = VK_COMPONENT_TYPE_FLOAT32_KHR | scope = VK_SCOPE_SUBGROUP_KHR | workgroupInvocations = 0
[2] MGranularity = 16 | NGranularity = 16 | KGranularity = 32 | AType = VK_COMPONENT_TYPE_UINT8_KHR | BType = VK_COMPONENT_TYPE_UINT8_KHR | CType = VK_COMPONENT_TYPE_UINT32_KHR | ResultType = VK_COMPONENT_TYPE_UINT32_KHR | scope = VK_SCOPE_SUBGROUP_KHR | workgroupInvocations = 0
[3] MGranularity = 16 | NGranularity = 16 | KGranularity = 32 | AType = VK_COMPONENT_TYPE_SINT8_KHR | BType = VK_COMPONENT_TYPE_SINT8_KHR | CType = VK_COMPONENT_TYPE_SINT32_KHR | ResultType = VK_COMPONENT_TYPE_SINT32_KHR | scope = VK_SCOPE_SUBGROUP_KHR | workgroupInvocations = 0
[4] MGranularity = 16 | NGranularity = 16 | KGranularity = 16 | AType = VK_COMPONENT_TYPE_BFLOAT16_KHR | BType = VK_COMPONENT_TYPE_BFLOAT16_KHR | CType = VK_COMPONENT_TYPE_FLOAT32_KHR | ResultType = VK_COMPONENT_TYPE_FLOAT32_KHR | scope = VK_SCOPE_SUBGROUP_KHR | workgroupInvocations = 0
[5] MGranularity = 16 | NGranularity = 16 | KGranularity = 16 | AType = VK_COMPONENT_TYPE_FLOAT16_KHR | BType = VK_COMPONENT_TYPE_FLOAT16_KHR | CType = VK_COMPONENT_TYPE_FLOAT16_KHR | ResultType = VK_COMPONENT_TYPE_FLOAT16_KHR | scope = VK_SCOPE_WORKGROUP_KHR | workgroupInvocations = 32
[6] MGranularity = 16 | NGranularity = 16 | KGranularity = 16 | AType = VK_COMPONENT_TYPE_FLOAT16_KHR | BType = VK_COMPONENT_TYPE_FLOAT16_KHR | CType = VK_COMPONENT_TYPE_FLOAT32_KHR | ResultType = VK_COMPONENT_TYPE_FLOAT32_KHR | scope = VK_SCOPE_WORKGROUP_KHR | workgroupInvocations = 32
[7] MGranularity = 16 | NGranularity = 16 | KGranularity = 32 | AType = VK_COMPONENT_TYPE_UINT8_KHR | BType = VK_COMPONENT_TYPE_UINT8_KHR | CType = VK_COMPONENT_TYPE_UINT32_KHR | ResultType = VK_COMPONENT_TYPE_UINT32_KHR | scope = VK_SCOPE_WORKGROUP_KHR | workgroupInvocations = 32
[8] MGranularity = 16 | NGranularity = 16 | KGranularity = 32 | AType = VK_COMPONENT_TYPE_SINT8_KHR | BType = VK_COMPONENT_TYPE_SINT8_KHR | CType = VK_COMPONENT_TYPE_SINT32_KHR | ResultType = VK_COMPONENT_TYPE_SINT32_KHR | scope = VK_SCOPE_WORKGROUP_KHR | workgroupInvocations = 32
[9] MGranularity = 16 | NGranularity = 16 | KGranularity = 16 | AType = VK_COMPONENT_TYPE_BFLOAT16_KHR | BType = VK_COMPONENT_TYPE_BFLOAT16_KHR | CType = VK_COMPONENT_TYPE_FLOAT32_KHR | ResultType = VK_COMPONENT_TYPE_FLOAT32_KHR | scope = VK_SCOPE_WORKGROUP_KHR | workgroupInvocations = 32
[10] MGranularity = 16 | NGranularity = 16 | KGranularity = 16 | AType = VK_COMPONENT_TYPE_FLOAT16_KHR | BType = VK_COMPONENT_TYPE_FLOAT16_KHR | CType = VK_COMPONENT_TYPE_FLOAT16_KHR | ResultType = VK_COMPONENT_TYPE_FLOAT16_KHR | scope = VK_SCOPE_WORKGROUP_KHR | workgroupInvocations = 64
[11] MGranularity = 16 | NGranularity = 16 | KGranularity = 16 | AType = VK_COMPONENT_TYPE_FLOAT16_KHR | BType = VK_COMPONENT_TYPE_FLOAT16_KHR | CType = VK_COMPONENT_TYPE_FLOAT32_KHR | ResultType = VK_COMPONENT_TYPE_FLOAT32_KHR | scope = VK_SCOPE_WORKGROUP_KHR | workgroupInvocations = 64
[12] MGranularity = 16 | NGranularity = 16 | KGranularity = 32 | AType = VK_COMPONENT_TYPE_UINT8_KHR | BType = VK_COMPONENT_TYPE_UINT8_KHR | CType = VK_COMPONENT_TYPE_UINT32_KHR | ResultType = VK_COMPONENT_TYPE_UINT32_KHR | scope = VK_SCOPE_WORKGROUP_KHR | workgroupInvocations = 64
[13] MGranularity = 16 | NGranularity = 16 | KGranularity = 32 | AType = VK_COMPONENT_TYPE_SINT8_KHR | BType = VK_COMPONENT_TYPE_SINT8_KHR | CType = VK_COMPONENT_TYPE_SINT32_KHR | ResultType = VK_COMPONENT_TYPE_SINT32_KHR | scope = VK_SCOPE_WORKGROUP_KHR | workgroupInvocations = 64
[14] MGranularity = 16 | NGranularity = 16 | KGranularity = 16 | AType = VK_COMPONENT_TYPE_BFLOAT16_KHR | BType = VK_COMPONENT_TYPE_BFLOAT16_KHR | CType = VK_COMPONENT_TYPE_FLOAT32_KHR | ResultType = VK_COMPONENT_TYPE_FLOAT32_KHR | scope = VK_SCOPE_WORKGROUP_KHR | workgroupInvocations = 64
[15] MGranularity = 32 | NGranularity = 16 | KGranularity = 16 | AType = VK_COMPONENT_TYPE_FLOAT16_KHR | BType = VK_COMPONENT_TYPE_FLOAT16_KHR | CType = VK_COMPONENT_TYPE_FLOAT16_KHR | ResultType = VK_COMPONENT_TYPE_FLOAT16_KHR | scope = VK_SCOPE_WORKGROUP_KHR | workgroupInvocations = 128
[16] MGranularity = 32 | NGranularity = 16 | KGranularity = 16 | AType = VK_COMPONENT_TYPE_FLOAT16_KHR | BType = VK_COMPONENT_TYPE_FLOAT16_KHR | CType = VK_COMPONENT_TYPE_FLOAT32_KHR | ResultType = VK_COMPONENT_TYPE_FLOAT32_KHR | scope = VK_SCOPE_WORKGROUP_KHR | workgroupInvocations = 128
[17] MGranularity = 32 | NGranularity = 16 | KGranularity = 32 | AType = VK_COMPONENT_TYPE_UINT8_KHR | BType = VK_COMPONENT_TYPE_UINT8_KHR | CType = VK_COMPONENT_TYPE_UINT32_KHR | ResultType = VK_COMPONENT_TYPE_UINT32_KHR | scope = VK_SCOPE_WORKGROUP_KHR | workgroupInvocations = 128
[18] MGranularity = 32 | NGranularity = 16 | KGranularity = 32 | AType = VK_COMPONENT_TYPE_SINT8_KHR | BType = VK_COMPONENT_TYPE_SINT8_KHR | CType = VK_COMPONENT_TYPE_SINT32_KHR | ResultType = VK_COMPONENT_TYPE_SINT32_KHR | scope = VK_SCOPE_WORKGROUP_KHR | workgroupInvocations = 128
[19] MGranularity = 32 | NGranularity = 16 | KGranularity = 16 | AType = VK_COMPONENT_TYPE_BFLOAT16_KHR | BType = VK_COMPONENT_TYPE_BFLOAT16_KHR | CType = VK_COMPONENT_TYPE_FLOAT32_KHR | ResultType = VK_COMPONENT_TYPE_FLOAT32_KHR | scope = VK_SCOPE_WORKGROUP_KHR | workgroupInvocations = 128
[20] MGranularity = 32 | NGranularity = 32 | KGranularity = 16 | AType = VK_COMPONENT_TYPE_FLOAT16_KHR | BType = VK_COMPONENT_TYPE_FLOAT16_KHR | CType = VK_COMPONENT_TYPE_FLOAT16_KHR | ResultType = VK_COMPONENT_TYPE_FLOAT16_KHR | scope = VK_SCOPE_WORKGROUP_KHR | workgroupInvocations = 256
[21] MGranularity = 32 | NGranularity = 32 | KGranularity = 16 | AType = VK_COMPONENT_TYPE_FLOAT16_KHR | BType = VK_COMPONENT_TYPE_FLOAT16_KHR | CType = VK_COMPONENT_TYPE_FLOAT32_KHR | ResultType = VK_COMPONENT_TYPE_FLOAT32_KHR | scope = VK_SCOPE_WORKGROUP_KHR | workgroupInvocations = 256
[22] MGranularity = 32 | NGranularity = 32 | KGranularity = 32 | AType = VK_COMPONENT_TYPE_UINT8_KHR | BType = VK_COMPONENT_TYPE_UINT8_KHR | CType = VK_COMPONENT_TYPE_UINT32_KHR | ResultType = VK_COMPONENT_TYPE_UINT32_KHR | scope = VK_SCOPE_WORKGROUP_KHR | workgroupInvocations = 256
[23] MGranularity = 32 | NGranularity = 32 | KGranularity = 32 | AType = VK_COMPONENT_TYPE_SINT8_KHR | BType = VK_COMPONENT_TYPE_SINT8_KHR | CType = VK_COMPONENT_TYPE_SINT32_KHR | ResultType = VK_COMPONENT_TYPE_SINT32_KHR | scope = VK_SCOPE_WORKGROUP_KHR | workgroupInvocations = 256
[24] MGranularity = 32 | NGranularity = 32 | KGranularity = 16 | AType = VK_COMPONENT_TYPE_BFLOAT16_KHR | BType = VK_COMPONENT_TYPE_BFLOAT16_KHR | CType = VK_COMPONENT_TYPE_FLOAT32_KHR | ResultType = VK_COMPONENT_TYPE_FLOAT32_KHR | scope = VK_SCOPE_WORKGROUP_KHR | workgroupInvocations = 256
[25] MGranularity = 16 | NGranularity = 16 | KGranularity = 32 | AType = VK_COMPONENT_TYPE_FLOAT8_E5M2_EXT | BType = VK_COMPONENT_TYPE_FLOAT8_E5M2_EXT | CType = VK_COMPONENT_TYPE_FLOAT16_KHR | ResultType = VK_COMPONENT_TYPE_FLOAT16_KHR | scope = VK_SCOPE_SUBGROUP_KHR | workgroupInvocations = 0
[26] MGranularity = 16 | NGranularity = 16 | KGranularity = 32 | AType = VK_COMPONENT_TYPE_FLOAT8_E5M2_EXT | BType = VK_COMPONENT_TYPE_FLOAT8_E5M2_EXT | CType = VK_COMPONENT_TYPE_FLOAT32_KHR | ResultType = VK_COMPONENT_TYPE_FLOAT32_KHR | scope = VK_SCOPE_SUBGROUP_KHR | workgroupInvocations = 0
[27] MGranularity = 16 | NGranularity = 16 | KGranularity = 32 | AType = VK_COMPONENT_TYPE_FLOAT8_E4M3_EXT | BType = VK_COMPONENT_TYPE_FLOAT8_E4M3_EXT | CType = VK_COMPONENT_TYPE_FLOAT16_KHR | ResultType = VK_COMPONENT_TYPE_FLOAT16_KHR | scope = VK_SCOPE_SUBGROUP_KHR | workgroupInvocations = 0
[28] MGranularity = 16 | NGranularity = 16 | KGranularity = 32 | AType = VK_COMPONENT_TYPE_FLOAT8_E4M3_EXT | BType = VK_COMPONENT_TYPE_FLOAT8_E4M3_EXT | CType = VK_COMPONENT_TYPE_FLOAT32_KHR | ResultType = VK_COMPONENT_TYPE_FLOAT32_KHR | scope = VK_SCOPE_SUBGROUP_KHR | workgroupInvocations = 0
[29] MGranularity = 16 | NGranularity = 16 | KGranularity = 32 | AType = VK_COMPONENT_TYPE_FLOAT8_E5M2_EXT | BType = VK_COMPONENT_TYPE_FLOAT8_E5M2_EXT | CType = VK_COMPONENT_TYPE_FLOAT16_KHR | ResultType = VK_COMPONENT_TYPE_FLOAT16_KHR | scope = VK_SCOPE_WORKGROUP_KHR | workgroupInvocations = 32
[30] MGranularity = 16 | NGranularity = 16 | KGranularity = 32 | AType = VK_COMPONENT_TYPE_FLOAT8_E5M2_EXT | BType = VK_COMPONENT_TYPE_FLOAT8_E5M2_EXT | CType = VK_COMPONENT_TYPE_FLOAT32_KHR | ResultType = VK_COMPONENT_TYPE_FLOAT32_KHR | scope = VK_SCOPE_WORKGROUP_KHR | workgroupInvocations = 32
[31] MGranularity = 16 | NGranularity = 16 | KGranularity = 32 | AType = VK_COMPONENT_TYPE_FLOAT8_E4M3_EXT | BType = VK_COMPONENT_TYPE_FLOAT8_E4M3_EXT | CType = VK_COMPONENT_TYPE_FLOAT16_KHR | ResultType = VK_COMPONENT_TYPE_FLOAT16_KHR | scope = VK_SCOPE_WORKGROUP_KHR | workgroupInvocations = 32
[32] MGranularity = 16 | NGranularity = 16 | KGranularity = 32 | AType = VK_COMPONENT_TYPE_FLOAT8_E4M3_EXT | BType = VK_COMPONENT_TYPE_FLOAT8_E4M3_EXT | CType = VK_COMPONENT_TYPE_FLOAT32_KHR | ResultType = VK_COMPONENT_TYPE_FLOAT32_KHR | scope = VK_SCOPE_WORKGROUP_KHR | workgroupInvocations = 32
[33] MGranularity = 16 | NGranularity = 16 | KGranularity = 32 | AType = VK_COMPONENT_TYPE_FLOAT8_E5M2_EXT | BType = VK_COMPONENT_TYPE_FLOAT8_E5M2_EXT | CType = VK_COMPONENT_TYPE_FLOAT16_KHR | ResultType = VK_COMPONENT_TYPE_FLOAT16_KHR | scope = VK_SCOPE_WORKGROUP_KHR | workgroupInvocations = 64
[34] MGranularity = 16 | NGranularity = 16 | KGranularity = 32 | AType = VK_COMPONENT_TYPE_FLOAT8_E5M2_EXT | BType = VK_COMPONENT_TYPE_FLOAT8_E5M2_EXT | CType = VK_COMPONENT_TYPE_FLOAT32_KHR | ResultType = VK_COMPONENT_TYPE_FLOAT32_KHR | scope = VK_SCOPE_WORKGROUP_KHR | workgroupInvocations = 64
[35] MGranularity = 16 | NGranularity = 16 | KGranularity = 32 | AType = VK_COMPONENT_TYPE_FLOAT8_E4M3_EXT | BType = VK_COMPONENT_TYPE_FLOAT8_E4M3_EXT | CType = VK_COMPONENT_TYPE_FLOAT16_KHR | ResultType = VK_COMPONENT_TYPE_FLOAT16_KHR | scope = VK_SCOPE_WORKGROUP_KHR | workgroupInvocations = 64
[36] MGranularity = 16 | NGranularity = 16 | KGranularity = 32 | AType = VK_COMPONENT_TYPE_FLOAT8_E4M3_EXT | BType = VK_COMPONENT_TYPE_FLOAT8_E4M3_EXT | CType = VK_COMPONENT_TYPE_FLOAT32_KHR | ResultType = VK_COMPONENT_TYPE_FLOAT32_KHR | scope = VK_SCOPE_WORKGROUP_KHR | workgroupInvocations = 64
[37] MGranularity = 32 | NGranularity = 16 | KGranularity = 32 | AType = VK_COMPONENT_TYPE_FLOAT8_E5M2_EXT | BType = VK_COMPONENT_TYPE_FLOAT8_E5M2_EXT | CType = VK_COMPONENT_TYPE_FLOAT16_KHR | ResultType = VK_COMPONENT_TYPE_FLOAT16_KHR | scope = VK_SCOPE_WORKGROUP_KHR | workgroupInvocations = 128
[38] MGranularity = 32 | NGranularity = 16 | KGranularity = 32 | AType = VK_COMPONENT_TYPE_FLOAT8_E5M2_EXT | BType = VK_COMPONENT_TYPE_FLOAT8_E5M2_EXT | CType = VK_COMPONENT_TYPE_FLOAT32_KHR | ResultType = VK_COMPONENT_TYPE_FLOAT32_KHR | scope = VK_SCOPE_WORKGROUP_KHR | workgroupInvocations = 128
[39] MGranularity = 32 | NGranularity = 16 | KGranularity = 32 | AType = VK_COMPONENT_TYPE_FLOAT8_E4M3_EXT | BType = VK_COMPONENT_TYPE_FLOAT8_E4M3_EXT | CType = VK_COMPONENT_TYPE_FLOAT16_KHR | ResultType = VK_COMPONENT_TYPE_FLOAT16_KHR | scope = VK_SCOPE_WORKGROUP_KHR | workgroupInvocations = 128
[40] MGranularity = 32 | NGranularity = 16 | KGranularity = 32 | AType = VK_COMPONENT_TYPE_FLOAT8_E4M3_EXT | BType = VK_COMPONENT_TYPE_FLOAT8_E4M3_EXT | CType = VK_COMPONENT_TYPE_FLOAT32_KHR | ResultType = VK_COMPONENT_TYPE_FLOAT32_KHR | scope = VK_SCOPE_WORKGROUP_KHR | workgroupInvocations = 128
[41] MGranularity = 32 | NGranularity = 32 | KGranularity = 32 | AType = VK_COMPONENT_TYPE_FLOAT8_E5M2_EXT | BType = VK_COMPONENT_TYPE_FLOAT8_E5M2_EXT | CType = VK_COMPONENT_TYPE_FLOAT16_KHR | ResultType = VK_COMPONENT_TYPE_FLOAT16_KHR | scope = VK_SCOPE_WORKGROUP_KHR | workgroupInvocations = 256
[42] MGranularity = 32 | NGranularity = 32 | KGranularity = 32 | AType = VK_COMPONENT_TYPE_FLOAT8_E5M2_EXT | BType = VK_COMPONENT_TYPE_FLOAT8_E5M2_EXT | CType = VK_COMPONENT_TYPE_FLOAT32_KHR | ResultType = VK_COMPONENT_TYPE_FLOAT32_KHR | scope = VK_SCOPE_WORKGROUP_KHR | workgroupInvocations = 256
[43] MGranularity = 32 | NGranularity = 32 | KGranularity = 32 | AType = VK_COMPONENT_TYPE_FLOAT8_E4M3_EXT | BType = VK_COMPONENT_TYPE_FLOAT8_E4M3_EXT | CType = VK_COMPONENT_TYPE_FLOAT16_KHR | ResultType = VK_COMPONENT_TYPE_FLOAT16_KHR | scope = VK_SCOPE_WORKGROUP_KHR | workgroupInvocations = 256
[44] MGranularity = 32 | NGranularity = 32 | KGranularity = 32 | AType = VK_COMPONENT_TYPE_FLOAT8_E4M3_EXT | BType = VK_COMPONENT_TYPE_FLOAT8_E4M3_EXT | CType = VK_COMPONENT_TYPE_FLOAT32_KHR | ResultType = VK_COMPONENT_TYPE_FLOAT32_KHR | scope = VK_SCOPE_WORKGROUP_KHR | workgroupInvocations = 256
.
The Vulkan spec states: For OpTypeCooperativeMatrixKHR, if the cooperativeMatrixFlexibleDimensions feature is enabled, the component type, scope, number of rows, and number of columns must match either one of the matrices in one of the supported VkCooperativeMatrixPropertiesKHR or VkCooperativeMatrixFlexibleDimensionsPropertiesNV (https://docs.vulkan.org/spec/latest/appendices/spirvenv.html#VUID-RuntimeSpirv-cooperativeMatrixFlexibleDimensions-10165)

Validation Error: [ VUID-RuntimeSpirv-cooperativeMatrixFlexibleDimensions-10165 ] | MessageID = 0xaf8bd211
vkCreateComputePipelines(): pCreateInfos[0].stage SPIR-V (VK_SHADER_STAGE_COMPUTE_BIT) has
%1269 = OpTypeCooperativeMatrixKHR %478 %33 %96 %130 %36 (rows: 16, cols: 16, scope: VK_SCOPE_SUBGROUP_KHR, type: VK_COMPONENT_TYPE_BFLOAT16_KHR, use: 2)
but doesn't match any VkCooperativeMatrixPropertiesKHR or VkCooperativeMatrixFlexibleDimensionsPropertiesNV
[0] MSize = 16 | NSize = 16 | KSize = 16 | AType = VK_COMPONENT_TYPE_FLOAT16_KHR | BType = VK_COMPONENT_TYPE_FLOAT16_KHR | CType = VK_COMPONENT_TYPE_FLOAT16_KHR | ResultType = VK_COMPONENT_TYPE_FLOAT16_KHR | scope = VK_SCOPE_SUBGROUP_KHR
[1] MSize = 16 | NSize = 8 | KSize = 16 | AType = VK_COMPONENT_TYPE_FLOAT16_KHR | BType = VK_COMPONENT_TYPE_FLOAT16_KHR | CType = VK_COMPONENT_TYPE_FLOAT16_KHR | ResultType = VK_COMPONENT_TYPE_FLOAT16_KHR | scope = VK_SCOPE_SUBGROUP_KHR
[2] MSize = 16 | NSize = 8 | KSize = 8 | AType = VK_COMPONENT_TYPE_FLOAT16_KHR | BType = VK_COMPONENT_TYPE_FLOAT16_KHR | CType = VK_COMPONENT_TYPE_FLOAT16_KHR | ResultType = VK_COMPONENT_TYPE_FLOAT16_KHR | scope = VK_SCOPE_SUBGROUP_KHR
[3] MSize = 16 | NSize = 16 | KSize = 16 | AType = VK_COMPONENT_TYPE_FLOAT16_KHR | BType = VK_COMPONENT_TYPE_FLOAT16_KHR | CType = VK_COMPONENT_TYPE_FLOAT32_KHR | ResultType = VK_COMPONENT_TYPE_FLOAT32_KHR | scope = VK_SCOPE_SUBGROUP_KHR
[4] MSize = 16 | NSize = 8 | KSize = 16 | AType = VK_COMPONENT_TYPE_FLOAT16_KHR | BType = VK_COMPONENT_TYPE_FLOAT16_KHR | CType = VK_COMPONENT_TYPE_FLOAT32_KHR | ResultType = VK_COMPONENT_TYPE_FLOAT32_KHR | scope = VK_SCOPE_SUBGROUP_KHR
[5] MSize = 16 | NSize = 8 | KSize = 8 | AType = VK_COMPONENT_TYPE_FLOAT16_KHR | BType = VK_COMPONENT_TYPE_FLOAT16_KHR | CType = VK_COMPONENT_TYPE_FLOAT32_KHR | ResultType = VK_COMPONENT_TYPE_FLOAT32_KHR | scope = VK_SCOPE_SUBGROUP_KHR
[6] MSize = 16 | NSize = 16 | KSize = 32 | AType = VK_COMPONENT_TYPE_UINT8_KHR | BType = VK_COMPONENT_TYPE_UINT8_KHR | CType = VK_COMPONENT_TYPE_UINT32_KHR | ResultType = VK_COMPONENT_TYPE_UINT32_KHR | scope = VK_SCOPE_SUBGROUP_KHR
[7] MSize = 16 | NSize = 16 | KSize = 32 | AType = VK_COMPONENT_TYPE_SINT8_KHR | BType = VK_COMPONENT_TYPE_SINT8_KHR | CType = VK_COMPONENT_TYPE_SINT32_KHR | ResultType = VK_COMPONENT_TYPE_SINT32_KHR | scope = VK_SCOPE_SUBGROUP_KHR
[8] MSize = 16 | NSize = 8 | KSize = 32 | AType = VK_COMPONENT_TYPE_UINT8_KHR | BType = VK_COMPONENT_TYPE_UINT8_KHR | CType = VK_COMPONENT_TYPE_UINT32_KHR | ResultType = VK_COMPONENT_TYPE_UINT32_KHR | scope = VK_SCOPE_SUBGROUP_KHR
[9] MSize = 16 | NSize = 8 | KSize = 32 | AType = VK_COMPONENT_TYPE_SINT8_KHR | BType = VK_COMPONENT_TYPE_SINT8_KHR | CType = VK_COMPONENT_TYPE_SINT32_KHR | ResultType = VK_COMPONENT_TYPE_SINT32_KHR | scope = VK_SCOPE_SUBGROUP_KHR
[10] MSize = 16 | NSize = 16 | KSize = 16 | AType = VK_COMPONENT_TYPE_BFLOAT16_KHR | BType = VK_COMPONENT_TYPE_BFLOAT16_KHR | CType = VK_COMPONENT_TYPE_FLOAT32_KHR | ResultType = VK_COMPONENT_TYPE_FLOAT32_KHR | scope = VK_SCOPE_SUBGROUP_KHR
[11] MSize = 16 | NSize = 16 | KSize = 32 | AType = VK_COMPONENT_TYPE_FLOAT8_E5M2_EXT | BType = VK_COMPONENT_TYPE_FLOAT8_E5M2_EXT | CType = VK_COMPONENT_TYPE_FLOAT16_KHR | ResultType = VK_COMPONENT_TYPE_FLOAT16_KHR | scope = VK_SCOPE_SUBGROUP_KHR
[12] MSize = 16 | NSize = 16 | KSize = 32 | AType = VK_COMPONENT_TYPE_FLOAT8_E5M2_EXT | BType = VK_COMPONENT_TYPE_FLOAT8_E5M2_EXT | CType = VK_COMPONENT_TYPE_FLOAT32_KHR | ResultType = VK_COMPONENT_TYPE_FLOAT32_KHR | scope = VK_SCOPE_SUBGROUP_KHR
[13] MSize = 16 | NSize = 16 | KSize = 32 | AType = VK_COMPONENT_TYPE_FLOAT8_E4M3_EXT | BType = VK_COMPONENT_TYPE_FLOAT8_E4M3_EXT | CType = VK_COMPONENT_TYPE_FLOAT16_KHR | ResultType = VK_COMPONENT_TYPE_FLOAT16_KHR | scope = VK_SCOPE_SUBGROUP_KHR
[14] MSize = 16 | NSize = 16 | KSize = 32 | AType = VK_COMPONENT_TYPE_FLOAT8_E4M3_EXT | BType = VK_COMPONENT_TYPE_FLOAT8_E4M3_EXT | CType = VK_COMPONENT_TYPE_FLOAT32_KHR | ResultType = VK_COMPONENT_TYPE_FLOAT32_KHR | scope = VK_SCOPE_SUBGROUP_KHR

[0] MGranularity = 16 | NGranularity = 16 | KGranularity = 16 | AType = VK_COMPONENT_TYPE_FLOAT16_KHR | BType = VK_COMPONENT_TYPE_FLOAT16_KHR | CType = VK_COMPONENT_TYPE_FLOAT16_KHR | ResultType = VK_COMPONENT_TYPE_FLOAT16_KHR | scope = VK_SCOPE_SUBGROUP_KHR | workgroupInvocations = 0
[1] MGranularity = 16 | NGranularity = 16 | KGranularity = 16 | AType = VK_COMPONENT_TYPE_FLOAT16_KHR | BType = VK_COMPONENT_TYPE_FLOAT16_KHR | CType = VK_COMPONENT_TYPE_FLOAT32_KHR | ResultType = VK_COMPONENT_TYPE_FLOAT32_KHR | scope = VK_SCOPE_SUBGROUP_KHR | workgroupInvocations = 0
[2] MGranularity = 16 | NGranularity = 16 | KGranularity = 32 | AType = VK_COMPONENT_TYPE_UINT8_KHR | BType = VK_COMPONENT_TYPE_UINT8_KHR | CType = VK_COMPONENT_TYPE_UINT32_KHR | ResultType = VK_COMPONENT_TYPE_UINT32_KHR | scope = VK_SCOPE_SUBGROUP_KHR | workgroupInvocations = 0
[3] MGranularity = 16 | NGranularity = 16 | KGranularity = 32 | AType = VK_COMPONENT_TYPE_SINT8_KHR | BType = VK_COMPONENT_TYPE_SINT8_KHR | CType = VK_COMPONENT_TYPE_SINT32_KHR | ResultType = VK_COMPONENT_TYPE_SINT32_KHR | scope = VK_SCOPE_SUBGROUP_KHR | workgroupInvocations = 0
[4] MGranularity = 16 | NGranularity = 16 | KGranularity = 16 | AType = VK_COMPONENT_TYPE_BFLOAT16_KHR | BType = VK_COMPONENT_TYPE_BFLOAT16_KHR | CType = VK_COMPONENT_TYPE_FLOAT32_KHR | ResultType = VK_COMPONENT_TYPE_FLOAT32_KHR | scope = VK_SCOPE_SUBGROUP_KHR | workgroupInvocations = 0
[5] MGranularity = 16 | NGranularity = 16 | KGranularity = 16 | AType = VK_COMPONENT_TYPE_FLOAT16_KHR | BType = VK_COMPONENT_TYPE_FLOAT16_KHR | CType = VK_COMPONENT_TYPE_FLOAT16_KHR | ResultType = VK_COMPONENT_TYPE_FLOAT16_KHR | scope = VK_SCOPE_WORKGROUP_KHR | workgroupInvocations = 32
[6] MGranularity = 16 | NGranularity = 16 | KGranularity = 16 | AType = VK_COMPONENT_TYPE_FLOAT16_KHR | BType = VK_COMPONENT_TYPE_FLOAT16_KHR | CType = VK_COMPONENT_TYPE_FLOAT32_KHR | ResultType = VK_COMPONENT_TYPE_FLOAT32_KHR | scope = VK_SCOPE_WORKGROUP_KHR | workgroupInvocations = 32
[7] MGranularity = 16 | NGranularity = 16 | KGranularity = 32 | AType = VK_COMPONENT_TYPE_UINT8_KHR | BType = VK_COMPONENT_TYPE_UINT8_KHR | CType = VK_COMPONENT_TYPE_UINT32_KHR | ResultType = VK_COMPONENT_TYPE_UINT32_KHR | scope = VK_SCOPE_WORKGROUP_KHR | workgroupInvocations = 32
[8] MGranularity = 16 | NGranularity = 16 | KGranularity = 32 | AType = VK_COMPONENT_TYPE_SINT8_KHR | BType = VK_COMPONENT_TYPE_SINT8_KHR | CType = VK_COMPONENT_TYPE_SINT32_KHR | ResultType = VK_COMPONENT_TYPE_SINT32_KHR | scope = VK_SCOPE_WORKGROUP_KHR | workgroupInvocations = 32
[9] MGranularity = 16 | NGranularity = 16 | KGranularity = 16 | AType = VK_COMPONENT_TYPE_BFLOAT16_KHR | BType = VK_COMPONENT_TYPE_BFLOAT16_KHR | CType = VK_COMPONENT_TYPE_FLOAT32_KHR | ResultType = VK_COMPONENT_TYPE_FLOAT32_KHR | scope = VK_SCOPE_WORKGROUP_KHR | workgroupInvocations = 32
[10] MGranularity = 16 | NGranularity = 16 | KGranularity = 16 | AType = VK_COMPONENT_TYPE_FLOAT16_KHR | BType = VK_COMPONENT_TYPE_FLOAT16_KHR | CType = VK_COMPONENT_TYPE_FLOAT16_KHR | ResultType = VK_COMPONENT_TYPE_FLOAT16_KHR | scope = VK_SCOPE_WORKGROUP_KHR | workgroupInvocations = 64
[11] MGranularity = 16 | NGranularity = 16 | KGranularity = 16 | AType = VK_COMPONENT_TYPE_FLOAT16_KHR | BType = VK_COMPONENT_TYPE_FLOAT16_KHR | CType = VK_COMPONENT_TYPE_FLOAT32_KHR | ResultType = VK_COMPONENT_TYPE_FLOAT32_KHR | scope = VK_SCOPE_WORKGROUP_KHR | workgroupInvocations = 64
[12] MGranularity = 16 | NGranularity = 16 | KGranularity = 32 | AType = VK_COMPONENT_TYPE_UINT8_KHR | BType = VK_COMPONENT_TYPE_UINT8_KHR | CType = VK_COMPONENT_TYPE_UINT32_KHR | ResultType = VK_COMPONENT_TYPE_UINT32_KHR | scope = VK_SCOPE_WORKGROUP_KHR | workgroupInvocations = 64
[13] MGranularity = 16 | NGranularity = 16 | KGranularity = 32 | AType = VK_COMPONENT_TYPE_SINT8_KHR | BType = VK_COMPONENT_TYPE_SINT8_KHR | CType = VK_COMPONENT_TYPE_SINT32_KHR | ResultType = VK_COMPONENT_TYPE_SINT32_KHR | scope = VK_SCOPE_WORKGROUP_KHR | workgroupInvocations = 64
[14] MGranularity = 16 | NGranularity = 16 | KGranularity = 16 | AType = VK_COMPONENT_TYPE_BFLOAT16_KHR | BType = VK_COMPONENT_TYPE_BFLOAT16_KHR | CType = VK_COMPONENT_TYPE_FLOAT32_KHR | ResultType = VK_COMPONENT_TYPE_FLOAT32_KHR | scope = VK_SCOPE_WORKGROUP_KHR | workgroupInvocations = 64
[15] MGranularity = 32 | NGranularity = 16 | KGranularity = 16 | AType = VK_COMPONENT_TYPE_FLOAT16_KHR | BType = VK_COMPONENT_TYPE_FLOAT16_KHR | CType = VK_COMPONENT_TYPE_FLOAT16_KHR | ResultType = VK_COMPONENT_TYPE_FLOAT16_KHR | scope = VK_SCOPE_WORKGROUP_KHR | workgroupInvocations = 128
[16] MGranularity = 32 | NGranularity = 16 | KGranularity = 16 | AType = VK_COMPONENT_TYPE_FLOAT16_KHR | BType = VK_COMPONENT_TYPE_FLOAT16_KHR | CType = VK_COMPONENT_TYPE_FLOAT32_KHR | ResultType = VK_COMPONENT_TYPE_FLOAT32_KHR | scope = VK_SCOPE_WORKGROUP_KHR | workgroupInvocations = 128
[17] MGranularity = 32 | NGranularity = 16 | KGranularity = 32 | AType = VK_COMPONENT_TYPE_UINT8_KHR | BType = VK_COMPONENT_TYPE_UINT8_KHR | CType = VK_COMPONENT_TYPE_UINT32_KHR | ResultType = VK_COMPONENT_TYPE_UINT32_KHR | scope = VK_SCOPE_WORKGROUP_KHR | workgroupInvocations = 128
[18] MGranularity = 32 | NGranularity = 16 | KGranularity = 32 | AType = VK_COMPONENT_TYPE_SINT8_KHR | BType = VK_COMPONENT_TYPE_SINT8_KHR | CType = VK_COMPONENT_TYPE_SINT32_KHR | ResultType = VK_COMPONENT_TYPE_SINT32_KHR | scope = VK_SCOPE_WORKGROUP_KHR | workgroupInvocations = 128
[19] MGranularity = 32 | NGranularity = 16 | KGranularity = 16 | AType = VK_COMPONENT_TYPE_BFLOAT16_KHR | BType = VK_COMPONENT_TYPE_BFLOAT16_KHR | CType = VK_COMPONENT_TYPE_FLOAT32_KHR | ResultType = VK_COMPONENT_TYPE_FLOAT32_KHR | scope = VK_SCOPE_WORKGROUP_KHR | workgroupInvocations = 128
[20] MGranularity = 32 | NGranularity = 32 | KGranularity = 16 | AType = VK_COMPONENT_TYPE_FLOAT16_KHR | BType = VK_COMPONENT_TYPE_FLOAT16_KHR | CType = VK_COMPONENT_TYPE_FLOAT16_KHR | ResultType = VK_COMPONENT_TYPE_FLOAT16_KHR | scope = VK_SCOPE_WORKGROUP_KHR | workgroupInvocations = 256
[21] MGranularity = 32 | NGranularity = 32 | KGranularity = 16 | AType = VK_COMPONENT_TYPE_FLOAT16_KHR | BType = VK_COMPONENT_TYPE_FLOAT16_KHR | CType = VK_COMPONENT_TYPE_FLOAT32_KHR | ResultType = VK_COMPONENT_TYPE_FLOAT32_KHR | scope = VK_SCOPE_WORKGROUP_KHR | workgroupInvocations = 256
[22] MGranularity = 32 | NGranularity = 32 | KGranularity = 32 | AType = VK_COMPONENT_TYPE_UINT8_KHR | BType = VK_COMPONENT_TYPE_UINT8_KHR | CType = VK_COMPONENT_TYPE_UINT32_KHR | ResultType = VK_COMPONENT_TYPE_UINT32_KHR | scope = VK_SCOPE_WORKGROUP_KHR | workgroupInvocations = 256
[23] MGranularity = 32 | NGranularity = 32 | KGranularity = 32 | AType = VK_COMPONENT_TYPE_SINT8_KHR | BType = VK_COMPONENT_TYPE_SINT8_KHR | CType = VK_COMPONENT_TYPE_SINT32_KHR | ResultType = VK_COMPONENT_TYPE_SINT32_KHR | scope = VK_SCOPE_WORKGROUP_KHR | workgroupInvocations = 256
[24] MGranularity = 32 | NGranularity = 32 | KGranularity = 16 | AType = VK_COMPONENT_TYPE_BFLOAT16_KHR | BType = VK_COMPONENT_TYPE_BFLOAT16_KHR | CType = VK_COMPONENT_TYPE_FLOAT32_KHR | ResultType = VK_COMPONENT_TYPE_FLOAT32_KHR | scope = VK_SCOPE_WORKGROUP_KHR | workgroupInvocations = 256
[25] MGranularity = 16 | NGranularity = 16 | KGranularity = 32 | AType = VK_COMPONENT_TYPE_FLOAT8_E5M2_EXT | BType = VK_COMPONENT_TYPE_FLOAT8_E5M2_EXT | CType = VK_COMPONENT_TYPE_FLOAT16_KHR | ResultType = VK_COMPONENT_TYPE_FLOAT16_KHR | scope = VK_SCOPE_SUBGROUP_KHR | workgroupInvocations = 0
[26] MGranularity = 16 | NGranularity = 16 | KGranularity = 32 | AType = VK_COMPONENT_TYPE_FLOAT8_E5M2_EXT | BType = VK_COMPONENT_TYPE_FLOAT8_E5M2_EXT | CType = VK_COMPONENT_TYPE_FLOAT32_KHR | ResultType = VK_COMPONENT_TYPE_FLOAT32_KHR | scope = VK_SCOPE_SUBGROUP_KHR | workgroupInvocations = 0
[27] MGranularity = 16 | NGranularity = 16 | KGranularity = 32 | AType = VK_COMPONENT_TYPE_FLOAT8_E4M3_EXT | BType = VK_COMPONENT_TYPE_FLOAT8_E4M3_EXT | CType = VK_COMPONENT_TYPE_FLOAT16_KHR | ResultType = VK_COMPONENT_TYPE_FLOAT16_KHR | scope = VK_SCOPE_SUBGROUP_KHR | workgroupInvocations = 0
[28] MGranularity = 16 | NGranularity = 16 | KGranularity = 32 | AType = VK_COMPONENT_TYPE_FLOAT8_E4M3_EXT | BType = VK_COMPONENT_TYPE_FLOAT8_E4M3_EXT | CType = VK_COMPONENT_TYPE_FLOAT32_KHR | ResultType = VK_COMPONENT_TYPE_FLOAT32_KHR | scope = VK_SCOPE_SUBGROUP_KHR | workgroupInvocations = 0
[29] MGranularity = 16 | NGranularity = 16 | KGranularity = 32 | AType = VK_COMPONENT_TYPE_FLOAT8_E5M2_EXT | BType = VK_COMPONENT_TYPE_FLOAT8_E5M2_EXT | CType = VK_COMPONENT_TYPE_FLOAT16_KHR | ResultType = VK_COMPONENT_TYPE_FLOAT16_KHR | scope = VK_SCOPE_WORKGROUP_KHR | workgroupInvocations = 32
[30] MGranularity = 16 | NGranularity = 16 | KGranularity = 32 | AType = VK_COMPONENT_TYPE_FLOAT8_E5M2_EXT | BType = VK_COMPONENT_TYPE_FLOAT8_E5M2_EXT | CType = VK_COMPONENT_TYPE_FLOAT32_KHR | ResultType = VK_COMPONENT_TYPE_FLOAT32_KHR | scope = VK_SCOPE_WORKGROUP_KHR | workgroupInvocations = 32
[31] MGranularity = 16 | NGranularity = 16 | KGranularity = 32 | AType = VK_COMPONENT_TYPE_FLOAT8_E4M3_EXT | BType = VK_COMPONENT_TYPE_FLOAT8_E4M3_EXT | CType = VK_COMPONENT_TYPE_FLOAT16_KHR | ResultType = VK_COMPONENT_TYPE_FLOAT16_KHR | scope = VK_SCOPE_WORKGROUP_KHR | workgroupInvocations = 32
[32] MGranularity = 16 | NGranularity = 16 | KGranularity = 32 | AType = VK_COMPONENT_TYPE_FLOAT8_E4M3_EXT | BType = VK_COMPONENT_TYPE_FLOAT8_E4M3_EXT | CType = VK_COMPONENT_TYPE_FLOAT32_KHR | ResultType = VK_COMPONENT_TYPE_FLOAT32_KHR | scope = VK_SCOPE_WORKGROUP_KHR | workgroupInvocations = 32
[33] MGranularity = 16 | NGranularity = 16 | KGranularity = 32 | AType = VK_COMPONENT_TYPE_FLOAT8_E5M2_EXT | BType = VK_COMPONENT_TYPE_FLOAT8_E5M2_EXT | CType = VK_COMPONENT_TYPE_FLOAT16_KHR | ResultType = VK_COMPONENT_TYPE_FLOAT16_KHR | scope = VK_SCOPE_WORKGROUP_KHR | workgroupInvocations = 64
[34] MGranularity = 16 | NGranularity = 16 | KGranularity = 32 | AType = VK_COMPONENT_TYPE_FLOAT8_E5M2_EXT | BType = VK_COMPONENT_TYPE_FLOAT8_E5M2_EXT | CType = VK_COMPONENT_TYPE_FLOAT32_KHR | ResultType = VK_COMPONENT_TYPE_FLOAT32_KHR | scope = VK_SCOPE_WORKGROUP_KHR | workgroupInvocations = 64
[35] MGranularity = 16 | NGranularity = 16 | KGranularity = 32 | AType = VK_COMPONENT_TYPE_FLOAT8_E4M3_EXT | BType = VK_COMPONENT_TYPE_FLOAT8_E4M3_EXT | CType = VK_COMPONENT_TYPE_FLOAT16_KHR | ResultType = VK_COMPONENT_TYPE_FLOAT16_KHR | scope = VK_SCOPE_WORKGROUP_KHR | workgroupInvocations = 64
[36] MGranularity = 16 | NGranularity = 16 | KGranularity = 32 | AType = VK_COMPONENT_TYPE_FLOAT8_E4M3_EXT | BType = VK_COMPONENT_TYPE_FLOAT8_E4M3_EXT | CType = VK_COMPONENT_TYPE_FLOAT32_KHR | ResultType = VK_COMPONENT_TYPE_FLOAT32_KHR | scope = VK_SCOPE_WORKGROUP_KHR | workgroupInvocations = 64
[37] MGranularity = 32 | NGranularity = 16 | KGranularity = 32 | AType = VK_COMPONENT_TYPE_FLOAT8_E5M2_EXT | BType = VK_COMPONENT_TYPE_FLOAT8_E5M2_EXT | CType = VK_COMPONENT_TYPE_FLOAT16_KHR | ResultType = VK_COMPONENT_TYPE_FLOAT16_KHR | scope = VK_SCOPE_WORKGROUP_KHR | workgroupInvocations = 128
[38] MGranularity = 32 | NGranularity = 16 | KGranularity = 32 | AType = VK_COMPONENT_TYPE_FLOAT8_E5M2_EXT | BType = VK_COMPONENT_TYPE_FLOAT8_E5M2_EXT | CType = VK_COMPONENT_TYPE_FLOAT32_KHR | ResultType = VK_COMPONENT_TYPE_FLOAT32_KHR | scope = VK_SCOPE_WORKGROUP_KHR | workgroupInvocations = 128
[39] MGranularity = 32 | NGranularity = 16 | KGranularity = 32 | AType = VK_COMPONENT_TYPE_FLOAT8_E4M3_EXT | BType = VK_COMPONENT_TYPE_FLOAT8_E4M3_EXT | CType = VK_COMPONENT_TYPE_FLOAT16_KHR | ResultType = VK_COMPONENT_TYPE_FLOAT16_KHR | scope = VK_SCOPE_WORKGROUP_KHR | workgroupInvocations = 128
[40] MGranularity = 32 | NGranularity = 16 | KGranularity = 32 | AType = VK_COMPONENT_TYPE_FLOAT8_E4M3_EXT | BType = VK_COMPONENT_TYPE_FLOAT8_E4M3_EXT | CType = VK_COMPONENT_TYPE_FLOAT32_KHR | ResultType = VK_COMPONENT_TYPE_FLOAT32_KHR | scope = VK_SCOPE_WORKGROUP_KHR | workgroupInvocations = 128
[41] MGranularity = 32 | NGranularity = 32 | KGranularity = 32 | AType = VK_COMPONENT_TYPE_FLOAT8_E5M2_EXT | BType = VK_COMPONENT_TYPE_FLOAT8_E5M2_EXT | CType = VK_COMPONENT_TYPE_FLOAT16_KHR | ResultType = VK_COMPONENT_TYPE_FLOAT16_KHR | scope = VK_SCOPE_WORKGROUP_KHR | workgroupInvocations = 256
[42] MGranularity = 32 | NGranularity = 32 | KGranularity = 32 | AType = VK_COMPONENT_TYPE_FLOAT8_E5M2_EXT | BType = VK_COMPONENT_TYPE_FLOAT8_E5M2_EXT | CType = VK_COMPONENT_TYPE_FLOAT32_KHR | ResultType = VK_COMPONENT_TYPE_FLOAT32_KHR | scope = VK_SCOPE_WORKGROUP_KHR | workgroupInvocations = 256
[43] MGranularity = 32 | NGranularity = 32 | KGranularity = 32 | AType = VK_COMPONENT_TYPE_FLOAT8_E4M3_EXT | BType = VK_COMPONENT_TYPE_FLOAT8_E4M3_EXT | CType = VK_COMPONENT_TYPE_FLOAT16_KHR | ResultType = VK_COMPONENT_TYPE_FLOAT16_KHR | scope = VK_SCOPE_WORKGROUP_KHR | workgroupInvocations = 256
[44] MGranularity = 32 | NGranularity = 32 | KGranularity = 32 | AType = VK_COMPONENT_TYPE_FLOAT8_E4M3_EXT | BType = VK_COMPONENT_TYPE_FLOAT8_E4M3_EXT | CType = VK_COMPONENT_TYPE_FLOAT32_KHR | ResultType = VK_COMPONENT_TYPE_FLOAT32_KHR | scope = VK_SCOPE_WORKGROUP_KHR | workgroupInvocations = 256
.
The Vulkan spec states: For OpTypeCooperativeMatrixKHR, if the cooperativeMatrixFlexibleDimensions feature is enabled, the component type, scope, number of rows, and number of columns must match either one of the matrices in one of the supported VkCooperativeMatrixPropertiesKHR or VkCooperativeMatrixFlexibleDimensionsPropertiesNV (https://docs.vulkan.org/spec/latest/appendices/spirvenv.html#VUID-RuntimeSpirv-cooperativeMatrixFlexibleDimensions-10165)

Validation Error: [ VUID-RuntimeSpirv-cooperativeMatrixFlexibleDimensions-10165 ] | MessageID = 0xaf8bd211
vkCreateComputePipelines(): pCreateInfos[0].stage SPIR-V (VK_SHADER_STAGE_COMPUTE_BIT) has
%1269 = OpTypeCooperativeMatrixKHR %478 %33 %96 %130 %36 (rows: 16, cols: 16, scope: VK_SCOPE_SUBGROUP_KHR, type: VK_COMPONENT_TYPE_BFLOAT16_KHR, use: 2)
but doesn't match any VkCooperativeMatrixPropertiesKHR or VkCooperativeMatrixFlexibleDimensionsPropertiesNV
[0] MSize = 16 | NSize = 16 | KSize = 16 | AType = VK_COMPONENT_TYPE_FLOAT16_KHR | BType = VK_COMPONENT_TYPE_FLOAT16_KHR | CType = VK_COMPONENT_TYPE_FLOAT16_KHR | ResultType = VK_COMPONENT_TYPE_FLOAT16_KHR | scope = VK_SCOPE_SUBGROUP_KHR
[1] MSize = 16 | NSize = 8 | KSize = 16 | AType = VK_COMPONENT_TYPE_FLOAT16_KHR | BType = VK_COMPONENT_TYPE_FLOAT16_KHR | CType = VK_COMPONENT_TYPE_FLOAT16_KHR | ResultType = VK_COMPONENT_TYPE_FLOAT16_KHR | scope = VK_SCOPE_SUBGROUP_KHR
[2] MSize = 16 | NSize = 8 | KSize = 8 | AType = VK_COMPONENT_TYPE_FLOAT16_KHR | BType = VK_COMPONENT_TYPE_FLOAT16_KHR | CType = VK_COMPONENT_TYPE_FLOAT16_KHR | ResultType = VK_COMPONENT_TYPE_FLOAT16_KHR | scope = VK_SCOPE_SUBGROUP_KHR
[3] MSize = 16 | NSize = 16 | KSize = 16 | AType = VK_COMPONENT_TYPE_FLOAT16_KHR | BType = VK_COMPONENT_TYPE_FLOAT16_KHR | CType = VK_COMPONENT_TYPE_FLOAT32_KHR | ResultType = VK_COMPONENT_TYPE_FLOAT32_KHR | scope = VK_SCOPE_SUBGROUP_KHR
[4] MSize = 16 | NSize = 8 | KSize = 16 | AType = VK_COMPONENT_TYPE_FLOAT16_KHR | BType = VK_COMPONENT_TYPE_FLOAT16_KHR | CType = VK_COMPONENT_TYPE_FLOAT32_KHR | ResultType = VK_COMPONENT_TYPE_FLOAT32_KHR | scope = VK_SCOPE_SUBGROUP_KHR
[5] MSize = 16 | NSize = 8 | KSize = 8 | AType = VK_COMPONENT_TYPE_FLOAT16_KHR | BType = VK_COMPONENT_TYPE_FLOAT16_KHR | CType = VK_COMPONENT_TYPE_FLOAT32_KHR | ResultType = VK_COMPONENT_TYPE_FLOAT32_KHR | scope = VK_SCOPE_SUBGROUP_KHR
[6] MSize = 16 | NSize = 16 | KSize = 32 | AType = VK_COMPONENT_TYPE_UINT8_KHR | BType = VK_COMPONENT_TYPE_UINT8_KHR | CType = VK_COMPONENT_TYPE_UINT32_KHR | ResultType = VK_COMPONENT_TYPE_UINT32_KHR | scope = VK_SCOPE_SUBGROUP_KHR
[7] MSize = 16 | NSize = 16 | KSize = 32 | AType = VK_COMPONENT_TYPE_SINT8_KHR | BType = VK_COMPONENT_TYPE_SINT8_KHR | CType = VK_COMPONENT_TYPE_SINT32_KHR | ResultType = VK_COMPONENT_TYPE_SINT32_KHR | scope = VK_SCOPE_SUBGROUP_KHR
[8] MSize = 16 | NSize = 8 | KSize = 32 | AType = VK_COMPONENT_TYPE_UINT8_KHR | BType = VK_COMPONENT_TYPE_UINT8_KHR | CType = VK_COMPONENT_TYPE_UINT32_KHR | ResultType = VK_COMPONENT_TYPE_UINT32_KHR | scope = VK_SCOPE_SUBGROUP_KHR
[9] MSize = 16 | NSize = 8 | KSize = 32 | AType = VK_COMPONENT_TYPE_SINT8_KHR | BType = VK_COMPONENT_TYPE_SINT8_KHR | CType = VK_COMPONENT_TYPE_SINT32_KHR | ResultType = VK_COMPONENT_TYPE_SINT32_KHR | scope = VK_SCOPE_SUBGROUP_KHR
[10] MSize = 16 | NSize = 16 | KSize = 16 | AType = VK_COMPONENT_TYPE_BFLOAT16_KHR | BType = VK_COMPONENT_TYPE_BFLOAT16_KHR | CType = VK_COMPONENT_TYPE_FLOAT32_KHR | ResultType = VK_COMPONENT_TYPE_FLOAT32_KHR | scope = VK_SCOPE_SUBGROUP_KHR
[11] MSize = 16 | NSize = 16 | KSize = 32 | AType = VK_COMPONENT_TYPE_FLOAT8_E5M2_EXT | BType = VK_COMPONENT_TYPE_FLOAT8_E5M2_EXT | CType = VK_COMPONENT_TYPE_FLOAT16_KHR | ResultType = VK_COMPONENT_TYPE_FLOAT16_KHR | scope = VK_SCOPE_SUBGROUP_KHR
[12] MSize = 16 | NSize = 16 | KSize = 32 | AType = VK_COMPONENT_TYPE_FLOAT8_E5M2_EXT | BType = VK_COMPONENT_TYPE_FLOAT8_E5M2_EXT | CType = VK_COMPONENT_TYPE_FLOAT32_KHR | ResultType = VK_COMPONENT_TYPE_FLOAT32_KHR | scope = VK_SCOPE_SUBGROUP_KHR
[13] MSize = 16 | NSize = 16 | KSize = 32 | AType = VK_COMPONENT_TYPE_FLOAT8_E4M3_EXT | BType = VK_COMPONENT_TYPE_FLOAT8_E4M3_EXT | CType = VK_COMPONENT_TYPE_FLOAT16_KHR | ResultType = VK_COMPONENT_TYPE_FLOAT16_KHR | scope = VK_SCOPE_SUBGROUP_KHR
[14] MSize = 16 | NSize = 16 | KSize = 32 | AType = VK_COMPONENT_TYPE_FLOAT8_E4M3_EXT | BType = VK_COMPONENT_TYPE_FLOAT8_E4M3_EXT | CType = VK_COMPONENT_TYPE_FLOAT32_KHR | ResultType = VK_COMPONENT_TYPE_FLOAT32_KHR | scope = VK_SCOPE_SUBGROUP_KHR

[0] MGranularity = 16 | NGranularity = 16 | KGranularity = 16 | AType = VK_COMPONENT_TYPE_FLOAT16_KHR | BType = VK_COMPONENT_TYPE_FLOAT16_KHR | CType = VK_COMPONENT_TYPE_FLOAT16_KHR | ResultType = VK_COMPONENT_TYPE_FLOAT16_KHR | scope = VK_SCOPE_SUBGROUP_KHR | workgroupInvocations = 0
[1] MGranularity = 16 | NGranularity = 16 | KGranularity = 16 | AType = VK_COMPONENT_TYPE_FLOAT16_KHR | BType = VK_COMPONENT_TYPE_FLOAT16_KHR | CType = VK_COMPONENT_TYPE_FLOAT32_KHR | ResultType = VK_COMPONENT_TYPE_FLOAT32_KHR | scope = VK_SCOPE_SUBGROUP_KHR | workgroupInvocations = 0
[2] MGranularity = 16 | NGranularity = 16 | KGranularity = 32 | AType = VK_COMPONENT_TYPE_UINT8_KHR | BType = VK_COMPONENT_TYPE_UINT8_KHR | CType = VK_COMPONENT_TYPE_UINT32_KHR | ResultType = VK_COMPONENT_TYPE_UINT32_KHR | scope = VK_SCOPE_SUBGROUP_KHR | workgroupInvocations = 0
[3] MGranularity = 16 | NGranularity = 16 | KGranularity = 32 | AType = VK_COMPONENT_TYPE_SINT8_KHR | BType = VK_COMPONENT_TYPE_SINT8_KHR | CType = VK_COMPONENT_TYPE_SINT32_KHR | ResultType = VK_COMPONENT_TYPE_SINT32_KHR | scope = VK_SCOPE_SUBGROUP_KHR | workgroupInvocations = 0
[4] MGranularity = 16 | NGranularity = 16 | KGranularity = 16 | AType = VK_COMPONENT_TYPE_BFLOAT16_KHR | BType = VK_COMPONENT_TYPE_BFLOAT16_KHR | CType = VK_COMPONENT_TYPE_FLOAT32_KHR | ResultType = VK_COMPONENT_TYPE_FLOAT32_KHR | scope = VK_SCOPE_SUBGROUP_KHR | workgroupInvocations = 0
[5] MGranularity = 16 | NGranularity = 16 | KGranularity = 16 | AType = VK_COMPONENT_TYPE_FLOAT16_KHR | BType = VK_COMPONENT_TYPE_FLOAT16_KHR | CType = VK_COMPONENT_TYPE_FLOAT16_KHR | ResultType = VK_COMPONENT_TYPE_FLOAT16_KHR | scope = VK_SCOPE_WORKGROUP_KHR | workgroupInvocations = 32
[6] MGranularity = 16 | NGranularity = 16 | KGranularity = 16 | AType = VK_COMPONENT_TYPE_FLOAT16_KHR | BType = VK_COMPONENT_TYPE_FLOAT16_KHR | CType = VK_COMPONENT_TYPE_FLOAT32_KHR | ResultType = VK_COMPONENT_TYPE_FLOAT32_KHR | scope = VK_SCOPE_WORKGROUP_KHR | workgroupInvocations = 32
[7] MGranularity = 16 | NGranularity = 16 | KGranularity = 32 | AType = VK_COMPONENT_TYPE_UINT8_KHR | BType = VK_COMPONENT_TYPE_UINT8_KHR | CType = VK_COMPONENT_TYPE_UINT32_KHR | ResultType = VK_COMPONENT_TYPE_UINT32_KHR | scope = VK_SCOPE_WORKGROUP_KHR | workgroupInvocations = 32
[8] MGranularity = 16 | NGranularity = 16 | KGranularity = 32 | AType = VK_COMPONENT_TYPE_SINT8_KHR | BType = VK_COMPONENT_TYPE_SINT8_KHR | CType = VK_COMPONENT_TYPE_SINT32_KHR | ResultType = VK_COMPONENT_TYPE_SINT32_KHR | scope = VK_SCOPE_WORKGROUP_KHR | workgroupInvocations = 32
[9] MGranularity = 16 | NGranularity = 16 | KGranularity = 16 | AType = VK_COMPONENT_TYPE_BFLOAT16_KHR | BType = VK_COMPONENT_TYPE_BFLOAT16_KHR | CType = VK_COMPONENT_TYPE_FLOAT32_KHR | ResultType = VK_COMPONENT_TYPE_FLOAT32_KHR | scope = VK_SCOPE_WORKGROUP_KHR | workgroupInvocations = 32
[10] MGranularity = 16 | NGranularity = 16 | KGranularity = 16 | AType = VK_COMPONENT_TYPE_FLOAT16_KHR | BType = VK_COMPONENT_TYPE_FLOAT16_KHR | CType = VK_COMPONENT_TYPE_FLOAT16_KHR | ResultType = VK_COMPONENT_TYPE_FLOAT16_KHR | scope = VK_SCOPE_WORKGROUP_KHR | workgroupInvocations = 64
[11] MGranularity = 16 | NGranularity = 16 | KGranularity = 16 | AType = VK_COMPONENT_TYPE_FLOAT16_KHR | BType = VK_COMPONENT_TYPE_FLOAT16_KHR | CType = VK_COMPONENT_TYPE_FLOAT32_KHR | ResultType = VK_COMPONENT_TYPE_FLOAT32_KHR | scope = VK_SCOPE_WORKGROUP_KHR | workgroupInvocations = 64
[12] MGranularity = 16 | NGranularity = 16 | KGranularity = 32 | AType = VK_COMPONENT_TYPE_UINT8_KHR | BType = VK_COMPONENT_TYPE_UINT8_KHR | CType = VK_COMPONENT_TYPE_UINT32_KHR | ResultType = VK_COMPONENT_TYPE_UINT32_KHR | scope = VK_SCOPE_WORKGROUP_KHR | workgroupInvocations = 64
[13] MGranularity = 16 | NGranularity = 16 | KGranularity = 32 | AType = VK_COMPONENT_TYPE_SINT8_KHR | BType = VK_COMPONENT_TYPE_SINT8_KHR | CType = VK_COMPONENT_TYPE_SINT32_KHR | ResultType = VK_COMPONENT_TYPE_SINT32_KHR | scope = VK_SCOPE_WORKGROUP_KHR | workgroupInvocations = 64
[14] MGranularity = 16 | NGranularity = 16 | KGranularity = 16 | AType = VK_COMPONENT_TYPE_BFLOAT16_KHR | BType = VK_COMPONENT_TYPE_BFLOAT16_KHR | CType = VK_COMPONENT_TYPE_FLOAT32_KHR | ResultType = VK_COMPONENT_TYPE_FLOAT32_KHR | scope = VK_SCOPE_WORKGROUP_KHR | workgroupInvocations = 64
[15] MGranularity = 32 | NGranularity = 16 | KGranularity = 16 | AType = VK_COMPONENT_TYPE_FLOAT16_KHR | BType = VK_COMPONENT_TYPE_FLOAT16_KHR | CType = VK_COMPONENT_TYPE_FLOAT16_KHR | ResultType = VK_COMPONENT_TYPE_FLOAT16_KHR | scope = VK_SCOPE_WORKGROUP_KHR | workgroupInvocations = 128
[16] MGranularity = 32 | NGranularity = 16 | KGranularity = 16 | AType = VK_COMPONENT_TYPE_FLOAT16_KHR | BType = VK_COMPONENT_TYPE_FLOAT16_KHR | CType = VK_COMPONENT_TYPE_FLOAT32_KHR | ResultType = VK_COMPONENT_TYPE_FLOAT32_KHR | scope = VK_SCOPE_WORKGROUP_KHR | workgroupInvocations = 128
[17] MGranularity = 32 | NGranularity = 16 | KGranularity = 32 | AType = VK_COMPONENT_TYPE_UINT8_KHR | BType = VK_COMPONENT_TYPE_UINT8_KHR | CType = VK_COMPONENT_TYPE_UINT32_KHR | ResultType = VK_COMPONENT_TYPE_UINT32_KHR | scope = VK_SCOPE_WORKGROUP_KHR | workgroupInvocations = 128
[18] MGranularity = 32 | NGranularity = 16 | KGranularity = 32 | AType = VK_COMPONENT_TYPE_SINT8_KHR | BType = VK_COMPONENT_TYPE_SINT8_KHR | CType = VK_COMPONENT_TYPE_SINT32_KHR | ResultType = VK_COMPONENT_TYPE_SINT32_KHR | scope = VK_SCOPE_WORKGROUP_KHR | workgroupInvocations = 128
[19] MGranularity = 32 | NGranularity = 16 | KGranularity = 16 | AType = VK_COMPONENT_TYPE_BFLOAT16_KHR | BType = VK_COMPONENT_TYPE_BFLOAT16_KHR | CType = VK_COMPONENT_TYPE_FLOAT32_KHR | ResultType = VK_COMPONENT_TYPE_FLOAT32_KHR | scope = VK_SCOPE_WORKGROUP_KHR | workgroupInvocations = 128
[20] MGranularity = 32 | NGranularity = 32 | KGranularity = 16 | AType = VK_COMPONENT_TYPE_FLOAT16_KHR | BType = VK_COMPONENT_TYPE_FLOAT16_KHR | CType = VK_COMPONENT_TYPE_FLOAT16_KHR | ResultType = VK_COMPONENT_TYPE_FLOAT16_KHR | scope = VK_SCOPE_WORKGROUP_KHR | workgroupInvocations = 256
[21] MGranularity = 32 | NGranularity = 32 | KGranularity = 16 | AType = VK_COMPONENT_TYPE_FLOAT16_KHR | BType = VK_COMPONENT_TYPE_FLOAT16_KHR | CType = VK_COMPONENT_TYPE_FLOAT32_KHR | ResultType = VK_COMPONENT_TYPE_FLOAT32_KHR | scope = VK_SCOPE_WORKGROUP_KHR | workgroupInvocations = 256
[22] MGranularity = 32 | NGranularity = 32 | KGranularity = 32 | AType = VK_COMPONENT_TYPE_UINT8_KHR | BType = VK_COMPONENT_TYPE_UINT8_KHR | CType = VK_COMPONENT_TYPE_UINT32_KHR | ResultType = VK_COMPONENT_TYPE_UINT32_KHR | scope = VK_SCOPE_WORKGROUP_KHR | workgroupInvocations = 256
[23] MGranularity = 32 | NGranularity = 32 | KGranularity = 32 | AType = VK_COMPONENT_TYPE_SINT8_KHR | BType = VK_COMPONENT_TYPE_SINT8_KHR | CType = VK_COMPONENT_TYPE_SINT32_KHR | ResultType = VK_COMPONENT_TYPE_SINT32_KHR | scope = VK_SCOPE_WORKGROUP_KHR | workgroupInvocations = 256
[24] MGranularity = 32 | NGranularity = 32 | KGranularity = 16 | AType = VK_COMPONENT_TYPE_BFLOAT16_KHR | BType = VK_COMPONENT_TYPE_BFLOAT16_KHR | CType = VK_COMPONENT_TYPE_FLOAT32_KHR | ResultType = VK_COMPONENT_TYPE_FLOAT32_KHR | scope = VK_SCOPE_WORKGROUP_KHR | workgroupInvocations = 256
[25] MGranularity = 16 | NGranularity = 16 | KGranularity = 32 | AType = VK_COMPONENT_TYPE_FLOAT8_E5M2_EXT | BType = VK_COMPONENT_TYPE_FLOAT8_E5M2_EXT | CType = VK_COMPONENT_TYPE_FLOAT16_KHR | ResultType = VK_COMPONENT_TYPE_FLOAT16_KHR | scope = VK_SCOPE_SUBGROUP_KHR | workgroupInvocations = 0
[26] MGranularity = 16 | NGranularity = 16 | KGranularity = 32 | AType = VK_COMPONENT_TYPE_FLOAT8_E5M2_EXT | BType = VK_COMPONENT_TYPE_FLOAT8_E5M2_EXT | CType = VK_COMPONENT_TYPE_FLOAT32_KHR | ResultType = VK_COMPONENT_TYPE_FLOAT32_KHR | scope = VK_SCOPE_SUBGROUP_KHR | workgroupInvocations = 0
[27] MGranularity = 16 | NGranularity = 16 | KGranularity = 32 | AType = VK_COMPONENT_TYPE_FLOAT8_E4M3_EXT | BType = VK_COMPONENT_TYPE_FLOAT8_E4M3_EXT | CType = VK_COMPONENT_TYPE_FLOAT16_KHR | ResultType = VK_COMPONENT_TYPE_FLOAT16_KHR | scope = VK_SCOPE_SUBGROUP_KHR | workgroupInvocations = 0
[28] MGranularity = 16 | NGranularity = 16 | KGranularity = 32 | AType = VK_COMPONENT_TYPE_FLOAT8_E4M3_EXT | BType = VK_COMPONENT_TYPE_FLOAT8_E4M3_EXT | CType = VK_COMPONENT_TYPE_FLOAT32_KHR | ResultType = VK_COMPONENT_TYPE_FLOAT32_KHR | scope = VK_SCOPE_SUBGROUP_KHR | workgroupInvocations = 0
[29] MGranularity = 16 | NGranularity = 16 | KGranularity = 32 | AType = VK_COMPONENT_TYPE_FLOAT8_E5M2_EXT | BType = VK_COMPONENT_TYPE_FLOAT8_E5M2_EXT | CType = VK_COMPONENT_TYPE_FLOAT16_KHR | ResultType = VK_COMPONENT_TYPE_FLOAT16_KHR | scope = VK_SCOPE_WORKGROUP_KHR | workgroupInvocations = 32
[30] MGranularity = 16 | NGranularity = 16 | KGranularity = 32 | AType = VK_COMPONENT_TYPE_FLOAT8_E5M2_EXT | BType = VK_COMPONENT_TYPE_FLOAT8_E5M2_EXT | CType = VK_COMPONENT_TYPE_FLOAT32_KHR | ResultType = VK_COMPONENT_TYPE_FLOAT32_KHR | scope = VK_SCOPE_WORKGROUP_KHR | workgroupInvocations = 32
[31] MGranularity = 16 | NGranularity = 16 | KGranularity = 32 | AType = VK_COMPONENT_TYPE_FLOAT8_E4M3_EXT | BType = VK_COMPONENT_TYPE_FLOAT8_E4M3_EXT | CType = VK_COMPONENT_TYPE_FLOAT16_KHR | ResultType = VK_COMPONENT_TYPE_FLOAT16_KHR | scope = VK_SCOPE_WORKGROUP_KHR | workgroupInvocations = 32
[32] MGranularity = 16 | NGranularity = 16 | KGranularity = 32 | AType = VK_COMPONENT_TYPE_FLOAT8_E4M3_EXT | BType = VK_COMPONENT_TYPE_FLOAT8_E4M3_EXT | CType = VK_COMPONENT_TYPE_FLOAT32_KHR | ResultType = VK_COMPONENT_TYPE_FLOAT32_KHR | scope = VK_SCOPE_WORKGROUP_KHR | workgroupInvocations = 32
[33] MGranularity = 16 | NGranularity = 16 | KGranularity = 32 | AType = VK_COMPONENT_TYPE_FLOAT8_E5M2_EXT | BType = VK_COMPONENT_TYPE_FLOAT8_E5M2_EXT | CType = VK_COMPONENT_TYPE_FLOAT16_KHR | ResultType = VK_COMPONENT_TYPE_FLOAT16_KHR | scope = VK_SCOPE_WORKGROUP_KHR | workgroupInvocations = 64
[34] MGranularity = 16 | NGranularity = 16 | KGranularity = 32 | AType = VK_COMPONENT_TYPE_FLOAT8_E5M2_EXT | BType = VK_COMPONENT_TYPE_FLOAT8_E5M2_EXT | CType = VK_COMPONENT_TYPE_FLOAT32_KHR | ResultType = VK_COMPONENT_TYPE_FLOAT32_KHR | scope = VK_SCOPE_WORKGROUP_KHR | workgroupInvocations = 64
[35] MGranularity = 16 | NGranularity = 16 | KGranularity = 32 | AType = VK_COMPONENT_TYPE_FLOAT8_E4M3_EXT | BType = VK_COMPONENT_TYPE_FLOAT8_E4M3_EXT | CType = VK_COMPONENT_TYPE_FLOAT16_KHR | ResultType = VK_COMPONENT_TYPE_FLOAT16_KHR | scope = VK_SCOPE_WORKGROUP_KHR | workgroupInvocations = 64
[36] MGranularity = 16 | NGranularity = 16 | KGranularity = 32 | AType = VK_COMPONENT_TYPE_FLOAT8_E4M3_EXT | BType = VK_COMPONENT_TYPE_FLOAT8_E4M3_EXT | CType = VK_COMPONENT_TYPE_FLOAT32_KHR | ResultType = VK_COMPONENT_TYPE_FLOAT32_KHR | scope = VK_SCOPE_WORKGROUP_KHR | workgroupInvocations = 64
[37] MGranularity = 32 | NGranularity = 16 | KGranularity = 32 | AType = VK_COMPONENT_TYPE_FLOAT8_E5M2_EXT | BType = VK_COMPONENT_TYPE_FLOAT8_E5M2_EXT | CType = VK_COMPONENT_TYPE_FLOAT16_KHR | ResultType = VK_COMPONENT_TYPE_FLOAT16_KHR | scope = VK_SCOPE_WORKGROUP_KHR | workgroupInvocations = 128
[38] MGranularity = 32 | NGranularity = 16 | KGranularity = 32 | AType = VK_COMPONENT_TYPE_FLOAT8_E5M2_EXT | BType = VK_COMPONENT_TYPE_FLOAT8_E5M2_EXT | CType = VK_COMPONENT_TYPE_FLOAT32_KHR | ResultType = VK_COMPONENT_TYPE_FLOAT32_KHR | scope = VK_SCOPE_WORKGROUP_KHR | workgroupInvocations = 128
[39] MGranularity = 32 | NGranularity = 16 | KGranularity = 32 | AType = VK_COMPONENT_TYPE_FLOAT8_E4M3_EXT | BType = VK_COMPONENT_TYPE_FLOAT8_E4M3_EXT | CType = VK_COMPONENT_TYPE_FLOAT16_KHR | ResultType = VK_COMPONENT_TYPE_FLOAT16_KHR | scope = VK_SCOPE_WORKGROUP_KHR | workgroupInvocations = 128
[40] MGranularity = 32 | NGranularity = 16 | KGranularity = 32 | AType = VK_COMPONENT_TYPE_FLOAT8_E4M3_EXT | BType = VK_COMPONENT_TYPE_FLOAT8_E4M3_EXT | CType = VK_COMPONENT_TYPE_FLOAT32_KHR | ResultType = VK_COMPONENT_TYPE_FLOAT32_KHR | scope = VK_SCOPE_WORKGROUP_KHR | workgroupInvocations = 128
[41] MGranularity = 32 | NGranularity = 32 | KGranularity = 32 | AType = VK_COMPONENT_TYPE_FLOAT8_E5M2_EXT | BType = VK_COMPONENT_TYPE_FLOAT8_E5M2_EXT | CType = VK_COMPONENT_TYPE_FLOAT16_KHR | ResultType = VK_COMPONENT_TYPE_FLOAT16_KHR | scope = VK_SCOPE_WORKGROUP_KHR | workgroupInvocations = 256
[42] MGranularity = 32 | NGranularity = 32 | KGranularity = 32 | AType = VK_COMPONENT_TYPE_FLOAT8_E5M2_EXT | BType = VK_COMPONENT_TYPE_FLOAT8_E5M2_EXT | CType = VK_COMPONENT_TYPE_FLOAT32_KHR | ResultType = VK_COMPONENT_TYPE_FLOAT32_KHR | scope = VK_SCOPE_WORKGROUP_KHR | workgroupInvocations = 256
[43] MGranularity = 32 | NGranularity = 32 | KGranularity = 32 | AType = VK_COMPONENT_TYPE_FLOAT8_E4M3_EXT | BType = VK_COMPONENT_TYPE_FLOAT8_E4M3_EXT | CType = VK_COMPONENT_TYPE_FLOAT16_KHR | ResultType = VK_COMPONENT_TYPE_FLOAT16_KHR | scope = VK_SCOPE_WORKGROUP_KHR | workgroupInvocations = 256
[44] MGranularity = 32 | NGranularity = 32 | KGranularity = 32 | AType = VK_COMPONENT_TYPE_FLOAT8_E4M3_EXT | BType = VK_COMPONENT_TYPE_FLOAT8_E4M3_EXT | CType = VK_COMPONENT_TYPE_FLOAT32_KHR | ResultType = VK_COMPONENT_TYPE_FLOAT32_KHR | scope = VK_SCOPE_WORKGROUP_KHR | workgroupInvocations = 256
.
The Vulkan spec states: For OpTypeCooperativeMatrixKHR, if the cooperativeMatrixFlexibleDimensions feature is enabled, the component type, scope, number of rows, and number of columns must match either one of the matrices in one of the supported VkCooperativeMatrixPropertiesKHR or VkCooperativeMatrixFlexibleDimensionsPropertiesNV (https://docs.vulkan.org/spec/latest/appendices/spirvenv.html#VUID-RuntimeSpirv-cooperativeMatrixFlexibleDimensions-10165)

Validation Error: [ VUID-RuntimeSpirv-cooperativeMatrixFlexibleDimensions-10165 ] | MessageID = 0xaf8bd211
vkCreateComputePipelines(): pCreateInfos[0].stage SPIR-V (VK_SHADER_STAGE_COMPUTE_BIT) has
%1269 = OpTypeCooperativeMatrixKHR %478 %33 %96 %130 %36 (rows: 16, cols: 16, scope: VK_SCOPE_SUBGROUP_KHR, type: VK_COMPONENT_TYPE_BFLOAT16_KHR, use: 2)
but doesn't match any VkCooperativeMatrixPropertiesKHR or VkCooperativeMatrixFlexibleDimensionsPropertiesNV
[0] MSize = 16 | NSize = 16 | KSize = 16 | AType = VK_COMPONENT_TYPE_FLOAT16_KHR | BType = VK_COMPONENT_TYPE_FLOAT16_KHR | CType = VK_COMPONENT_TYPE_FLOAT16_KHR | ResultType = VK_COMPONENT_TYPE_FLOAT16_KHR | scope = VK_SCOPE_SUBGROUP_KHR
[1] MSize = 16 | NSize = 8 | KSize = 16 | AType = VK_COMPONENT_TYPE_FLOAT16_KHR | BType = VK_COMPONENT_TYPE_FLOAT16_KHR | CType = VK_COMPONENT_TYPE_FLOAT16_KHR | ResultType = VK_COMPONENT_TYPE_FLOAT16_KHR | scope = VK_SCOPE_SUBGROUP_KHR
[2] MSize = 16 | NSize = 8 | KSize = 8 | AType = VK_COMPONENT_TYPE_FLOAT16_KHR | BType = VK_COMPONENT_TYPE_FLOAT16_KHR | CType = VK_COMPONENT_TYPE_FLOAT16_KHR | ResultType = VK_COMPONENT_TYPE_FLOAT16_KHR | scope = VK_SCOPE_SUBGROUP_KHR
[3] MSize = 16 | NSize = 16 | KSize = 16 | AType = VK_COMPONENT_TYPE_FLOAT16_KHR | BType = VK_COMPONENT_TYPE_FLOAT16_KHR | CType = VK_COMPONENT_TYPE_FLOAT32_KHR | ResultType = VK_COMPONENT_TYPE_FLOAT32_KHR | scope = VK_SCOPE_SUBGROUP_KHR
[4] MSize = 16 | NSize = 8 | KSize = 16 | AType = VK_COMPONENT_TYPE_FLOAT16_KHR | BType = VK_COMPONENT_TYPE_FLOAT16_KHR | CType = VK_COMPONENT_TYPE_FLOAT32_KHR | ResultType = VK_COMPONENT_TYPE_FLOAT32_KHR | scope = VK_SCOPE_SUBGROUP_KHR
[5] MSize = 16 | NSize = 8 | KSize = 8 | AType = VK_COMPONENT_TYPE_FLOAT16_KHR | BType = VK_COMPONENT_TYPE_FLOAT16_KHR | CType = VK_COMPONENT_TYPE_FLOAT32_KHR | ResultType = VK_COMPONENT_TYPE_FLOAT32_KHR | scope = VK_SCOPE_SUBGROUP_KHR
[6] MSize = 16 | NSize = 16 | KSize = 32 | AType = VK_COMPONENT_TYPE_UINT8_KHR | BType = VK_COMPONENT_TYPE_UINT8_KHR | CType = VK_COMPONENT_TYPE_UINT32_KHR | ResultType = VK_COMPONENT_TYPE_UINT32_KHR | scope = VK_SCOPE_SUBGROUP_KHR
[7] MSize = 16 | NSize = 16 | KSize = 32 | AType = VK_COMPONENT_TYPE_SINT8_KHR | BType = VK_COMPONENT_TYPE_SINT8_KHR | CType = VK_COMPONENT_TYPE_SINT32_KHR | ResultType = VK_COMPONENT_TYPE_SINT32_KHR | scope = VK_SCOPE_SUBGROUP_KHR
[8] MSize = 16 | NSize = 8 | KSize = 32 | AType = VK_COMPONENT_TYPE_UINT8_KHR | BType = VK_COMPONENT_TYPE_UINT8_KHR | CType = VK_COMPONENT_TYPE_UINT32_KHR | ResultType = VK_COMPONENT_TYPE_UINT32_KHR | scope = VK_SCOPE_SUBGROUP_KHR
[9] MSize = 16 | NSize = 8 | KSize = 32 | AType = VK_COMPONENT_TYPE_SINT8_KHR | BType = VK_COMPONENT_TYPE_SINT8_KHR | CType = VK_COMPONENT_TYPE_SINT32_KHR | ResultType = VK_COMPONENT_TYPE_SINT32_KHR | scope = VK_SCOPE_SUBGROUP_KHR
[10] MSize = 16 | NSize = 16 | KSize = 16 | AType = VK_COMPONENT_TYPE_BFLOAT16_KHR | BType = VK_COMPONENT_TYPE_BFLOAT16_KHR | CType = VK_COMPONENT_TYPE_FLOAT32_KHR | ResultType = VK_COMPONENT_TYPE_FLOAT32_KHR | scope = VK_SCOPE_SUBGROUP_KHR
[11] MSize = 16 | NSize = 16 | KSize = 32 | AType = VK_COMPONENT_TYPE_FLOAT8_E5M2_EXT | BType = VK_COMPONENT_TYPE_FLOAT8_E5M2_EXT | CType = VK_COMPONENT_TYPE_FLOAT16_KHR | ResultType = VK_COMPONENT_TYPE_FLOAT16_KHR | scope = VK_SCOPE_SUBGROUP_KHR
[12] MSize = 16 | NSize = 16 | KSize = 32 | AType = VK_COMPONENT_TYPE_FLOAT8_E5M2_EXT | BType = VK_COMPONENT_TYPE_FLOAT8_E5M2_EXT | CType = VK_COMPONENT_TYPE_FLOAT32_KHR | ResultType = VK_COMPONENT_TYPE_FLOAT32_KHR | scope = VK_SCOPE_SUBGROUP_KHR
[13] MSize = 16 | NSize = 16 | KSize = 32 | AType = VK_COMPONENT_TYPE_FLOAT8_E4M3_EXT | BType = VK_COMPONENT_TYPE_FLOAT8_E4M3_EXT | CType = VK_COMPONENT_TYPE_FLOAT16_KHR | ResultType = VK_COMPONENT_TYPE_FLOAT16_KHR | scope = VK_SCOPE_SUBGROUP_KHR
[14] MSize = 16 | NSize = 16 | KSize = 32 | AType = VK_COMPONENT_TYPE_FLOAT8_E4M3_EXT | BType = VK_COMPONENT_TYPE_FLOAT8_E4M3_EXT | CType = VK_COMPONENT_TYPE_FLOAT32_KHR | ResultType = VK_COMPONENT_TYPE_FLOAT32_KHR | scope = VK_SCOPE_SUBGROUP_KHR

[0] MGranularity = 16 | NGranularity = 16 | KGranularity = 16 | AType = VK_COMPONENT_TYPE_FLOAT16_KHR | BType = VK_COMPONENT_TYPE_FLOAT16_KHR | CType = VK_COMPONENT_TYPE_FLOAT16_KHR | ResultType = VK_COMPONENT_TYPE_FLOAT16_KHR | scope = VK_SCOPE_SUBGROUP_KHR | workgroupInvocations = 0
[1] MGranularity = 16 | NGranularity = 16 | KGranularity = 16 | AType = VK_COMPONENT_TYPE_FLOAT16_KHR | BType = VK_COMPONENT_TYPE_FLOAT16_KHR | CType = VK_COMPONENT_TYPE_FLOAT32_KHR | ResultType = VK_COMPONENT_TYPE_FLOAT32_KHR | scope = VK_SCOPE_SUBGROUP_KHR | workgroupInvocations = 0
[2] MGranularity = 16 | NGranularity = 16 | KGranularity = 32 | AType = VK_COMPONENT_TYPE_UINT8_KHR | BType = VK_COMPONENT_TYPE_UINT8_KHR | CType = VK_COMPONENT_TYPE_UINT32_KHR | ResultType = VK_COMPONENT_TYPE_UINT32_KHR | scope = VK_SCOPE_SUBGROUP_KHR | workgroupInvocations = 0
[3] MGranularity = 16 | NGranularity = 16 | KGranularity = 32 | AType = VK_COMPONENT_TYPE_SINT8_KHR | BType = VK_COMPONENT_TYPE_SINT8_KHR | CType = VK_COMPONENT_TYPE_SINT32_KHR | ResultType = VK_COMPONENT_TYPE_SINT32_KHR | scope = VK_SCOPE_SUBGROUP_KHR | workgroupInvocations = 0
[4] MGranularity = 16 | NGranularity = 16 | KGranularity = 16 | AType = VK_COMPONENT_TYPE_BFLOAT16_KHR | BType = VK_COMPONENT_TYPE_BFLOAT16_KHR | CType = VK_COMPONENT_TYPE_FLOAT32_KHR | ResultType = VK_COMPONENT_TYPE_FLOAT32_KHR | scope = VK_SCOPE_SUBGROUP_KHR | workgroupInvocations = 0
[5] MGranularity = 16 | NGranularity = 16 | KGranularity = 16 | AType = VK_COMPONENT_TYPE_FLOAT16_KHR | BType = VK_COMPONENT_TYPE_FLOAT16_KHR | CType = VK_COMPONENT_TYPE_FLOAT16_KHR | ResultType = VK_COMPONENT_TYPE_FLOAT16_KHR | scope = VK_SCOPE_WORKGROUP_KHR | workgroupInvocations = 32
[6] MGranularity = 16 | NGranularity = 16 | KGranularity = 16 | AType = VK_COMPONENT_TYPE_FLOAT16_KHR | BType = VK_COMPONENT_TYPE_FLOAT16_KHR | CType = VK_COMPONENT_TYPE_FLOAT32_KHR | ResultType = VK_COMPONENT_TYPE_FLOAT32_KHR | scope = VK_SCOPE_WORKGROUP_KHR | workgroupInvocations = 32
[7] MGranularity = 16 | NGranularity = 16 | KGranularity = 32 | AType = VK_COMPONENT_TYPE_UINT8_KHR | BType = VK_COMPONENT_TYPE_UINT8_KHR | CType = VK_COMPONENT_TYPE_UINT32_KHR | ResultType = VK_COMPONENT_TYPE_UINT32_KHR | scope = VK_SCOPE_WORKGROUP_KHR | workgroupInvocations = 32
[8] MGranularity = 16 | NGranularity = 16 | KGranularity = 32 | AType = VK_COMPONENT_TYPE_SINT8_KHR | BType = VK_COMPONENT_TYPE_SINT8_KHR | CType = VK_COMPONENT_TYPE_SINT32_KHR | ResultType = VK_COMPONENT_TYPE_SINT32_KHR | scope = VK_SCOPE_WORKGROUP_KHR | workgroupInvocations = 32
[9] MGranularity = 16 | NGranularity = 16 | KGranularity = 16 | AType = VK_COMPONENT_TYPE_BFLOAT16_KHR | BType = VK_COMPONENT_TYPE_BFLOAT16_KHR | CType = VK_COMPONENT_TYPE_FLOAT32_KHR | ResultType = VK_COMPONENT_TYPE_FLOAT32_KHR | scope = VK_SCOPE_WORKGROUP_KHR | workgroupInvocations = 32
[10] MGranularity = 16 | NGranularity = 16 | KGranularity = 16 | AType = VK_COMPONENT_TYPE_FLOAT16_KHR | BType = VK_COMPONENT_TYPE_FLOAT16_KHR | CType = VK_COMPONENT_TYPE_FLOAT16_KHR | ResultType = VK_COMPONENT_TYPE_FLOAT16_KHR | scope = VK_SCOPE_WORKGROUP_KHR | workgroupInvocations = 64
[11] MGranularity = 16 | NGranularity = 16 | KGranularity = 16 | AType = VK_COMPONENT_TYPE_FLOAT16_KHR | BType = VK_COMPONENT_TYPE_FLOAT16_KHR | CType = VK_COMPONENT_TYPE_FLOAT32_KHR | ResultType = VK_COMPONENT_TYPE_FLOAT32_KHR | scope = VK_SCOPE_WORKGROUP_KHR | workgroupInvocations = 64
[12] MGranularity = 16 | NGranularity = 16 | KGranularity = 32 | AType = VK_COMPONENT_TYPE_UINT8_KHR | BType = VK_COMPONENT_TYPE_UINT8_KHR | CType = VK_COMPONENT_TYPE_UINT32_KHR | ResultType = VK_COMPONENT_TYPE_UINT32_KHR | scope = VK_SCOPE_WORKGROUP_KHR | workgroupInvocations = 64
[13] MGranularity = 16 | NGranularity = 16 | KGranularity = 32 | AType = VK_COMPONENT_TYPE_SINT8_KHR | BType = VK_COMPONENT_TYPE_SINT8_KHR | CType = VK_COMPONENT_TYPE_SINT32_KHR | ResultType = VK_COMPONENT_TYPE_SINT32_KHR | scope = VK_SCOPE_WORKGROUP_KHR | workgroupInvocations = 64
[14] MGranularity = 16 | NGranularity = 16 | KGranularity = 16 | AType = VK_COMPONENT_TYPE_BFLOAT16_KHR | BType = VK_COMPONENT_TYPE_BFLOAT16_KHR | CType = VK_COMPONENT_TYPE_FLOAT32_KHR | ResultType = VK_COMPONENT_TYPE_FLOAT32_KHR | scope = VK_SCOPE_WORKGROUP_KHR | workgroupInvocations = 64
[15] MGranularity = 32 | NGranularity = 16 | KGranularity = 16 | AType = VK_COMPONENT_TYPE_FLOAT16_KHR | BType = VK_COMPONENT_TYPE_FLOAT16_KHR | CType = VK_COMPONENT_TYPE_FLOAT16_KHR | ResultType = VK_COMPONENT_TYPE_FLOAT16_KHR | scope = VK_SCOPE_WORKGROUP_KHR | workgroupInvocations = 128
[16] MGranularity = 32 | NGranularity = 16 | KGranularity = 16 | AType = VK_COMPONENT_TYPE_FLOAT16_KHR | BType = VK_COMPONENT_TYPE_FLOAT16_KHR | CType = VK_COMPONENT_TYPE_FLOAT32_KHR | ResultType = VK_COMPONENT_TYPE_FLOAT32_KHR | scope = VK_SCOPE_WORKGROUP_KHR | workgroupInvocations = 128
[17] MGranularity = 32 | NGranularity = 16 | KGranularity = 32 | AType = VK_COMPONENT_TYPE_UINT8_KHR | BType = VK_COMPONENT_TYPE_UINT8_KHR | CType = VK_COMPONENT_TYPE_UINT32_KHR | ResultType = VK_COMPONENT_TYPE_UINT32_KHR | scope = VK_SCOPE_WORKGROUP_KHR | workgroupInvocations = 128
[18] MGranularity = 32 | NGranularity = 16 | KGranularity = 32 | AType = VK_COMPONENT_TYPE_SINT8_KHR | BType = VK_COMPONENT_TYPE_SINT8_KHR | CType = VK_COMPONENT_TYPE_SINT32_KHR | ResultType = VK_COMPONENT_TYPE_SINT32_KHR | scope = VK_SCOPE_WORKGROUP_KHR | workgroupInvocations = 128
[19] MGranularity = 32 | NGranularity = 16 | KGranularity = 16 | AType = VK_COMPONENT_TYPE_BFLOAT16_KHR | BType = VK_COMPONENT_TYPE_BFLOAT16_KHR | CType = VK_COMPONENT_TYPE_FLOAT32_KHR | ResultType = VK_COMPONENT_TYPE_FLOAT32_KHR | scope = VK_SCOPE_WORKGROUP_KHR | workgroupInvocations = 128
[20] MGranularity = 32 | NGranularity = 32 | KGranularity = 16 | AType = VK_COMPONENT_TYPE_FLOAT16_KHR | BType = VK_COMPONENT_TYPE_FLOAT16_KHR | CType = VK_COMPONENT_TYPE_FLOAT16_KHR | ResultType = VK_COMPONENT_TYPE_FLOAT16_KHR | scope = VK_SCOPE_WORKGROUP_KHR | workgroupInvocations = 256
[21] MGranularity = 32 | NGranularity = 32 | KGranularity = 16 | AType = VK_COMPONENT_TYPE_FLOAT16_KHR | BType = VK_COMPONENT_TYPE_FLOAT16_KHR | CType = VK_COMPONENT_TYPE_FLOAT32_KHR | ResultType = VK_COMPONENT_TYPE_FLOAT32_KHR | scope = VK_SCOPE_WORKGROUP_KHR | workgroupInvocations = 256
[22] MGranularity = 32 | NGranularity = 32 | KGranularity = 32 | AType = VK_COMPONENT_TYPE_UINT8_KHR | BType = VK_COMPONENT_TYPE_UINT8_KHR | CType = VK_COMPONENT_TYPE_UINT32_KHR | ResultType = VK_COMPONENT_TYPE_UINT32_KHR | scope = VK_SCOPE_WORKGROUP_KHR | workgroupInvocations = 256
[23] MGranularity = 32 | NGranularity = 32 | KGranularity = 32 | AType = VK_COMPONENT_TYPE_SINT8_KHR | BType = VK_COMPONENT_TYPE_SINT8_KHR | CType = VK_COMPONENT_TYPE_SINT32_KHR | ResultType = VK_COMPONENT_TYPE_SINT32_KHR | scope = VK_SCOPE_WORKGROUP_KHR | workgroupInvocations = 256
[24] MGranularity = 32 | NGranularity = 32 | KGranularity = 16 | AType = VK_COMPONENT_TYPE_BFLOAT16_KHR | BType = VK_COMPONENT_TYPE_BFLOAT16_KHR | CType = VK_COMPONENT_TYPE_FLOAT32_KHR | ResultType = VK_COMPONENT_TYPE_FLOAT32_KHR | scope = VK_SCOPE_WORKGROUP_KHR | workgroupInvocations = 256
[25] MGranularity = 16 | NGranularity = 16 | KGranularity = 32 | AType = VK_COMPONENT_TYPE_FLOAT8_E5M2_EXT | BType = VK_COMPONENT_TYPE_FLOAT8_E5M2_EXT | CType = VK_COMPONENT_TYPE_FLOAT16_KHR | ResultType = VK_COMPONENT_TYPE_FLOAT16_KHR | scope = VK_SCOPE_SUBGROUP_KHR | workgroupInvocations = 0
[26] MGranularity = 16 | NGranularity = 16 | KGranularity = 32 | AType = VK_COMPONENT_TYPE_FLOAT8_E5M2_EXT | BType = VK_COMPONENT_TYPE_FLOAT8_E5M2_EXT | CType = VK_COMPONENT_TYPE_FLOAT32_KHR | ResultType = VK_COMPONENT_TYPE_FLOAT32_KHR | scope = VK_SCOPE_SUBGROUP_KHR | workgroupInvocations = 0
[27] MGranularity = 16 | NGranularity = 16 | KGranularity = 32 | AType = VK_COMPONENT_TYPE_FLOAT8_E4M3_EXT | BType = VK_COMPONENT_TYPE_FLOAT8_E4M3_EXT | CType = VK_COMPONENT_TYPE_FLOAT16_KHR | ResultType = VK_COMPONENT_TYPE_FLOAT16_KHR | scope = VK_SCOPE_SUBGROUP_KHR | workgroupInvocations = 0
[28] MGranularity = 16 | NGranularity = 16 | KGranularity = 32 | AType = VK_COMPONENT_TYPE_FLOAT8_E4M3_EXT | BType = VK_COMPONENT_TYPE_FLOAT8_E4M3_EXT | CType = VK_COMPONENT_TYPE_FLOAT32_KHR | ResultType = VK_COMPONENT_TYPE_FLOAT32_KHR | scope = VK_SCOPE_SUBGROUP_KHR | workgroupInvocations = 0
[29] MGranularity = 16 | NGranularity = 16 | KGranularity = 32 | AType = VK_COMPONENT_TYPE_FLOAT8_E5M2_EXT | BType = VK_COMPONENT_TYPE_FLOAT8_E5M2_EXT | CType = VK_COMPONENT_TYPE_FLOAT16_KHR | ResultType = VK_COMPONENT_TYPE_FLOAT16_KHR | scope = VK_SCOPE_WORKGROUP_KHR | workgroupInvocations = 32
[30] MGranularity = 16 | NGranularity = 16 | KGranularity = 32 | AType = VK_COMPONENT_TYPE_FLOAT8_E5M2_EXT | BType = VK_COMPONENT_TYPE_FLOAT8_E5M2_EXT | CType = VK_COMPONENT_TYPE_FLOAT32_KHR | ResultType = VK_COMPONENT_TYPE_FLOAT32_KHR | scope = VK_SCOPE_WORKGROUP_KHR | workgroupInvocations = 32
[31] MGranularity = 16 | NGranularity = 16 | KGranularity = 32 | AType = VK_COMPONENT_TYPE_FLOAT8_E4M3_EXT | BType = VK_COMPONENT_TYPE_FLOAT8_E4M3_EXT | CType = VK_COMPONENT_TYPE_FLOAT16_KHR | ResultType = VK_COMPONENT_TYPE_FLOAT16_KHR | scope = VK_SCOPE_WORKGROUP_KHR | workgroupInvocations = 32
[32] MGranularity = 16 | NGranularity = 16 | KGranularity = 32 | AType = VK_COMPONENT_TYPE_FLOAT8_E4M3_EXT | BType = VK_COMPONENT_TYPE_FLOAT8_E4M3_EXT | CType = VK_COMPONENT_TYPE_FLOAT32_KHR | ResultType = VK_COMPONENT_TYPE_FLOAT32_KHR | scope = VK_SCOPE_WORKGROUP_KHR | workgroupInvocations = 32
[33] MGranularity = 16 | NGranularity = 16 | KGranularity = 32 | AType = VK_COMPONENT_TYPE_FLOAT8_E5M2_EXT | BType = VK_COMPONENT_TYPE_FLOAT8_E5M2_EXT | CType = VK_COMPONENT_TYPE_FLOAT16_KHR | ResultType = VK_COMPONENT_TYPE_FLOAT16_KHR | scope = VK_SCOPE_WORKGROUP_KHR | workgroupInvocations = 64
[34] MGranularity = 16 | NGranularity = 16 | KGranularity = 32 | AType = VK_COMPONENT_TYPE_FLOAT8_E5M2_EXT | BType = VK_COMPONENT_TYPE_FLOAT8_E5M2_EXT | CType = VK_COMPONENT_TYPE_FLOAT32_KHR | ResultType = VK_COMPONENT_TYPE_FLOAT32_KHR | scope = VK_SCOPE_WORKGROUP_KHR | workgroupInvocations = 64
[35] MGranularity = 16 | NGranularity = 16 | KGranularity = 32 | AType = VK_COMPONENT_TYPE_FLOAT8_E4M3_EXT | BType = VK_COMPONENT_TYPE_FLOAT8_E4M3_EXT | CType = VK_COMPONENT_TYPE_FLOAT16_KHR | ResultType = VK_COMPONENT_TYPE_FLOAT16_KHR | scope = VK_SCOPE_WORKGROUP_KHR | workgroupInvocations = 64
[36] MGranularity = 16 | NGranularity = 16 | KGranularity = 32 | AType = VK_COMPONENT_TYPE_FLOAT8_E4M3_EXT | BType = VK_COMPONENT_TYPE_FLOAT8_E4M3_EXT | CType = VK_COMPONENT_TYPE_FLOAT32_KHR | ResultType = VK_COMPONENT_TYPE_FLOAT32_KHR | scope = VK_SCOPE_WORKGROUP_KHR | workgroupInvocations = 64
[37] MGranularity = 32 | NGranularity = 16 | KGranularity = 32 | AType = VK_COMPONENT_TYPE_FLOAT8_E5M2_EXT | BType = VK_COMPONENT_TYPE_FLOAT8_E5M2_EXT | CType = VK_COMPONENT_TYPE_FLOAT16_KHR | ResultType = VK_COMPONENT_TYPE_FLOAT16_KHR | scope = VK_SCOPE_WORKGROUP_KHR | workgroupInvocations = 128
[38] MGranularity = 32 | NGranularity = 16 | KGranularity = 32 | AType = VK_COMPONENT_TYPE_FLOAT8_E5M2_EXT | BType = VK_COMPONENT_TYPE_FLOAT8_E5M2_EXT | CType = VK_COMPONENT_TYPE_FLOAT32_KHR | ResultType = VK_COMPONENT_TYPE_FLOAT32_KHR | scope = VK_SCOPE_WORKGROUP_KHR | workgroupInvocations = 128
[39] MGranularity = 32 | NGranularity = 16 | KGranularity = 32 | AType = VK_COMPONENT_TYPE_FLOAT8_E4M3_EXT | BType = VK_COMPONENT_TYPE_FLOAT8_E4M3_EXT | CType = VK_COMPONENT_TYPE_FLOAT16_KHR | ResultType = VK_COMPONENT_TYPE_FLOAT16_KHR | scope = VK_SCOPE_WORKGROUP_KHR | workgroupInvocations = 128
[40] MGranularity = 32 | NGranularity = 16 | KGranularity = 32 | AType = VK_COMPONENT_TYPE_FLOAT8_E4M3_EXT | BType = VK_COMPONENT_TYPE_FLOAT8_E4M3_EXT | CType = VK_COMPONENT_TYPE_FLOAT32_KHR | ResultType = VK_COMPONENT_TYPE_FLOAT32_KHR | scope = VK_SCOPE_WORKGROUP_KHR | workgroupInvocations = 128
[41] MGranularity = 32 | NGranularity = 32 | KGranularity = 32 | AType = VK_COMPONENT_TYPE_FLOAT8_E5M2_EXT | BType = VK_COMPONENT_TYPE_FLOAT8_E5M2_EXT | CType = VK_COMPONENT_TYPE_FLOAT16_KHR | ResultType = VK_COMPONENT_TYPE_FLOAT16_KHR | scope = VK_SCOPE_WORKGROUP_KHR | workgroupInvocations = 256
[42] MGranularity = 32 | NGranularity = 32 | KGranularity = 32 | AType = VK_COMPONENT_TYPE_FLOAT8_E5M2_EXT | BType = VK_COMPONENT_TYPE_FLOAT8_E5M2_EXT | CType = VK_COMPONENT_TYPE_FLOAT32_KHR | ResultType = VK_COMPONENT_TYPE_FLOAT32_KHR | scope = VK_SCOPE_WORKGROUP_KHR | workgroupInvocations = 256
[43] MGranularity = 32 | NGranularity = 32 | KGranularity = 32 | AType = VK_COMPONENT_TYPE_FLOAT8_E4M3_EXT | BType = VK_COMPONENT_TYPE_FLOAT8_E4M3_EXT | CType = VK_COMPONENT_TYPE_FLOAT16_KHR | ResultType = VK_COMPONENT_TYPE_FLOAT16_KHR | scope = VK_SCOPE_WORKGROUP_KHR | workgroupInvocations = 256
[44] MGranularity = 32 | NGranularity = 32 | KGranularity = 32 | AType = VK_COMPONENT_TYPE_FLOAT8_E4M3_EXT | BType = VK_COMPONENT_TYPE_FLOAT8_E4M3_EXT | CType = VK_COMPONENT_TYPE_FLOAT32_KHR | ResultType = VK_COMPONENT_TYPE_FLOAT32_KHR | scope = VK_SCOPE_WORKGROUP_KHR | workgroupInvocations = 256
.
The Vulkan spec states: For OpTypeCooperativeMatrixKHR, if the cooperativeMatrixFlexibleDimensions feature is enabled, the component type, scope, number of rows, and number of columns must match either one of the matrices in one of the supported VkCooperativeMatrixPropertiesKHR or VkCooperativeMatrixFlexibleDimensionsPropertiesNV (https://docs.vulkan.org/spec/latest/appendices/spirvenv.html#VUID-RuntimeSpirv-cooperativeMatrixFlexibleDimensions-10165)

Validation Error: [ VUID-RuntimeSpirv-cooperativeMatrixFlexibleDimensions-10165 ] | MessageID = 0xaf8bd211
vkCreateComputePipelines(): pCreateInfos[0].stage SPIR-V (VK_SHADER_STAGE_COMPUTE_BIT) has
%1269 = OpTypeCooperativeMatrixKHR %478 %33 %96 %130 %36 (rows: 16, cols: 16, scope: VK_SCOPE_SUBGROUP_KHR, type: VK_COMPONENT_TYPE_BFLOAT16_KHR, use: 2)
but doesn't match any VkCooperativeMatrixPropertiesKHR or VkCooperativeMatrixFlexibleDimensionsPropertiesNV
[0] MSize = 16 | NSize = 16 | KSize = 16 | AType = VK_COMPONENT_TYPE_FLOAT16_KHR | BType = VK_COMPONENT_TYPE_FLOAT16_KHR | CType = VK_COMPONENT_TYPE_FLOAT16_KHR | ResultType = VK_COMPONENT_TYPE_FLOAT16_KHR | scope = VK_SCOPE_SUBGROUP_KHR
[1] MSize = 16 | NSize = 8 | KSize = 16 | AType = VK_COMPONENT_TYPE_FLOAT16_KHR | BType = VK_COMPONENT_TYPE_FLOAT16_KHR | CType = VK_COMPONENT_TYPE_FLOAT16_KHR | ResultType = VK_COMPONENT_TYPE_FLOAT16_KHR | scope = VK_SCOPE_SUBGROUP_KHR
[2] MSize = 16 | NSize = 8 | KSize = 8 | AType = VK_COMPONENT_TYPE_FLOAT16_KHR | BType = VK_COMPONENT_TYPE_FLOAT16_KHR | CType = VK_COMPONENT_TYPE_FLOAT16_KHR | ResultType = VK_COMPONENT_TYPE_FLOAT16_KHR | scope = VK_SCOPE_SUBGROUP_KHR
[3] MSize = 16 | NSize = 16 | KSize = 16 | AType = VK_COMPONENT_TYPE_FLOAT16_KHR | BType = VK_COMPONENT_TYPE_FLOAT16_KHR | CType = VK_COMPONENT_TYPE_FLOAT32_KHR | ResultType = VK_COMPONENT_TYPE_FLOAT32_KHR | scope = VK_SCOPE_SUBGROUP_KHR
[4] MSize = 16 | NSize = 8 | KSize = 16 | AType = VK_COMPONENT_TYPE_FLOAT16_KHR | BType = VK_COMPONENT_TYPE_FLOAT16_KHR | CType = VK_COMPONENT_TYPE_FLOAT32_KHR | ResultType = VK_COMPONENT_TYPE_FLOAT32_KHR | scope = VK_SCOPE_SUBGROUP_KHR
[5] MSize = 16 | NSize = 8 | KSize = 8 | AType = VK_COMPONENT_TYPE_FLOAT16_KHR | BType = VK_COMPONENT_TYPE_FLOAT16_KHR | CType = VK_COMPONENT_TYPE_FLOAT32_KHR | ResultType = VK_COMPONENT_TYPE_FLOAT32_KHR | scope = VK_SCOPE_SUBGROUP_KHR
[6] MSize = 16 | NSize = 16 | KSize = 32 | AType = VK_COMPONENT_TYPE_UINT8_KHR | BType = VK_COMPONENT_TYPE_UINT8_KHR | CType = VK_COMPONENT_TYPE_UINT32_KHR | ResultType = VK_COMPONENT_TYPE_UINT32_KHR | scope = VK_SCOPE_SUBGROUP_KHR
[7] MSize = 16 | NSize = 16 | KSize = 32 | AType = VK_COMPONENT_TYPE_SINT8_KHR | BType = VK_COMPONENT_TYPE_SINT8_KHR | CType = VK_COMPONENT_TYPE_SINT32_KHR | ResultType = VK_COMPONENT_TYPE_SINT32_KHR | scope = VK_SCOPE_SUBGROUP_KHR
[8] MSize = 16 | NSize = 8 | KSize = 32 | AType = VK_COMPONENT_TYPE_UINT8_KHR | BType = VK_COMPONENT_TYPE_UINT8_KHR | CType = VK_COMPONENT_TYPE_UINT32_KHR | ResultType = VK_COMPONENT_TYPE_UINT32_KHR | scope = VK_SCOPE_SUBGROUP_KHR
[9] MSize = 16 | NSize = 8 | KSize = 32 | AType = VK_COMPONENT_TYPE_SINT8_KHR | BType = VK_COMPONENT_TYPE_SINT8_KHR | CType = VK_COMPONENT_TYPE_SINT32_KHR | ResultType = VK_COMPONENT_TYPE_SINT32_KHR | scope = VK_SCOPE_SUBGROUP_KHR
[10] MSize = 16 | NSize = 16 | KSize = 16 | AType = VK_COMPONENT_TYPE_BFLOAT16_KHR | BType = VK_COMPONENT_TYPE_BFLOAT16_KHR | CType = VK_COMPONENT_TYPE_FLOAT32_KHR | ResultType = VK_COMPONENT_TYPE_FLOAT32_KHR | scope = VK_SCOPE_SUBGROUP_KHR
[11] MSize = 16 | NSize = 16 | KSize = 32 | AType = VK_COMPONENT_TYPE_FLOAT8_E5M2_EXT | BType = VK_COMPONENT_TYPE_FLOAT8_E5M2_EXT | CType = VK_COMPONENT_TYPE_FLOAT16_KHR | ResultType = VK_COMPONENT_TYPE_FLOAT16_KHR | scope = VK_SCOPE_SUBGROUP_KHR
[12] MSize = 16 | NSize = 16 | KSize = 32 | AType = VK_COMPONENT_TYPE_FLOAT8_E5M2_EXT | BType = VK_COMPONENT_TYPE_FLOAT8_E5M2_EXT | CType = VK_COMPONENT_TYPE_FLOAT32_KHR | ResultType = VK_COMPONENT_TYPE_FLOAT32_KHR | scope = VK_SCOPE_SUBGROUP_KHR
[13] MSize = 16 | NSize = 16 | KSize = 32 | AType = VK_COMPONENT_TYPE_FLOAT8_E4M3_EXT | BType = VK_COMPONENT_TYPE_FLOAT8_E4M3_EXT | CType = VK_COMPONENT_TYPE_FLOAT16_KHR | ResultType = VK_COMPONENT_TYPE_FLOAT16_KHR | scope = VK_SCOPE_SUBGROUP_KHR
[14] MSize = 16 | NSize = 16 | KSize = 32 | AType = VK_COMPONENT_TYPE_FLOAT8_E4M3_EXT | BType = VK_COMPONENT_TYPE_FLOAT8_E4M3_EXT | CType = VK_COMPONENT_TYPE_FLOAT32_KHR | ResultType = VK_COMPONENT_TYPE_FLOAT32_KHR | scope = VK_SCOPE_SUBGROUP_KHR

[0] MGranularity = 16 | NGranularity = 16 | KGranularity = 16 | AType = VK_COMPONENT_TYPE_FLOAT16_KHR | BType = VK_COMPONENT_TYPE_FLOAT16_KHR | CType = VK_COMPONENT_TYPE_FLOAT16_KHR | ResultType = VK_COMPONENT_TYPE_FLOAT16_KHR | scope = VK_SCOPE_SUBGROUP_KHR | workgroupInvocations = 0
[1] MGranularity = 16 | NGranularity = 16 | KGranularity = 16 | AType = VK_COMPONENT_TYPE_FLOAT16_KHR | BType = VK_COMPONENT_TYPE_FLOAT16_KHR | CType = VK_COMPONENT_TYPE_FLOAT32_KHR | ResultType = VK_COMPONENT_TYPE_FLOAT32_KHR | scope = VK_SCOPE_SUBGROUP_KHR | workgroupInvocations = 0
[2] MGranularity = 16 | NGranularity = 16 | KGranularity = 32 | AType = VK_COMPONENT_TYPE_UINT8_KHR | BType = VK_COMPONENT_TYPE_UINT8_KHR | CType = VK_COMPONENT_TYPE_UINT32_KHR | ResultType = VK_COMPONENT_TYPE_UINT32_KHR | scope = VK_SCOPE_SUBGROUP_KHR | workgroupInvocations = 0
[3] MGranularity = 16 | NGranularity = 16 | KGranularity = 32 | AType = VK_COMPONENT_TYPE_SINT8_KHR | BType = VK_COMPONENT_TYPE_SINT8_KHR | CType = VK_COMPONENT_TYPE_SINT32_KHR | ResultType = VK_COMPONENT_TYPE_SINT32_KHR | scope = VK_SCOPE_SUBGROUP_KHR | workgroupInvocations = 0
[4] MGranularity = 16 | NGranularity = 16 | KGranularity = 16 | AType = VK_COMPONENT_TYPE_BFLOAT16_KHR | BType = VK_COMPONENT_TYPE_BFLOAT16_KHR | CType = VK_COMPONENT_TYPE_FLOAT32_KHR | ResultType = VK_COMPONENT_TYPE_FLOAT32_KHR | scope = VK_SCOPE_SUBGROUP_KHR | workgroupInvocations = 0
[5] MGranularity = 16 | NGranularity = 16 | KGranularity = 16 | AType = VK_COMPONENT_TYPE_FLOAT16_KHR | BType = VK_COMPONENT_TYPE_FLOAT16_KHR | CType = VK_COMPONENT_TYPE_FLOAT16_KHR | ResultType = VK_COMPONENT_TYPE_FLOAT16_KHR | scope = VK_SCOPE_WORKGROUP_KHR | workgroupInvocations = 32
[6] MGranularity = 16 | NGranularity = 16 | KGranularity = 16 | AType = VK_COMPONENT_TYPE_FLOAT16_KHR | BType = VK_COMPONENT_TYPE_FLOAT16_KHR | CType = VK_COMPONENT_TYPE_FLOAT32_KHR | ResultType = VK_COMPONENT_TYPE_FLOAT32_KHR | scope = VK_SCOPE_WORKGROUP_KHR | workgroupInvocations = 32
[7] MGranularity = 16 | NGranularity = 16 | KGranularity = 32 | AType = VK_COMPONENT_TYPE_UINT8_KHR | BType = VK_COMPONENT_TYPE_UINT8_KHR | CType = VK_COMPONENT_TYPE_UINT32_KHR | ResultType = VK_COMPONENT_TYPE_UINT32_KHR | scope = VK_SCOPE_WORKGROUP_KHR | workgroupInvocations = 32
[8] MGranularity = 16 | NGranularity = 16 | KGranularity = 32 | AType = VK_COMPONENT_TYPE_SINT8_KHR | BType = VK_COMPONENT_TYPE_SINT8_KHR | CType = VK_COMPONENT_TYPE_SINT32_KHR | ResultType = VK_COMPONENT_TYPE_SINT32_KHR | scope = VK_SCOPE_WORKGROUP_KHR | workgroupInvocations = 32
[9] MGranularity = 16 | NGranularity = 16 | KGranularity = 16 | AType = VK_COMPONENT_TYPE_BFLOAT16_KHR | BType = VK_COMPONENT_TYPE_BFLOAT16_KHR | CType = VK_COMPONENT_TYPE_FLOAT32_KHR | ResultType = VK_COMPONENT_TYPE_FLOAT32_KHR | scope = VK_SCOPE_WORKGROUP_KHR | workgroupInvocations = 32
[10] MGranularity = 16 | NGranularity = 16 | KGranularity = 16 | AType = VK_COMPONENT_TYPE_FLOAT16_KHR | BType = VK_COMPONENT_TYPE_FLOAT16_KHR | CType = VK_COMPONENT_TYPE_FLOAT16_KHR | ResultType = VK_COMPONENT_TYPE_FLOAT16_KHR | scope = VK_SCOPE_WORKGROUP_KHR | workgroupInvocations = 64
[11] MGranularity = 16 | NGranularity = 16 | KGranularity = 16 | AType = VK_COMPONENT_TYPE_FLOAT16_KHR | BType = VK_COMPONENT_TYPE_FLOAT16_KHR | CType = VK_COMPONENT_TYPE_FLOAT32_KHR | ResultType = VK_COMPONENT_TYPE_FLOAT32_KHR | scope = VK_SCOPE_WORKGROUP_KHR | workgroupInvocations = 64
[12] MGranularity = 16 | NGranularity = 16 | KGranularity = 32 | AType = VK_COMPONENT_TYPE_UINT8_KHR | BType = VK_COMPONENT_TYPE_UINT8_KHR | CType = VK_COMPONENT_TYPE_UINT32_KHR | ResultType = VK_COMPONENT_TYPE_UINT32_KHR | scope = VK_SCOPE_WORKGROUP_KHR | workgroupInvocations = 64
[13] MGranularity = 16 | NGranularity = 16 | KGranularity = 32 | AType = VK_COMPONENT_TYPE_SINT8_KHR | BType = VK_COMPONENT_TYPE_SINT8_KHR | CType = VK_COMPONENT_TYPE_SINT32_KHR | ResultType = VK_COMPONENT_TYPE_SINT32_KHR | scope = VK_SCOPE_WORKGROUP_KHR | workgroupInvocations = 64
[14] MGranularity = 16 | NGranularity = 16 | KGranularity = 16 | AType = VK_COMPONENT_TYPE_BFLOAT16_KHR | BType = VK_COMPONENT_TYPE_BFLOAT16_KHR | CType = VK_COMPONENT_TYPE_FLOAT32_KHR | ResultType = VK_COMPONENT_TYPE_FLOAT32_KHR | scope = VK_SCOPE_WORKGROUP_KHR | workgroupInvocations = 64
[15] MGranularity = 32 | NGranularity = 16 | KGranularity = 16 | AType = VK_COMPONENT_TYPE_FLOAT16_KHR | BType = VK_COMPONENT_TYPE_FLOAT16_KHR | CType = VK_COMPONENT_TYPE_FLOAT16_KHR | ResultType = VK_COMPONENT_TYPE_FLOAT16_KHR | scope = VK_SCOPE_WORKGROUP_KHR | workgroupInvocations = 128
[16] MGranularity = 32 | NGranularity = 16 | KGranularity = 16 | AType = VK_COMPONENT_TYPE_FLOAT16_KHR | BType = VK_COMPONENT_TYPE_FLOAT16_KHR | CType = VK_COMPONENT_TYPE_FLOAT32_KHR | ResultType = VK_COMPONENT_TYPE_FLOAT32_KHR | scope = VK_SCOPE_WORKGROUP_KHR | workgroupInvocations = 128
[17] MGranularity = 32 | NGranularity = 16 | KGranularity = 32 | AType = VK_COMPONENT_TYPE_UINT8_KHR | BType = VK_COMPONENT_TYPE_UINT8_KHR | CType = VK_COMPONENT_TYPE_UINT32_KHR | ResultType = VK_COMPONENT_TYPE_UINT32_KHR | scope = VK_SCOPE_WORKGROUP_KHR | workgroupInvocations = 128
[18] MGranularity = 32 | NGranularity = 16 | KGranularity = 32 | AType = VK_COMPONENT_TYPE_SINT8_KHR | BType = VK_COMPONENT_TYPE_SINT8_KHR | CType = VK_COMPONENT_TYPE_SINT32_KHR | ResultType = VK_COMPONENT_TYPE_SINT32_KHR | scope = VK_SCOPE_WORKGROUP_KHR | workgroupInvocations = 128
[19] MGranularity = 32 | NGranularity = 16 | KGranularity = 16 | AType = VK_COMPONENT_TYPE_BFLOAT16_KHR | BType = VK_COMPONENT_TYPE_BFLOAT16_KHR | CType = VK_COMPONENT_TYPE_FLOAT32_KHR | ResultType = VK_COMPONENT_TYPE_FLOAT32_KHR | scope = VK_SCOPE_WORKGROUP_KHR | workgroupInvocations = 128
[20] MGranularity = 32 | NGranularity = 32 | KGranularity = 16 | AType = VK_COMPONENT_TYPE_FLOAT16_KHR | BType = VK_COMPONENT_TYPE_FLOAT16_KHR | CType = VK_COMPONENT_TYPE_FLOAT16_KHR | ResultType = VK_COMPONENT_TYPE_FLOAT16_KHR | scope = VK_SCOPE_WORKGROUP_KHR | workgroupInvocations = 256
[21] MGranularity = 32 | NGranularity = 32 | KGranularity = 16 | AType = VK_COMPONENT_TYPE_FLOAT16_KHR | BType = VK_COMPONENT_TYPE_FLOAT16_KHR | CType = VK_COMPONENT_TYPE_FLOAT32_KHR | ResultType = VK_COMPONENT_TYPE_FLOAT32_KHR | scope = VK_SCOPE_WORKGROUP_KHR | workgroupInvocations = 256
[22] MGranularity = 32 | NGranularity = 32 | KGranularity = 32 | AType = VK_COMPONENT_TYPE_UINT8_KHR | BType = VK_COMPONENT_TYPE_UINT8_KHR | CType = VK_COMPONENT_TYPE_UINT32_KHR | ResultType = VK_COMPONENT_TYPE_UINT32_KHR | scope = VK_SCOPE_WORKGROUP_KHR | workgroupInvocations = 256
[23] MGranularity = 32 | NGranularity = 32 | KGranularity = 32 | AType = VK_COMPONENT_TYPE_SINT8_KHR | BType = VK_COMPONENT_TYPE_SINT8_KHR | CType = VK_COMPONENT_TYPE_SINT32_KHR | ResultType = VK_COMPONENT_TYPE_SINT32_KHR | scope = VK_SCOPE_WORKGROUP_KHR | workgroupInvocations = 256
[24] MGranularity = 32 | NGranularity = 32 | KGranularity = 16 | AType = VK_COMPONENT_TYPE_BFLOAT16_KHR | BType = VK_COMPONENT_TYPE_BFLOAT16_KHR | CType = VK_COMPONENT_TYPE_FLOAT32_KHR | ResultType = VK_COMPONENT_TYPE_FLOAT32_KHR | scope = VK_SCOPE_WORKGROUP_KHR | workgroupInvocations = 256
[25] MGranularity = 16 | NGranularity = 16 | KGranularity = 32 | AType = VK_COMPONENT_TYPE_FLOAT8_E5M2_EXT | BType = VK_COMPONENT_TYPE_FLOAT8_E5M2_EXT | CType = VK_COMPONENT_TYPE_FLOAT16_KHR | ResultType = VK_COMPONENT_TYPE_FLOAT16_KHR | scope = VK_SCOPE_SUBGROUP_KHR | workgroupInvocations = 0
[26] MGranularity = 16 | NGranularity = 16 | KGranularity = 32 | AType = VK_COMPONENT_TYPE_FLOAT8_E5M2_EXT | BType = VK_COMPONENT_TYPE_FLOAT8_E5M2_EXT | CType = VK_COMPONENT_TYPE_FLOAT32_KHR | ResultType = VK_COMPONENT_TYPE_FLOAT32_KHR | scope = VK_SCOPE_SUBGROUP_KHR | workgroupInvocations = 0
[27] MGranularity = 16 | NGranularity = 16 | KGranularity = 32 | AType = VK_COMPONENT_TYPE_FLOAT8_E4M3_EXT | BType = VK_COMPONENT_TYPE_FLOAT8_E4M3_EXT | CType = VK_COMPONENT_TYPE_FLOAT16_KHR | ResultType = VK_COMPONENT_TYPE_FLOAT16_KHR | scope = VK_SCOPE_SUBGROUP_KHR | workgroupInvocations = 0
[28] MGranularity = 16 | NGranularity = 16 | KGranularity = 32 | AType = VK_COMPONENT_TYPE_FLOAT8_E4M3_EXT | BType = VK_COMPONENT_TYPE_FLOAT8_E4M3_EXT | CType = VK_COMPONENT_TYPE_FLOAT32_KHR | ResultType = VK_COMPONENT_TYPE_FLOAT32_KHR | scope = VK_SCOPE_SUBGROUP_KHR | workgroupInvocations = 0
[29] MGranularity = 16 | NGranularity = 16 | KGranularity = 32 | AType = VK_COMPONENT_TYPE_FLOAT8_E5M2_EXT | BType = VK_COMPONENT_TYPE_FLOAT8_E5M2_EXT | CType = VK_COMPONENT_TYPE_FLOAT16_KHR | ResultType = VK_COMPONENT_TYPE_FLOAT16_KHR | scope = VK_SCOPE_WORKGROUP_KHR | workgroupInvocations = 32
[30] MGranularity = 16 | NGranularity = 16 | KGranularity = 32 | AType = VK_COMPONENT_TYPE_FLOAT8_E5M2_EXT | BType = VK_COMPONENT_TYPE_FLOAT8_E5M2_EXT | CType = VK_COMPONENT_TYPE_FLOAT32_KHR | ResultType = VK_COMPONENT_TYPE_FLOAT32_KHR | scope = VK_SCOPE_WORKGROUP_KHR | workgroupInvocations = 32
[31] MGranularity = 16 | NGranularity = 16 | KGranularity = 32 | AType = VK_COMPONENT_TYPE_FLOAT8_E4M3_EXT | BType = VK_COMPONENT_TYPE_FLOAT8_E4M3_EXT | CType = VK_COMPONENT_TYPE_FLOAT16_KHR | ResultType = VK_COMPONENT_TYPE_FLOAT16_KHR | scope = VK_SCOPE_WORKGROUP_KHR | workgroupInvocations = 32
[32] MGranularity = 16 | NGranularity = 16 | KGranularity = 32 | AType = VK_COMPONENT_TYPE_FLOAT8_E4M3_EXT | BType = VK_COMPONENT_TYPE_FLOAT8_E4M3_EXT | CType = VK_COMPONENT_TYPE_FLOAT32_KHR | ResultType = VK_COMPONENT_TYPE_FLOAT32_KHR | scope = VK_SCOPE_WORKGROUP_KHR | workgroupInvocations = 32
[33] MGranularity = 16 | NGranularity = 16 | KGranularity = 32 | AType = VK_COMPONENT_TYPE_FLOAT8_E5M2_EXT | BType = VK_COMPONENT_TYPE_FLOAT8_E5M2_EXT | CType = VK_COMPONENT_TYPE_FLOAT16_KHR | ResultType = VK_COMPONENT_TYPE_FLOAT16_KHR | scope = VK_SCOPE_WORKGROUP_KHR | workgroupInvocations = 64
[34] MGranularity = 16 | NGranularity = 16 | KGranularity = 32 | AType = VK_COMPONENT_TYPE_FLOAT8_E5M2_EXT | BType = VK_COMPONENT_TYPE_FLOAT8_E5M2_EXT | CType = VK_COMPONENT_TYPE_FLOAT32_KHR | ResultType = VK_COMPONENT_TYPE_FLOAT32_KHR | scope = VK_SCOPE_WORKGROUP_KHR | workgroupInvocations = 64
[35] MGranularity = 16 | NGranularity = 16 | KGranularity = 32 | AType = VK_COMPONENT_TYPE_FLOAT8_E4M3_EXT | BType = VK_COMPONENT_TYPE_FLOAT8_E4M3_EXT | CType = VK_COMPONENT_TYPE_FLOAT16_KHR | ResultType = VK_COMPONENT_TYPE_FLOAT16_KHR | scope = VK_SCOPE_WORKGROUP_KHR | workgroupInvocations = 64
[36] MGranularity = 16 | NGranularity = 16 | KGranularity = 32 | AType = VK_COMPONENT_TYPE_FLOAT8_E4M3_EXT | BType = VK_COMPONENT_TYPE_FLOAT8_E4M3_EXT | CType = VK_COMPONENT_TYPE_FLOAT32_KHR | ResultType = VK_COMPONENT_TYPE_FLOAT32_KHR | scope = VK_SCOPE_WORKGROUP_KHR | workgroupInvocations = 64
[37] MGranularity = 32 | NGranularity = 16 | KGranularity = 32 | AType = VK_COMPONENT_TYPE_FLOAT8_E5M2_EXT | BType = VK_COMPONENT_TYPE_FLOAT8_E5M2_EXT | CType = VK_COMPONENT_TYPE_FLOAT16_KHR | ResultType = VK_COMPONENT_TYPE_FLOAT16_KHR | scope = VK_SCOPE_WORKGROUP_KHR | workgroupInvocations = 128
[38] MGranularity = 32 | NGranularity = 16 | KGranularity = 32 | AType = VK_COMPONENT_TYPE_FLOAT8_E5M2_EXT | BType = VK_COMPONENT_TYPE_FLOAT8_E5M2_EXT | CType = VK_COMPONENT_TYPE_FLOAT32_KHR | ResultType = VK_COMPONENT_TYPE_FLOAT32_KHR | scope = VK_SCOPE_WORKGROUP_KHR | workgroupInvocations = 128
[39] MGranularity = 32 | NGranularity = 16 | KGranularity = 32 | AType = VK_COMPONENT_TYPE_FLOAT8_E4M3_EXT | BType = VK_COMPONENT_TYPE_FLOAT8_E4M3_EXT | CType = VK_COMPONENT_TYPE_FLOAT16_KHR | ResultType = VK_COMPONENT_TYPE_FLOAT16_KHR | scope = VK_SCOPE_WORKGROUP_KHR | workgroupInvocations = 128
[40] MGranularity = 32 | NGranularity = 16 | KGranularity = 32 | AType = VK_COMPONENT_TYPE_FLOAT8_E4M3_EXT | BType = VK_COMPONENT_TYPE_FLOAT8_E4M3_EXT | CType = VK_COMPONENT_TYPE_FLOAT32_KHR | ResultType = VK_COMPONENT_TYPE_FLOAT32_KHR | scope = VK_SCOPE_WORKGROUP_KHR | workgroupInvocations = 128
[41] MGranularity = 32 | NGranularity = 32 | KGranularity = 32 | AType = VK_COMPONENT_TYPE_FLOAT8_E5M2_EXT | BType = VK_COMPONENT_TYPE_FLOAT8_E5M2_EXT | CType = VK_COMPONENT_TYPE_FLOAT16_KHR | ResultType = VK_COMPONENT_TYPE_FLOAT16_KHR | scope = VK_SCOPE_WORKGROUP_KHR | workgroupInvocations = 256
[42] MGranularity = 32 | NGranularity = 32 | KGranularity = 32 | AType = VK_COMPONENT_TYPE_FLOAT8_E5M2_EXT | BType = VK_COMPONENT_TYPE_FLOAT8_E5M2_EXT | CType = VK_COMPONENT_TYPE_FLOAT32_KHR | ResultType = VK_COMPONENT_TYPE_FLOAT32_KHR | scope = VK_SCOPE_WORKGROUP_KHR | workgroupInvocations = 256
[43] MGranularity = 32 | NGranularity = 32 | KGranularity = 32 | AType = VK_COMPONENT_TYPE_FLOAT8_E4M3_EXT | BType = VK_COMPONENT_TYPE_FLOAT8_E4M3_EXT | CType = VK_COMPONENT_TYPE_FLOAT16_KHR | ResultType = VK_COMPONENT_TYPE_FLOAT16_KHR | scope = VK_SCOPE_WORKGROUP_KHR | workgroupInvocations = 256
[44] MGranularity = 32 | NGranularity = 32 | KGranularity = 32 | AType = VK_COMPONENT_TYPE_FLOAT8_E4M3_EXT | BType = VK_COMPONENT_TYPE_FLOAT8_E4M3_EXT | CType = VK_COMPONENT_TYPE_FLOAT32_KHR | ResultType = VK_COMPONENT_TYPE_FLOAT32_KHR | scope = VK_SCOPE_WORKGROUP_KHR | workgroupInvocations = 256
.
The Vulkan spec states: For OpTypeCooperativeMatrixKHR, if the cooperativeMatrixFlexibleDimensions feature is enabled, the component type, scope, number of rows, and number of columns must match either one of the matrices in one of the supported VkCooperativeMatrixPropertiesKHR or VkCooperativeMatrixFlexibleDimensionsPropertiesNV (https://docs.vulkan.org/spec/latest/appendices/spirvenv.html#VUID-RuntimeSpirv-cooperativeMatrixFlexibleDimensions-10165)

Validation Error: [ VUID-RuntimeSpirv-cooperativeMatrixFlexibleDimensions-10165 ] | MessageID = 0xaf8bd211
vkCreateComputePipelines(): pCreateInfos[0].stage SPIR-V (VK_SHADER_STAGE_COMPUTE_BIT) has
%1269 = OpTypeCooperativeMatrixKHR %478 %33 %96 %130 %36 (rows: 16, cols: 16, scope: VK_SCOPE_SUBGROUP_KHR, type: VK_COMPONENT_TYPE_BFLOAT16_KHR, use: 2)
but doesn't match any VkCooperativeMatrixPropertiesKHR or VkCooperativeMatrixFlexibleDimensionsPropertiesNV
[0] MSize = 16 | NSize = 16 | KSize = 16 | AType = VK_COMPONENT_TYPE_FLOAT16_KHR | BType = VK_COMPONENT_TYPE_FLOAT16_KHR | CType = VK_COMPONENT_TYPE_FLOAT16_KHR | ResultType = VK_COMPONENT_TYPE_FLOAT16_KHR | scope = VK_SCOPE_SUBGROUP_KHR
[1] MSize = 16 | NSize = 8 | KSize = 16 | AType = VK_COMPONENT_TYPE_FLOAT16_KHR | BType = VK_COMPONENT_TYPE_FLOAT16_KHR | CType = VK_COMPONENT_TYPE_FLOAT16_KHR | ResultType = VK_COMPONENT_TYPE_FLOAT16_KHR | scope = VK_SCOPE_SUBGROUP_KHR
[2] MSize = 16 | NSize = 8 | KSize = 8 | AType = VK_COMPONENT_TYPE_FLOAT16_KHR | BType = VK_COMPONENT_TYPE_FLOAT16_KHR | CType = VK_COMPONENT_TYPE_FLOAT16_KHR | ResultType = VK_COMPONENT_TYPE_FLOAT16_KHR | scope = VK_SCOPE_SUBGROUP_KHR
[3] MSize = 16 | NSize = 16 | KSize = 16 | AType = VK_COMPONENT_TYPE_FLOAT16_KHR | BType = VK_COMPONENT_TYPE_FLOAT16_KHR | CType = VK_COMPONENT_TYPE_FLOAT32_KHR | ResultType = VK_COMPONENT_TYPE_FLOAT32_KHR | scope = VK_SCOPE_SUBGROUP_KHR
[4] MSize = 16 | NSize = 8 | KSize = 16 | AType = VK_COMPONENT_TYPE_FLOAT16_KHR | BType = VK_COMPONENT_TYPE_FLOAT16_KHR | CType = VK_COMPONENT_TYPE_FLOAT32_KHR | ResultType = VK_COMPONENT_TYPE_FLOAT32_KHR | scope = VK_SCOPE_SUBGROUP_KHR
[5] MSize = 16 | NSize = 8 | KSize = 8 | AType = VK_COMPONENT_TYPE_FLOAT16_KHR | BType = VK_COMPONENT_TYPE_FLOAT16_KHR | CType = VK_COMPONENT_TYPE_FLOAT32_KHR | ResultType = VK_COMPONENT_TYPE_FLOAT32_KHR | scope = VK_SCOPE_SUBGROUP_KHR
[6] MSize = 16 | NSize = 16 | KSize = 32 | AType = VK_COMPONENT_TYPE_UINT8_KHR | BType = VK_COMPONENT_TYPE_UINT8_KHR | CType = VK_COMPONENT_TYPE_UINT32_KHR | ResultType = VK_COMPONENT_TYPE_UINT32_KHR | scope = VK_SCOPE_SUBGROUP_KHR
[7] MSize = 16 | NSize = 16 | KSize = 32 | AType = VK_COMPONENT_TYPE_SINT8_KHR | BType = VK_COMPONENT_TYPE_SINT8_KHR | CType = VK_COMPONENT_TYPE_SINT32_KHR | ResultType = VK_COMPONENT_TYPE_SINT32_KHR | scope = VK_SCOPE_SUBGROUP_KHR
[8] MSize = 16 | NSize = 8 | KSize = 32 | AType = VK_COMPONENT_TYPE_UINT8_KHR | BType = VK_COMPONENT_TYPE_UINT8_KHR | CType = VK_COMPONENT_TYPE_UINT32_KHR | ResultType = VK_COMPONENT_TYPE_UINT32_KHR | scope = VK_SCOPE_SUBGROUP_KHR
[9] MSize = 16 | NSize = 8 | KSize = 32 | AType = VK_COMPONENT_TYPE_SINT8_KHR | BType = VK_COMPONENT_TYPE_SINT8_KHR | CType = VK_COMPONENT_TYPE_SINT32_KHR | ResultType = VK_COMPONENT_TYPE_SINT32_KHR | scope = VK_SCOPE_SUBGROUP_KHR
[10] MSize = 16 | NSize = 16 | KSize = 16 | AType = VK_COMPONENT_TYPE_BFLOAT16_KHR | BType = VK_COMPONENT_TYPE_BFLOAT16_KHR | CType = VK_COMPONENT_TYPE_FLOAT32_KHR | ResultType = VK_COMPONENT_TYPE_FLOAT32_KHR | scope = VK_SCOPE_SUBGROUP_KHR
[11] MSize = 16 | NSize = 16 | KSize = 32 | AType = VK_COMPONENT_TYPE_FLOAT8_E5M2_EXT | BType = VK_COMPONENT_TYPE_FLOAT8_E5M2_EXT | CType = VK_COMPONENT_TYPE_FLOAT16_KHR | ResultType = VK_COMPONENT_TYPE_FLOAT16_KHR | scope = VK_SCOPE_SUBGROUP_KHR
[12] MSize = 16 | NSize = 16 | KSize = 32 | AType = VK_COMPONENT_TYPE_FLOAT8_E5M2_EXT | BType = VK_COMPONENT_TYPE_FLOAT8_E5M2_EXT | CType = VK_COMPONENT_TYPE_FLOAT32_KHR | ResultType = VK_COMPONENT_TYPE_FLOAT32_KHR | scope = VK_SCOPE_SUBGROUP_KHR
[13] MSize = 16 | NSize = 16 | KSize = 32 | AType = VK_COMPONENT_TYPE_FLOAT8_E4M3_EXT | BType = VK_COMPONENT_TYPE_FLOAT8_E4M3_EXT | CType = VK_COMPONENT_TYPE_FLOAT16_KHR | ResultType = VK_COMPONENT_TYPE_FLOAT16_KHR | scope = VK_SCOPE_SUBGROUP_KHR
[14] MSize = 16 | NSize = 16 | KSize = 32 | AType = VK_COMPONENT_TYPE_FLOAT8_E4M3_EXT | BType = VK_COMPONENT_TYPE_FLOAT8_E4M3_EXT | CType = VK_COMPONENT_TYPE_FLOAT32_KHR | ResultType = VK_COMPONENT_TYPE_FLOAT32_KHR | scope = VK_SCOPE_SUBGROUP_KHR

[0] MGranularity = 16 | NGranularity = 16 | KGranularity = 16 | AType = VK_COMPONENT_TYPE_FLOAT16_KHR | BType = VK_COMPONENT_TYPE_FLOAT16_KHR | CType = VK_COMPONENT_TYPE_FLOAT16_KHR | ResultType = VK_COMPONENT_TYPE_FLOAT16_KHR | scope = VK_SCOPE_SUBGROUP_KHR | workgroupInvocations = 0
[1] MGranularity = 16 | NGranularity = 16 | KGranularity = 16 | AType = VK_COMPONENT_TYPE_FLOAT16_KHR | BType = VK_COMPONENT_TYPE_FLOAT16_KHR | CType = VK_COMPONENT_TYPE_FLOAT32_KHR | ResultType = VK_COMPONENT_TYPE_FLOAT32_KHR | scope = VK_SCOPE_SUBGROUP_KHR | workgroupInvocations = 0
[2] MGranularity = 16 | NGranularity = 16 | KGranularity = 32 | AType = VK_COMPONENT_TYPE_UINT8_KHR | BType = VK_COMPONENT_TYPE_UINT8_KHR | CType = VK_COMPONENT_TYPE_UINT32_KHR | ResultType = VK_COMPONENT_TYPE_UINT32_KHR | scope = VK_SCOPE_SUBGROUP_KHR | workgroupInvocations = 0
[3] MGranularity = 16 | NGranularity = 16 | KGranularity = 32 | AType = VK_COMPONENT_TYPE_SINT8_KHR | BType = VK_COMPONENT_TYPE_SINT8_KHR | CType = VK_COMPONENT_TYPE_SINT32_KHR | ResultType = VK_COMPONENT_TYPE_SINT32_KHR | scope = VK_SCOPE_SUBGROUP_KHR | workgroupInvocations = 0
[4] MGranularity = 16 | NGranularity = 16 | KGranularity = 16 | AType = VK_COMPONENT_TYPE_BFLOAT16_KHR | BType = VK_COMPONENT_TYPE_BFLOAT16_KHR | CType = VK_COMPONENT_TYPE_FLOAT32_KHR | ResultType = VK_COMPONENT_TYPE_FLOAT32_KHR | scope = VK_SCOPE_SUBGROUP_KHR | workgroupInvocations = 0
[5] MGranularity = 16 | NGranularity = 16 | KGranularity = 16 | AType = VK_COMPONENT_TYPE_FLOAT16_KHR | BType = VK_COMPONENT_TYPE_FLOAT16_KHR | CType = VK_COMPONENT_TYPE_FLOAT16_KHR | ResultType = VK_COMPONENT_TYPE_FLOAT16_KHR | scope = VK_SCOPE_WORKGROUP_KHR | workgroupInvocations = 32
[6] MGranularity = 16 | NGranularity = 16 | KGranularity = 16 | AType = VK_COMPONENT_TYPE_FLOAT16_KHR | BType = VK_COMPONENT_TYPE_FLOAT16_KHR | CType = VK_COMPONENT_TYPE_FLOAT32_KHR | ResultType = VK_COMPONENT_TYPE_FLOAT32_KHR | scope = VK_SCOPE_WORKGROUP_KHR | workgroupInvocations = 32
[7] MGranularity = 16 | NGranularity = 16 | KGranularity = 32 | AType = VK_COMPONENT_TYPE_UINT8_KHR | BType = VK_COMPONENT_TYPE_UINT8_KHR | CType = VK_COMPONENT_TYPE_UINT32_KHR | ResultType = VK_COMPONENT_TYPE_UINT32_KHR | scope = VK_SCOPE_WORKGROUP_KHR | workgroupInvocations = 32
[8] MGranularity = 16 | NGranularity = 16 | KGranularity = 32 | AType = VK_COMPONENT_TYPE_SINT8_KHR | BType = VK_COMPONENT_TYPE_SINT8_KHR | CType = VK_COMPONENT_TYPE_SINT32_KHR | ResultType = VK_COMPONENT_TYPE_SINT32_KHR | scope = VK_SCOPE_WORKGROUP_KHR | workgroupInvocations = 32
[9] MGranularity = 16 | NGranularity = 16 | KGranularity = 16 | AType = VK_COMPONENT_TYPE_BFLOAT16_KHR | BType = VK_COMPONENT_TYPE_BFLOAT16_KHR | CType = VK_COMPONENT_TYPE_FLOAT32_KHR | ResultType = VK_COMPONENT_TYPE_FLOAT32_KHR | scope = VK_SCOPE_WORKGROUP_KHR | workgroupInvocations = 32
[10] MGranularity = 16 | NGranularity = 16 | KGranularity = 16 | AType = VK_COMPONENT_TYPE_FLOAT16_KHR | BType = VK_COMPONENT_TYPE_FLOAT16_KHR | CType = VK_COMPONENT_TYPE_FLOAT16_KHR | ResultType = VK_COMPONENT_TYPE_FLOAT16_KHR | scope = VK_SCOPE_WORKGROUP_KHR | workgroupInvocations = 64
[11] MGranularity = 16 | NGranularity = 16 | KGranularity = 16 | AType = VK_COMPONENT_TYPE_FLOAT16_KHR | BType = VK_COMPONENT_TYPE_FLOAT16_KHR | CType = VK_COMPONENT_TYPE_FLOAT32_KHR | ResultType = VK_COMPONENT_TYPE_FLOAT32_KHR | scope = VK_SCOPE_WORKGROUP_KHR | workgroupInvocations = 64
[12] MGranularity = 16 | NGranularity = 16 | KGranularity = 32 | AType = VK_COMPONENT_TYPE_UINT8_KHR | BType = VK_COMPONENT_TYPE_UINT8_KHR | CType = VK_COMPONENT_TYPE_UINT32_KHR | ResultType = VK_COMPONENT_TYPE_UINT32_KHR | scope = VK_SCOPE_WORKGROUP_KHR | workgroupInvocations = 64
[13] MGranularity = 16 | NGranularity = 16 | KGranularity = 32 | AType = VK_COMPONENT_TYPE_SINT8_KHR | BType = VK_COMPONENT_TYPE_SINT8_KHR | CType = VK_COMPONENT_TYPE_SINT32_KHR | ResultType = VK_COMPONENT_TYPE_SINT32_KHR | scope = VK_SCOPE_WORKGROUP_KHR | workgroupInvocations = 64
[14] MGranularity = 16 | NGranularity = 16 | KGranularity = 16 | AType = VK_COMPONENT_TYPE_BFLOAT16_KHR | BType = VK_COMPONENT_TYPE_BFLOAT16_KHR | CType = VK_COMPONENT_TYPE_FLOAT32_KHR | ResultType = VK_COMPONENT_TYPE_FLOAT32_KHR | scope = VK_SCOPE_WORKGROUP_KHR | workgroupInvocations = 64
[15] MGranularity = 32 | NGranularity = 16 | KGranularity = 16 | AType = VK_COMPONENT_TYPE_FLOAT16_KHR | BType = VK_COMPONENT_TYPE_FLOAT16_KHR | CType = VK_COMPONENT_TYPE_FLOAT16_KHR | ResultType = VK_COMPONENT_TYPE_FLOAT16_KHR | scope = VK_SCOPE_WORKGROUP_KHR | workgroupInvocations = 128
[16] MGranularity = 32 | NGranularity = 16 | KGranularity = 16 | AType = VK_COMPONENT_TYPE_FLOAT16_KHR | BType = VK_COMPONENT_TYPE_FLOAT16_KHR | CType = VK_COMPONENT_TYPE_FLOAT32_KHR | ResultType = VK_COMPONENT_TYPE_FLOAT32_KHR | scope = VK_SCOPE_WORKGROUP_KHR | workgroupInvocations = 128
[17] MGranularity = 32 | NGranularity = 16 | KGranularity = 32 | AType = VK_COMPONENT_TYPE_UINT8_KHR | BType = VK_COMPONENT_TYPE_UINT8_KHR | CType = VK_COMPONENT_TYPE_UINT32_KHR | ResultType = VK_COMPONENT_TYPE_UINT32_KHR | scope = VK_SCOPE_WORKGROUP_KHR | workgroupInvocations = 128
[18] MGranularity = 32 | NGranularity = 16 | KGranularity = 32 | AType = VK_COMPONENT_TYPE_SINT8_KHR | BType = VK_COMPONENT_TYPE_SINT8_KHR | CType = VK_COMPONENT_TYPE_SINT32_KHR | ResultType = VK_COMPONENT_TYPE_SINT32_KHR | scope = VK_SCOPE_WORKGROUP_KHR | workgroupInvocations = 128
[19] MGranularity = 32 | NGranularity = 16 | KGranularity = 16 | AType = VK_COMPONENT_TYPE_BFLOAT16_KHR | BType = VK_COMPONENT_TYPE_BFLOAT16_KHR | CType = VK_COMPONENT_TYPE_FLOAT32_KHR | ResultType = VK_COMPONENT_TYPE_FLOAT32_KHR | scope = VK_SCOPE_WORKGROUP_KHR | workgroupInvocations = 128
[20] MGranularity = 32 | NGranularity = 32 | KGranularity = 16 | AType = VK_COMPONENT_TYPE_FLOAT16_KHR | BType = VK_COMPONENT_TYPE_FLOAT16_KHR | CType = VK_COMPONENT_TYPE_FLOAT16_KHR | ResultType = VK_COMPONENT_TYPE_FLOAT16_KHR | scope = VK_SCOPE_WORKGROUP_KHR | workgroupInvocations = 256
[21] MGranularity = 32 | NGranularity = 32 | KGranularity = 16 | AType = VK_COMPONENT_TYPE_FLOAT16_KHR | BType = VK_COMPONENT_TYPE_FLOAT16_KHR | CType = VK_COMPONENT_TYPE_FLOAT32_KHR | ResultType = VK_COMPONENT_TYPE_FLOAT32_KHR | scope = VK_SCOPE_WORKGROUP_KHR | workgroupInvocations = 256
[22] MGranularity = 32 | NGranularity = 32 | KGranularity = 32 | AType = VK_COMPONENT_TYPE_UINT8_KHR | BType = VK_COMPONENT_TYPE_UINT8_KHR | CType = VK_COMPONENT_TYPE_UINT32_KHR | ResultType = VK_COMPONENT_TYPE_UINT32_KHR | scope = VK_SCOPE_WORKGROUP_KHR | workgroupInvocations = 256
[23] MGranularity = 32 | NGranularity = 32 | KGranularity = 32 | AType = VK_COMPONENT_TYPE_SINT8_KHR | BType = VK_COMPONENT_TYPE_SINT8_KHR | CType = VK_COMPONENT_TYPE_SINT32_KHR | ResultType = VK_COMPONENT_TYPE_SINT32_KHR | scope = VK_SCOPE_WORKGROUP_KHR | workgroupInvocations = 256
[24] MGranularity = 32 | NGranularity = 32 | KGranularity = 16 | AType = VK_COMPONENT_TYPE_BFLOAT16_KHR | BType = VK_COMPONENT_TYPE_BFLOAT16_KHR | CType = VK_COMPONENT_TYPE_FLOAT32_KHR | ResultType = VK_COMPONENT_TYPE_FLOAT32_KHR | scope = VK_SCOPE_WORKGROUP_KHR | workgroupInvocations = 256
[25] MGranularity = 16 | NGranularity = 16 | KGranularity = 32 | AType = VK_COMPONENT_TYPE_FLOAT8_E5M2_EXT | BType = VK_COMPONENT_TYPE_FLOAT8_E5M2_EXT | CType = VK_COMPONENT_TYPE_FLOAT16_KHR | ResultType = VK_COMPONENT_TYPE_FLOAT16_KHR | scope = VK_SCOPE_SUBGROUP_KHR | workgroupInvocations = 0
[26] MGranularity = 16 | NGranularity = 16 | KGranularity = 32 | AType = VK_COMPONENT_TYPE_FLOAT8_E5M2_EXT | BType = VK_COMPONENT_TYPE_FLOAT8_E5M2_EXT | CType = VK_COMPONENT_TYPE_FLOAT32_KHR | ResultType = VK_COMPONENT_TYPE_FLOAT32_KHR | scope = VK_SCOPE_SUBGROUP_KHR | workgroupInvocations = 0
[27] MGranularity = 16 | NGranularity = 16 | KGranularity = 32 | AType = VK_COMPONENT_TYPE_FLOAT8_E4M3_EXT | BType = VK_COMPONENT_TYPE_FLOAT8_E4M3_EXT | CType = VK_COMPONENT_TYPE_FLOAT16_KHR | ResultType = VK_COMPONENT_TYPE_FLOAT16_KHR | scope = VK_SCOPE_SUBGROUP_KHR | workgroupInvocations = 0
[28] MGranularity = 16 | NGranularity = 16 | KGranularity = 32 | AType = VK_COMPONENT_TYPE_FLOAT8_E4M3_EXT | BType = VK_COMPONENT_TYPE_FLOAT8_E4M3_EXT | CType = VK_COMPONENT_TYPE_FLOAT32_KHR | ResultType = VK_COMPONENT_TYPE_FLOAT32_KHR | scope = VK_SCOPE_SUBGROUP_KHR | workgroupInvocations = 0
[29] MGranularity = 16 | NGranularity = 16 | KGranularity = 32 | AType = VK_COMPONENT_TYPE_FLOAT8_E5M2_EXT | BType = VK_COMPONENT_TYPE_FLOAT8_E5M2_EXT | CType = VK_COMPONENT_TYPE_FLOAT16_KHR | ResultType = VK_COMPONENT_TYPE_FLOAT16_KHR | scope = VK_SCOPE_WORKGROUP_KHR | workgroupInvocations = 32
[30] MGranularity = 16 | NGranularity = 16 | KGranularity = 32 | AType = VK_COMPONENT_TYPE_FLOAT8_E5M2_EXT | BType = VK_COMPONENT_TYPE_FLOAT8_E5M2_EXT | CType = VK_COMPONENT_TYPE_FLOAT32_KHR | ResultType = VK_COMPONENT_TYPE_FLOAT32_KHR | scope = VK_SCOPE_WORKGROUP_KHR | workgroupInvocations = 32
[31] MGranularity = 16 | NGranularity = 16 | KGranularity = 32 | AType = VK_COMPONENT_TYPE_FLOAT8_E4M3_EXT | BType = VK_COMPONENT_TYPE_FLOAT8_E4M3_EXT | CType = VK_COMPONENT_TYPE_FLOAT16_KHR | ResultType = VK_COMPONENT_TYPE_FLOAT16_KHR | scope = VK_SCOPE_WORKGROUP_KHR | workgroupInvocations = 32
[32] MGranularity = 16 | NGranularity = 16 | KGranularity = 32 | AType = VK_COMPONENT_TYPE_FLOAT8_E4M3_EXT | BType = VK_COMPONENT_TYPE_FLOAT8_E4M3_EXT | CType = VK_COMPONENT_TYPE_FLOAT32_KHR | ResultType = VK_COMPONENT_TYPE_FLOAT32_KHR | scope = VK_SCOPE_WORKGROUP_KHR | workgroupInvocations = 32
[33] MGranularity = 16 | NGranularity = 16 | KGranularity = 32 | AType = VK_COMPONENT_TYPE_FLOAT8_E5M2_EXT | BType = VK_COMPONENT_TYPE_FLOAT8_E5M2_EXT | CType = VK_COMPONENT_TYPE_FLOAT16_KHR | ResultType = VK_COMPONENT_TYPE_FLOAT16_KHR | scope = VK_SCOPE_WORKGROUP_KHR | workgroupInvocations = 64
[34] MGranularity = 16 | NGranularity = 16 | KGranularity = 32 | AType = VK_COMPONENT_TYPE_FLOAT8_E5M2_EXT | BType = VK_COMPONENT_TYPE_FLOAT8_E5M2_EXT | CType = VK_COMPONENT_TYPE_FLOAT32_KHR | ResultType = VK_COMPONENT_TYPE_FLOAT32_KHR | scope = VK_SCOPE_WORKGROUP_KHR | workgroupInvocations = 64
[35] MGranularity = 16 | NGranularity = 16 | KGranularity = 32 | AType = VK_COMPONENT_TYPE_FLOAT8_E4M3_EXT | BType = VK_COMPONENT_TYPE_FLOAT8_E4M3_EXT | CType = VK_COMPONENT_TYPE_FLOAT16_KHR | ResultType = VK_COMPONENT_TYPE_FLOAT16_KHR | scope = VK_SCOPE_WORKGROUP_KHR | workgroupInvocations = 64
[36] MGranularity = 16 | NGranularity = 16 | KGranularity = 32 | AType = VK_COMPONENT_TYPE_FLOAT8_E4M3_EXT | BType = VK_COMPONENT_TYPE_FLOAT8_E4M3_EXT | CType = VK_COMPONENT_TYPE_FLOAT32_KHR | ResultType = VK_COMPONENT_TYPE_FLOAT32_KHR | scope = VK_SCOPE_WORKGROUP_KHR | workgroupInvocations = 64
[37] MGranularity = 32 | NGranularity = 16 | KGranularity = 32 | AType = VK_COMPONENT_TYPE_FLOAT8_E5M2_EXT | BType = VK_COMPONENT_TYPE_FLOAT8_E5M2_EXT | CType = VK_COMPONENT_TYPE_FLOAT16_KHR | ResultType = VK_COMPONENT_TYPE_FLOAT16_KHR | scope = VK_SCOPE_WORKGROUP_KHR | workgroupInvocations = 128
[38] MGranularity = 32 | NGranularity = 16 | KGranularity = 32 | AType = VK_COMPONENT_TYPE_FLOAT8_E5M2_EXT | BType = VK_COMPONENT_TYPE_FLOAT8_E5M2_EXT | CType = VK_COMPONENT_TYPE_FLOAT32_KHR | ResultType = VK_COMPONENT_TYPE_FLOAT32_KHR | scope = VK_SCOPE_WORKGROUP_KHR | workgroupInvocations = 128
[39] MGranularity = 32 | NGranularity = 16 | KGranularity = 32 | AType = VK_COMPONENT_TYPE_FLOAT8_E4M3_EXT | BType = VK_COMPONENT_TYPE_FLOAT8_E4M3_EXT | CType = VK_COMPONENT_TYPE_FLOAT16_KHR | ResultType = VK_COMPONENT_TYPE_FLOAT16_KHR | scope = VK_SCOPE_WORKGROUP_KHR | workgroupInvocations = 128
[40] MGranularity = 32 | NGranularity = 16 | KGranularity = 32 | AType = VK_COMPONENT_TYPE_FLOAT8_E4M3_EXT | BType = VK_COMPONENT_TYPE_FLOAT8_E4M3_EXT | CType = VK_COMPONENT_TYPE_FLOAT32_KHR | ResultType = VK_COMPONENT_TYPE_FLOAT32_KHR | scope = VK_SCOPE_WORKGROUP_KHR | workgroupInvocations = 128
[41] MGranularity = 32 | NGranularity = 32 | KGranularity = 32 | AType = VK_COMPONENT_TYPE_FLOAT8_E5M2_EXT | BType = VK_COMPONENT_TYPE_FLOAT8_E5M2_EXT | CType = VK_COMPONENT_TYPE_FLOAT16_KHR | ResultType = VK_COMPONENT_TYPE_FLOAT16_KHR | scope = VK_SCOPE_WORKGROUP_KHR | workgroupInvocations = 256
[42] MGranularity = 32 | NGranularity = 32 | KGranularity = 32 | AType = VK_COMPONENT_TYPE_FLOAT8_E5M2_EXT | BType = VK_COMPONENT_TYPE_FLOAT8_E5M2_EXT | CType = VK_COMPONENT_TYPE_FLOAT32_KHR | ResultType = VK_COMPONENT_TYPE_FLOAT32_KHR | scope = VK_SCOPE_WORKGROUP_KHR | workgroupInvocations = 256
[43] MGranularity = 32 | NGranularity = 32 | KGranularity = 32 | AType = VK_COMPONENT_TYPE_FLOAT8_E4M3_EXT | BType = VK_COMPONENT_TYPE_FLOAT8_E4M3_EXT | CType = VK_COMPONENT_TYPE_FLOAT16_KHR | ResultType = VK_COMPONENT_TYPE_FLOAT16_KHR | scope = VK_SCOPE_WORKGROUP_KHR | workgroupInvocations = 256
[44] MGranularity = 32 | NGranularity = 32 | KGranularity = 32 | AType = VK_COMPONENT_TYPE_FLOAT8_E4M3_EXT | BType = VK_COMPONENT_TYPE_FLOAT8_E4M3_EXT | CType = VK_COMPONENT_TYPE_FLOAT32_KHR | ResultType = VK_COMPONENT_TYPE_FLOAT32_KHR | scope = VK_SCOPE_WORKGROUP_KHR | workgroupInvocations = 256
.
The Vulkan spec states: For OpTypeCooperativeMatrixKHR, if the cooperativeMatrixFlexibleDimensions feature is enabled, the component type, scope, number of rows, and number of columns must match either one of the matrices in one of the supported VkCooperativeMatrixPropertiesKHR or VkCooperativeMatrixFlexibleDimensionsPropertiesNV (https://docs.vulkan.org/spec/latest/appendices/spirvenv.html#VUID-RuntimeSpirv-cooperativeMatrixFlexibleDimensions-10165)

Validation Error: [ VUID-RuntimeSpirv-cooperativeMatrixFlexibleDimensions-10165 ] | MessageID = 0xaf8bd211
vkCreateComputePipelines(): pCreateInfos[0].stage SPIR-V (VK_SHADER_STAGE_COMPUTE_BIT) has
%1269 = OpTypeCooperativeMatrixKHR %478 %33 %96 %130 %36 (rows: 16, cols: 16, scope: VK_SCOPE_SUBGROUP_KHR, type: VK_COMPONENT_TYPE_BFLOAT16_KHR, use: 2)
but doesn't match any VkCooperativeMatrixPropertiesKHR or VkCooperativeMatrixFlexibleDimensionsPropertiesNV
[0] MSize = 16 | NSize = 16 | KSize = 16 | AType = VK_COMPONENT_TYPE_FLOAT16_KHR | BType = VK_COMPONENT_TYPE_FLOAT16_KHR | CType = VK_COMPONENT_TYPE_FLOAT16_KHR | ResultType = VK_COMPONENT_TYPE_FLOAT16_KHR | scope = VK_SCOPE_SUBGROUP_KHR
[1] MSize = 16 | NSize = 8 | KSize = 16 | AType = VK_COMPONENT_TYPE_FLOAT16_KHR | BType = VK_COMPONENT_TYPE_FLOAT16_KHR | CType = VK_COMPONENT_TYPE_FLOAT16_KHR | ResultType = VK_COMPONENT_TYPE_FLOAT16_KHR | scope = VK_SCOPE_SUBGROUP_KHR
[2] MSize = 16 | NSize = 8 | KSize = 8 | AType = VK_COMPONENT_TYPE_FLOAT16_KHR | BType = VK_COMPONENT_TYPE_FLOAT16_KHR | CType = VK_COMPONENT_TYPE_FLOAT16_KHR | ResultType = VK_COMPONENT_TYPE_FLOAT16_KHR | scope = VK_SCOPE_SUBGROUP_KHR
[3] MSize = 16 | NSize = 16 | KSize = 16 | AType = VK_COMPONENT_TYPE_FLOAT16_KHR | BType = VK_COMPONENT_TYPE_FLOAT16_KHR | CType = VK_COMPONENT_TYPE_FLOAT32_KHR | ResultType = VK_COMPONENT_TYPE_FLOAT32_KHR | scope = VK_SCOPE_SUBGROUP_KHR
[4] MSize = 16 | NSize = 8 | KSize = 16 | AType = VK_COMPONENT_TYPE_FLOAT16_KHR | BType = VK_COMPONENT_TYPE_FLOAT16_KHR | CType = VK_COMPONENT_TYPE_FLOAT32_KHR | ResultType = VK_COMPONENT_TYPE_FLOAT32_KHR | scope = VK_SCOPE_SUBGROUP_KHR
[5] MSize = 16 | NSize = 8 | KSize = 8 | AType = VK_COMPONENT_TYPE_FLOAT16_KHR | BType = VK_COMPONENT_TYPE_FLOAT16_KHR | CType = VK_COMPONENT_TYPE_FLOAT32_KHR | ResultType = VK_COMPONENT_TYPE_FLOAT32_KHR | scope = VK_SCOPE_SUBGROUP_KHR
[6] MSize = 16 | NSize = 16 | KSize = 32 | AType = VK_COMPONENT_TYPE_UINT8_KHR | BType = VK_COMPONENT_TYPE_UINT8_KHR | CType = VK_COMPONENT_TYPE_UINT32_KHR | ResultType = VK_COMPONENT_TYPE_UINT32_KHR | scope = VK_SCOPE_SUBGROUP_KHR
[7] MSize = 16 | NSize = 16 | KSize = 32 | AType = VK_COMPONENT_TYPE_SINT8_KHR | BType = VK_COMPONENT_TYPE_SINT8_KHR | CType = VK_COMPONENT_TYPE_SINT32_KHR | ResultType = VK_COMPONENT_TYPE_SINT32_KHR | scope = VK_SCOPE_SUBGROUP_KHR
[8] MSize = 16 | NSize = 8 | KSize = 32 | AType = VK_COMPONENT_TYPE_UINT8_KHR | BType = VK_COMPONENT_TYPE_UINT8_KHR | CType = VK_COMPONENT_TYPE_UINT32_KHR | ResultType = VK_COMPONENT_TYPE_UINT32_KHR | scope = VK_SCOPE_SUBGROUP_KHR
[9] MSize = 16 | NSize = 8 | KSize = 32 | AType = VK_COMPONENT_TYPE_SINT8_KHR | BType = VK_COMPONENT_TYPE_SINT8_KHR | CType = VK_COMPONENT_TYPE_SINT32_KHR | ResultType = VK_COMPONENT_TYPE_SINT32_KHR | scope = VK_SCOPE_SUBGROUP_KHR
[10] MSize = 16 | NSize = 16 | KSize = 16 | AType = VK_COMPONENT_TYPE_BFLOAT16_KHR | BType = VK_COMPONENT_TYPE_BFLOAT16_KHR | CType = VK_COMPONENT_TYPE_FLOAT32_KHR | ResultType = VK_COMPONENT_TYPE_FLOAT32_KHR | scope = VK_SCOPE_SUBGROUP_KHR
[11] MSize = 16 | NSize = 16 | KSize = 32 | AType = VK_COMPONENT_TYPE_FLOAT8_E5M2_EXT | BType = VK_COMPONENT_TYPE_FLOAT8_E5M2_EXT | CType = VK_COMPONENT_TYPE_FLOAT16_KHR | ResultType = VK_COMPONENT_TYPE_FLOAT16_KHR | scope = VK_SCOPE_SUBGROUP_KHR
[12] MSize = 16 | NSize = 16 | KSize = 32 | AType = VK_COMPONENT_TYPE_FLOAT8_E5M2_EXT | BType = VK_COMPONENT_TYPE_FLOAT8_E5M2_EXT | CType = VK_COMPONENT_TYPE_FLOAT32_KHR | ResultType = VK_COMPONENT_TYPE_FLOAT32_KHR | scope = VK_SCOPE_SUBGROUP_KHR
[13] MSize = 16 | NSize = 16 | KSize = 32 | AType = VK_COMPONENT_TYPE_FLOAT8_E4M3_EXT | BType = VK_COMPONENT_TYPE_FLOAT8_E4M3_EXT | CType = VK_COMPONENT_TYPE_FLOAT16_KHR | ResultType = VK_COMPONENT_TYPE_FLOAT16_KHR | scope = VK_SCOPE_SUBGROUP_KHR
[14] MSize = 16 | NSize = 16 | KSize = 32 | AType = VK_COMPONENT_TYPE_FLOAT8_E4M3_EXT | BType = VK_COMPONENT_TYPE_FLOAT8_E4M3_EXT | CType = VK_COMPONENT_TYPE_FLOAT32_KHR | ResultType = VK_COMPONENT_TYPE_FLOAT32_KHR | scope = VK_SCOPE_SUBGROUP_KHR

[0] MGranularity = 16 | NGranularity = 16 | KGranularity = 16 | AType = VK_COMPONENT_TYPE_FLOAT16_KHR | BType = VK_COMPONENT_TYPE_FLOAT16_KHR | CType = VK_COMPONENT_TYPE_FLOAT16_KHR | ResultType = VK_COMPONENT_TYPE_FLOAT16_KHR | scope = VK_SCOPE_SUBGROUP_KHR | workgroupInvocations = 0
[1] MGranularity = 16 | NGranularity = 16 | KGranularity = 16 | AType = VK_COMPONENT_TYPE_FLOAT16_KHR | BType = VK_COMPONENT_TYPE_FLOAT16_KHR | CType = VK_COMPONENT_TYPE_FLOAT32_KHR | ResultType = VK_COMPONENT_TYPE_FLOAT32_KHR | scope = VK_SCOPE_SUBGROUP_KHR | workgroupInvocations = 0
[2] MGranularity = 16 | NGranularity = 16 | KGranularity = 32 | AType = VK_COMPONENT_TYPE_UINT8_KHR | BType = VK_COMPONENT_TYPE_UINT8_KHR | CType = VK_COMPONENT_TYPE_UINT32_KHR | ResultType = VK_COMPONENT_TYPE_UINT32_KHR | scope = VK_SCOPE_SUBGROUP_KHR | workgroupInvocations = 0
[3] MGranularity = 16 | NGranularity = 16 | KGranularity = 32 | AType = VK_COMPONENT_TYPE_SINT8_KHR | BType = VK_COMPONENT_TYPE_SINT8_KHR | CType = VK_COMPONENT_TYPE_SINT32_KHR | ResultType = VK_COMPONENT_TYPE_SINT32_KHR | scope = VK_SCOPE_SUBGROUP_KHR | workgroupInvocations = 0
[4] MGranularity = 16 | NGranularity = 16 | KGranularity = 16 | AType = VK_COMPONENT_TYPE_BFLOAT16_KHR | BType = VK_COMPONENT_TYPE_BFLOAT16_KHR | CType = VK_COMPONENT_TYPE_FLOAT32_KHR | ResultType = VK_COMPONENT_TYPE_FLOAT32_KHR | scope = VK_SCOPE_SUBGROUP_KHR | workgroupInvocations = 0
[5] MGranularity = 16 | NGranularity = 16 | KGranularity = 16 | AType = VK_COMPONENT_TYPE_FLOAT16_KHR | BType = VK_COMPONENT_TYPE_FLOAT16_KHR | CType = VK_COMPONENT_TYPE_FLOAT16_KHR | ResultType = VK_COMPONENT_TYPE_FLOAT16_KHR | scope = VK_SCOPE_WORKGROUP_KHR | workgroupInvocations = 32
[6] MGranularity = 16 | NGranularity = 16 | KGranularity = 16 | AType = VK_COMPONENT_TYPE_FLOAT16_KHR | BType = VK_COMPONENT_TYPE_FLOAT16_KHR | CType = VK_COMPONENT_TYPE_FLOAT32_KHR | ResultType = VK_COMPONENT_TYPE_FLOAT32_KHR | scope = VK_SCOPE_WORKGROUP_KHR | workgroupInvocations = 32
[7] MGranularity = 16 | NGranularity = 16 | KGranularity = 32 | AType = VK_COMPONENT_TYPE_UINT8_KHR | BType = VK_COMPONENT_TYPE_UINT8_KHR | CType = VK_COMPONENT_TYPE_UINT32_KHR | ResultType = VK_COMPONENT_TYPE_UINT32_KHR | scope = VK_SCOPE_WORKGROUP_KHR | workgroupInvocations = 32
[8] MGranularity = 16 | NGranularity = 16 | KGranularity = 32 | AType = VK_COMPONENT_TYPE_SINT8_KHR | BType = VK_COMPONENT_TYPE_SINT8_KHR | CType = VK_COMPONENT_TYPE_SINT32_KHR | ResultType = VK_COMPONENT_TYPE_SINT32_KHR | scope = VK_SCOPE_WORKGROUP_KHR | workgroupInvocations = 32
[9] MGranularity = 16 | NGranularity = 16 | KGranularity = 16 | AType = VK_COMPONENT_TYPE_BFLOAT16_KHR | BType = VK_COMPONENT_TYPE_BFLOAT16_KHR | CType = VK_COMPONENT_TYPE_FLOAT32_KHR | ResultType = VK_COMPONENT_TYPE_FLOAT32_KHR | scope = VK_SCOPE_WORKGROUP_KHR | workgroupInvocations = 32
[10] MGranularity = 16 | NGranularity = 16 | KGranularity = 16 | AType = VK_COMPONENT_TYPE_FLOAT16_KHR | BType = VK_COMPONENT_TYPE_FLOAT16_KHR | CType = VK_COMPONENT_TYPE_FLOAT16_KHR | ResultType = VK_COMPONENT_TYPE_FLOAT16_KHR | scope = VK_SCOPE_WORKGROUP_KHR | workgroupInvocations = 64
[11] MGranularity = 16 | NGranularity = 16 | KGranularity = 16 | AType = VK_COMPONENT_TYPE_FLOAT16_KHR | BType = VK_COMPONENT_TYPE_FLOAT16_KHR | CType = VK_COMPONENT_TYPE_FLOAT32_KHR | ResultType = VK_COMPONENT_TYPE_FLOAT32_KHR | scope = VK_SCOPE_WORKGROUP_KHR | workgroupInvocations = 64
[12] MGranularity = 16 | NGranularity = 16 | KGranularity = 32 | AType = VK_COMPONENT_TYPE_UINT8_KHR | BType = VK_COMPONENT_TYPE_UINT8_KHR | CType = VK_COMPONENT_TYPE_UINT32_KHR | ResultType = VK_COMPONENT_TYPE_UINT32_KHR | scope = VK_SCOPE_WORKGROUP_KHR | workgroupInvocations = 64
[13] MGranularity = 16 | NGranularity = 16 | KGranularity = 32 | AType = VK_COMPONENT_TYPE_SINT8_KHR | BType = VK_COMPONENT_TYPE_SINT8_KHR | CType = VK_COMPONENT_TYPE_SINT32_KHR | ResultType = VK_COMPONENT_TYPE_SINT32_KHR | scope = VK_SCOPE_WORKGROUP_KHR | workgroupInvocations = 64
[14] MGranularity = 16 | NGranularity = 16 | KGranularity = 16 | AType = VK_COMPONENT_TYPE_BFLOAT16_KHR | BType = VK_COMPONENT_TYPE_BFLOAT16_KHR | CType = VK_COMPONENT_TYPE_FLOAT32_KHR | ResultType = VK_COMPONENT_TYPE_FLOAT32_KHR | scope = VK_SCOPE_WORKGROUP_KHR | workgroupInvocations = 64
[15] MGranularity = 32 | NGranularity = 16 | KGranularity = 16 | AType = VK_COMPONENT_TYPE_FLOAT16_KHR | BType = VK_COMPONENT_TYPE_FLOAT16_KHR | CType = VK_COMPONENT_TYPE_FLOAT16_KHR | ResultType = VK_COMPONENT_TYPE_FLOAT16_KHR | scope = VK_SCOPE_WORKGROUP_KHR | workgroupInvocations = 128
[16] MGranularity = 32 | NGranularity = 16 | KGranularity = 16 | AType = VK_COMPONENT_TYPE_FLOAT16_KHR | BType = VK_COMPONENT_TYPE_FLOAT16_KHR | CType = VK_COMPONENT_TYPE_FLOAT32_KHR | ResultType = VK_COMPONENT_TYPE_FLOAT32_KHR | scope = VK_SCOPE_WORKGROUP_KHR | workgroupInvocations = 128
[17] MGranularity = 32 | NGranularity = 16 | KGranularity = 32 | AType = VK_COMPONENT_TYPE_UINT8_KHR | BType = VK_COMPONENT_TYPE_UINT8_KHR | CType = VK_COMPONENT_TYPE_UINT32_KHR | ResultType = VK_COMPONENT_TYPE_UINT32_KHR | scope = VK_SCOPE_WORKGROUP_KHR | workgroupInvocations = 128
[18] MGranularity = 32 | NGranularity = 16 | KGranularity = 32 | AType = VK_COMPONENT_TYPE_SINT8_KHR | BType = VK_COMPONENT_TYPE_SINT8_KHR | CType = VK_COMPONENT_TYPE_SINT32_KHR | ResultType = VK_COMPONENT_TYPE_SINT32_KHR | scope = VK_SCOPE_WORKGROUP_KHR | workgroupInvocations = 128
[19] MGranularity = 32 | NGranularity = 16 | KGranularity = 16 | AType = VK_COMPONENT_TYPE_BFLOAT16_KHR | BType = VK_COMPONENT_TYPE_BFLOAT16_KHR | CType = VK_COMPONENT_TYPE_FLOAT32_KHR | ResultType = VK_COMPONENT_TYPE_FLOAT32_KHR | scope = VK_SCOPE_WORKGROUP_KHR | workgroupInvocations = 128
[20] MGranularity = 32 | NGranularity = 32 | KGranularity = 16 | AType = VK_COMPONENT_TYPE_FLOAT16_KHR | BType = VK_COMPONENT_TYPE_FLOAT16_KHR | CType = VK_COMPONENT_TYPE_FLOAT16_KHR | ResultType = VK_COMPONENT_TYPE_FLOAT16_KHR | scope = VK_SCOPE_WORKGROUP_KHR | workgroupInvocations = 256
[21] MGranularity = 32 | NGranularity = 32 | KGranularity = 16 | AType = VK_COMPONENT_TYPE_FLOAT16_KHR | BType = VK_COMPONENT_TYPE_FLOAT16_KHR | CType = VK_COMPONENT_TYPE_FLOAT32_KHR | ResultType = VK_COMPONENT_TYPE_FLOAT32_KHR | scope = VK_SCOPE_WORKGROUP_KHR | workgroupInvocations = 256
[22] MGranularity = 32 | NGranularity = 32 | KGranularity = 32 | AType = VK_COMPONENT_TYPE_UINT8_KHR | BType = VK_COMPONENT_TYPE_UINT8_KHR | CType = VK_COMPONENT_TYPE_UINT32_KHR | ResultType = VK_COMPONENT_TYPE_UINT32_KHR | scope = VK_SCOPE_WORKGROUP_KHR | workgroupInvocations = 256
[23] MGranularity = 32 | NGranularity = 32 | KGranularity = 32 | AType = VK_COMPONENT_TYPE_SINT8_KHR | BType = VK_COMPONENT_TYPE_SINT8_KHR | CType = VK_COMPONENT_TYPE_SINT32_KHR | ResultType = VK_COMPONENT_TYPE_SINT32_KHR | scope = VK_SCOPE_WORKGROUP_KHR | workgroupInvocations = 256
[24] MGranularity = 32 | NGranularity = 32 | KGranularity = 16 | AType = VK_COMPONENT_TYPE_BFLOAT16_KHR | BType = VK_COMPONENT_TYPE_BFLOAT16_KHR | CType = VK_COMPONENT_TYPE_FLOAT32_KHR | ResultType = VK_COMPONENT_TYPE_FLOAT32_KHR | scope = VK_SCOPE_WORKGROUP_KHR | workgroupInvocations = 256
[25] MGranularity = 16 | NGranularity = 16 | KGranularity = 32 | AType = VK_COMPONENT_TYPE_FLOAT8_E5M2_EXT | BType = VK_COMPONENT_TYPE_FLOAT8_E5M2_EXT | CType = VK_COMPONENT_TYPE_FLOAT16_KHR | ResultType = VK_COMPONENT_TYPE_FLOAT16_KHR | scope = VK_SCOPE_SUBGROUP_KHR | workgroupInvocations = 0
[26] MGranularity = 16 | NGranularity = 16 | KGranularity = 32 | AType = VK_COMPONENT_TYPE_FLOAT8_E5M2_EXT | BType = VK_COMPONENT_TYPE_FLOAT8_E5M2_EXT | CType = VK_COMPONENT_TYPE_FLOAT32_KHR | ResultType = VK_COMPONENT_TYPE_FLOAT32_KHR | scope = VK_SCOPE_SUBGROUP_KHR | workgroupInvocations = 0
[27] MGranularity = 16 | NGranularity = 16 | KGranularity = 32 | AType = VK_COMPONENT_TYPE_FLOAT8_E4M3_EXT | BType = VK_COMPONENT_TYPE_FLOAT8_E4M3_EXT | CType = VK_COMPONENT_TYPE_FLOAT16_KHR | ResultType = VK_COMPONENT_TYPE_FLOAT16_KHR | scope = VK_SCOPE_SUBGROUP_KHR | workgroupInvocations = 0
[28] MGranularity = 16 | NGranularity = 16 | KGranularity = 32 | AType = VK_COMPONENT_TYPE_FLOAT8_E4M3_EXT | BType = VK_COMPONENT_TYPE_FLOAT8_E4M3_EXT | CType = VK_COMPONENT_TYPE_FLOAT32_KHR | ResultType = VK_COMPONENT_TYPE_FLOAT32_KHR | scope = VK_SCOPE_SUBGROUP_KHR | workgroupInvocations = 0
[29] MGranularity = 16 | NGranularity = 16 | KGranularity = 32 | AType = VK_COMPONENT_TYPE_FLOAT8_E5M2_EXT | BType = VK_COMPONENT_TYPE_FLOAT8_E5M2_EXT | CType = VK_COMPONENT_TYPE_FLOAT16_KHR | ResultType = VK_COMPONENT_TYPE_FLOAT16_KHR | scope = VK_SCOPE_WORKGROUP_KHR | workgroupInvocations = 32
[30] MGranularity = 16 | NGranularity = 16 | KGranularity = 32 | AType = VK_COMPONENT_TYPE_FLOAT8_E5M2_EXT | BType = VK_COMPONENT_TYPE_FLOAT8_E5M2_EXT | CType = VK_COMPONENT_TYPE_FLOAT32_KHR | ResultType = VK_COMPONENT_TYPE_FLOAT32_KHR | scope = VK_SCOPE_WORKGROUP_KHR | workgroupInvocations = 32
[31] MGranularity = 16 | NGranularity = 16 | KGranularity = 32 | AType = VK_COMPONENT_TYPE_FLOAT8_E4M3_EXT | BType = VK_COMPONENT_TYPE_FLOAT8_E4M3_EXT | CType = VK_COMPONENT_TYPE_FLOAT16_KHR | ResultType = VK_COMPONENT_TYPE_FLOAT16_KHR | scope = VK_SCOPE_WORKGROUP_KHR | workgroupInvocations = 32
[32] MGranularity = 16 | NGranularity = 16 | KGranularity = 32 | AType = VK_COMPONENT_TYPE_FLOAT8_E4M3_EXT | BType = VK_COMPONENT_TYPE_FLOAT8_E4M3_EXT | CType = VK_COMPONENT_TYPE_FLOAT32_KHR | ResultType = VK_COMPONENT_TYPE_FLOAT32_KHR | scope = VK_SCOPE_WORKGROUP_KHR | workgroupInvocations = 32
[33] MGranularity = 16 | NGranularity = 16 | KGranularity = 32 | AType = VK_COMPONENT_TYPE_FLOAT8_E5M2_EXT | BType = VK_COMPONENT_TYPE_FLOAT8_E5M2_EXT | CType = VK_COMPONENT_TYPE_FLOAT16_KHR | ResultType = VK_COMPONENT_TYPE_FLOAT16_KHR | scope = VK_SCOPE_WORKGROUP_KHR | workgroupInvocations = 64
[34] MGranularity = 16 | NGranularity = 16 | KGranularity = 32 | AType = VK_COMPONENT_TYPE_FLOAT8_E5M2_EXT | BType = VK_COMPONENT_TYPE_FLOAT8_E5M2_EXT | CType = VK_COMPONENT_TYPE_FLOAT32_KHR | ResultType = VK_COMPONENT_TYPE_FLOAT32_KHR | scope = VK_SCOPE_WORKGROUP_KHR | workgroupInvocations = 64
[35] MGranularity = 16 | NGranularity = 16 | KGranularity = 32 | AType = VK_COMPONENT_TYPE_FLOAT8_E4M3_EXT | BType = VK_COMPONENT_TYPE_FLOAT8_E4M3_EXT | CType = VK_COMPONENT_TYPE_FLOAT16_KHR | ResultType = VK_COMPONENT_TYPE_FLOAT16_KHR | scope = VK_SCOPE_WORKGROUP_KHR | workgroupInvocations = 64
[36] MGranularity = 16 | NGranularity = 16 | KGranularity = 32 | AType = VK_COMPONENT_TYPE_FLOAT8_E4M3_EXT | BType = VK_COMPONENT_TYPE_FLOAT8_E4M3_EXT | CType = VK_COMPONENT_TYPE_FLOAT32_KHR | ResultType = VK_COMPONENT_TYPE_FLOAT32_KHR | scope = VK_SCOPE_WORKGROUP_KHR | workgroupInvocations = 64
[37] MGranularity = 32 | NGranularity = 16 | KGranularity = 32 | AType = VK_COMPONENT_TYPE_FLOAT8_E5M2_EXT | BType = VK_COMPONENT_TYPE_FLOAT8_E5M2_EXT | CType = VK_COMPONENT_TYPE_FLOAT16_KHR | ResultType = VK_COMPONENT_TYPE_FLOAT16_KHR | scope = VK_SCOPE_WORKGROUP_KHR | workgroupInvocations = 128
[38] MGranularity = 32 | NGranularity = 16 | KGranularity = 32 | AType = VK_COMPONENT_TYPE_FLOAT8_E5M2_EXT | BType = VK_COMPONENT_TYPE_FLOAT8_E5M2_EXT | CType = VK_COMPONENT_TYPE_FLOAT32_KHR | ResultType = VK_COMPONENT_TYPE_FLOAT32_KHR | scope = VK_SCOPE_WORKGROUP_KHR | workgroupInvocations = 128
[39] MGranularity = 32 | NGranularity = 16 | KGranularity = 32 | AType = VK_COMPONENT_TYPE_FLOAT8_E4M3_EXT | BType = VK_COMPONENT_TYPE_FLOAT8_E4M3_EXT | CType = VK_COMPONENT_TYPE_FLOAT16_KHR | ResultType = VK_COMPONENT_TYPE_FLOAT16_KHR | scope = VK_SCOPE_WORKGROUP_KHR | workgroupInvocations = 128
[40] MGranularity = 32 | NGranularity = 16 | KGranularity = 32 | AType = VK_COMPONENT_TYPE_FLOAT8_E4M3_EXT | BType = VK_COMPONENT_TYPE_FLOAT8_E4M3_EXT | CType = VK_COMPONENT_TYPE_FLOAT32_KHR | ResultType = VK_COMPONENT_TYPE_FLOAT32_KHR | scope = VK_SCOPE_WORKGROUP_KHR | workgroupInvocations = 128
[41] MGranularity = 32 | NGranularity = 32 | KGranularity = 32 | AType = VK_COMPONENT_TYPE_FLOAT8_E5M2_EXT | BType = VK_COMPONENT_TYPE_FLOAT8_E5M2_EXT | CType = VK_COMPONENT_TYPE_FLOAT16_KHR | ResultType = VK_COMPONENT_TYPE_FLOAT16_KHR | scope = VK_SCOPE_WORKGROUP_KHR | workgroupInvocations = 256
[42] MGranularity = 32 | NGranularity = 32 | KGranularity = 32 | AType = VK_COMPONENT_TYPE_FLOAT8_E5M2_EXT | BType = VK_COMPONENT_TYPE_FLOAT8_E5M2_EXT | CType = VK_COMPONENT_TYPE_FLOAT32_KHR | ResultType = VK_COMPONENT_TYPE_FLOAT32_KHR | scope = VK_SCOPE_WORKGROUP_KHR | workgroupInvocations = 256
[43] MGranularity = 32 | NGranularity = 32 | KGranularity = 32 | AType = VK_COMPONENT_TYPE_FLOAT8_E4M3_EXT | BType = VK_COMPONENT_TYPE_FLOAT8_E4M3_EXT | CType = VK_COMPONENT_TYPE_FLOAT16_KHR | ResultType = VK_COMPONENT_TYPE_FLOAT16_KHR | scope = VK_SCOPE_WORKGROUP_KHR | workgroupInvocations = 256
[44] MGranularity = 32 | NGranularity = 32 | KGranularity = 32 | AType = VK_COMPONENT_TYPE_FLOAT8_E4M3_EXT | BType = VK_COMPONENT_TYPE_FLOAT8_E4M3_EXT | CType = VK_COMPONENT_TYPE_FLOAT32_KHR | ResultType = VK_COMPONENT_TYPE_FLOAT32_KHR | scope = VK_SCOPE_WORKGROUP_KHR | workgroupInvocations = 256
.
The Vulkan spec states: For OpTypeCooperativeMatrixKHR, if the cooperativeMatrixFlexibleDimensions feature is enabled, the component type, scope, number of rows, and number of columns must match either one of the matrices in one of the supported VkCooperativeMatrixPropertiesKHR or VkCooperativeMatrixFlexibleDimensionsPropertiesNV (https://docs.vulkan.org/spec/latest/appendices/spirvenv.html#VUID-RuntimeSpirv-cooperativeMatrixFlexibleDimensions-10165)

Validation Error: [ VUID-RuntimeSpirv-cooperativeMatrixFlexibleDimensions-10165 ] | MessageID = 0xaf8bd211
vkCreateComputePipelines(): pCreateInfos[0].stage SPIR-V (VK_SHADER_STAGE_COMPUTE_BIT) has
%8044 = OpTypeCooperativeMatrixKHR %533 %165 %61 %84 %13 (rows: 16, cols: 16, scope: VK_SCOPE_SUBGROUP_KHR, type: VK_COMPONENT_TYPE_BFLOAT16_KHR, use: 2)
but doesn't match any VkCooperativeMatrixPropertiesKHR or VkCooperativeMatrixFlexibleDimensionsPropertiesNV
[0] MSize = 16 | NSize = 16 | KSize = 16 | AType = VK_COMPONENT_TYPE_FLOAT16_KHR | BType = VK_COMPONENT_TYPE_FLOAT16_KHR | CType = VK_COMPONENT_TYPE_FLOAT16_KHR | ResultType = VK_COMPONENT_TYPE_FLOAT16_KHR | scope = VK_SCOPE_SUBGROUP_KHR
[1] MSize = 16 | NSize = 8 | KSize = 16 | AType = VK_COMPONENT_TYPE_FLOAT16_KHR | BType = VK_COMPONENT_TYPE_FLOAT16_KHR | CType = VK_COMPONENT_TYPE_FLOAT16_KHR | ResultType = VK_COMPONENT_TYPE_FLOAT16_KHR | scope = VK_SCOPE_SUBGROUP_KHR
[2] MSize = 16 | NSize = 8 | KSize = 8 | AType = VK_COMPONENT_TYPE_FLOAT16_KHR | BType = VK_COMPONENT_TYPE_FLOAT16_KHR | CType = VK_COMPONENT_TYPE_FLOAT16_KHR | ResultType = VK_COMPONENT_TYPE_FLOAT16_KHR | scope = VK_SCOPE_SUBGROUP_KHR
[3] MSize = 16 | NSize = 16 | KSize = 16 | AType = VK_COMPONENT_TYPE_FLOAT16_KHR | BType = VK_COMPONENT_TYPE_FLOAT16_KHR | CType = VK_COMPONENT_TYPE_FLOAT32_KHR | ResultType = VK_COMPONENT_TYPE_FLOAT32_KHR | scope = VK_SCOPE_SUBGROUP_KHR
[4] MSize = 16 | NSize = 8 | KSize = 16 | AType = VK_COMPONENT_TYPE_FLOAT16_KHR | BType = VK_COMPONENT_TYPE_FLOAT16_KHR | CType = VK_COMPONENT_TYPE_FLOAT32_KHR | ResultType = VK_COMPONENT_TYPE_FLOAT32_KHR | scope = VK_SCOPE_SUBGROUP_KHR
[5] MSize = 16 | NSize = 8 | KSize = 8 | AType = VK_COMPONENT_TYPE_FLOAT16_KHR | BType = VK_COMPONENT_TYPE_FLOAT16_KHR | CType = VK_COMPONENT_TYPE_FLOAT32_KHR | ResultType = VK_COMPONENT_TYPE_FLOAT32_KHR | scope = VK_SCOPE_SUBGROUP_KHR
[6] MSize = 16 | NSize = 16 | KSize = 32 | AType = VK_COMPONENT_TYPE_UINT8_KHR | BType = VK_COMPONENT_TYPE_UINT8_KHR | CType = VK_COMPONENT_TYPE_UINT32_KHR | ResultType = VK_COMPONENT_TYPE_UINT32_KHR | scope = VK_SCOPE_SUBGROUP_KHR
[7] MSize = 16 | NSize = 16 | KSize = 32 | AType = VK_COMPONENT_TYPE_SINT8_KHR | BType = VK_COMPONENT_TYPE_SINT8_KHR | CType = VK_COMPONENT_TYPE_SINT32_KHR | ResultType = VK_COMPONENT_TYPE_SINT32_KHR | scope = VK_SCOPE_SUBGROUP_KHR
[8] MSize = 16 | NSize = 8 | KSize = 32 | AType = VK_COMPONENT_TYPE_UINT8_KHR | BType = VK_COMPONENT_TYPE_UINT8_KHR | CType = VK_COMPONENT_TYPE_UINT32_KHR | ResultType = VK_COMPONENT_TYPE_UINT32_KHR | scope = VK_SCOPE_SUBGROUP_KHR
[9] MSize = 16 | NSize = 8 | KSize = 32 | AType = VK_COMPONENT_TYPE_SINT8_KHR | BType = VK_COMPONENT_TYPE_SINT8_KHR | CType = VK_COMPONENT_TYPE_SINT32_KHR | ResultType = VK_COMPONENT_TYPE_SINT32_KHR | scope = VK_SCOPE_SUBGROUP_KHR
[10] MSize = 16 | NSize = 16 | KSize = 16 | AType = VK_COMPONENT_TYPE_BFLOAT16_KHR | BType = VK_COMPONENT_TYPE_BFLOAT16_KHR | CType = VK_COMPONENT_TYPE_FLOAT32_KHR | ResultType = VK_COMPONENT_TYPE_FLOAT32_KHR | scope = VK_SCOPE_SUBGROUP_KHR
[11] MSize = 16 | NSize = 16 | KSize = 32 | AType = VK_COMPONENT_TYPE_FLOAT8_E5M2_EXT | BType = VK_COMPONENT_TYPE_FLOAT8_E5M2_EXT | CType = VK_COMPONENT_TYPE_FLOAT16_KHR | ResultType = VK_COMPONENT_TYPE_FLOAT16_KHR | scope = VK_SCOPE_SUBGROUP_KHR
[12] MSize = 16 | NSize = 16 | KSize = 32 | AType = VK_COMPONENT_TYPE_FLOAT8_E5M2_EXT | BType = VK_COMPONENT_TYPE_FLOAT8_E5M2_EXT | CType = VK_COMPONENT_TYPE_FLOAT32_KHR | ResultType = VK_COMPONENT_TYPE_FLOAT32_KHR | scope = VK_SCOPE_SUBGROUP_KHR
[13] MSize = 16 | NSize = 16 | KSize = 32 | AType = VK_COMPONENT_TYPE_FLOAT8_E4M3_EXT | BType = VK_COMPONENT_TYPE_FLOAT8_E4M3_EXT | CType = VK_COMPONENT_TYPE_FLOAT16_KHR | ResultType = VK_COMPONENT_TYPE_FLOAT16_KHR | scope = VK_SCOPE_SUBGROUP_KHR
[14] MSize = 16 | NSize = 16 | KSize = 32 | AType = VK_COMPONENT_TYPE_FLOAT8_E4M3_EXT | BType = VK_COMPONENT_TYPE_FLOAT8_E4M3_EXT | CType = VK_COMPONENT_TYPE_FLOAT32_KHR | ResultType = VK_COMPONENT_TYPE_FLOAT32_KHR | scope = VK_SCOPE_SUBGROUP_KHR

[0] MGranularity = 16 | NGranularity = 16 | KGranularity = 16 | AType = VK_COMPONENT_TYPE_FLOAT16_KHR | BType = VK_COMPONENT_TYPE_FLOAT16_KHR | CType = VK_COMPONENT_TYPE_FLOAT16_KHR | ResultType = VK_COMPONENT_TYPE_FLOAT16_KHR | scope = VK_SCOPE_SUBGROUP_KHR | workgroupInvocations = 0
[1] MGranularity = 16 | NGranularity = 16 | KGranularity = 16 | AType = VK_COMPONENT_TYPE_FLOAT16_KHR | BType = VK_COMPONENT_TYPE_FLOAT16_KHR | CType = VK_COMPONENT_TYPE_FLOAT32_KHR | ResultType = VK_COMPONENT_TYPE_FLOAT32_KHR | scope = VK_SCOPE_SUBGROUP_KHR | workgroupInvocations = 0
[2] MGranularity = 16 | NGranularity = 16 | KGranularity = 32 | AType = VK_COMPONENT_TYPE_UINT8_KHR | BType = VK_COMPONENT_TYPE_UINT8_KHR | CType = VK_COMPONENT_TYPE_UINT32_KHR | ResultType = VK_COMPONENT_TYPE_UINT32_KHR | scope = VK_SCOPE_SUBGROUP_KHR | workgroupInvocations = 0
[3] MGranularity = 16 | NGranularity = 16 | KGranularity = 32 | AType = VK_COMPONENT_TYPE_SINT8_KHR | BType = VK_COMPONENT_TYPE_SINT8_KHR | CType = VK_COMPONENT_TYPE_SINT32_KHR | ResultType = VK_COMPONENT_TYPE_SINT32_KHR | scope = VK_SCOPE_SUBGROUP_KHR | workgroupInvocations = 0
[4] MGranularity = 16 | NGranularity = 16 | KGranularity = 16 | AType = VK_COMPONENT_TYPE_BFLOAT16_KHR | BType = VK_COMPONENT_TYPE_BFLOAT16_KHR | CType = VK_COMPONENT_TYPE_FLOAT32_KHR | ResultType = VK_COMPONENT_TYPE_FLOAT32_KHR | scope = VK_SCOPE_SUBGROUP_KHR | workgroupInvocations = 0
[5] MGranularity = 16 | NGranularity = 16 | KGranularity = 16 | AType = VK_COMPONENT_TYPE_FLOAT16_KHR | BType = VK_COMPONENT_TYPE_FLOAT16_KHR | CType = VK_COMPONENT_TYPE_FLOAT16_KHR | ResultType = VK_COMPONENT_TYPE_FLOAT16_KHR | scope = VK_SCOPE_WORKGROUP_KHR | workgroupInvocations = 32
[6] MGranularity = 16 | NGranularity = 16 | KGranularity = 16 | AType = VK_COMPONENT_TYPE_FLOAT16_KHR | BType = VK_COMPONENT_TYPE_FLOAT16_KHR | CType = VK_COMPONENT_TYPE_FLOAT32_KHR | ResultType = VK_COMPONENT_TYPE_FLOAT32_KHR | scope = VK_SCOPE_WORKGROUP_KHR | workgroupInvocations = 32
[7] MGranularity = 16 | NGranularity = 16 | KGranularity = 32 | AType = VK_COMPONENT_TYPE_UINT8_KHR | BType = VK_COMPONENT_TYPE_UINT8_KHR | CType = VK_COMPONENT_TYPE_UINT32_KHR | ResultType = VK_COMPONENT_TYPE_UINT32_KHR | scope = VK_SCOPE_WORKGROUP_KHR | workgroupInvocations = 32
[8] MGranularity = 16 | NGranularity = 16 | KGranularity = 32 | AType = VK_COMPONENT_TYPE_SINT8_KHR | BType = VK_COMPONENT_TYPE_SINT8_KHR | CType = VK_COMPONENT_TYPE_SINT32_KHR | ResultType = VK_COMPONENT_TYPE_SINT32_KHR | scope = VK_SCOPE_WORKGROUP_KHR | workgroupInvocations = 32
[9] MGranularity = 16 | NGranularity = 16 | KGranularity = 16 | AType = VK_COMPONENT_TYPE_BFLOAT16_KHR | BType = VK_COMPONENT_TYPE_BFLOAT16_KHR | CType = VK_COMPONENT_TYPE_FLOAT32_KHR | ResultType = VK_COMPONENT_TYPE_FLOAT32_KHR | scope = VK_SCOPE_WORKGROUP_KHR | workgroupInvocations = 32
[10] MGranularity = 16 | NGranularity = 16 | KGranularity = 16 | AType = VK_COMPONENT_TYPE_FLOAT16_KHR | BType = VK_COMPONENT_TYPE_FLOAT16_KHR | CType = VK_COMPONENT_TYPE_FLOAT16_KHR | ResultType = VK_COMPONENT_TYPE_FLOAT16_KHR | scope = VK_SCOPE_WORKGROUP_KHR | workgroupInvocations = 64
[11] MGranularity = 16 | NGranularity = 16 | KGranularity = 16 | AType = VK_COMPONENT_TYPE_FLOAT16_KHR | BType = VK_COMPONENT_TYPE_FLOAT16_KHR | CType = VK_COMPONENT_TYPE_FLOAT32_KHR | ResultType = VK_COMPONENT_TYPE_FLOAT32_KHR | scope = VK_SCOPE_WORKGROUP_KHR | workgroupInvocations = 64
[12] MGranularity = 16 | NGranularity = 16 | KGranularity = 32 | AType = VK_COMPONENT_TYPE_UINT8_KHR | BType = VK_COMPONENT_TYPE_UINT8_KHR | CType = VK_COMPONENT_TYPE_UINT32_KHR | ResultType = VK_COMPONENT_TYPE_UINT32_KHR | scope = VK_SCOPE_WORKGROUP_KHR | workgroupInvocations = 64
[13] MGranularity = 16 | NGranularity = 16 | KGranularity = 32 | AType = VK_COMPONENT_TYPE_SINT8_KHR | BType = VK_COMPONENT_TYPE_SINT8_KHR | CType = VK_COMPONENT_TYPE_SINT32_KHR | ResultType = VK_COMPONENT_TYPE_SINT32_KHR | scope = VK_SCOPE_WORKGROUP_KHR | workgroupInvocations = 64
[14] MGranularity = 16 | NGranularity = 16 | KGranularity = 16 | AType = VK_COMPONENT_TYPE_BFLOAT16_KHR | BType = VK_COMPONENT_TYPE_BFLOAT16_KHR | CType = VK_COMPONENT_TYPE_FLOAT32_KHR | ResultType = VK_COMPONENT_TYPE_FLOAT32_KHR | scope = VK_SCOPE_WORKGROUP_KHR | workgroupInvocations = 64
[15] MGranularity = 32 | NGranularity = 16 | KGranularity = 16 | AType = VK_COMPONENT_TYPE_FLOAT16_KHR | BType = VK_COMPONENT_TYPE_FLOAT16_KHR | CType = VK_COMPONENT_TYPE_FLOAT16_KHR | ResultType = VK_COMPONENT_TYPE_FLOAT16_KHR | scope = VK_SCOPE_WORKGROUP_KHR | workgroupInvocations = 128
[16] MGranularity = 32 | NGranularity = 16 | KGranularity = 16 | AType = VK_COMPONENT_TYPE_FLOAT16_KHR | BType = VK_COMPONENT_TYPE_FLOAT16_KHR | CType = VK_COMPONENT_TYPE_FLOAT32_KHR | ResultType = VK_COMPONENT_TYPE_FLOAT32_KHR | scope = VK_SCOPE_WORKGROUP_KHR | workgroupInvocations = 128
[17] MGranularity = 32 | NGranularity = 16 | KGranularity = 32 | AType = VK_COMPONENT_TYPE_UINT8_KHR | BType = VK_COMPONENT_TYPE_UINT8_KHR | CType = VK_COMPONENT_TYPE_UINT32_KHR | ResultType = VK_COMPONENT_TYPE_UINT32_KHR | scope = VK_SCOPE_WORKGROUP_KHR | workgroupInvocations = 128
[18] MGranularity = 32 | NGranularity = 16 | KGranularity = 32 | AType = VK_COMPONENT_TYPE_SINT8_KHR | BType = VK_COMPONENT_TYPE_SINT8_KHR | CType = VK_COMPONENT_TYPE_SINT32_KHR | ResultType = VK_COMPONENT_TYPE_SINT32_KHR | scope = VK_SCOPE_WORKGROUP_KHR | workgroupInvocations = 128
[19] MGranularity = 32 | NGranularity = 16 | KGranularity = 16 | AType = VK_COMPONENT_TYPE_BFLOAT16_KHR | BType = VK_COMPONENT_TYPE_BFLOAT16_KHR | CType = VK_COMPONENT_TYPE_FLOAT32_KHR | ResultType = VK_COMPONENT_TYPE_FLOAT32_KHR | scope = VK_SCOPE_WORKGROUP_KHR | workgroupInvocations = 128
[20] MGranularity = 32 | NGranularity = 32 | KGranularity = 16 | AType = VK_COMPONENT_TYPE_FLOAT16_KHR | BType = VK_COMPONENT_TYPE_FLOAT16_KHR | CType = VK_COMPONENT_TYPE_FLOAT16_KHR | ResultType = VK_COMPONENT_TYPE_FLOAT16_KHR | scope = VK_SCOPE_WORKGROUP_KHR | workgroupInvocations = 256
[21] MGranularity = 32 | NGranularity = 32 | KGranularity = 16 | AType = VK_COMPONENT_TYPE_FLOAT16_KHR | BType = VK_COMPONENT_TYPE_FLOAT16_KHR | CType = VK_COMPONENT_TYPE_FLOAT32_KHR | ResultType = VK_COMPONENT_TYPE_FLOAT32_KHR | scope = VK_SCOPE_WORKGROUP_KHR | workgroupInvocations = 256
[22] MGranularity = 32 | NGranularity = 32 | KGranularity = 32 | AType = VK_COMPONENT_TYPE_UINT8_KHR | BType = VK_COMPONENT_TYPE_UINT8_KHR | CType = VK_COMPONENT_TYPE_UINT32_KHR | ResultType = VK_COMPONENT_TYPE_UINT32_KHR | scope = VK_SCOPE_WORKGROUP_KHR | workgroupInvocations = 256
[23] MGranularity = 32 | NGranularity = 32 | KGranularity = 32 | AType = VK_COMPONENT_TYPE_SINT8_KHR | BType = VK_COMPONENT_TYPE_SINT8_KHR | CType = VK_COMPONENT_TYPE_SINT32_KHR | ResultType = VK_COMPONENT_TYPE_SINT32_KHR | scope = VK_SCOPE_WORKGROUP_KHR | workgroupInvocations = 256
[24] MGranularity = 32 | NGranularity = 32 | KGranularity = 16 | AType = VK_COMPONENT_TYPE_BFLOAT16_KHR | BType = VK_COMPONENT_TYPE_BFLOAT16_KHR | CType = VK_COMPONENT_TYPE_FLOAT32_KHR | ResultType = VK_COMPONENT_TYPE_FLOAT32_KHR | scope = VK_SCOPE_WORKGROUP_KHR | workgroupInvocations = 256
[25] MGranularity = 16 | NGranularity = 16 | KGranularity = 32 | AType = VK_COMPONENT_TYPE_FLOAT8_E5M2_EXT | BType = VK_COMPONENT_TYPE_FLOAT8_E5M2_EXT | CType = VK_COMPONENT_TYPE_FLOAT16_KHR | ResultType = VK_COMPONENT_TYPE_FLOAT16_KHR | scope = VK_SCOPE_SUBGROUP_KHR | workgroupInvocations = 0
[26] MGranularity = 16 | NGranularity = 16 | KGranularity = 32 | AType = VK_COMPONENT_TYPE_FLOAT8_E5M2_EXT | BType = VK_COMPONENT_TYPE_FLOAT8_E5M2_EXT | CType = VK_COMPONENT_TYPE_FLOAT32_KHR | ResultType = VK_COMPONENT_TYPE_FLOAT32_KHR | scope = VK_SCOPE_SUBGROUP_KHR | workgroupInvocations = 0
[27] MGranularity = 16 | NGranularity = 16 | KGranularity = 32 | AType = VK_COMPONENT_TYPE_FLOAT8_E4M3_EXT | BType = VK_COMPONENT_TYPE_FLOAT8_E4M3_EXT | CType = VK_COMPONENT_TYPE_FLOAT16_KHR | ResultType = VK_COMPONENT_TYPE_FLOAT16_KHR | scope = VK_SCOPE_SUBGROUP_KHR | workgroupInvocations = 0
[28] MGranularity = 16 | NGranularity = 16 | KGranularity = 32 | AType = VK_COMPONENT_TYPE_FLOAT8_E4M3_EXT | BType = VK_COMPONENT_TYPE_FLOAT8_E4M3_EXT | CType = VK_COMPONENT_TYPE_FLOAT32_KHR | ResultType = VK_COMPONENT_TYPE_FLOAT32_KHR | scope = VK_SCOPE_SUBGROUP_KHR | workgroupInvocations = 0
[29] MGranularity = 16 | NGranularity = 16 | KGranularity = 32 | AType = VK_COMPONENT_TYPE_FLOAT8_E5M2_EXT | BType = VK_COMPONENT_TYPE_FLOAT8_E5M2_EXT | CType = VK_COMPONENT_TYPE_FLOAT16_KHR | ResultType = VK_COMPONENT_TYPE_FLOAT16_KHR | scope = VK_SCOPE_WORKGROUP_KHR | workgroupInvocations = 32
[30] MGranularity = 16 | NGranularity = 16 | KGranularity = 32 | AType = VK_COMPONENT_TYPE_FLOAT8_E5M2_EXT | BType = VK_COMPONENT_TYPE_FLOAT8_E5M2_EXT | CType = VK_COMPONENT_TYPE_FLOAT32_KHR | ResultType = VK_COMPONENT_TYPE_FLOAT32_KHR | scope = VK_SCOPE_WORKGROUP_KHR | workgroupInvocations = 32
[31] MGranularity = 16 | NGranularity = 16 | KGranularity = 32 | AType = VK_COMPONENT_TYPE_FLOAT8_E4M3_EXT | BType = VK_COMPONENT_TYPE_FLOAT8_E4M3_EXT | CType = VK_COMPONENT_TYPE_FLOAT16_KHR | ResultType = VK_COMPONENT_TYPE_FLOAT16_KHR | scope = VK_SCOPE_WORKGROUP_KHR | workgroupInvocations = 32
[32] MGranularity = 16 | NGranularity = 16 | KGranularity = 32 | AType = VK_COMPONENT_TYPE_FLOAT8_E4M3_EXT | BType = VK_COMPONENT_TYPE_FLOAT8_E4M3_EXT | CType = VK_COMPONENT_TYPE_FLOAT32_KHR | ResultType = VK_COMPONENT_TYPE_FLOAT32_KHR | scope = VK_SCOPE_WORKGROUP_KHR | workgroupInvocations = 32
[33] MGranularity = 16 | NGranularity = 16 | KGranularity = 32 | AType = VK_COMPONENT_TYPE_FLOAT8_E5M2_EXT | BType = VK_COMPONENT_TYPE_FLOAT8_E5M2_EXT | CType = VK_COMPONENT_TYPE_FLOAT16_KHR | ResultType = VK_COMPONENT_TYPE_FLOAT16_KHR | scope = VK_SCOPE_WORKGROUP_KHR | workgroupInvocations = 64
[34] MGranularity = 16 | NGranularity = 16 | KGranularity = 32 | AType = VK_COMPONENT_TYPE_FLOAT8_E5M2_EXT | BType = VK_COMPONENT_TYPE_FLOAT8_E5M2_EXT | CType = VK_COMPONENT_TYPE_FLOAT32_KHR | ResultType = VK_COMPONENT_TYPE_FLOAT32_KHR | scope = VK_SCOPE_WORKGROUP_KHR | workgroupInvocations = 64
[35] MGranularity = 16 | NGranularity = 16 | KGranularity = 32 | AType = VK_COMPONENT_TYPE_FLOAT8_E4M3_EXT | BType = VK_COMPONENT_TYPE_FLOAT8_E4M3_EXT | CType = VK_COMPONENT_TYPE_FLOAT16_KHR | ResultType = VK_COMPONENT_TYPE_FLOAT16_KHR | scope = VK_SCOPE_WORKGROUP_KHR | workgroupInvocations = 64
[36] MGranularity = 16 | NGranularity = 16 | KGranularity = 32 | AType = VK_COMPONENT_TYPE_FLOAT8_E4M3_EXT | BType = VK_COMPONENT_TYPE_FLOAT8_E4M3_EXT | CType = VK_COMPONENT_TYPE_FLOAT32_KHR | ResultType = VK_COMPONENT_TYPE_FLOAT32_KHR | scope = VK_SCOPE_WORKGROUP_KHR | workgroupInvocations = 64
[37] MGranularity = 32 | NGranularity = 16 | KGranularity = 32 | AType = VK_COMPONENT_TYPE_FLOAT8_E5M2_EXT | BType = VK_COMPONENT_TYPE_FLOAT8_E5M2_EXT | CType = VK_COMPONENT_TYPE_FLOAT16_KHR | ResultType = VK_COMPONENT_TYPE_FLOAT16_KHR | scope = VK_SCOPE_WORKGROUP_KHR | workgroupInvocations = 128
[38] MGranularity = 32 | NGranularity = 16 | KGranularity = 32 | AType = VK_COMPONENT_TYPE_FLOAT8_E5M2_EXT | BType = VK_COMPONENT_TYPE_FLOAT8_E5M2_EXT | CType = VK_COMPONENT_TYPE_FLOAT32_KHR | ResultType = VK_COMPONENT_TYPE_FLOAT32_KHR | scope = VK_SCOPE_WORKGROUP_KHR | workgroupInvocations = 128
[39] MGranularity = 32 | NGranularity = 16 | KGranularity = 32 | AType = VK_COMPONENT_TYPE_FLOAT8_E4M3_EXT | BType = VK_COMPONENT_TYPE_FLOAT8_E4M3_EXT | CType = VK_COMPONENT_TYPE_FLOAT16_KHR | ResultType = VK_COMPONENT_TYPE_FLOAT16_KHR | scope = VK_SCOPE_WORKGROUP_KHR | workgroupInvocations = 128
[40] MGranularity = 32 | NGranularity = 16 | KGranularity = 32 | AType = VK_COMPONENT_TYPE_FLOAT8_E4M3_EXT | BType = VK_COMPONENT_TYPE_FLOAT8_E4M3_EXT | CType = VK_COMPONENT_TYPE_FLOAT32_KHR | ResultType = VK_COMPONENT_TYPE_FLOAT32_KHR | scope = VK_SCOPE_WORKGROUP_KHR | workgroupInvocations = 128
[41] MGranularity = 32 | NGranularity = 32 | KGranularity = 32 | AType = VK_COMPONENT_TYPE_FLOAT8_E5M2_EXT | BType = VK_COMPONENT_TYPE_FLOAT8_E5M2_EXT | CType = VK_COMPONENT_TYPE_FLOAT16_KHR | ResultType = VK_COMPONENT_TYPE_FLOAT16_KHR | scope = VK_SCOPE_WORKGROUP_KHR | workgroupInvocations = 256
[42] MGranularity = 32 | NGranularity = 32 | KGranularity = 32 | AType = VK_COMPONENT_TYPE_FLOAT8_E5M2_EXT | BType = VK_COMPONENT_TYPE_FLOAT8_E5M2_EXT | CType = VK_COMPONENT_TYPE_FLOAT32_KHR | ResultType = VK_COMPONENT_TYPE_FLOAT32_KHR | scope = VK_SCOPE_WORKGROUP_KHR | workgroupInvocations = 256
[43] MGranularity = 32 | NGranularity = 32 | KGranularity = 32 | AType = VK_COMPONENT_TYPE_FLOAT8_E4M3_EXT | BType = VK_COMPONENT_TYPE_FLOAT8_E4M3_EXT | CType = VK_COMPONENT_TYPE_FLOAT16_KHR | ResultType = VK_COMPONENT_TYPE_FLOAT16_KHR | scope = VK_SCOPE_WORKGROUP_KHR | workgroupInvocations = 256
[44] MGranularity = 32 | NGranularity = 32 | KGranularity = 32 | AType = VK_COMPONENT_TYPE_FLOAT8_E4M3_EXT | BType = VK_COMPONENT_TYPE_FLOAT8_E4M3_EXT | CType = VK_COMPONENT_TYPE_FLOAT32_KHR | ResultType = VK_COMPONENT_TYPE_FLOAT32_KHR | scope = VK_SCOPE_WORKGROUP_KHR | workgroupInvocations = 256
.
The Vulkan spec states: For OpTypeCooperativeMatrixKHR, if the cooperativeMatrixFlexibleDimensions feature is enabled, the component type, scope, number of rows, and number of columns must match either one of the matrices in one of the supported VkCooperativeMatrixPropertiesKHR or VkCooperativeMatrixFlexibleDimensionsPropertiesNV (https://docs.vulkan.org/spec/latest/appendices/spirvenv.html#VUID-RuntimeSpirv-cooperativeMatrixFlexibleDimensions-10165)

Validation Error: [ VUID-RuntimeSpirv-cooperativeMatrixFlexibleDimensions-10165 ] | MessageID = 0xaf8bd211
(Warning - This VUID has now been reported 10 times, which is the duplicate_message_limit value, this will be the last time reporting it).
vkCreateComputePipelines(): pCreateInfos[0].stage SPIR-V (VK_SHADER_STAGE_COMPUTE_BIT) has
%8044 = OpTypeCooperativeMatrixKHR %533 %165 %61 %84 %13 (rows: 16, cols: 16, scope: VK_SCOPE_SUBGROUP_KHR, type: VK_COMPONENT_TYPE_BFLOAT16_KHR, use: 2)
but doesn't match any VkCooperativeMatrixPropertiesKHR or VkCooperativeMatrixFlexibleDimensionsPropertiesNV
[0] MSize = 16 | NSize = 16 | KSize = 16 | AType = VK_COMPONENT_TYPE_FLOAT16_KHR | BType = VK_COMPONENT_TYPE_FLOAT16_KHR | CType = VK_COMPONENT_TYPE_FLOAT16_KHR | ResultType = VK_COMPONENT_TYPE_FLOAT16_KHR | scope = VK_SCOPE_SUBGROUP_KHR
[1] MSize = 16 | NSize = 8 | KSize = 16 | AType = VK_COMPONENT_TYPE_FLOAT16_KHR | BType = VK_COMPONENT_TYPE_FLOAT16_KHR | CType = VK_COMPONENT_TYPE_FLOAT16_KHR | ResultType = VK_COMPONENT_TYPE_FLOAT16_KHR | scope = VK_SCOPE_SUBGROUP_KHR
[2] MSize = 16 | NSize = 8 | KSize = 8 | AType = VK_COMPONENT_TYPE_FLOAT16_KHR | BType = VK_COMPONENT_TYPE_FLOAT16_KHR | CType = VK_COMPONENT_TYPE_FLOAT16_KHR | ResultType = VK_COMPONENT_TYPE_FLOAT16_KHR | scope = VK_SCOPE_SUBGROUP_KHR
[3] MSize = 16 | NSize = 16 | KSize = 16 | AType = VK_COMPONENT_TYPE_FLOAT16_KHR | BType = VK_COMPONENT_TYPE_FLOAT16_KHR | CType = VK_COMPONENT_TYPE_FLOAT32_KHR | ResultType = VK_COMPONENT_TYPE_FLOAT32_KHR | scope = VK_SCOPE_SUBGROUP_KHR
[4] MSize = 16 | NSize = 8 | KSize = 16 | AType = VK_COMPONENT_TYPE_FLOAT16_KHR | BType = VK_COMPONENT_TYPE_FLOAT16_KHR | CType = VK_COMPONENT_TYPE_FLOAT32_KHR | ResultType = VK_COMPONENT_TYPE_FLOAT32_KHR | scope = VK_SCOPE_SUBGROUP_KHR
[5] MSize = 16 | NSize = 8 | KSize = 8 | AType = VK_COMPONENT_TYPE_FLOAT16_KHR | BType = VK_COMPONENT_TYPE_FLOAT16_KHR | CType = VK_COMPONENT_TYPE_FLOAT32_KHR | ResultType = VK_COMPONENT_TYPE_FLOAT32_KHR | scope = VK_SCOPE_SUBGROUP_KHR
[6] MSize = 16 | NSize = 16 | KSize = 32 | AType = VK_COMPONENT_TYPE_UINT8_KHR | BType = VK_COMPONENT_TYPE_UINT8_KHR | CType = VK_COMPONENT_TYPE_UINT32_KHR | ResultType = VK_COMPONENT_TYPE_UINT32_KHR | scope = VK_SCOPE_SUBGROUP_KHR
[7] MSize = 16 | NSize = 16 | KSize = 32 | AType = VK_COMPONENT_TYPE_SINT8_KHR | BType = VK_COMPONENT_TYPE_SINT8_KHR | CType = VK_COMPONENT_TYPE_SINT32_KHR | ResultType = VK_COMPONENT_TYPE_SINT32_KHR | scope = VK_SCOPE_SUBGROUP_KHR
[8] MSize = 16 | NSize = 8 | KSize = 32 | AType = VK_COMPONENT_TYPE_UINT8_KHR | BType = VK_COMPONENT_TYPE_UINT8_KHR | CType = VK_COMPONENT_TYPE_UINT32_KHR | ResultType = VK_COMPONENT_TYPE_UINT32_KHR | scope = VK_SCOPE_SUBGROUP_KHR
[9] MSize = 16 | NSize = 8 | KSize = 32 | AType = VK_COMPONENT_TYPE_SINT8_KHR | BType = VK_COMPONENT_TYPE_SINT8_KHR | CType = VK_COMPONENT_TYPE_SINT32_KHR | ResultType = VK_COMPONENT_TYPE_SINT32_KHR | scope = VK_SCOPE_SUBGROUP_KHR
[10] MSize = 16 | NSize = 16 | KSize = 16 | AType = VK_COMPONENT_TYPE_BFLOAT16_KHR | BType = VK_COMPONENT_TYPE_BFLOAT16_KHR | CType = VK_COMPONENT_TYPE_FLOAT32_KHR | ResultType = VK_COMPONENT_TYPE_FLOAT32_KHR | scope = VK_SCOPE_SUBGROUP_KHR
[11] MSize = 16 | NSize = 16 | KSize = 32 | AType = VK_COMPONENT_TYPE_FLOAT8_E5M2_EXT | BType = VK_COMPONENT_TYPE_FLOAT8_E5M2_EXT | CType = VK_COMPONENT_TYPE_FLOAT16_KHR | ResultType = VK_COMPONENT_TYPE_FLOAT16_KHR | scope = VK_SCOPE_SUBGROUP_KHR
[12] MSize = 16 | NSize = 16 | KSize = 32 | AType = VK_COMPONENT_TYPE_FLOAT8_E5M2_EXT | BType = VK_COMPONENT_TYPE_FLOAT8_E5M2_EXT | CType = VK_COMPONENT_TYPE_FLOAT32_KHR | ResultType = VK_COMPONENT_TYPE_FLOAT32_KHR | scope = VK_SCOPE_SUBGROUP_KHR
[13] MSize = 16 | NSize = 16 | KSize = 32 | AType = VK_COMPONENT_TYPE_FLOAT8_E4M3_EXT | BType = VK_COMPONENT_TYPE_FLOAT8_E4M3_EXT | CType = VK_COMPONENT_TYPE_FLOAT16_KHR | ResultType = VK_COMPONENT_TYPE_FLOAT16_KHR | scope = VK_SCOPE_SUBGROUP_KHR
[14] MSize = 16 | NSize = 16 | KSize = 32 | AType = VK_COMPONENT_TYPE_FLOAT8_E4M3_EXT | BType = VK_COMPONENT_TYPE_FLOAT8_E4M3_EXT | CType = VK_COMPONENT_TYPE_FLOAT32_KHR | ResultType = VK_COMPONENT_TYPE_FLOAT32_KHR | scope = VK_SCOPE_SUBGROUP_KHR

[0] MGranularity = 16 | NGranularity = 16 | KGranularity = 16 | AType = VK_COMPONENT_TYPE_FLOAT16_KHR | BType = VK_COMPONENT_TYPE_FLOAT16_KHR | CType = VK_COMPONENT_TYPE_FLOAT16_KHR | ResultType = VK_COMPONENT_TYPE_FLOAT16_KHR | scope = VK_SCOPE_SUBGROUP_KHR | workgroupInvocations = 0
[1] MGranularity = 16 | NGranularity = 16 | KGranularity = 16 | AType = VK_COMPONENT_TYPE_FLOAT16_KHR | BType = VK_COMPONENT_TYPE_FLOAT16_KHR | CType = VK_COMPONENT_TYPE_FLOAT32_KHR | ResultType = VK_COMPONENT_TYPE_FLOAT32_KHR | scope = VK_SCOPE_SUBGROUP_KHR | workgroupInvocations = 0
[2] MGranularity = 16 | NGranularity = 16 | KGranularity = 32 | AType = VK_COMPONENT_TYPE_UINT8_KHR | BType = VK_COMPONENT_TYPE_UINT8_KHR | CType = VK_COMPONENT_TYPE_UINT32_KHR | ResultType = VK_COMPONENT_TYPE_UINT32_KHR | scope = VK_SCOPE_SUBGROUP_KHR | workgroupInvocations = 0
[3] MGranularity = 16 | NGranularity = 16 | KGranularity = 32 | AType = VK_COMPONENT_TYPE_SINT8_KHR | BType = VK_COMPONENT_TYPE_SINT8_KHR | CType = VK_COMPONENT_TYPE_SINT32_KHR | ResultType = VK_COMPONENT_TYPE_SINT32_KHR | scope = VK_SCOPE_SUBGROUP_KHR | workgroupInvocations = 0
[4] MGranularity = 16 | NGranularity = 16 | KGranularity = 16 | AType = VK_COMPONENT_TYPE_BFLOAT16_KHR | BType = VK_COMPONENT_TYPE_BFLOAT16_KHR | CType = VK_COMPONENT_TYPE_FLOAT32_KHR | ResultType = VK_COMPONENT_TYPE_FLOAT32_KHR | scope = VK_SCOPE_SUBGROUP_KHR | workgroupInvocations = 0
[5] MGranularity = 16 | NGranularity = 16 | KGranularity = 16 | AType = VK_COMPONENT_TYPE_FLOAT16_KHR | BType = VK_COMPONENT_TYPE_FLOAT16_KHR | CType = VK_COMPONENT_TYPE_FLOAT16_KHR | ResultType = VK_COMPONENT_TYPE_FLOAT16_KHR | scope = VK_SCOPE_WORKGROUP_KHR | workgroupInvocations = 32
[6] MGranularity = 16 | NGranularity = 16 | KGranularity = 16 | AType = VK_COMPONENT_TYPE_FLOAT16_KHR | BType = VK_COMPONENT_TYPE_FLOAT16_KHR | CType = VK_COMPONENT_TYPE_FLOAT32_KHR | ResultType = VK_COMPONENT_TYPE_FLOAT32_KHR | scope = VK_SCOPE_WORKGROUP_KHR | workgroupInvocations = 32
[7] MGranularity = 16 | NGranularity = 16 | KGranularity = 32 | AType = VK_COMPONENT_TYPE_UINT8_KHR | BType = VK_COMPONENT_TYPE_UINT8_KHR | CType = VK_COMPONENT_TYPE_UINT32_KHR | ResultType = VK_COMPONENT_TYPE_UINT32_KHR | scope = VK_SCOPE_WORKGROUP_KHR | workgroupInvocations = 32
[8] MGranularity = 16 | NGranularity = 16 | KGranularity = 32 | AType = VK_COMPONENT_TYPE_SINT8_KHR | BType = VK_COMPONENT_TYPE_SINT8_KHR | CType = VK_COMPONENT_TYPE_SINT32_KHR | ResultType = VK_COMPONENT_TYPE_SINT32_KHR | scope = VK_SCOPE_WORKGROUP_KHR | workgroupInvocations = 32
[9] MGranularity = 16 | NGranularity = 16 | KGranularity = 16 | AType = VK_COMPONENT_TYPE_BFLOAT16_KHR | BType = VK_COMPONENT_TYPE_BFLOAT16_KHR | CType = VK_COMPONENT_TYPE_FLOAT32_KHR | ResultType = VK_COMPONENT_TYPE_FLOAT32_KHR | scope = VK_SCOPE_WORKGROUP_KHR | workgroupInvocations = 32
[10] MGranularity = 16 | NGranularity = 16 | KGranularity = 16 | AType = VK_COMPONENT_TYPE_FLOAT16_KHR | BType = VK_COMPONENT_TYPE_FLOAT16_KHR | CType = VK_COMPONENT_TYPE_FLOAT16_KHR | ResultType = VK_COMPONENT_TYPE_FLOAT16_KHR | scope = VK_SCOPE_WORKGROUP_KHR | workgroupInvocations = 64
[11] MGranularity = 16 | NGranularity = 16 | KGranularity = 16 | AType = VK_COMPONENT_TYPE_FLOAT16_KHR | BType = VK_COMPONENT_TYPE_FLOAT16_KHR | CType = VK_COMPONENT_TYPE_FLOAT32_KHR | ResultType = VK_COMPONENT_TYPE_FLOAT32_KHR | scope = VK_SCOPE_WORKGROUP_KHR | workgroupInvocations = 64
[12] MGranularity = 16 | NGranularity = 16 | KGranularity = 32 | AType = VK_COMPONENT_TYPE_UINT8_KHR | BType = VK_COMPONENT_TYPE_UINT8_KHR | CType = VK_COMPONENT_TYPE_UINT32_KHR | ResultType = VK_COMPONENT_TYPE_UINT32_KHR | scope = VK_SCOPE_WORKGROUP_KHR | workgroupInvocations = 64
[13] MGranularity = 16 | NGranularity = 16 | KGranularity = 32 | AType = VK_COMPONENT_TYPE_SINT8_KHR | BType = VK_COMPONENT_TYPE_SINT8_KHR | CType = VK_COMPONENT_TYPE_SINT32_KHR | ResultType = VK_COMPONENT_TYPE_SINT32_KHR | scope = VK_SCOPE_WORKGROUP_KHR | workgroupInvocations = 64
[14] MGranularity = 16 | NGranularity = 16 | KGranularity = 16 | AType = VK_COMPONENT_TYPE_BFLOAT16_KHR | BType = VK_COMPONENT_TYPE_BFLOAT16_KHR | CType = VK_COMPONENT_TYPE_FLOAT32_KHR | ResultType = VK_COMPONENT_TYPE_FLOAT32_KHR | scope = VK_SCOPE_WORKGROUP_KHR | workgroupInvocations = 64
[15] MGranularity = 32 | NGranularity = 16 | KGranularity = 16 | AType = VK_COMPONENT_TYPE_FLOAT16_KHR | BType = VK_COMPONENT_TYPE_FLOAT16_KHR | CType = VK_COMPONENT_TYPE_FLOAT16_KHR | ResultType = VK_COMPONENT_TYPE_FLOAT16_KHR | scope = VK_SCOPE_WORKGROUP_KHR | workgroupInvocations = 128
[16] MGranularity = 32 | NGranularity = 16 | KGranularity = 16 | AType = VK_COMPONENT_TYPE_FLOAT16_KHR | BType = VK_COMPONENT_TYPE_FLOAT16_KHR | CType = VK_COMPONENT_TYPE_FLOAT32_KHR | ResultType = VK_COMPONENT_TYPE_FLOAT32_KHR | scope = VK_SCOPE_WORKGROUP_KHR | workgroupInvocations = 128
[17] MGranularity = 32 | NGranularity = 16 | KGranularity = 32 | AType = VK_COMPONENT_TYPE_UINT8_KHR | BType = VK_COMPONENT_TYPE_UINT8_KHR | CType = VK_COMPONENT_TYPE_UINT32_KHR | ResultType = VK_COMPONENT_TYPE_UINT32_KHR | scope = VK_SCOPE_WORKGROUP_KHR | workgroupInvocations = 128
[18] MGranularity = 32 | NGranularity = 16 | KGranularity = 32 | AType = VK_COMPONENT_TYPE_SINT8_KHR | BType = VK_COMPONENT_TYPE_SINT8_KHR | CType = VK_COMPONENT_TYPE_SINT32_KHR | ResultType = VK_COMPONENT_TYPE_SINT32_KHR | scope = VK_SCOPE_WORKGROUP_KHR | workgroupInvocations = 128
[19] MGranularity = 32 | NGranularity = 16 | KGranularity = 16 | AType = VK_COMPONENT_TYPE_BFLOAT16_KHR | BType = VK_COMPONENT_TYPE_BFLOAT16_KHR | CType = VK_COMPONENT_TYPE_FLOAT32_KHR | ResultType = VK_COMPONENT_TYPE_FLOAT32_KHR | scope = VK_SCOPE_WORKGROUP_KHR | workgroupInvocations = 128
[20] MGranularity = 32 | NGranularity = 32 | KGranularity = 16 | AType = VK_COMPONENT_TYPE_FLOAT16_KHR | BType = VK_COMPONENT_TYPE_FLOAT16_KHR | CType = VK_COMPONENT_TYPE_FLOAT16_KHR | ResultType = VK_COMPONENT_TYPE_FLOAT16_KHR | scope = VK_SCOPE_WORKGROUP_KHR | workgroupInvocations = 256
[21] MGranularity = 32 | NGranularity = 32 | KGranularity = 16 | AType = VK_COMPONENT_TYPE_FLOAT16_KHR | BType = VK_COMPONENT_TYPE_FLOAT16_KHR | CType = VK_COMPONENT_TYPE_FLOAT32_KHR | ResultType = VK_COMPONENT_TYPE_FLOAT32_KHR | scope = VK_SCOPE_WORKGROUP_KHR | workgroupInvocations = 256
[22] MGranularity = 32 | NGranularity = 32 | KGranularity = 32 | AType = VK_COMPONENT_TYPE_UINT8_KHR | BType = VK_COMPONENT_TYPE_UINT8_KHR | CType = VK_COMPONENT_TYPE_UINT32_KHR | ResultType = VK_COMPONENT_TYPE_UINT32_KHR | scope = VK_SCOPE_WORKGROUP_KHR | workgroupInvocations = 256
[23] MGranularity = 32 | NGranularity = 32 | KGranularity = 32 | AType = VK_COMPONENT_TYPE_SINT8_KHR | BType = VK_COMPONENT_TYPE_SINT8_KHR | CType = VK_COMPONENT_TYPE_SINT32_KHR | ResultType = VK_COMPONENT_TYPE_SINT32_KHR | scope = VK_SCOPE_WORKGROUP_KHR | workgroupInvocations = 256
[24] MGranularity = 32 | NGranularity = 32 | KGranularity = 16 | AType = VK_COMPONENT_TYPE_BFLOAT16_KHR | BType = VK_COMPONENT_TYPE_BFLOAT16_KHR | CType = VK_COMPONENT_TYPE_FLOAT32_KHR | ResultType = VK_COMPONENT_TYPE_FLOAT32_KHR | scope = VK_SCOPE_WORKGROUP_KHR | workgroupInvocations = 256
[25] MGranularity = 16 | NGranularity = 16 | KGranularity = 32 | AType = VK_COMPONENT_TYPE_FLOAT8_E5M2_EXT | BType = VK_COMPONENT_TYPE_FLOAT8_E5M2_EXT | CType = VK_COMPONENT_TYPE_FLOAT16_KHR | ResultType = VK_COMPONENT_TYPE_FLOAT16_KHR | scope = VK_SCOPE_SUBGROUP_KHR | workgroupInvocations = 0
[26] MGranularity = 16 | NGranularity = 16 | KGranularity = 32 | AType = VK_COMPONENT_TYPE_FLOAT8_E5M2_EXT | BType = VK_COMPONENT_TYPE_FLOAT8_E5M2_EXT | CType = VK_COMPONENT_TYPE_FLOAT32_KHR | ResultType = VK_COMPONENT_TYPE_FLOAT32_KHR | scope = VK_SCOPE_SUBGROUP_KHR | workgroupInvocations = 0
[27] MGranularity = 16 | NGranularity = 16 | KGranularity = 32 | AType = VK_COMPONENT_TYPE_FLOAT8_E4M3_EXT | BType = VK_COMPONENT_TYPE_FLOAT8_E4M3_EXT | CType = VK_COMPONENT_TYPE_FLOAT16_KHR | ResultType = VK_COMPONENT_TYPE_FLOAT16_KHR | scope = VK_SCOPE_SUBGROUP_KHR | workgroupInvocations = 0
[28] MGranularity = 16 | NGranularity = 16 | KGranularity = 32 | AType = VK_COMPONENT_TYPE_FLOAT8_E4M3_EXT | BType = VK_COMPONENT_TYPE_FLOAT8_E4M3_EXT | CType = VK_COMPONENT_TYPE_FLOAT32_KHR | ResultType = VK_COMPONENT_TYPE_FLOAT32_KHR | scope = VK_SCOPE_SUBGROUP_KHR | workgroupInvocations = 0
[29] MGranularity = 16 | NGranularity = 16 | KGranularity = 32 | AType = VK_COMPONENT_TYPE_FLOAT8_E5M2_EXT | BType = VK_COMPONENT_TYPE_FLOAT8_E5M2_EXT | CType = VK_COMPONENT_TYPE_FLOAT16_KHR | ResultType = VK_COMPONENT_TYPE_FLOAT16_KHR | scope = VK_SCOPE_WORKGROUP_KHR | workgroupInvocations = 32
[30] MGranularity = 16 | NGranularity = 16 | KGranularity = 32 | AType = VK_COMPONENT_TYPE_FLOAT8_E5M2_EXT | BType = VK_COMPONENT_TYPE_FLOAT8_E5M2_EXT | CType = VK_COMPONENT_TYPE_FLOAT32_KHR | ResultType = VK_COMPONENT_TYPE_FLOAT32_KHR | scope = VK_SCOPE_WORKGROUP_KHR | workgroupInvocations = 32
[31] MGranularity = 16 | NGranularity = 16 | KGranularity = 32 | AType = VK_COMPONENT_TYPE_FLOAT8_E4M3_EXT | BType = VK_COMPONENT_TYPE_FLOAT8_E4M3_EXT | CType = VK_COMPONENT_TYPE_FLOAT16_KHR | ResultType = VK_COMPONENT_TYPE_FLOAT16_KHR | scope = VK_SCOPE_WORKGROUP_KHR | workgroupInvocations = 32
[32] MGranularity = 16 | NGranularity = 16 | KGranularity = 32 | AType = VK_COMPONENT_TYPE_FLOAT8_E4M3_EXT | BType = VK_COMPONENT_TYPE_FLOAT8_E4M3_EXT | CType = VK_COMPONENT_TYPE_FLOAT32_KHR | ResultType = VK_COMPONENT_TYPE_FLOAT32_KHR | scope = VK_SCOPE_WORKGROUP_KHR | workgroupInvocations = 32
[33] MGranularity = 16 | NGranularity = 16 | KGranularity = 32 | AType = VK_COMPONENT_TYPE_FLOAT8_E5M2_EXT | BType = VK_COMPONENT_TYPE_FLOAT8_E5M2_EXT | CType = VK_COMPONENT_TYPE_FLOAT16_KHR | ResultType = VK_COMPONENT_TYPE_FLOAT16_KHR | scope = VK_SCOPE_WORKGROUP_KHR | workgroupInvocations = 64
[34] MGranularity = 16 | NGranularity = 16 | KGranularity = 32 | AType = VK_COMPONENT_TYPE_FLOAT8_E5M2_EXT | BType = VK_COMPONENT_TYPE_FLOAT8_E5M2_EXT | CType = VK_COMPONENT_TYPE_FLOAT32_KHR | ResultType = VK_COMPONENT_TYPE_FLOAT32_KHR | scope = VK_SCOPE_WORKGROUP_KHR | workgroupInvocations = 64
[35] MGranularity = 16 | NGranularity = 16 | KGranularity = 32 | AType = VK_COMPONENT_TYPE_FLOAT8_E4M3_EXT | BType = VK_COMPONENT_TYPE_FLOAT8_E4M3_EXT | CType = VK_COMPONENT_TYPE_FLOAT16_KHR | ResultType = VK_COMPONENT_TYPE_FLOAT16_KHR | scope = VK_SCOPE_WORKGROUP_KHR | workgroupInvocations = 64
[36] MGranularity = 16 | NGranularity = 16 | KGranularity = 32 | AType = VK_COMPONENT_TYPE_FLOAT8_E4M3_EXT | BType = VK_COMPONENT_TYPE_FLOAT8_E4M3_EXT | CType = VK_COMPONENT_TYPE_FLOAT32_KHR | ResultType = VK_COMPONENT_TYPE_FLOAT32_KHR | scope = VK_SCOPE_WORKGROUP_KHR | workgroupInvocations = 64
[37] MGranularity = 32 | NGranularity = 16 | KGranularity = 32 | AType = VK_COMPONENT_TYPE_FLOAT8_E5M2_EXT | BType = VK_COMPONENT_TYPE_FLOAT8_E5M2_EXT | CType = VK_COMPONENT_TYPE_FLOAT16_KHR | ResultType = VK_COMPONENT_TYPE_FLOAT16_KHR | scope = VK_SCOPE_WORKGROUP_KHR | workgroupInvocations = 128
[38] MGranularity = 32 | NGranularity = 16 | KGranularity = 32 | AType = VK_COMPONENT_TYPE_FLOAT8_E5M2_EXT | BType = VK_COMPONENT_TYPE_FLOAT8_E5M2_EXT | CType = VK_COMPONENT_TYPE_FLOAT32_KHR | ResultType = VK_COMPONENT_TYPE_FLOAT32_KHR | scope = VK_SCOPE_WORKGROUP_KHR | workgroupInvocations = 128
[39] MGranularity = 32 | NGranularity = 16 | KGranularity = 32 | AType = VK_COMPONENT_TYPE_FLOAT8_E4M3_EXT | BType = VK_COMPONENT_TYPE_FLOAT8_E4M3_EXT | CType = VK_COMPONENT_TYPE_FLOAT16_KHR | ResultType = VK_COMPONENT_TYPE_FLOAT16_KHR | scope = VK_SCOPE_WORKGROUP_KHR | workgroupInvocations = 128
[40] MGranularity = 32 | NGranularity = 16 | KGranularity = 32 | AType = VK_COMPONENT_TYPE_FLOAT8_E4M3_EXT | BType = VK_COMPONENT_TYPE_FLOAT8_E4M3_EXT | CType = VK_COMPONENT_TYPE_FLOAT32_KHR | ResultType = VK_COMPONENT_TYPE_FLOAT32_KHR | scope = VK_SCOPE_WORKGROUP_KHR | workgroupInvocations = 128
[41] MGranularity = 32 | NGranularity = 32 | KGranularity = 32 | AType = VK_COMPONENT_TYPE_FLOAT8_E5M2_EXT | BType = VK_COMPONENT_TYPE_FLOAT8_E5M2_EXT | CType = VK_COMPONENT_TYPE_FLOAT16_KHR | ResultType = VK_COMPONENT_TYPE_FLOAT16_KHR | scope = VK_SCOPE_WORKGROUP_KHR | workgroupInvocations = 256
[42] MGranularity = 32 | NGranularity = 32 | KGranularity = 32 | AType = VK_COMPONENT_TYPE_FLOAT8_E5M2_EXT | BType = VK_COMPONENT_TYPE_FLOAT8_E5M2_EXT | CType = VK_COMPONENT_TYPE_FLOAT32_KHR | ResultType = VK_COMPONENT_TYPE_FLOAT32_KHR | scope = VK_SCOPE_WORKGROUP_KHR | workgroupInvocations = 256
[43] MGranularity = 32 | NGranularity = 32 | KGranularity = 32 | AType = VK_COMPONENT_TYPE_FLOAT8_E4M3_EXT | BType = VK_COMPONENT_TYPE_FLOAT8_E4M3_EXT | CType = VK_COMPONENT_TYPE_FLOAT16_KHR | ResultType = VK_COMPONENT_TYPE_FLOAT16_KHR | scope = VK_SCOPE_WORKGROUP_KHR | workgroupInvocations = 256
[44] MGranularity = 32 | NGranularity = 32 | KGranularity = 32 | AType = VK_COMPONENT_TYPE_FLOAT8_E4M3_EXT | BType = VK_COMPONENT_TYPE_FLOAT8_E4M3_EXT | CType = VK_COMPONENT_TYPE_FLOAT32_KHR | ResultType = VK_COMPONENT_TYPE_FLOAT32_KHR | scope = VK_SCOPE_WORKGROUP_KHR | workgroupInvocations = 256
.
The Vulkan spec states: For OpTypeCooperativeMatrixKHR, if the cooperativeMatrixFlexibleDimensions feature is enabled, the component type, scope, number of rows, and number of columns must match either one of the matrices in one of the supported VkCooperativeMatrixPropertiesKHR or VkCooperativeMatrixFlexibleDimensionsPropertiesNV (https://docs.vulkan.org/spec/latest/appendices/spirvenv.html#VUID-RuntimeSpirv-cooperativeMatrixFlexibleDimensions-10165)

{"configuration":"vulkan_bf16_dedicated","case":"prefill_decode_reuse","tokens":40,"steps":9,"hint":128,"key_backing_allocations":1,"value_backing_allocations":1,"max_abs_error":0.00453811884,"nrmse":0.00242157887,"atol":0.015,"nrmse_limit":0.03,"passed":true}
{"configuration":"vulkan_bf16_dedicated","case":"reset_and_growth","tokens":65,"steps":7,"hint":8,"key_backing_allocations":4,"value_backing_allocations":4,"max_abs_error":0.00429242849,"nrmse":0.00247968627,"atol":0.015,"nrmse_limit":0.03,"passed":true}
{"configuration":"vulkan_bf16_dedicated","case":"fresh_prompt_after_reset","tokens":9,"steps":3,"hint":16,"key_backing_allocations":1,"value_backing_allocations":1,"max_abs_error":0.00431728363,"nrmse":0.00224450165,"atol":0.015,"nrmse_limit":0.03,"passed":true}
{"configuration":"vulkan_bf16_default","case":"prefill_decode_reuse","tokens":40,"steps":9,"hint":128,"key_backing_allocations":9,"value_backing_allocations":9,"max_abs_error":0.00453811884,"nrmse":0.00242157887,"atol":0.015,"nrmse_limit":0.03,"passed":true}
{"configuration":"vulkan_bf16_default","case":"reset_and_growth","tokens":65,"steps":7,"hint":8,"key_backing_allocations":7,"value_backing_allocations":7,"max_abs_error":0.00429242849,"nrmse":0.00247968627,"atol":0.015,"nrmse_limit":0.03,"passed":true}
{"configuration":"vulkan_bf16_default","case":"fresh_prompt_after_reset","tokens":9,"steps":3,"hint":16,"key_backing_allocations":3,"value_backing_allocations":3,"max_abs_error":0.00431728363,"nrmse":0.00224450165,"atol":0.015,"nrmse_limit":0.03,"passed":true}

      Start  4: runtime_cache_vulkan
 4/61 Test  #4: runtime_cache_vulkan .....................***Failed  Error regular expression found in output. Regex=[[Vv]alidation [Ee]rror]  2.67 sec
[0 NVIDIA GeForce RTX 4060 Laptop GPU]  queueC=2[8]  queueT=1[2]  rebar=1  r-score=76
[0 NVIDIA GeForce RTX 4060 Laptop GPU]  fp16-p/s/u/a=1/1/1/1  int8-p/s/u/a=1/1/1/1  bf16-p/s=1/1
[0 NVIDIA GeForce RTX 4060 Laptop GPU]  subgroup=32(32~32)  ops=1/1/1/1/1/1/1/1/1/1
[0 NVIDIA GeForce RTX 4060 Laptop GPU]  fp16-cm=16x16x16/16x8x16/16x8x8  int8-cm=16x16x32/16x8x32  bf16-cm=16x16x16  fp8-cm=16x16x32  fp6-cm=0  fp4-cm=0
[1 llvmpipe (LLVM 22.1.8, 256 bits)]  queueC=0[1]  queueT=0[1]  rebar=1  r-score=14
[1 llvmpipe (LLVM 22.1.8, 256 bits)]  fp16-p/s/u/a=1/1/1/1  int8-p/s/u/a=1/1/1/1  bf16-p/s=1/0
[1 llvmpipe (LLVM 22.1.8, 256 bits)]  subgroup=8(8~8)  ops=1/1/1/1/1/1/1/1/1/1
[1 llvmpipe (LLVM 22.1.8, 256 bits)]  fp16-cm=8x8x8  int8-cm=8x8x8  bf16-cm=0  fp8-cm=0  fp6-cm=0  fp4-cm=0
[2 llvmpipe (LLVM 17.0.6, 256 bits)]  queueC=0[1]  queueT=0[1]  rebar=1  r-score=4
[2 llvmpipe (LLVM 17.0.6, 256 bits)]  fp16-p/s/u/a=1/1/1/1  int8-p/s/u/a=1/1/1/1  bf16-p/s=1/0
[2 llvmpipe (LLVM 17.0.6, 256 bits)]  subgroup=8(8~8)  ops=1/1/1/1/1/1/0/1/0/0
[2 llvmpipe (LLVM 17.0.6, 256 bits)]  fp16-cm=0  int8-cm=0  bf16-cm=0  fp8-cm=0  fp6-cm=0  fp4-cm=0
{"ncnn_revision":"3b7bdba7fc8aea8fd46779533eee027df77c639d","q_heads":32,"kv_heads":8,"head_dim":128,"backend":"vulkan","runtime_layer":true}
Vulkan device: NVIDIA GeForce RTX 4060 Laptop GPU
overwrite built-in layer type SDPA
overwrite built-in layer type SDPA
overwrite built-in layer type SDPA
overwrite built-in layer type SDPA
overwrite built-in layer type SDPA
{"configuration":"vulkan_fp32_dedicated","case":"prefill_decode_reuse","tokens":40,"steps":9,"hint":128,"key_backing_allocations":1,"value_backing_allocations":1,"max_abs_error":1.1920929e-07,"nrmse":8.50290218e-08,"atol":2e-05,"nrmse_limit":2e-05,"passed":true}
{"configuration":"vulkan_fp32_dedicated","case":"reset_and_growth","tokens":65,"steps":7,"hint":8,"key_backing_allocations":4,"value_backing_allocations":4,"max_abs_error":1.78813934e-07,"nrmse":8.89914578e-08,"atol":2e-05,"nrmse_limit":2e-05,"passed":true}
{"configuration":"vulkan_fp32_dedicated","case":"fresh_prompt_after_reset","tokens":9,"steps":3,"hint":16,"key_backing_allocations":1,"value_backing_allocations":1,"max_abs_error":1.49011612e-07,"nrmse":7.22445137e-08,"atol":2e-05,"nrmse_limit":2e-05,"passed":true}
{"configuration":"vulkan_fp32_default","case":"prefill_decode_reuse","tokens":40,"steps":9,"hint":128,"key_backing_allocations":9,"value_backing_allocations":9,"max_abs_error":1.1920929e-07,"nrmse":8.50290218e-08,"atol":2e-05,"nrmse_limit":2e-05,"passed":true}
{"configuration":"vulkan_fp32_default","case":"reset_and_growth","tokens":65,"steps":7,"hint":8,"key_backing_allocations":7,"value_backing_allocations":7,"max_abs_error":1.78813934e-07,"nrmse":8.89914578e-08,"atol":2e-05,"nrmse_limit":2e-05,"passed":true}
{"configuration":"vulkan_fp32_default","case":"fresh_prompt_after_reset","tokens":9,"steps":3,"hint":16,"key_backing_allocations":3,"value_backing_allocations":3,"max_abs_error":1.49011612e-07,"nrmse":7.22445137e-08,"atol":2e-05,"nrmse_limit":2e-05,"passed":true}
{"configuration":"vulkan_fp16_dedicated","case":"prefill_decode_reuse","tokens":40,"steps":9,"hint":128,"key_backing_allocations":1,"value_backing_allocations":1,"max_abs_error":0.00047814846,"nrmse":0.000299650544,"atol":0.002,"nrmse_limit":0.005,"passed":true}
{"configuration":"vulkan_fp16_dedicated","case":"reset_and_growth","tokens":65,"steps":7,"hint":8,"key_backing_allocations":4,"value_backing_allocations":4,"max_abs_error":0.000543236732,"nrmse":0.000309597437,"atol":0.002,"nrmse_limit":0.005,"passed":true}
{"configuration":"vulkan_fp16_dedicated","case":"fresh_prompt_after_reset","tokens":9,"steps":3,"hint":16,"key_backing_allocations":1,"value_backing_allocations":1,"max_abs_error":0.000584125519,"nrmse":0.000279038385,"atol":0.002,"nrmse_limit":0.005,"passed":true}
{"configuration":"vulkan_fp16_default","case":"prefill_decode_reuse","tokens":40,"steps":9,"hint":128,"key_backing_allocations":9,"value_backing_allocations":9,"max_abs_error":0.00047814846,"nrmse":0.000299650544,"atol":0.002,"nrmse_limit":0.005,"passed":true}
{"configuration":"vulkan_fp16_default","case":"reset_and_growth","tokens":65,"steps":7,"hint":8,"key_backing_allocations":7,"value_backing_allocations":7,"max_abs_error":0.000543236732,"nrmse":0.000309597437,"atol":0.002,"nrmse_limit":0.005,"passed":true}
{"configuration":"vulkan_fp16_default","case":"fresh_prompt_after_reset","tokens":9,"steps":3,"hint":16,"key_backing_allocations":3,"value_backing_allocations":3,"max_abs_error":0.000584125519,"nrmse":0.000279038385,"atol":0.002,"nrmse_limit":0.005,"passed":true}
Validation Error: [ VUID-RuntimeSpirv-cooperativeMatrixFlexibleDimensions-10165 ] | MessageID = 0xaf8bd211
vkCreateComputePipelines(): pCreateInfos[0].stage SPIR-V (VK_SHADER_STAGE_COMPUTE_BIT) has
%1269 = OpTypeCooperativeMatrixKHR %478 %33 %96 %130 %36 (rows: 16, cols: 16, scope: VK_SCOPE_SUBGROUP_KHR, type: VK_COMPONENT_TYPE_BFLOAT16_KHR, use: 2)
but doesn't match any VkCooperativeMatrixPropertiesKHR or VkCooperativeMatrixFlexibleDimensionsPropertiesNV
[0] MSize = 16 | NSize = 16 | KSize = 16 | AType = VK_COMPONENT_TYPE_FLOAT16_KHR | BType = VK_COMPONENT_TYPE_FLOAT16_KHR | CType = VK_COMPONENT_TYPE_FLOAT16_KHR | ResultType = VK_COMPONENT_TYPE_FLOAT16_KHR | scope = VK_SCOPE_SUBGROUP_KHR
[1] MSize = 16 | NSize = 8 | KSize = 16 | AType = VK_COMPONENT_TYPE_FLOAT16_KHR | BType = VK_COMPONENT_TYPE_FLOAT16_KHR | CType = VK_COMPONENT_TYPE_FLOAT16_KHR | ResultType = VK_COMPONENT_TYPE_FLOAT16_KHR | scope = VK_SCOPE_SUBGROUP_KHR
[2] MSize = 16 | NSize = 8 | KSize = 8 | AType = VK_COMPONENT_TYPE_FLOAT16_KHR | BType = VK_COMPONENT_TYPE_FLOAT16_KHR | CType = VK_COMPONENT_TYPE_FLOAT16_KHR | ResultType = VK_COMPONENT_TYPE_FLOAT16_KHR | scope = VK_SCOPE_SUBGROUP_KHR
[3] MSize = 16 | NSize = 16 | KSize = 16 | AType = VK_COMPONENT_TYPE_FLOAT16_KHR | BType = VK_COMPONENT_TYPE_FLOAT16_KHR | CType = VK_COMPONENT_TYPE_FLOAT32_KHR | ResultType = VK_COMPONENT_TYPE_FLOAT32_KHR | scope = VK_SCOPE_SUBGROUP_KHR
[4] MSize = 16 | NSize = 8 | KSize = 16 | AType = VK_COMPONENT_TYPE_FLOAT16_KHR | BType = VK_COMPONENT_TYPE_FLOAT16_KHR | CType = VK_COMPONENT_TYPE_FLOAT32_KHR | ResultType = VK_COMPONENT_TYPE_FLOAT32_KHR | scope = VK_SCOPE_SUBGROUP_KHR
[5] MSize = 16 | NSize = 8 | KSize = 8 | AType = VK_COMPONENT_TYPE_FLOAT16_KHR | BType = VK_COMPONENT_TYPE_FLOAT16_KHR | CType = VK_COMPONENT_TYPE_FLOAT32_KHR | ResultType = VK_COMPONENT_TYPE_FLOAT32_KHR | scope = VK_SCOPE_SUBGROUP_KHR
[6] MSize = 16 | NSize = 16 | KSize = 32 | AType = VK_COMPONENT_TYPE_UINT8_KHR | BType = VK_COMPONENT_TYPE_UINT8_KHR | CType = VK_COMPONENT_TYPE_UINT32_KHR | ResultType = VK_COMPONENT_TYPE_UINT32_KHR | scope = VK_SCOPE_SUBGROUP_KHR
[7] MSize = 16 | NSize = 16 | KSize = 32 | AType = VK_COMPONENT_TYPE_SINT8_KHR | BType = VK_COMPONENT_TYPE_SINT8_KHR | CType = VK_COMPONENT_TYPE_SINT32_KHR | ResultType = VK_COMPONENT_TYPE_SINT32_KHR | scope = VK_SCOPE_SUBGROUP_KHR
[8] MSize = 16 | NSize = 8 | KSize = 32 | AType = VK_COMPONENT_TYPE_UINT8_KHR | BType = VK_COMPONENT_TYPE_UINT8_KHR | CType = VK_COMPONENT_TYPE_UINT32_KHR | ResultType = VK_COMPONENT_TYPE_UINT32_KHR | scope = VK_SCOPE_SUBGROUP_KHR
[9] MSize = 16 | NSize = 8 | KSize = 32 | AType = VK_COMPONENT_TYPE_SINT8_KHR | BType = VK_COMPONENT_TYPE_SINT8_KHR | CType = VK_COMPONENT_TYPE_SINT32_KHR | ResultType = VK_COMPONENT_TYPE_SINT32_KHR | scope = VK_SCOPE_SUBGROUP_KHR
[10] MSize = 16 | NSize = 16 | KSize = 16 | AType = VK_COMPONENT_TYPE_BFLOAT16_KHR | BType = VK_COMPONENT_TYPE_BFLOAT16_KHR | CType = VK_COMPONENT_TYPE_FLOAT32_KHR | ResultType = VK_COMPONENT_TYPE_FLOAT32_KHR | scope = VK_SCOPE_SUBGROUP_KHR
[11] MSize = 16 | NSize = 16 | KSize = 32 | AType = VK_COMPONENT_TYPE_FLOAT8_E5M2_EXT | BType = VK_COMPONENT_TYPE_FLOAT8_E5M2_EXT | CType = VK_COMPONENT_TYPE_FLOAT16_KHR | ResultType = VK_COMPONENT_TYPE_FLOAT16_KHR | scope = VK_SCOPE_SUBGROUP_KHR
[12] MSize = 16 | NSize = 16 | KSize = 32 | AType = VK_COMPONENT_TYPE_FLOAT8_E5M2_EXT | BType = VK_COMPONENT_TYPE_FLOAT8_E5M2_EXT | CType = VK_COMPONENT_TYPE_FLOAT32_KHR | ResultType = VK_COMPONENT_TYPE_FLOAT32_KHR | scope = VK_SCOPE_SUBGROUP_KHR
[13] MSize = 16 | NSize = 16 | KSize = 32 | AType = VK_COMPONENT_TYPE_FLOAT8_E4M3_EXT | BType = VK_COMPONENT_TYPE_FLOAT8_E4M3_EXT | CType = VK_COMPONENT_TYPE_FLOAT16_KHR | ResultType = VK_COMPONENT_TYPE_FLOAT16_KHR | scope = VK_SCOPE_SUBGROUP_KHR
[14] MSize = 16 | NSize = 16 | KSize = 32 | AType = VK_COMPONENT_TYPE_FLOAT8_E4M3_EXT | BType = VK_COMPONENT_TYPE_FLOAT8_E4M3_EXT | CType = VK_COMPONENT_TYPE_FLOAT32_KHR | ResultType = VK_COMPONENT_TYPE_FLOAT32_KHR | scope = VK_SCOPE_SUBGROUP_KHR

[0] MGranularity = 16 | NGranularity = 16 | KGranularity = 16 | AType = VK_COMPONENT_TYPE_FLOAT16_KHR | BType = VK_COMPONENT_TYPE_FLOAT16_KHR | CType = VK_COMPONENT_TYPE_FLOAT16_KHR | ResultType = VK_COMPONENT_TYPE_FLOAT16_KHR | scope = VK_SCOPE_SUBGROUP_KHR | workgroupInvocations = 0
[1] MGranularity = 16 | NGranularity = 16 | KGranularity = 16 | AType = VK_COMPONENT_TYPE_FLOAT16_KHR | BType = VK_COMPONENT_TYPE_FLOAT16_KHR | CType = VK_COMPONENT_TYPE_FLOAT32_KHR | ResultType = VK_COMPONENT_TYPE_FLOAT32_KHR | scope = VK_SCOPE_SUBGROUP_KHR | workgroupInvocations = 0
[2] MGranularity = 16 | NGranularity = 16 | KGranularity = 32 | AType = VK_COMPONENT_TYPE_UINT8_KHR | BType = VK_COMPONENT_TYPE_UINT8_KHR | CType = VK_COMPONENT_TYPE_UINT32_KHR | ResultType = VK_COMPONENT_TYPE_UINT32_KHR | scope = VK_SCOPE_SUBGROUP_KHR | workgroupInvocations = 0
[3] MGranularity = 16 | NGranularity = 16 | KGranularity = 32 | AType = VK_COMPONENT_TYPE_SINT8_KHR | BType = VK_COMPONENT_TYPE_SINT8_KHR | CType = VK_COMPONENT_TYPE_SINT32_KHR | ResultType = VK_COMPONENT_TYPE_SINT32_KHR | scope = VK_SCOPE_SUBGROUP_KHR | workgroupInvocations = 0
[4] MGranularity = 16 | NGranularity = 16 | KGranularity = 16 | AType = VK_COMPONENT_TYPE_BFLOAT16_KHR | BType = VK_COMPONENT_TYPE_BFLOAT16_KHR | CType = VK_COMPONENT_TYPE_FLOAT32_KHR | ResultType = VK_COMPONENT_TYPE_FLOAT32_KHR | scope = VK_SCOPE_SUBGROUP_KHR | workgroupInvocations = 0
[5] MGranularity = 16 | NGranularity = 16 | KGranularity = 16 | AType = VK_COMPONENT_TYPE_FLOAT16_KHR | BType = VK_COMPONENT_TYPE_FLOAT16_KHR | CType = VK_COMPONENT_TYPE_FLOAT16_KHR | ResultType = VK_COMPONENT_TYPE_FLOAT16_KHR | scope = VK_SCOPE_WORKGROUP_KHR | workgroupInvocations = 32
[6] MGranularity = 16 | NGranularity = 16 | KGranularity = 16 | AType = VK_COMPONENT_TYPE_FLOAT16_KHR | BType = VK_COMPONENT_TYPE_FLOAT16_KHR | CType = VK_COMPONENT_TYPE_FLOAT32_KHR | ResultType = VK_COMPONENT_TYPE_FLOAT32_KHR | scope = VK_SCOPE_WORKGROUP_KHR | workgroupInvocations = 32
[7] MGranularity = 16 | NGranularity = 16 | KGranularity = 32 | AType = VK_COMPONENT_TYPE_UINT8_KHR | BType = VK_COMPONENT_TYPE_UINT8_KHR | CType = VK_COMPONENT_TYPE_UINT32_KHR | ResultType = VK_COMPONENT_TYPE_UINT32_KHR | scope = VK_SCOPE_WORKGROUP_KHR | workgroupInvocations = 32
[8] MGranularity = 16 | NGranularity = 16 | KGranularity = 32 | AType = VK_COMPONENT_TYPE_SINT8_KHR | BType = VK_COMPONENT_TYPE_SINT8_KHR | CType = VK_COMPONENT_TYPE_SINT32_KHR | ResultType = VK_COMPONENT_TYPE_SINT32_KHR | scope = VK_SCOPE_WORKGROUP_KHR | workgroupInvocations = 32
[9] MGranularity = 16 | NGranularity = 16 | KGranularity = 16 | AType = VK_COMPONENT_TYPE_BFLOAT16_KHR | BType = VK_COMPONENT_TYPE_BFLOAT16_KHR | CType = VK_COMPONENT_TYPE_FLOAT32_KHR | ResultType = VK_COMPONENT_TYPE_FLOAT32_KHR | scope = VK_SCOPE_WORKGROUP_KHR | workgroupInvocations = 32
[10] MGranularity = 16 | NGranularity = 16 | KGranularity = 16 | AType = VK_COMPONENT_TYPE_FLOAT16_KHR | BType = VK_COMPONENT_TYPE_FLOAT16_KHR | CType = VK_COMPONENT_TYPE_FLOAT16_KHR | ResultType = VK_COMPONENT_TYPE_FLOAT16_KHR | scope = VK_SCOPE_WORKGROUP_KHR | workgroupInvocations = 64
[11] MGranularity = 16 | NGranularity = 16 | KGranularity = 16 | AType = VK_COMPONENT_TYPE_FLOAT16_KHR | BType = VK_COMPONENT_TYPE_FLOAT16_KHR | CType = VK_COMPONENT_TYPE_FLOAT32_KHR | ResultType = VK_COMPONENT_TYPE_FLOAT32_KHR | scope = VK_SCOPE_WORKGROUP_KHR | workgroupInvocations = 64
[12] MGranularity = 16 | NGranularity = 16 | KGranularity = 32 | AType = VK_COMPONENT_TYPE_UINT8_KHR | BType = VK_COMPONENT_TYPE_UINT8_KHR | CType = VK_COMPONENT_TYPE_UINT32_KHR | ResultType = VK_COMPONENT_TYPE_UINT32_KHR | scope = VK_SCOPE_WORKGROUP_KHR | workgroupInvocations = 64
[13] MGranularity = 16 | NGranularity = 16 | KGranularity = 32 | AType = VK_COMPONENT_TYPE_SINT8_KHR | BType = VK_COMPONENT_TYPE_SINT8_KHR | CType = VK_COMPONENT_TYPE_SINT32_KHR | ResultType = VK_COMPONENT_TYPE_SINT32_KHR | scope = VK_SCOPE_WORKGROUP_KHR | workgroupInvocations = 64
[14] MGranularity = 16 | NGranularity = 16 | KGranularity = 16 | AType = VK_COMPONENT_TYPE_BFLOAT16_KHR | BType = VK_COMPONENT_TYPE_BFLOAT16_KHR | CType = VK_COMPONENT_TYPE_FLOAT32_KHR | ResultType = VK_COMPONENT_TYPE_FLOAT32_KHR | scope = VK_SCOPE_WORKGROUP_KHR | workgroupInvocations = 64
[15] MGranularity = 32 | NGranularity = 16 | KGranularity = 16 | AType = VK_COMPONENT_TYPE_FLOAT16_KHR | BType = VK_COMPONENT_TYPE_FLOAT16_KHR | CType = VK_COMPONENT_TYPE_FLOAT16_KHR | ResultType = VK_COMPONENT_TYPE_FLOAT16_KHR | scope = VK_SCOPE_WORKGROUP_KHR | workgroupInvocations = 128
[16] MGranularity = 32 | NGranularity = 16 | KGranularity = 16 | AType = VK_COMPONENT_TYPE_FLOAT16_KHR | BType = VK_COMPONENT_TYPE_FLOAT16_KHR | CType = VK_COMPONENT_TYPE_FLOAT32_KHR | ResultType = VK_COMPONENT_TYPE_FLOAT32_KHR | scope = VK_SCOPE_WORKGROUP_KHR | workgroupInvocations = 128
[17] MGranularity = 32 | NGranularity = 16 | KGranularity = 32 | AType = VK_COMPONENT_TYPE_UINT8_KHR | BType = VK_COMPONENT_TYPE_UINT8_KHR | CType = VK_COMPONENT_TYPE_UINT32_KHR | ResultType = VK_COMPONENT_TYPE_UINT32_KHR | scope = VK_SCOPE_WORKGROUP_KHR | workgroupInvocations = 128
[18] MGranularity = 32 | NGranularity = 16 | KGranularity = 32 | AType = VK_COMPONENT_TYPE_SINT8_KHR | BType = VK_COMPONENT_TYPE_SINT8_KHR | CType = VK_COMPONENT_TYPE_SINT32_KHR | ResultType = VK_COMPONENT_TYPE_SINT32_KHR | scope = VK_SCOPE_WORKGROUP_KHR | workgroupInvocations = 128
[19] MGranularity = 32 | NGranularity = 16 | KGranularity = 16 | AType = VK_COMPONENT_TYPE_BFLOAT16_KHR | BType = VK_COMPONENT_TYPE_BFLOAT16_KHR | CType = VK_COMPONENT_TYPE_FLOAT32_KHR | ResultType = VK_COMPONENT_TYPE_FLOAT32_KHR | scope = VK_SCOPE_WORKGROUP_KHR | workgroupInvocations = 128
[20] MGranularity = 32 | NGranularity = 32 | KGranularity = 16 | AType = VK_COMPONENT_TYPE_FLOAT16_KHR | BType = VK_COMPONENT_TYPE_FLOAT16_KHR | CType = VK_COMPONENT_TYPE_FLOAT16_KHR | ResultType = VK_COMPONENT_TYPE_FLOAT16_KHR | scope = VK_SCOPE_WORKGROUP_KHR | workgroupInvocations = 256
[21] MGranularity = 32 | NGranularity = 32 | KGranularity = 16 | AType = VK_COMPONENT_TYPE_FLOAT16_KHR | BType = VK_COMPONENT_TYPE_FLOAT16_KHR | CType = VK_COMPONENT_TYPE_FLOAT32_KHR | ResultType = VK_COMPONENT_TYPE_FLOAT32_KHR | scope = VK_SCOPE_WORKGROUP_KHR | workgroupInvocations = 256
[22] MGranularity = 32 | NGranularity = 32 | KGranularity = 32 | AType = VK_COMPONENT_TYPE_UINT8_KHR | BType = VK_COMPONENT_TYPE_UINT8_KHR | CType = VK_COMPONENT_TYPE_UINT32_KHR | ResultType = VK_COMPONENT_TYPE_UINT32_KHR | scope = VK_SCOPE_WORKGROUP_KHR | workgroupInvocations = 256
[23] MGranularity = 32 | NGranularity = 32 | KGranularity = 32 | AType = VK_COMPONENT_TYPE_SINT8_KHR | BType = VK_COMPONENT_TYPE_SINT8_KHR | CType = VK_COMPONENT_TYPE_SINT32_KHR | ResultType = VK_COMPONENT_TYPE_SINT32_KHR | scope = VK_SCOPE_WORKGROUP_KHR | workgroupInvocations = 256
[24] MGranularity = 32 | NGranularity = 32 | KGranularity = 16 | AType = VK_COMPONENT_TYPE_BFLOAT16_KHR | BType = VK_COMPONENT_TYPE_BFLOAT16_KHR | CType = VK_COMPONENT_TYPE_FLOAT32_KHR | ResultType = VK_COMPONENT_TYPE_FLOAT32_KHR | scope = VK_SCOPE_WORKGROUP_KHR | workgroupInvocations = 256
[25] MGranularity = 16 | NGranularity = 16 | KGranularity = 32 | AType = VK_COMPONENT_TYPE_FLOAT8_E5M2_EXT | BType = VK_COMPONENT_TYPE_FLOAT8_E5M2_EXT | CType = VK_COMPONENT_TYPE_FLOAT16_KHR | ResultType = VK_COMPONENT_TYPE_FLOAT16_KHR | scope = VK_SCOPE_SUBGROUP_KHR | workgroupInvocations = 0
[26] MGranularity = 16 | NGranularity = 16 | KGranularity = 32 | AType = VK_COMPONENT_TYPE_FLOAT8_E5M2_EXT | BType = VK_COMPONENT_TYPE_FLOAT8_E5M2_EXT | CType = VK_COMPONENT_TYPE_FLOAT32_KHR | ResultType = VK_COMPONENT_TYPE_FLOAT32_KHR | scope = VK_SCOPE_SUBGROUP_KHR | workgroupInvocations = 0
[27] MGranularity = 16 | NGranularity = 16 | KGranularity = 32 | AType = VK_COMPONENT_TYPE_FLOAT8_E4M3_EXT | BType = VK_COMPONENT_TYPE_FLOAT8_E4M3_EXT | CType = VK_COMPONENT_TYPE_FLOAT16_KHR | ResultType = VK_COMPONENT_TYPE_FLOAT16_KHR | scope = VK_SCOPE_SUBGROUP_KHR | workgroupInvocations = 0
[28] MGranularity = 16 | NGranularity = 16 | KGranularity = 32 | AType = VK_COMPONENT_TYPE_FLOAT8_E4M3_EXT | BType = VK_COMPONENT_TYPE_FLOAT8_E4M3_EXT | CType = VK_COMPONENT_TYPE_FLOAT32_KHR | ResultType = VK_COMPONENT_TYPE_FLOAT32_KHR | scope = VK_SCOPE_SUBGROUP_KHR | workgroupInvocations = 0
[29] MGranularity = 16 | NGranularity = 16 | KGranularity = 32 | AType = VK_COMPONENT_TYPE_FLOAT8_E5M2_EXT | BType = VK_COMPONENT_TYPE_FLOAT8_E5M2_EXT | CType = VK_COMPONENT_TYPE_FLOAT16_KHR | ResultType = VK_COMPONENT_TYPE_FLOAT16_KHR | scope = VK_SCOPE_WORKGROUP_KHR | workgroupInvocations = 32
[30] MGranularity = 16 | NGranularity = 16 | KGranularity = 32 | AType = VK_COMPONENT_TYPE_FLOAT8_E5M2_EXT | BType = VK_COMPONENT_TYPE_FLOAT8_E5M2_EXT | CType = VK_COMPONENT_TYPE_FLOAT32_KHR | ResultType = VK_COMPONENT_TYPE_FLOAT32_KHR | scope = VK_SCOPE_WORKGROUP_KHR | workgroupInvocations = 32
[31] MGranularity = 16 | NGranularity = 16 | KGranularity = 32 | AType = VK_COMPONENT_TYPE_FLOAT8_E4M3_EXT | BType = VK_COMPONENT_TYPE_FLOAT8_E4M3_EXT | CType = VK_COMPONENT_TYPE_FLOAT16_KHR | ResultType = VK_COMPONENT_TYPE_FLOAT16_KHR | scope = VK_SCOPE_WORKGROUP_KHR | workgroupInvocations = 32
[32] MGranularity = 16 | NGranularity = 16 | KGranularity = 32 | AType = VK_COMPONENT_TYPE_FLOAT8_E4M3_EXT | BType = VK_COMPONENT_TYPE_FLOAT8_E4M3_EXT | CType = VK_COMPONENT_TYPE_FLOAT32_KHR | ResultType = VK_COMPONENT_TYPE_FLOAT32_KHR | scope = VK_SCOPE_WORKGROUP_KHR | workgroupInvocations = 32
[33] MGranularity = 16 | NGranularity = 16 | KGranularity = 32 | AType = VK_COMPONENT_TYPE_FLOAT8_E5M2_EXT | BType = VK_COMPONENT_TYPE_FLOAT8_E5M2_EXT | CType = VK_COMPONENT_TYPE_FLOAT16_KHR | ResultType = VK_COMPONENT_TYPE_FLOAT16_KHR | scope = VK_SCOPE_WORKGROUP_KHR | workgroupInvocations = 64
[34] MGranularity = 16 | NGranularity = 16 | KGranularity = 32 | AType = VK_COMPONENT_TYPE_FLOAT8_E5M2_EXT | BType = VK_COMPONENT_TYPE_FLOAT8_E5M2_EXT | CType = VK_COMPONENT_TYPE_FLOAT32_KHR | ResultType = VK_COMPONENT_TYPE_FLOAT32_KHR | scope = VK_SCOPE_WORKGROUP_KHR | workgroupInvocations = 64
[35] MGranularity = 16 | NGranularity = 16 | KGranularity = 32 | AType = VK_COMPONENT_TYPE_FLOAT8_E4M3_EXT | BType = VK_COMPONENT_TYPE_FLOAT8_E4M3_EXT | CType = VK_COMPONENT_TYPE_FLOAT16_KHR | ResultType = VK_COMPONENT_TYPE_FLOAT16_KHR | scope = VK_SCOPE_WORKGROUP_KHR | workgroupInvocations = 64
[36] MGranularity = 16 | NGranularity = 16 | KGranularity = 32 | AType = VK_COMPONENT_TYPE_FLOAT8_E4M3_EXT | BType = VK_COMPONENT_TYPE_FLOAT8_E4M3_EXT | CType = VK_COMPONENT_TYPE_FLOAT32_KHR | ResultType = VK_COMPONENT_TYPE_FLOAT32_KHR | scope = VK_SCOPE_WORKGROUP_KHR | workgroupInvocations = 64
[37] MGranularity = 32 | NGranularity = 16 | KGranularity = 32 | AType = VK_COMPONENT_TYPE_FLOAT8_E5M2_EXT | BType = VK_COMPONENT_TYPE_FLOAT8_E5M2_EXT | CType = VK_COMPONENT_TYPE_FLOAT16_KHR | ResultType = VK_COMPONENT_TYPE_FLOAT16_KHR | scope = VK_SCOPE_WORKGROUP_KHR | workgroupInvocations = 128
[38] MGranularity = 32 | NGranularity = 16 | KGranularity = 32 | AType = VK_COMPONENT_TYPE_FLOAT8_E5M2_EXT | BType = VK_COMPONENT_TYPE_FLOAT8_E5M2_EXT | CType = VK_COMPONENT_TYPE_FLOAT32_KHR | ResultType = VK_COMPONENT_TYPE_FLOAT32_KHR | scope = VK_SCOPE_WORKGROUP_KHR | workgroupInvocations = 128
[39] MGranularity = 32 | NGranularity = 16 | KGranularity = 32 | AType = VK_COMPONENT_TYPE_FLOAT8_E4M3_EXT | BType = VK_COMPONENT_TYPE_FLOAT8_E4M3_EXT | CType = VK_COMPONENT_TYPE_FLOAT16_KHR | ResultType = VK_COMPONENT_TYPE_FLOAT16_KHR | scope = VK_SCOPE_WORKGROUP_KHR | workgroupInvocations = 128
[40] MGranularity = 32 | NGranularity = 16 | KGranularity = 32 | AType = VK_COMPONENT_TYPE_FLOAT8_E4M3_EXT | BType = VK_COMPONENT_TYPE_FLOAT8_E4M3_EXT | CType = VK_COMPONENT_TYPE_FLOAT32_KHR | ResultType = VK_COMPONENT_TYPE_FLOAT32_KHR | scope = VK_SCOPE_WORKGROUP_KHR | workgroupInvocations = 128
[41] MGranularity = 32 | NGranularity = 32 | KGranularity = 32 | AType = VK_COMPONENT_TYPE_FLOAT8_E5M2_EXT | BType = VK_COMPONENT_TYPE_FLOAT8_E5M2_EXT | CType = VK_COMPONENT_TYPE_FLOAT16_KHR | ResultType = VK_COMPONENT_TYPE_FLOAT16_KHR | scope = VK_SCOPE_WORKGROUP_KHR | workgroupInvocations = 256
[42] MGranularity = 32 | NGranularity = 32 | KGranularity = 32 | AType = VK_COMPONENT_TYPE_FLOAT8_E5M2_EXT | BType = VK_COMPONENT_TYPE_FLOAT8_E5M2_EXT | CType = VK_COMPONENT_TYPE_FLOAT32_KHR | ResultType = VK_COMPONENT_TYPE_FLOAT32_KHR | scope = VK_SCOPE_WORKGROUP_KHR | workgroupInvocations = 256
[43] MGranularity = 32 | NGranularity = 32 | KGranularity = 32 | AType = VK_COMPONENT_TYPE_FLOAT8_E4M3_EXT | BType = VK_COMPONENT_TYPE_FLOAT8_E4M3_EXT | CType = VK_COMPONENT_TYPE_FLOAT16_KHR | ResultType = VK_COMPONENT_TYPE_FLOAT16_KHR | scope = VK_SCOPE_WORKGROUP_KHR | workgroupInvocations = 256
[44] MGranularity = 32 | NGranularity = 32 | KGranularity = 32 | AType = VK_COMPONENT_TYPE_FLOAT8_E4M3_EXT | BType = VK_COMPONENT_TYPE_FLOAT8_E4M3_EXT | CType = VK_COMPONENT_TYPE_FLOAT32_KHR | ResultType = VK_COMPONENT_TYPE_FLOAT32_KHR | scope = VK_SCOPE_WORKGROUP_KHR | workgroupInvocations = 256
.
The Vulkan spec states: For OpTypeCooperativeMatrixKHR, if the cooperativeMatrixFlexibleDimensions feature is enabled, the component type, scope, number of rows, and number of columns must match either one of the matrices in one of the supported VkCooperativeMatrixPropertiesKHR or VkCooperativeMatrixFlexibleDimensionsPropertiesNV (https://docs.vulkan.org/spec/latest/appendices/spirvenv.html#VUID-RuntimeSpirv-cooperativeMatrixFlexibleDimensions-10165)

Validation Error: [ VUID-RuntimeSpirv-cooperativeMatrixFlexibleDimensions-10165 ] | MessageID = 0xaf8bd211
vkCreateComputePipelines(): pCreateInfos[0].stage SPIR-V (VK_SHADER_STAGE_COMPUTE_BIT) has
%1269 = OpTypeCooperativeMatrixKHR %478 %33 %96 %130 %36 (rows: 16, cols: 16, scope: VK_SCOPE_SUBGROUP_KHR, type: VK_COMPONENT_TYPE_BFLOAT16_KHR, use: 2)
but doesn't match any VkCooperativeMatrixPropertiesKHR or VkCooperativeMatrixFlexibleDimensionsPropertiesNV
[0] MSize = 16 | NSize = 16 | KSize = 16 | AType = VK_COMPONENT_TYPE_FLOAT16_KHR | BType = VK_COMPONENT_TYPE_FLOAT16_KHR | CType = VK_COMPONENT_TYPE_FLOAT16_KHR | ResultType = VK_COMPONENT_TYPE_FLOAT16_KHR | scope = VK_SCOPE_SUBGROUP_KHR
[1] MSize = 16 | NSize = 8 | KSize = 16 | AType = VK_COMPONENT_TYPE_FLOAT16_KHR | BType = VK_COMPONENT_TYPE_FLOAT16_KHR | CType = VK_COMPONENT_TYPE_FLOAT16_KHR | ResultType = VK_COMPONENT_TYPE_FLOAT16_KHR | scope = VK_SCOPE_SUBGROUP_KHR
[2] MSize = 16 | NSize = 8 | KSize = 8 | AType = VK_COMPONENT_TYPE_FLOAT16_KHR | BType = VK_COMPONENT_TYPE_FLOAT16_KHR | CType = VK_COMPONENT_TYPE_FLOAT16_KHR | ResultType = VK_COMPONENT_TYPE_FLOAT16_KHR | scope = VK_SCOPE_SUBGROUP_KHR
[3] MSize = 16 | NSize = 16 | KSize = 16 | AType = VK_COMPONENT_TYPE_FLOAT16_KHR | BType = VK_COMPONENT_TYPE_FLOAT16_KHR | CType = VK_COMPONENT_TYPE_FLOAT32_KHR | ResultType = VK_COMPONENT_TYPE_FLOAT32_KHR | scope = VK_SCOPE_SUBGROUP_KHR
[4] MSize = 16 | NSize = 8 | KSize = 16 | AType = VK_COMPONENT_TYPE_FLOAT16_KHR | BType = VK_COMPONENT_TYPE_FLOAT16_KHR | CType = VK_COMPONENT_TYPE_FLOAT32_KHR | ResultType = VK_COMPONENT_TYPE_FLOAT32_KHR | scope = VK_SCOPE_SUBGROUP_KHR
[5] MSize = 16 | NSize = 8 | KSize = 8 | AType = VK_COMPONENT_TYPE_FLOAT16_KHR | BType = VK_COMPONENT_TYPE_FLOAT16_KHR | CType = VK_COMPONENT_TYPE_FLOAT32_KHR | ResultType = VK_COMPONENT_TYPE_FLOAT32_KHR | scope = VK_SCOPE_SUBGROUP_KHR
[6] MSize = 16 | NSize = 16 | KSize = 32 | AType = VK_COMPONENT_TYPE_UINT8_KHR | BType = VK_COMPONENT_TYPE_UINT8_KHR | CType = VK_COMPONENT_TYPE_UINT32_KHR | ResultType = VK_COMPONENT_TYPE_UINT32_KHR | scope = VK_SCOPE_SUBGROUP_KHR
[7] MSize = 16 | NSize = 16 | KSize = 32 | AType = VK_COMPONENT_TYPE_SINT8_KHR | BType = VK_COMPONENT_TYPE_SINT8_KHR | CType = VK_COMPONENT_TYPE_SINT32_KHR | ResultType = VK_COMPONENT_TYPE_SINT32_KHR | scope = VK_SCOPE_SUBGROUP_KHR
[8] MSize = 16 | NSize = 8 | KSize = 32 | AType = VK_COMPONENT_TYPE_UINT8_KHR | BType = VK_COMPONENT_TYPE_UINT8_KHR | CType = VK_COMPONENT_TYPE_UINT32_KHR | ResultType = VK_COMPONENT_TYPE_UINT32_KHR | scope = VK_SCOPE_SUBGROUP_KHR
[9] MSize = 16 | NSize = 8 | KSize = 32 | AType = VK_COMPONENT_TYPE_SINT8_KHR | BType = VK_COMPONENT_TYPE_SINT8_KHR | CType = VK_COMPONENT_TYPE_SINT32_KHR | ResultType = VK_COMPONENT_TYPE_SINT32_KHR | scope = VK_SCOPE_SUBGROUP_KHR
[10] MSize = 16 | NSize = 16 | KSize = 16 | AType = VK_COMPONENT_TYPE_BFLOAT16_KHR | BType = VK_COMPONENT_TYPE_BFLOAT16_KHR | CType = VK_COMPONENT_TYPE_FLOAT32_KHR | ResultType = VK_COMPONENT_TYPE_FLOAT32_KHR | scope = VK_SCOPE_SUBGROUP_KHR
[11] MSize = 16 | NSize = 16 | KSize = 32 | AType = VK_COMPONENT_TYPE_FLOAT8_E5M2_EXT | BType = VK_COMPONENT_TYPE_FLOAT8_E5M2_EXT | CType = VK_COMPONENT_TYPE_FLOAT16_KHR | ResultType = VK_COMPONENT_TYPE_FLOAT16_KHR | scope = VK_SCOPE_SUBGROUP_KHR
[12] MSize = 16 | NSize = 16 | KSize = 32 | AType = VK_COMPONENT_TYPE_FLOAT8_E5M2_EXT | BType = VK_COMPONENT_TYPE_FLOAT8_E5M2_EXT | CType = VK_COMPONENT_TYPE_FLOAT32_KHR | ResultType = VK_COMPONENT_TYPE_FLOAT32_KHR | scope = VK_SCOPE_SUBGROUP_KHR
[13] MSize = 16 | NSize = 16 | KSize = 32 | AType = VK_COMPONENT_TYPE_FLOAT8_E4M3_EXT | BType = VK_COMPONENT_TYPE_FLOAT8_E4M3_EXT | CType = VK_COMPONENT_TYPE_FLOAT16_KHR | ResultType = VK_COMPONENT_TYPE_FLOAT16_KHR | scope = VK_SCOPE_SUBGROUP_KHR
[14] MSize = 16 | NSize = 16 | KSize = 32 | AType = VK_COMPONENT_TYPE_FLOAT8_E4M3_EXT | BType = VK_COMPONENT_TYPE_FLOAT8_E4M3_EXT | CType = VK_COMPONENT_TYPE_FLOAT32_KHR | ResultType = VK_COMPONENT_TYPE_FLOAT32_KHR | scope = VK_SCOPE_SUBGROUP_KHR

[0] MGranularity = 16 | NGranularity = 16 | KGranularity = 16 | AType = VK_COMPONENT_TYPE_FLOAT16_KHR | BType = VK_COMPONENT_TYPE_FLOAT16_KHR | CType = VK_COMPONENT_TYPE_FLOAT16_KHR | ResultType = VK_COMPONENT_TYPE_FLOAT16_KHR | scope = VK_SCOPE_SUBGROUP_KHR | workgroupInvocations = 0
[1] MGranularity = 16 | NGranularity = 16 | KGranularity = 16 | AType = VK_COMPONENT_TYPE_FLOAT16_KHR | BType = VK_COMPONENT_TYPE_FLOAT16_KHR | CType = VK_COMPONENT_TYPE_FLOAT32_KHR | ResultType = VK_COMPONENT_TYPE_FLOAT32_KHR | scope = VK_SCOPE_SUBGROUP_KHR | workgroupInvocations = 0
[2] MGranularity = 16 | NGranularity = 16 | KGranularity = 32 | AType = VK_COMPONENT_TYPE_UINT8_KHR | BType = VK_COMPONENT_TYPE_UINT8_KHR | CType = VK_COMPONENT_TYPE_UINT32_KHR | ResultType = VK_COMPONENT_TYPE_UINT32_KHR | scope = VK_SCOPE_SUBGROUP_KHR | workgroupInvocations = 0
[3] MGranularity = 16 | NGranularity = 16 | KGranularity = 32 | AType = VK_COMPONENT_TYPE_SINT8_KHR | BType = VK_COMPONENT_TYPE_SINT8_KHR | CType = VK_COMPONENT_TYPE_SINT32_KHR | ResultType = VK_COMPONENT_TYPE_SINT32_KHR | scope = VK_SCOPE_SUBGROUP_KHR | workgroupInvocations = 0
[4] MGranularity = 16 | NGranularity = 16 | KGranularity = 16 | AType = VK_COMPONENT_TYPE_BFLOAT16_KHR | BType = VK_COMPONENT_TYPE_BFLOAT16_KHR | CType = VK_COMPONENT_TYPE_FLOAT32_KHR | ResultType = VK_COMPONENT_TYPE_FLOAT32_KHR | scope = VK_SCOPE_SUBGROUP_KHR | workgroupInvocations = 0
[5] MGranularity = 16 | NGranularity = 16 | KGranularity = 16 | AType = VK_COMPONENT_TYPE_FLOAT16_KHR | BType = VK_COMPONENT_TYPE_FLOAT16_KHR | CType = VK_COMPONENT_TYPE_FLOAT16_KHR | ResultType = VK_COMPONENT_TYPE_FLOAT16_KHR | scope = VK_SCOPE_WORKGROUP_KHR | workgroupInvocations = 32
[6] MGranularity = 16 | NGranularity = 16 | KGranularity = 16 | AType = VK_COMPONENT_TYPE_FLOAT16_KHR | BType = VK_COMPONENT_TYPE_FLOAT16_KHR | CType = VK_COMPONENT_TYPE_FLOAT32_KHR | ResultType = VK_COMPONENT_TYPE_FLOAT32_KHR | scope = VK_SCOPE_WORKGROUP_KHR | workgroupInvocations = 32
[7] MGranularity = 16 | NGranularity = 16 | KGranularity = 32 | AType = VK_COMPONENT_TYPE_UINT8_KHR | BType = VK_COMPONENT_TYPE_UINT8_KHR | CType = VK_COMPONENT_TYPE_UINT32_KHR | ResultType = VK_COMPONENT_TYPE_UINT32_KHR | scope = VK_SCOPE_WORKGROUP_KHR | workgroupInvocations = 32
[8] MGranularity = 16 | NGranularity = 16 | KGranularity = 32 | AType = VK_COMPONENT_TYPE_SINT8_KHR | BType = VK_COMPONENT_TYPE_SINT8_KHR | CType = VK_COMPONENT_TYPE_SINT32_KHR | ResultType = VK_COMPONENT_TYPE_SINT32_KHR | scope = VK_SCOPE_WORKGROUP_KHR | workgroupInvocations = 32
[9] MGranularity = 16 | NGranularity = 16 | KGranularity = 16 | AType = VK_COMPONENT_TYPE_BFLOAT16_KHR | BType = VK_COMPONENT_TYPE_BFLOAT16_KHR | CType = VK_COMPONENT_TYPE_FLOAT32_KHR | ResultType = VK_COMPONENT_TYPE_FLOAT32_KHR | scope = VK_SCOPE_WORKGROUP_KHR | workgroupInvocations = 32
[10] MGranularity = 16 | NGranularity = 16 | KGranularity = 16 | AType = VK_COMPONENT_TYPE_FLOAT16_KHR | BType = VK_COMPONENT_TYPE_FLOAT16_KHR | CType = VK_COMPONENT_TYPE_FLOAT16_KHR | ResultType = VK_COMPONENT_TYPE_FLOAT16_KHR | scope = VK_SCOPE_WORKGROUP_KHR | workgroupInvocations = 64
[11] MGranularity = 16 | NGranularity = 16 | KGranularity = 16 | AType = VK_COMPONENT_TYPE_FLOAT16_KHR | BType = VK_COMPONENT_TYPE_FLOAT16_KHR | CType = VK_COMPONENT_TYPE_FLOAT32_KHR | ResultType = VK_COMPONENT_TYPE_FLOAT32_KHR | scope = VK_SCOPE_WORKGROUP_KHR | workgroupInvocations = 64
[12] MGranularity = 16 | NGranularity = 16 | KGranularity = 32 | AType = VK_COMPONENT_TYPE_UINT8_KHR | BType = VK_COMPONENT_TYPE_UINT8_KHR | CType = VK_COMPONENT_TYPE_UINT32_KHR | ResultType = VK_COMPONENT_TYPE_UINT32_KHR | scope = VK_SCOPE_WORKGROUP_KHR | workgroupInvocations = 64
[13] MGranularity = 16 | NGranularity = 16 | KGranularity = 32 | AType = VK_COMPONENT_TYPE_SINT8_KHR | BType = VK_COMPONENT_TYPE_SINT8_KHR | CType = VK_COMPONENT_TYPE_SINT32_KHR | ResultType = VK_COMPONENT_TYPE_SINT32_KHR | scope = VK_SCOPE_WORKGROUP_KHR | workgroupInvocations = 64
[14] MGranularity = 16 | NGranularity = 16 | KGranularity = 16 | AType = VK_COMPONENT_TYPE_BFLOAT16_KHR | BType = VK_COMPONENT_TYPE_BFLOAT16_KHR | CType = VK_COMPONENT_TYPE_FLOAT32_KHR | ResultType = VK_COMPONENT_TYPE_FLOAT32_KHR | scope = VK_SCOPE_WORKGROUP_KHR | workgroupInvocations = 64
[15] MGranularity = 32 | NGranularity = 16 | KGranularity = 16 | AType = VK_COMPONENT_TYPE_FLOAT16_KHR | BType = VK_COMPONENT_TYPE_FLOAT16_KHR | CType = VK_COMPONENT_TYPE_FLOAT16_KHR | ResultType = VK_COMPONENT_TYPE_FLOAT16_KHR | scope = VK_SCOPE_WORKGROUP_KHR | workgroupInvocations = 128
[16] MGranularity = 32 | NGranularity = 16 | KGranularity = 16 | AType = VK_COMPONENT_TYPE_FLOAT16_KHR | BType = VK_COMPONENT_TYPE_FLOAT16_KHR | CType = VK_COMPONENT_TYPE_FLOAT32_KHR | ResultType = VK_COMPONENT_TYPE_FLOAT32_KHR | scope = VK_SCOPE_WORKGROUP_KHR | workgroupInvocations = 128
[17] MGranularity = 32 | NGranularity = 16 | KGranularity = 32 | AType = VK_COMPONENT_TYPE_UINT8_KHR | BType = VK_COMPONENT_TYPE_UINT8_KHR | CType = VK_COMPONENT_TYPE_UINT32_KHR | ResultType = VK_COMPONENT_TYPE_UINT32_KHR | scope = VK_SCOPE_WORKGROUP_KHR | workgroupInvocations = 128
[18] MGranularity = 32 | NGranularity = 16 | KGranularity = 32 | AType = VK_COMPONENT_TYPE_SINT8_KHR | BType = VK_COMPONENT_TYPE_SINT8_KHR | CType = VK_COMPONENT_TYPE_SINT32_KHR | ResultType = VK_COMPONENT_TYPE_SINT32_KHR | scope = VK_SCOPE_WORKGROUP_KHR | workgroupInvocations = 128
[19] MGranularity = 32 | NGranularity = 16 | KGranularity = 16 | AType = VK_COMPONENT_TYPE_BFLOAT16_KHR | BType = VK_COMPONENT_TYPE_BFLOAT16_KHR | CType = VK_COMPONENT_TYPE_FLOAT32_KHR | ResultType = VK_COMPONENT_TYPE_FLOAT32_KHR | scope = VK_SCOPE_WORKGROUP_KHR | workgroupInvocations = 128
[20] MGranularity = 32 | NGranularity = 32 | KGranularity = 16 | AType = VK_COMPONENT_TYPE_FLOAT16_KHR | BType = VK_COMPONENT_TYPE_FLOAT16_KHR | CType = VK_COMPONENT_TYPE_FLOAT16_KHR | ResultType = VK_COMPONENT_TYPE_FLOAT16_KHR | scope = VK_SCOPE_WORKGROUP_KHR | workgroupInvocations = 256
[21] MGranularity = 32 | NGranularity = 32 | KGranularity = 16 | AType = VK_COMPONENT_TYPE_FLOAT16_KHR | BType = VK_COMPONENT_TYPE_FLOAT16_KHR | CType = VK_COMPONENT_TYPE_FLOAT32_KHR | ResultType = VK_COMPONENT_TYPE_FLOAT32_KHR | scope = VK_SCOPE_WORKGROUP_KHR | workgroupInvocations = 256
[22] MGranularity = 32 | NGranularity = 32 | KGranularity = 32 | AType = VK_COMPONENT_TYPE_UINT8_KHR | BType = VK_COMPONENT_TYPE_UINT8_KHR | CType = VK_COMPONENT_TYPE_UINT32_KHR | ResultType = VK_COMPONENT_TYPE_UINT32_KHR | scope = VK_SCOPE_WORKGROUP_KHR | workgroupInvocations = 256
[23] MGranularity = 32 | NGranularity = 32 | KGranularity = 32 | AType = VK_COMPONENT_TYPE_SINT8_KHR | BType = VK_COMPONENT_TYPE_SINT8_KHR | CType = VK_COMPONENT_TYPE_SINT32_KHR | ResultType = VK_COMPONENT_TYPE_SINT32_KHR | scope = VK_SCOPE_WORKGROUP_KHR | workgroupInvocations = 256
[24] MGranularity = 32 | NGranularity = 32 | KGranularity = 16 | AType = VK_COMPONENT_TYPE_BFLOAT16_KHR | BType = VK_COMPONENT_TYPE_BFLOAT16_KHR | CType = VK_COMPONENT_TYPE_FLOAT32_KHR | ResultType = VK_COMPONENT_TYPE_FLOAT32_KHR | scope = VK_SCOPE_WORKGROUP_KHR | workgroupInvocations = 256
[25] MGranularity = 16 | NGranularity = 16 | KGranularity = 32 | AType = VK_COMPONENT_TYPE_FLOAT8_E5M2_EXT | BType = VK_COMPONENT_TYPE_FLOAT8_E5M2_EXT | CType = VK_COMPONENT_TYPE_FLOAT16_KHR | ResultType = VK_COMPONENT_TYPE_FLOAT16_KHR | scope = VK_SCOPE_SUBGROUP_KHR | workgroupInvocations = 0
[26] MGranularity = 16 | NGranularity = 16 | KGranularity = 32 | AType = VK_COMPONENT_TYPE_FLOAT8_E5M2_EXT | BType = VK_COMPONENT_TYPE_FLOAT8_E5M2_EXT | CType = VK_COMPONENT_TYPE_FLOAT32_KHR | ResultType = VK_COMPONENT_TYPE_FLOAT32_KHR | scope = VK_SCOPE_SUBGROUP_KHR | workgroupInvocations = 0
[27] MGranularity = 16 | NGranularity = 16 | KGranularity = 32 | AType = VK_COMPONENT_TYPE_FLOAT8_E4M3_EXT | BType = VK_COMPONENT_TYPE_FLOAT8_E4M3_EXT | CType = VK_COMPONENT_TYPE_FLOAT16_KHR | ResultType = VK_COMPONENT_TYPE_FLOAT16_KHR | scope = VK_SCOPE_SUBGROUP_KHR | workgroupInvocations = 0
[28] MGranularity = 16 | NGranularity = 16 | KGranularity = 32 | AType = VK_COMPONENT_TYPE_FLOAT8_E4M3_EXT | BType = VK_COMPONENT_TYPE_FLOAT8_E4M3_EXT | CType = VK_COMPONENT_TYPE_FLOAT32_KHR | ResultType = VK_COMPONENT_TYPE_FLOAT32_KHR | scope = VK_SCOPE_SUBGROUP_KHR | workgroupInvocations = 0
[29] MGranularity = 16 | NGranularity = 16 | KGranularity = 32 | AType = VK_COMPONENT_TYPE_FLOAT8_E5M2_EXT | BType = VK_COMPONENT_TYPE_FLOAT8_E5M2_EXT | CType = VK_COMPONENT_TYPE_FLOAT16_KHR | ResultType = VK_COMPONENT_TYPE_FLOAT16_KHR | scope = VK_SCOPE_WORKGROUP_KHR | workgroupInvocations = 32
[30] MGranularity = 16 | NGranularity = 16 | KGranularity = 32 | AType = VK_COMPONENT_TYPE_FLOAT8_E5M2_EXT | BType = VK_COMPONENT_TYPE_FLOAT8_E5M2_EXT | CType = VK_COMPONENT_TYPE_FLOAT32_KHR | ResultType = VK_COMPONENT_TYPE_FLOAT32_KHR | scope = VK_SCOPE_WORKGROUP_KHR | workgroupInvocations = 32
[31] MGranularity = 16 | NGranularity = 16 | KGranularity = 32 | AType = VK_COMPONENT_TYPE_FLOAT8_E4M3_EXT | BType = VK_COMPONENT_TYPE_FLOAT8_E4M3_EXT | CType = VK_COMPONENT_TYPE_FLOAT16_KHR | ResultType = VK_COMPONENT_TYPE_FLOAT16_KHR | scope = VK_SCOPE_WORKGROUP_KHR | workgroupInvocations = 32
[32] MGranularity = 16 | NGranularity = 16 | KGranularity = 32 | AType = VK_COMPONENT_TYPE_FLOAT8_E4M3_EXT | BType = VK_COMPONENT_TYPE_FLOAT8_E4M3_EXT | CType = VK_COMPONENT_TYPE_FLOAT32_KHR | ResultType = VK_COMPONENT_TYPE_FLOAT32_KHR | scope = VK_SCOPE_WORKGROUP_KHR | workgroupInvocations = 32
[33] MGranularity = 16 | NGranularity = 16 | KGranularity = 32 | AType = VK_COMPONENT_TYPE_FLOAT8_E5M2_EXT | BType = VK_COMPONENT_TYPE_FLOAT8_E5M2_EXT | CType = VK_COMPONENT_TYPE_FLOAT16_KHR | ResultType = VK_COMPONENT_TYPE_FLOAT16_KHR | scope = VK_SCOPE_WORKGROUP_KHR | workgroupInvocations = 64
[34] MGranularity = 16 | NGranularity = 16 | KGranularity = 32 | AType = VK_COMPONENT_TYPE_FLOAT8_E5M2_EXT | BType = VK_COMPONENT_TYPE_FLOAT8_E5M2_EXT | CType = VK_COMPONENT_TYPE_FLOAT32_KHR | ResultType = VK_COMPONENT_TYPE_FLOAT32_KHR | scope = VK_SCOPE_WORKGROUP_KHR | workgroupInvocations = 64
[35] MGranularity = 16 | NGranularity = 16 | KGranularity = 32 | AType = VK_COMPONENT_TYPE_FLOAT8_E4M3_EXT | BType = VK_COMPONENT_TYPE_FLOAT8_E4M3_EXT | CType = VK_COMPONENT_TYPE_FLOAT16_KHR | ResultType = VK_COMPONENT_TYPE_FLOAT16_KHR | scope = VK_SCOPE_WORKGROUP_KHR | workgroupInvocations = 64
[36] MGranularity = 16 | NGranularity = 16 | KGranularity = 32 | AType = VK_COMPONENT_TYPE_FLOAT8_E4M3_EXT | BType = VK_COMPONENT_TYPE_FLOAT8_E4M3_EXT | CType = VK_COMPONENT_TYPE_FLOAT32_KHR | ResultType = VK_COMPONENT_TYPE_FLOAT32_KHR | scope = VK_SCOPE_WORKGROUP_KHR | workgroupInvocations = 64
[37] MGranularity = 32 | NGranularity = 16 | KGranularity = 32 | AType = VK_COMPONENT_TYPE_FLOAT8_E5M2_EXT | BType = VK_COMPONENT_TYPE_FLOAT8_E5M2_EXT | CType = VK_COMPONENT_TYPE_FLOAT16_KHR | ResultType = VK_COMPONENT_TYPE_FLOAT16_KHR | scope = VK_SCOPE_WORKGROUP_KHR | workgroupInvocations = 128
[38] MGranularity = 32 | NGranularity = 16 | KGranularity = 32 | AType = VK_COMPONENT_TYPE_FLOAT8_E5M2_EXT | BType = VK_COMPONENT_TYPE_FLOAT8_E5M2_EXT | CType = VK_COMPONENT_TYPE_FLOAT32_KHR | ResultType = VK_COMPONENT_TYPE_FLOAT32_KHR | scope = VK_SCOPE_WORKGROUP_KHR | workgroupInvocations = 128
[39] MGranularity = 32 | NGranularity = 16 | KGranularity = 32 | AType = VK_COMPONENT_TYPE_FLOAT8_E4M3_EXT | BType = VK_COMPONENT_TYPE_FLOAT8_E4M3_EXT | CType = VK_COMPONENT_TYPE_FLOAT16_KHR | ResultType = VK_COMPONENT_TYPE_FLOAT16_KHR | scope = VK_SCOPE_WORKGROUP_KHR | workgroupInvocations = 128
[40] MGranularity = 32 | NGranularity = 16 | KGranularity = 32 | AType = VK_COMPONENT_TYPE_FLOAT8_E4M3_EXT | BType = VK_COMPONENT_TYPE_FLOAT8_E4M3_EXT | CType = VK_COMPONENT_TYPE_FLOAT32_KHR | ResultType = VK_COMPONENT_TYPE_FLOAT32_KHR | scope = VK_SCOPE_WORKGROUP_KHR | workgroupInvocations = 128
[41] MGranularity = 32 | NGranularity = 32 | KGranularity = 32 | AType = VK_COMPONENT_TYPE_FLOAT8_E5M2_EXT | BType = VK_COMPONENT_TYPE_FLOAT8_E5M2_EXT | CType = VK_COMPONENT_TYPE_FLOAT16_KHR | ResultType = VK_COMPONENT_TYPE_FLOAT16_KHR | scope = VK_SCOPE_WORKGROUP_KHR | workgroupInvocations = 256
[42] MGranularity = 32 | NGranularity = 32 | KGranularity = 32 | AType = VK_COMPONENT_TYPE_FLOAT8_E5M2_EXT | BType = VK_COMPONENT_TYPE_FLOAT8_E5M2_EXT | CType = VK_COMPONENT_TYPE_FLOAT32_KHR | ResultType = VK_COMPONENT_TYPE_FLOAT32_KHR | scope = VK_SCOPE_WORKGROUP_KHR | workgroupInvocations = 256
[43] MGranularity = 32 | NGranularity = 32 | KGranularity = 32 | AType = VK_COMPONENT_TYPE_FLOAT8_E4M3_EXT | BType = VK_COMPONENT_TYPE_FLOAT8_E4M3_EXT | CType = VK_COMPONENT_TYPE_FLOAT16_KHR | ResultType = VK_COMPONENT_TYPE_FLOAT16_KHR | scope = VK_SCOPE_WORKGROUP_KHR | workgroupInvocations = 256
[44] MGranularity = 32 | NGranularity = 32 | KGranularity = 32 | AType = VK_COMPONENT_TYPE_FLOAT8_E4M3_EXT | BType = VK_COMPONENT_TYPE_FLOAT8_E4M3_EXT | CType = VK_COMPONENT_TYPE_FLOAT32_KHR | ResultType = VK_COMPONENT_TYPE_FLOAT32_KHR | scope = VK_SCOPE_WORKGROUP_KHR | workgroupInvocations = 256
.
The Vulkan spec states: For OpTypeCooperativeMatrixKHR, if the cooperativeMatrixFlexibleDimensions feature is enabled, the component type, scope, number of rows, and number of columns must match either one of the matrices in one of the supported VkCooperativeMatrixPropertiesKHR or VkCooperativeMatrixFlexibleDimensionsPropertiesNV (https://docs.vulkan.org/spec/latest/appendices/spirvenv.html#VUID-RuntimeSpirv-cooperativeMatrixFlexibleDimensions-10165)

Validation Error: [ VUID-RuntimeSpirv-cooperativeMatrixFlexibleDimensions-10165 ] | MessageID = 0xaf8bd211
vkCreateComputePipelines(): pCreateInfos[0].stage SPIR-V (VK_SHADER_STAGE_COMPUTE_BIT) has
%1269 = OpTypeCooperativeMatrixKHR %478 %33 %96 %130 %36 (rows: 16, cols: 16, scope: VK_SCOPE_SUBGROUP_KHR, type: VK_COMPONENT_TYPE_BFLOAT16_KHR, use: 2)
but doesn't match any VkCooperativeMatrixPropertiesKHR or VkCooperativeMatrixFlexibleDimensionsPropertiesNV
[0] MSize = 16 | NSize = 16 | KSize = 16 | AType = VK_COMPONENT_TYPE_FLOAT16_KHR | BType = VK_COMPONENT_TYPE_FLOAT16_KHR | CType = VK_COMPONENT_TYPE_FLOAT16_KHR | ResultType = VK_COMPONENT_TYPE_FLOAT16_KHR | scope = VK_SCOPE_SUBGROUP_KHR
[1] MSize = 16 | NSize = 8 | KSize = 16 | AType = VK_COMPONENT_TYPE_FLOAT16_KHR | BType = VK_COMPONENT_TYPE_FLOAT16_KHR | CType = VK_COMPONENT_TYPE_FLOAT16_KHR | ResultType = VK_COMPONENT_TYPE_FLOAT16_KHR | scope = VK_SCOPE_SUBGROUP_KHR
[2] MSize = 16 | NSize = 8 | KSize = 8 | AType = VK_COMPONENT_TYPE_FLOAT16_KHR | BType = VK_COMPONENT_TYPE_FLOAT16_KHR | CType = VK_COMPONENT_TYPE_FLOAT16_KHR | ResultType = VK_COMPONENT_TYPE_FLOAT16_KHR | scope = VK_SCOPE_SUBGROUP_KHR
[3] MSize = 16 | NSize = 16 | KSize = 16 | AType = VK_COMPONENT_TYPE_FLOAT16_KHR | BType = VK_COMPONENT_TYPE_FLOAT16_KHR | CType = VK_COMPONENT_TYPE_FLOAT32_KHR | ResultType = VK_COMPONENT_TYPE_FLOAT32_KHR | scope = VK_SCOPE_SUBGROUP_KHR
[4] MSize = 16 | NSize = 8 | KSize = 16 | AType = VK_COMPONENT_TYPE_FLOAT16_KHR | BType = VK_COMPONENT_TYPE_FLOAT16_KHR | CType = VK_COMPONENT_TYPE_FLOAT32_KHR | ResultType = VK_COMPONENT_TYPE_FLOAT32_KHR | scope = VK_SCOPE_SUBGROUP_KHR
[5] MSize = 16 | NSize = 8 | KSize = 8 | AType = VK_COMPONENT_TYPE_FLOAT16_KHR | BType = VK_COMPONENT_TYPE_FLOAT16_KHR | CType = VK_COMPONENT_TYPE_FLOAT32_KHR | ResultType = VK_COMPONENT_TYPE_FLOAT32_KHR | scope = VK_SCOPE_SUBGROUP_KHR
[6] MSize = 16 | NSize = 16 | KSize = 32 | AType = VK_COMPONENT_TYPE_UINT8_KHR | BType = VK_COMPONENT_TYPE_UINT8_KHR | CType = VK_COMPONENT_TYPE_UINT32_KHR | ResultType = VK_COMPONENT_TYPE_UINT32_KHR | scope = VK_SCOPE_SUBGROUP_KHR
[7] MSize = 16 | NSize = 16 | KSize = 32 | AType = VK_COMPONENT_TYPE_SINT8_KHR | BType = VK_COMPONENT_TYPE_SINT8_KHR | CType = VK_COMPONENT_TYPE_SINT32_KHR | ResultType = VK_COMPONENT_TYPE_SINT32_KHR | scope = VK_SCOPE_SUBGROUP_KHR
[8] MSize = 16 | NSize = 8 | KSize = 32 | AType = VK_COMPONENT_TYPE_UINT8_KHR | BType = VK_COMPONENT_TYPE_UINT8_KHR | CType = VK_COMPONENT_TYPE_UINT32_KHR | ResultType = VK_COMPONENT_TYPE_UINT32_KHR | scope = VK_SCOPE_SUBGROUP_KHR
[9] MSize = 16 | NSize = 8 | KSize = 32 | AType = VK_COMPONENT_TYPE_SINT8_KHR | BType = VK_COMPONENT_TYPE_SINT8_KHR | CType = VK_COMPONENT_TYPE_SINT32_KHR | ResultType = VK_COMPONENT_TYPE_SINT32_KHR | scope = VK_SCOPE_SUBGROUP_KHR
[10] MSize = 16 | NSize = 16 | KSize = 16 | AType = VK_COMPONENT_TYPE_BFLOAT16_KHR | BType = VK_COMPONENT_TYPE_BFLOAT16_KHR | CType = VK_COMPONENT_TYPE_FLOAT32_KHR | ResultType = VK_COMPONENT_TYPE_FLOAT32_KHR | scope = VK_SCOPE_SUBGROUP_KHR
[11] MSize = 16 | NSize = 16 | KSize = 32 | AType = VK_COMPONENT_TYPE_FLOAT8_E5M2_EXT | BType = VK_COMPONENT_TYPE_FLOAT8_E5M2_EXT | CType = VK_COMPONENT_TYPE_FLOAT16_KHR | ResultType = VK_COMPONENT_TYPE_FLOAT16_KHR | scope = VK_SCOPE_SUBGROUP_KHR
[12] MSize = 16 | NSize = 16 | KSize = 32 | AType = VK_COMPONENT_TYPE_FLOAT8_E5M2_EXT | BType = VK_COMPONENT_TYPE_FLOAT8_E5M2_EXT | CType = VK_COMPONENT_TYPE_FLOAT32_KHR | ResultType = VK_COMPONENT_TYPE_FLOAT32_KHR | scope = VK_SCOPE_SUBGROUP_KHR
[13] MSize = 16 | NSize = 16 | KSize = 32 | AType = VK_COMPONENT_TYPE_FLOAT8_E4M3_EXT | BType = VK_COMPONENT_TYPE_FLOAT8_E4M3_EXT | CType = VK_COMPONENT_TYPE_FLOAT16_KHR | ResultType = VK_COMPONENT_TYPE_FLOAT16_KHR | scope = VK_SCOPE_SUBGROUP_KHR
[14] MSize = 16 | NSize = 16 | KSize = 32 | AType = VK_COMPONENT_TYPE_FLOAT8_E4M3_EXT | BType = VK_COMPONENT_TYPE_FLOAT8_E4M3_EXT | CType = VK_COMPONENT_TYPE_FLOAT32_KHR | ResultType = VK_COMPONENT_TYPE_FLOAT32_KHR | scope = VK_SCOPE_SUBGROUP_KHR

[0] MGranularity = 16 | NGranularity = 16 | KGranularity = 16 | AType = VK_COMPONENT_TYPE_FLOAT16_KHR | BType = VK_COMPONENT_TYPE_FLOAT16_KHR | CType = VK_COMPONENT_TYPE_FLOAT16_KHR | ResultType = VK_COMPONENT_TYPE_FLOAT16_KHR | scope = VK_SCOPE_SUBGROUP_KHR | workgroupInvocations = 0
[1] MGranularity = 16 | NGranularity = 16 | KGranularity = 16 | AType = VK_COMPONENT_TYPE_FLOAT16_KHR | BType = VK_COMPONENT_TYPE_FLOAT16_KHR | CType = VK_COMPONENT_TYPE_FLOAT32_KHR | ResultType = VK_COMPONENT_TYPE_FLOAT32_KHR | scope = VK_SCOPE_SUBGROUP_KHR | workgroupInvocations = 0
[2] MGranularity = 16 | NGranularity = 16 | KGranularity = 32 | AType = VK_COMPONENT_TYPE_UINT8_KHR | BType = VK_COMPONENT_TYPE_UINT8_KHR | CType = VK_COMPONENT_TYPE_UINT32_KHR | ResultType = VK_COMPONENT_TYPE_UINT32_KHR | scope = VK_SCOPE_SUBGROUP_KHR | workgroupInvocations = 0
[3] MGranularity = 16 | NGranularity = 16 | KGranularity = 32 | AType = VK_COMPONENT_TYPE_SINT8_KHR | BType = VK_COMPONENT_TYPE_SINT8_KHR | CType = VK_COMPONENT_TYPE_SINT32_KHR | ResultType = VK_COMPONENT_TYPE_SINT32_KHR | scope = VK_SCOPE_SUBGROUP_KHR | workgroupInvocations = 0
[4] MGranularity = 16 | NGranularity = 16 | KGranularity = 16 | AType = VK_COMPONENT_TYPE_BFLOAT16_KHR | BType = VK_COMPONENT_TYPE_BFLOAT16_KHR | CType = VK_COMPONENT_TYPE_FLOAT32_KHR | ResultType = VK_COMPONENT_TYPE_FLOAT32_KHR | scope = VK_SCOPE_SUBGROUP_KHR | workgroupInvocations = 0
[5] MGranularity = 16 | NGranularity = 16 | KGranularity = 16 | AType = VK_COMPONENT_TYPE_FLOAT16_KHR | BType = VK_COMPONENT_TYPE_FLOAT16_KHR | CType = VK_COMPONENT_TYPE_FLOAT16_KHR | ResultType = VK_COMPONENT_TYPE_FLOAT16_KHR | scope = VK_SCOPE_WORKGROUP_KHR | workgroupInvocations = 32
[6] MGranularity = 16 | NGranularity = 16 | KGranularity = 16 | AType = VK_COMPONENT_TYPE_FLOAT16_KHR | BType = VK_COMPONENT_TYPE_FLOAT16_KHR | CType = VK_COMPONENT_TYPE_FLOAT32_KHR | ResultType = VK_COMPONENT_TYPE_FLOAT32_KHR | scope = VK_SCOPE_WORKGROUP_KHR | workgroupInvocations = 32
[7] MGranularity = 16 | NGranularity = 16 | KGranularity = 32 | AType = VK_COMPONENT_TYPE_UINT8_KHR | BType = VK_COMPONENT_TYPE_UINT8_KHR | CType = VK_COMPONENT_TYPE_UINT32_KHR | ResultType = VK_COMPONENT_TYPE_UINT32_KHR | scope = VK_SCOPE_WORKGROUP_KHR | workgroupInvocations = 32
[8] MGranularity = 16 | NGranularity = 16 | KGranularity = 32 | AType = VK_COMPONENT_TYPE_SINT8_KHR | BType = VK_COMPONENT_TYPE_SINT8_KHR | CType = VK_COMPONENT_TYPE_SINT32_KHR | ResultType = VK_COMPONENT_TYPE_SINT32_KHR | scope = VK_SCOPE_WORKGROUP_KHR | workgroupInvocations = 32
[9] MGranularity = 16 | NGranularity = 16 | KGranularity = 16 | AType = VK_COMPONENT_TYPE_BFLOAT16_KHR | BType = VK_COMPONENT_TYPE_BFLOAT16_KHR | CType = VK_COMPONENT_TYPE_FLOAT32_KHR | ResultType = VK_COMPONENT_TYPE_FLOAT32_KHR | scope = VK_SCOPE_WORKGROUP_KHR | workgroupInvocations = 32
[10] MGranularity = 16 | NGranularity = 16 | KGranularity = 16 | AType = VK_COMPONENT_TYPE_FLOAT16_KHR | BType = VK_COMPONENT_TYPE_FLOAT16_KHR | CType = VK_COMPONENT_TYPE_FLOAT16_KHR | ResultType = VK_COMPONENT_TYPE_FLOAT16_KHR | scope = VK_SCOPE_WORKGROUP_KHR | workgroupInvocations = 64
[11] MGranularity = 16 | NGranularity = 16 | KGranularity = 16 | AType = VK_COMPONENT_TYPE_FLOAT16_KHR | BType = VK_COMPONENT_TYPE_FLOAT16_KHR | CType = VK_COMPONENT_TYPE_FLOAT32_KHR | ResultType = VK_COMPONENT_TYPE_FLOAT32_KHR | scope = VK_SCOPE_WORKGROUP_KHR | workgroupInvocations = 64
[12] MGranularity = 16 | NGranularity = 16 | KGranularity = 32 | AType = VK_COMPONENT_TYPE_UINT8_KHR | BType = VK_COMPONENT_TYPE_UINT8_KHR | CType = VK_COMPONENT_TYPE_UINT32_KHR | ResultType = VK_COMPONENT_TYPE_UINT32_KHR | scope = VK_SCOPE_WORKGROUP_KHR | workgroupInvocations = 64
[13] MGranularity = 16 | NGranularity = 16 | KGranularity = 32 | AType = VK_COMPONENT_TYPE_SINT8_KHR | BType = VK_COMPONENT_TYPE_SINT8_KHR | CType = VK_COMPONENT_TYPE_SINT32_KHR | ResultType = VK_COMPONENT_TYPE_SINT32_KHR | scope = VK_SCOPE_WORKGROUP_KHR | workgroupInvocations = 64
[14] MGranularity = 16 | NGranularity = 16 | KGranularity = 16 | AType = VK_COMPONENT_TYPE_BFLOAT16_KHR | BType = VK_COMPONENT_TYPE_BFLOAT16_KHR | CType = VK_COMPONENT_TYPE_FLOAT32_KHR | ResultType = VK_COMPONENT_TYPE_FLOAT32_KHR | scope = VK_SCOPE_WORKGROUP_KHR | workgroupInvocations = 64
[15] MGranularity = 32 | NGranularity = 16 | KGranularity = 16 | AType = VK_COMPONENT_TYPE_FLOAT16_KHR | BType = VK_COMPONENT_TYPE_FLOAT16_KHR | CType = VK_COMPONENT_TYPE_FLOAT16_KHR | ResultType = VK_COMPONENT_TYPE_FLOAT16_KHR | scope = VK_SCOPE_WORKGROUP_KHR | workgroupInvocations = 128
[16] MGranularity = 32 | NGranularity = 16 | KGranularity = 16 | AType = VK_COMPONENT_TYPE_FLOAT16_KHR | BType = VK_COMPONENT_TYPE_FLOAT16_KHR | CType = VK_COMPONENT_TYPE_FLOAT32_KHR | ResultType = VK_COMPONENT_TYPE_FLOAT32_KHR | scope = VK_SCOPE_WORKGROUP_KHR | workgroupInvocations = 128
[17] MGranularity = 32 | NGranularity = 16 | KGranularity = 32 | AType = VK_COMPONENT_TYPE_UINT8_KHR | BType = VK_COMPONENT_TYPE_UINT8_KHR | CType = VK_COMPONENT_TYPE_UINT32_KHR | ResultType = VK_COMPONENT_TYPE_UINT32_KHR | scope = VK_SCOPE_WORKGROUP_KHR | workgroupInvocations = 128
[18] MGranularity = 32 | NGranularity = 16 | KGranularity = 32 | AType = VK_COMPONENT_TYPE_SINT8_KHR | BType = VK_COMPONENT_TYPE_SINT8_KHR | CType = VK_COMPONENT_TYPE_SINT32_KHR | ResultType = VK_COMPONENT_TYPE_SINT32_KHR | scope = VK_SCOPE_WORKGROUP_KHR | workgroupInvocations = 128
[19] MGranularity = 32 | NGranularity = 16 | KGranularity = 16 | AType = VK_COMPONENT_TYPE_BFLOAT16_KHR | BType = VK_COMPONENT_TYPE_BFLOAT16_KHR | CType = VK_COMPONENT_TYPE_FLOAT32_KHR | ResultType = VK_COMPONENT_TYPE_FLOAT32_KHR | scope = VK_SCOPE_WORKGROUP_KHR | workgroupInvocations = 128
[20] MGranularity = 32 | NGranularity = 32 | KGranularity = 16 | AType = VK_COMPONENT_TYPE_FLOAT16_KHR | BType = VK_COMPONENT_TYPE_FLOAT16_KHR | CType = VK_COMPONENT_TYPE_FLOAT16_KHR | ResultType = VK_COMPONENT_TYPE_FLOAT16_KHR | scope = VK_SCOPE_WORKGROUP_KHR | workgroupInvocations = 256
[21] MGranularity = 32 | NGranularity = 32 | KGranularity = 16 | AType = VK_COMPONENT_TYPE_FLOAT16_KHR | BType = VK_COMPONENT_TYPE_FLOAT16_KHR | CType = VK_COMPONENT_TYPE_FLOAT32_KHR | ResultType = VK_COMPONENT_TYPE_FLOAT32_KHR | scope = VK_SCOPE_WORKGROUP_KHR | workgroupInvocations = 256
[22] MGranularity = 32 | NGranularity = 32 | KGranularity = 32 | AType = VK_COMPONENT_TYPE_UINT8_KHR | BType = VK_COMPONENT_TYPE_UINT8_KHR | CType = VK_COMPONENT_TYPE_UINT32_KHR | ResultType = VK_COMPONENT_TYPE_UINT32_KHR | scope = VK_SCOPE_WORKGROUP_KHR | workgroupInvocations = 256
[23] MGranularity = 32 | NGranularity = 32 | KGranularity = 32 | AType = VK_COMPONENT_TYPE_SINT8_KHR | BType = VK_COMPONENT_TYPE_SINT8_KHR | CType = VK_COMPONENT_TYPE_SINT32_KHR | ResultType = VK_COMPONENT_TYPE_SINT32_KHR | scope = VK_SCOPE_WORKGROUP_KHR | workgroupInvocations = 256
[24] MGranularity = 32 | NGranularity = 32 | KGranularity = 16 | AType = VK_COMPONENT_TYPE_BFLOAT16_KHR | BType = VK_COMPONENT_TYPE_BFLOAT16_KHR | CType = VK_COMPONENT_TYPE_FLOAT32_KHR | ResultType = VK_COMPONENT_TYPE_FLOAT32_KHR | scope = VK_SCOPE_WORKGROUP_KHR | workgroupInvocations = 256
[25] MGranularity = 16 | NGranularity = 16 | KGranularity = 32 | AType = VK_COMPONENT_TYPE_FLOAT8_E5M2_EXT | BType = VK_COMPONENT_TYPE_FLOAT8_E5M2_EXT | CType = VK_COMPONENT_TYPE_FLOAT16_KHR | ResultType = VK_COMPONENT_TYPE_FLOAT16_KHR | scope = VK_SCOPE_SUBGROUP_KHR | workgroupInvocations = 0
[26] MGranularity = 16 | NGranularity = 16 | KGranularity = 32 | AType = VK_COMPONENT_TYPE_FLOAT8_E5M2_EXT | BType = VK_COMPONENT_TYPE_FLOAT8_E5M2_EXT | CType = VK_COMPONENT_TYPE_FLOAT32_KHR | ResultType = VK_COMPONENT_TYPE_FLOAT32_KHR | scope = VK_SCOPE_SUBGROUP_KHR | workgroupInvocations = 0
[27] MGranularity = 16 | NGranularity = 16 | KGranularity = 32 | AType = VK_COMPONENT_TYPE_FLOAT8_E4M3_EXT | BType = VK_COMPONENT_TYPE_FLOAT8_E4M3_EXT | CType = VK_COMPONENT_TYPE_FLOAT16_KHR | ResultType = VK_COMPONENT_TYPE_FLOAT16_KHR | scope = VK_SCOPE_SUBGROUP_KHR | workgroupInvocations = 0
[28] MGranularity = 16 | NGranularity = 16 | KGranularity = 32 | AType = VK_COMPONENT_TYPE_FLOAT8_E4M3_EXT | BType = VK_COMPONENT_TYPE_FLOAT8_E4M3_EXT | CType = VK_COMPONENT_TYPE_FLOAT32_KHR | ResultType = VK_COMPONENT_TYPE_FLOAT32_KHR | scope = VK_SCOPE_SUBGROUP_KHR | workgroupInvocations = 0
[29] MGranularity = 16 | NGranularity = 16 | KGranularity = 32 | AType = VK_COMPONENT_TYPE_FLOAT8_E5M2_EXT | BType = VK_COMPONENT_TYPE_FLOAT8_E5M2_EXT | CType = VK_COMPONENT_TYPE_FLOAT16_KHR | ResultType = VK_COMPONENT_TYPE_FLOAT16_KHR | scope = VK_SCOPE_WORKGROUP_KHR | workgroupInvocations = 32
[30] MGranularity = 16 | NGranularity = 16 | KGranularity = 32 | AType = VK_COMPONENT_TYPE_FLOAT8_E5M2_EXT | BType = VK_COMPONENT_TYPE_FLOAT8_E5M2_EXT | CType = VK_COMPONENT_TYPE_FLOAT32_KHR | ResultType = VK_COMPONENT_TYPE_FLOAT32_KHR | scope = VK_SCOPE_WORKGROUP_KHR | workgroupInvocations = 32
[31] MGranularity = 16 | NGranularity = 16 | KGranularity = 32 | AType = VK_COMPONENT_TYPE_FLOAT8_E4M3_EXT | BType = VK_COMPONENT_TYPE_FLOAT8_E4M3_EXT | CType = VK_COMPONENT_TYPE_FLOAT16_KHR | ResultType = VK_COMPONENT_TYPE_FLOAT16_KHR | scope = VK_SCOPE_WORKGROUP_KHR | workgroupInvocations = 32
[32] MGranularity = 16 | NGranularity = 16 | KGranularity = 32 | AType = VK_COMPONENT_TYPE_FLOAT8_E4M3_EXT | BType = VK_COMPONENT_TYPE_FLOAT8_E4M3_EXT | CType = VK_COMPONENT_TYPE_FLOAT32_KHR | ResultType = VK_COMPONENT_TYPE_FLOAT32_KHR | scope = VK_SCOPE_WORKGROUP_KHR | workgroupInvocations = 32
[33] MGranularity = 16 | NGranularity = 16 | KGranularity = 32 | AType = VK_COMPONENT_TYPE_FLOAT8_E5M2_EXT | BType = VK_COMPONENT_TYPE_FLOAT8_E5M2_EXT | CType = VK_COMPONENT_TYPE_FLOAT16_KHR | ResultType = VK_COMPONENT_TYPE_FLOAT16_KHR | scope = VK_SCOPE_WORKGROUP_KHR | workgroupInvocations = 64
[34] MGranularity = 16 | NGranularity = 16 | KGranularity = 32 | AType = VK_COMPONENT_TYPE_FLOAT8_E5M2_EXT | BType = VK_COMPONENT_TYPE_FLOAT8_E5M2_EXT | CType = VK_COMPONENT_TYPE_FLOAT32_KHR | ResultType = VK_COMPONENT_TYPE_FLOAT32_KHR | scope = VK_SCOPE_WORKGROUP_KHR | workgroupInvocations = 64
[35] MGranularity = 16 | NGranularity = 16 | KGranularity = 32 | AType = VK_COMPONENT_TYPE_FLOAT8_E4M3_EXT | BType = VK_COMPONENT_TYPE_FLOAT8_E4M3_EXT | CType = VK_COMPONENT_TYPE_FLOAT16_KHR | ResultType = VK_COMPONENT_TYPE_FLOAT16_KHR | scope = VK_SCOPE_WORKGROUP_KHR | workgroupInvocations = 64
[36] MGranularity = 16 | NGranularity = 16 | KGranularity = 32 | AType = VK_COMPONENT_TYPE_FLOAT8_E4M3_EXT | BType = VK_COMPONENT_TYPE_FLOAT8_E4M3_EXT | CType = VK_COMPONENT_TYPE_FLOAT32_KHR | ResultType = VK_COMPONENT_TYPE_FLOAT32_KHR | scope = VK_SCOPE_WORKGROUP_KHR | workgroupInvocations = 64
[37] MGranularity = 32 | NGranularity = 16 | KGranularity = 32 | AType = VK_COMPONENT_TYPE_FLOAT8_E5M2_EXT | BType = VK_COMPONENT_TYPE_FLOAT8_E5M2_EXT | CType = VK_COMPONENT_TYPE_FLOAT16_KHR | ResultType = VK_COMPONENT_TYPE_FLOAT16_KHR | scope = VK_SCOPE_WORKGROUP_KHR | workgroupInvocations = 128
[38] MGranularity = 32 | NGranularity = 16 | KGranularity = 32 | AType = VK_COMPONENT_TYPE_FLOAT8_E5M2_EXT | BType = VK_COMPONENT_TYPE_FLOAT8_E5M2_EXT | CType = VK_COMPONENT_TYPE_FLOAT32_KHR | ResultType = VK_COMPONENT_TYPE_FLOAT32_KHR | scope = VK_SCOPE_WORKGROUP_KHR | workgroupInvocations = 128
[39] MGranularity = 32 | NGranularity = 16 | KGranularity = 32 | AType = VK_COMPONENT_TYPE_FLOAT8_E4M3_EXT | BType = VK_COMPONENT_TYPE_FLOAT8_E4M3_EXT | CType = VK_COMPONENT_TYPE_FLOAT16_KHR | ResultType = VK_COMPONENT_TYPE_FLOAT16_KHR | scope = VK_SCOPE_WORKGROUP_KHR | workgroupInvocations = 128
[40] MGranularity = 32 | NGranularity = 16 | KGranularity = 32 | AType = VK_COMPONENT_TYPE_FLOAT8_E4M3_EXT | BType = VK_COMPONENT_TYPE_FLOAT8_E4M3_EXT | CType = VK_COMPONENT_TYPE_FLOAT32_KHR | ResultType = VK_COMPONENT_TYPE_FLOAT32_KHR | scope = VK_SCOPE_WORKGROUP_KHR | workgroupInvocations = 128
[41] MGranularity = 32 | NGranularity = 32 | KGranularity = 32 | AType = VK_COMPONENT_TYPE_FLOAT8_E5M2_EXT | BType = VK_COMPONENT_TYPE_FLOAT8_E5M2_EXT | CType = VK_COMPONENT_TYPE_FLOAT16_KHR | ResultType = VK_COMPONENT_TYPE_FLOAT16_KHR | scope = VK_SCOPE_WORKGROUP_KHR | workgroupInvocations = 256
[42] MGranularity = 32 | NGranularity = 32 | KGranularity = 32 | AType = VK_COMPONENT_TYPE_FLOAT8_E5M2_EXT | BType = VK_COMPONENT_TYPE_FLOAT8_E5M2_EXT | CType = VK_COMPONENT_TYPE_FLOAT32_KHR | ResultType = VK_COMPONENT_TYPE_FLOAT32_KHR | scope = VK_SCOPE_WORKGROUP_KHR | workgroupInvocations = 256
[43] MGranularity = 32 | NGranularity = 32 | KGranularity = 32 | AType = VK_COMPONENT_TYPE_FLOAT8_E4M3_EXT | BType = VK_COMPONENT_TYPE_FLOAT8_E4M3_EXT | CType = VK_COMPONENT_TYPE_FLOAT16_KHR | ResultType = VK_COMPONENT_TYPE_FLOAT16_KHR | scope = VK_SCOPE_WORKGROUP_KHR | workgroupInvocations = 256
[44] MGranularity = 32 | NGranularity = 32 | KGranularity = 32 | AType = VK_COMPONENT_TYPE_FLOAT8_E4M3_EXT | BType = VK_COMPONENT_TYPE_FLOAT8_E4M3_EXT | CType = VK_COMPONENT_TYPE_FLOAT32_KHR | ResultType = VK_COMPONENT_TYPE_FLOAT32_KHR | scope = VK_SCOPE_WORKGROUP_KHR | workgroupInvocations = 256
.
The Vulkan spec states: For OpTypeCooperativeMatrixKHR, if the cooperativeMatrixFlexibleDimensions feature is enabled, the component type, scope, number of rows, and number of columns must match either one of the matrices in one of the supported VkCooperativeMatrixPropertiesKHR or VkCooperativeMatrixFlexibleDimensionsPropertiesNV (https://docs.vulkan.org/spec/latest/appendices/spirvenv.html#VUID-RuntimeSpirv-cooperativeMatrixFlexibleDimensions-10165)

Validation Error: [ VUID-RuntimeSpirv-cooperativeMatrixFlexibleDimensions-10165 ] | MessageID = 0xaf8bd211
vkCreateComputePipelines(): pCreateInfos[0].stage SPIR-V (VK_SHADER_STAGE_COMPUTE_BIT) has
%1269 = OpTypeCooperativeMatrixKHR %478 %33 %96 %130 %36 (rows: 16, cols: 16, scope: VK_SCOPE_SUBGROUP_KHR, type: VK_COMPONENT_TYPE_BFLOAT16_KHR, use: 2)
but doesn't match any VkCooperativeMatrixPropertiesKHR or VkCooperativeMatrixFlexibleDimensionsPropertiesNV
[0] MSize = 16 | NSize = 16 | KSize = 16 | AType = VK_COMPONENT_TYPE_FLOAT16_KHR | BType = VK_COMPONENT_TYPE_FLOAT16_KHR | CType = VK_COMPONENT_TYPE_FLOAT16_KHR | ResultType = VK_COMPONENT_TYPE_FLOAT16_KHR | scope = VK_SCOPE_SUBGROUP_KHR
[1] MSize = 16 | NSize = 8 | KSize = 16 | AType = VK_COMPONENT_TYPE_FLOAT16_KHR | BType = VK_COMPONENT_TYPE_FLOAT16_KHR | CType = VK_COMPONENT_TYPE_FLOAT16_KHR | ResultType = VK_COMPONENT_TYPE_FLOAT16_KHR | scope = VK_SCOPE_SUBGROUP_KHR
[2] MSize = 16 | NSize = 8 | KSize = 8 | AType = VK_COMPONENT_TYPE_FLOAT16_KHR | BType = VK_COMPONENT_TYPE_FLOAT16_KHR | CType = VK_COMPONENT_TYPE_FLOAT16_KHR | ResultType = VK_COMPONENT_TYPE_FLOAT16_KHR | scope = VK_SCOPE_SUBGROUP_KHR
[3] MSize = 16 | NSize = 16 | KSize = 16 | AType = VK_COMPONENT_TYPE_FLOAT16_KHR | BType = VK_COMPONENT_TYPE_FLOAT16_KHR | CType = VK_COMPONENT_TYPE_FLOAT32_KHR | ResultType = VK_COMPONENT_TYPE_FLOAT32_KHR | scope = VK_SCOPE_SUBGROUP_KHR
[4] MSize = 16 | NSize = 8 | KSize = 16 | AType = VK_COMPONENT_TYPE_FLOAT16_KHR | BType = VK_COMPONENT_TYPE_FLOAT16_KHR | CType = VK_COMPONENT_TYPE_FLOAT32_KHR | ResultType = VK_COMPONENT_TYPE_FLOAT32_KHR | scope = VK_SCOPE_SUBGROUP_KHR
[5] MSize = 16 | NSize = 8 | KSize = 8 | AType = VK_COMPONENT_TYPE_FLOAT16_KHR | BType = VK_COMPONENT_TYPE_FLOAT16_KHR | CType = VK_COMPONENT_TYPE_FLOAT32_KHR | ResultType = VK_COMPONENT_TYPE_FLOAT32_KHR | scope = VK_SCOPE_SUBGROUP_KHR
[6] MSize = 16 | NSize = 16 | KSize = 32 | AType = VK_COMPONENT_TYPE_UINT8_KHR | BType = VK_COMPONENT_TYPE_UINT8_KHR | CType = VK_COMPONENT_TYPE_UINT32_KHR | ResultType = VK_COMPONENT_TYPE_UINT32_KHR | scope = VK_SCOPE_SUBGROUP_KHR
[7] MSize = 16 | NSize = 16 | KSize = 32 | AType = VK_COMPONENT_TYPE_SINT8_KHR | BType = VK_COMPONENT_TYPE_SINT8_KHR | CType = VK_COMPONENT_TYPE_SINT32_KHR | ResultType = VK_COMPONENT_TYPE_SINT32_KHR | scope = VK_SCOPE_SUBGROUP_KHR
[8] MSize = 16 | NSize = 8 | KSize = 32 | AType = VK_COMPONENT_TYPE_UINT8_KHR | BType = VK_COMPONENT_TYPE_UINT8_KHR | CType = VK_COMPONENT_TYPE_UINT32_KHR | ResultType = VK_COMPONENT_TYPE_UINT32_KHR | scope = VK_SCOPE_SUBGROUP_KHR
[9] MSize = 16 | NSize = 8 | KSize = 32 | AType = VK_COMPONENT_TYPE_SINT8_KHR | BType = VK_COMPONENT_TYPE_SINT8_KHR | CType = VK_COMPONENT_TYPE_SINT32_KHR | ResultType = VK_COMPONENT_TYPE_SINT32_KHR | scope = VK_SCOPE_SUBGROUP_KHR
[10] MSize = 16 | NSize = 16 | KSize = 16 | AType = VK_COMPONENT_TYPE_BFLOAT16_KHR | BType = VK_COMPONENT_TYPE_BFLOAT16_KHR | CType = VK_COMPONENT_TYPE_FLOAT32_KHR | ResultType = VK_COMPONENT_TYPE_FLOAT32_KHR | scope = VK_SCOPE_SUBGROUP_KHR
[11] MSize = 16 | NSize = 16 | KSize = 32 | AType = VK_COMPONENT_TYPE_FLOAT8_E5M2_EXT | BType = VK_COMPONENT_TYPE_FLOAT8_E5M2_EXT | CType = VK_COMPONENT_TYPE_FLOAT16_KHR | ResultType = VK_COMPONENT_TYPE_FLOAT16_KHR | scope = VK_SCOPE_SUBGROUP_KHR
[12] MSize = 16 | NSize = 16 | KSize = 32 | AType = VK_COMPONENT_TYPE_FLOAT8_E5M2_EXT | BType = VK_COMPONENT_TYPE_FLOAT8_E5M2_EXT | CType = VK_COMPONENT_TYPE_FLOAT32_KHR | ResultType = VK_COMPONENT_TYPE_FLOAT32_KHR | scope = VK_SCOPE_SUBGROUP_KHR
[13] MSize = 16 | NSize = 16 | KSize = 32 | AType = VK_COMPONENT_TYPE_FLOAT8_E4M3_EXT | BType = VK_COMPONENT_TYPE_FLOAT8_E4M3_EXT | CType = VK_COMPONENT_TYPE_FLOAT16_KHR | ResultType = VK_COMPONENT_TYPE_FLOAT16_KHR | scope = VK_SCOPE_SUBGROUP_KHR
[14] MSize = 16 | NSize = 16 | KSize = 32 | AType = VK_COMPONENT_TYPE_FLOAT8_E4M3_EXT | BType = VK_COMPONENT_TYPE_FLOAT8_E4M3_EXT | CType = VK_COMPONENT_TYPE_FLOAT32_KHR | ResultType = VK_COMPONENT_TYPE_FLOAT32_KHR | scope = VK_SCOPE_SUBGROUP_KHR

[0] MGranularity = 16 | NGranularity = 16 | KGranularity = 16 | AType = VK_COMPONENT_TYPE_FLOAT16_KHR | BType = VK_COMPONENT_TYPE_FLOAT16_KHR | CType = VK_COMPONENT_TYPE_FLOAT16_KHR | ResultType = VK_COMPONENT_TYPE_FLOAT16_KHR | scope = VK_SCOPE_SUBGROUP_KHR | workgroupInvocations = 0
[1] MGranularity = 16 | NGranularity = 16 | KGranularity = 16 | AType = VK_COMPONENT_TYPE_FLOAT16_KHR | BType = VK_COMPONENT_TYPE_FLOAT16_KHR | CType = VK_COMPONENT_TYPE_FLOAT32_KHR | ResultType = VK_COMPONENT_TYPE_FLOAT32_KHR | scope = VK_SCOPE_SUBGROUP_KHR | workgroupInvocations = 0
[2] MGranularity = 16 | NGranularity = 16 | KGranularity = 32 | AType = VK_COMPONENT_TYPE_UINT8_KHR | BType = VK_COMPONENT_TYPE_UINT8_KHR | CType = VK_COMPONENT_TYPE_UINT32_KHR | ResultType = VK_COMPONENT_TYPE_UINT32_KHR | scope = VK_SCOPE_SUBGROUP_KHR | workgroupInvocations = 0
[3] MGranularity = 16 | NGranularity = 16 | KGranularity = 32 | AType = VK_COMPONENT_TYPE_SINT8_KHR | BType = VK_COMPONENT_TYPE_SINT8_KHR | CType = VK_COMPONENT_TYPE_SINT32_KHR | ResultType = VK_COMPONENT_TYPE_SINT32_KHR | scope = VK_SCOPE_SUBGROUP_KHR | workgroupInvocations = 0
[4] MGranularity = 16 | NGranularity = 16 | KGranularity = 16 | AType = VK_COMPONENT_TYPE_BFLOAT16_KHR | BType = VK_COMPONENT_TYPE_BFLOAT16_KHR | CType = VK_COMPONENT_TYPE_FLOAT32_KHR | ResultType = VK_COMPONENT_TYPE_FLOAT32_KHR | scope = VK_SCOPE_SUBGROUP_KHR | workgroupInvocations = 0
[5] MGranularity = 16 | NGranularity = 16 | KGranularity = 16 | AType = VK_COMPONENT_TYPE_FLOAT16_KHR | BType = VK_COMPONENT_TYPE_FLOAT16_KHR | CType = VK_COMPONENT_TYPE_FLOAT16_KHR | ResultType = VK_COMPONENT_TYPE_FLOAT16_KHR | scope = VK_SCOPE_WORKGROUP_KHR | workgroupInvocations = 32
[6] MGranularity = 16 | NGranularity = 16 | KGranularity = 16 | AType = VK_COMPONENT_TYPE_FLOAT16_KHR | BType = VK_COMPONENT_TYPE_FLOAT16_KHR | CType = VK_COMPONENT_TYPE_FLOAT32_KHR | ResultType = VK_COMPONENT_TYPE_FLOAT32_KHR | scope = VK_SCOPE_WORKGROUP_KHR | workgroupInvocations = 32
[7] MGranularity = 16 | NGranularity = 16 | KGranularity = 32 | AType = VK_COMPONENT_TYPE_UINT8_KHR | BType = VK_COMPONENT_TYPE_UINT8_KHR | CType = VK_COMPONENT_TYPE_UINT32_KHR | ResultType = VK_COMPONENT_TYPE_UINT32_KHR | scope = VK_SCOPE_WORKGROUP_KHR | workgroupInvocations = 32
[8] MGranularity = 16 | NGranularity = 16 | KGranularity = 32 | AType = VK_COMPONENT_TYPE_SINT8_KHR | BType = VK_COMPONENT_TYPE_SINT8_KHR | CType = VK_COMPONENT_TYPE_SINT32_KHR | ResultType = VK_COMPONENT_TYPE_SINT32_KHR | scope = VK_SCOPE_WORKGROUP_KHR | workgroupInvocations = 32
[9] MGranularity = 16 | NGranularity = 16 | KGranularity = 16 | AType = VK_COMPONENT_TYPE_BFLOAT16_KHR | BType = VK_COMPONENT_TYPE_BFLOAT16_KHR | CType = VK_COMPONENT_TYPE_FLOAT32_KHR | ResultType = VK_COMPONENT_TYPE_FLOAT32_KHR | scope = VK_SCOPE_WORKGROUP_KHR | workgroupInvocations = 32
[10] MGranularity = 16 | NGranularity = 16 | KGranularity = 16 | AType = VK_COMPONENT_TYPE_FLOAT16_KHR | BType = VK_COMPONENT_TYPE_FLOAT16_KHR | CType = VK_COMPONENT_TYPE_FLOAT16_KHR | ResultType = VK_COMPONENT_TYPE_FLOAT16_KHR | scope = VK_SCOPE_WORKGROUP_KHR | workgroupInvocations = 64
[11] MGranularity = 16 | NGranularity = 16 | KGranularity = 16 | AType = VK_COMPONENT_TYPE_FLOAT16_KHR | BType = VK_COMPONENT_TYPE_FLOAT16_KHR | CType = VK_COMPONENT_TYPE_FLOAT32_KHR | ResultType = VK_COMPONENT_TYPE_FLOAT32_KHR | scope = VK_SCOPE_WORKGROUP_KHR | workgroupInvocations = 64
[12] MGranularity = 16 | NGranularity = 16 | KGranularity = 32 | AType = VK_COMPONENT_TYPE_UINT8_KHR | BType = VK_COMPONENT_TYPE_UINT8_KHR | CType = VK_COMPONENT_TYPE_UINT32_KHR | ResultType = VK_COMPONENT_TYPE_UINT32_KHR | scope = VK_SCOPE_WORKGROUP_KHR | workgroupInvocations = 64
[13] MGranularity = 16 | NGranularity = 16 | KGranularity = 32 | AType = VK_COMPONENT_TYPE_SINT8_KHR | BType = VK_COMPONENT_TYPE_SINT8_KHR | CType = VK_COMPONENT_TYPE_SINT32_KHR | ResultType = VK_COMPONENT_TYPE_SINT32_KHR | scope = VK_SCOPE_WORKGROUP_KHR | workgroupInvocations = 64
[14] MGranularity = 16 | NGranularity = 16 | KGranularity = 16 | AType = VK_COMPONENT_TYPE_BFLOAT16_KHR | BType = VK_COMPONENT_TYPE_BFLOAT16_KHR | CType = VK_COMPONENT_TYPE_FLOAT32_KHR | ResultType = VK_COMPONENT_TYPE_FLOAT32_KHR | scope = VK_SCOPE_WORKGROUP_KHR | workgroupInvocations = 64
[15] MGranularity = 32 | NGranularity = 16 | KGranularity = 16 | AType = VK_COMPONENT_TYPE_FLOAT16_KHR | BType = VK_COMPONENT_TYPE_FLOAT16_KHR | CType = VK_COMPONENT_TYPE_FLOAT16_KHR | ResultType = VK_COMPONENT_TYPE_FLOAT16_KHR | scope = VK_SCOPE_WORKGROUP_KHR | workgroupInvocations = 128
[16] MGranularity = 32 | NGranularity = 16 | KGranularity = 16 | AType = VK_COMPONENT_TYPE_FLOAT16_KHR | BType = VK_COMPONENT_TYPE_FLOAT16_KHR | CType = VK_COMPONENT_TYPE_FLOAT32_KHR | ResultType = VK_COMPONENT_TYPE_FLOAT32_KHR | scope = VK_SCOPE_WORKGROUP_KHR | workgroupInvocations = 128
[17] MGranularity = 32 | NGranularity = 16 | KGranularity = 32 | AType = VK_COMPONENT_TYPE_UINT8_KHR | BType = VK_COMPONENT_TYPE_UINT8_KHR | CType = VK_COMPONENT_TYPE_UINT32_KHR | ResultType = VK_COMPONENT_TYPE_UINT32_KHR | scope = VK_SCOPE_WORKGROUP_KHR | workgroupInvocations = 128
[18] MGranularity = 32 | NGranularity = 16 | KGranularity = 32 | AType = VK_COMPONENT_TYPE_SINT8_KHR | BType = VK_COMPONENT_TYPE_SINT8_KHR | CType = VK_COMPONENT_TYPE_SINT32_KHR | ResultType = VK_COMPONENT_TYPE_SINT32_KHR | scope = VK_SCOPE_WORKGROUP_KHR | workgroupInvocations = 128
[19] MGranularity = 32 | NGranularity = 16 | KGranularity = 16 | AType = VK_COMPONENT_TYPE_BFLOAT16_KHR | BType = VK_COMPONENT_TYPE_BFLOAT16_KHR | CType = VK_COMPONENT_TYPE_FLOAT32_KHR | ResultType = VK_COMPONENT_TYPE_FLOAT32_KHR | scope = VK_SCOPE_WORKGROUP_KHR | workgroupInvocations = 128
[20] MGranularity = 32 | NGranularity = 32 | KGranularity = 16 | AType = VK_COMPONENT_TYPE_FLOAT16_KHR | BType = VK_COMPONENT_TYPE_FLOAT16_KHR | CType = VK_COMPONENT_TYPE_FLOAT16_KHR | ResultType = VK_COMPONENT_TYPE_FLOAT16_KHR | scope = VK_SCOPE_WORKGROUP_KHR | workgroupInvocations = 256
[21] MGranularity = 32 | NGranularity = 32 | KGranularity = 16 | AType = VK_COMPONENT_TYPE_FLOAT16_KHR | BType = VK_COMPONENT_TYPE_FLOAT16_KHR | CType = VK_COMPONENT_TYPE_FLOAT32_KHR | ResultType = VK_COMPONENT_TYPE_FLOAT32_KHR | scope = VK_SCOPE_WORKGROUP_KHR | workgroupInvocations = 256
[22] MGranularity = 32 | NGranularity = 32 | KGranularity = 32 | AType = VK_COMPONENT_TYPE_UINT8_KHR | BType = VK_COMPONENT_TYPE_UINT8_KHR | CType = VK_COMPONENT_TYPE_UINT32_KHR | ResultType = VK_COMPONENT_TYPE_UINT32_KHR | scope = VK_SCOPE_WORKGROUP_KHR | workgroupInvocations = 256
[23] MGranularity = 32 | NGranularity = 32 | KGranularity = 32 | AType = VK_COMPONENT_TYPE_SINT8_KHR | BType = VK_COMPONENT_TYPE_SINT8_KHR | CType = VK_COMPONENT_TYPE_SINT32_KHR | ResultType = VK_COMPONENT_TYPE_SINT32_KHR | scope = VK_SCOPE_WORKGROUP_KHR | workgroupInvocations = 256
[24] MGranularity = 32 | NGranularity = 32 | KGranularity = 16 | AType = VK_COMPONENT_TYPE_BFLOAT16_KHR | BType = VK_COMPONENT_TYPE_BFLOAT16_KHR | CType = VK_COMPONENT_TYPE_FLOAT32_KHR | ResultType = VK_COMPONENT_TYPE_FLOAT32_KHR | scope = VK_SCOPE_WORKGROUP_KHR | workgroupInvocations = 256
[25] MGranularity = 16 | NGranularity = 16 | KGranularity = 32 | AType = VK_COMPONENT_TYPE_FLOAT8_E5M2_EXT | BType = VK_COMPONENT_TYPE_FLOAT8_E5M2_EXT | CType = VK_COMPONENT_TYPE_FLOAT16_KHR | ResultType = VK_COMPONENT_TYPE_FLOAT16_KHR | scope = VK_SCOPE_SUBGROUP_KHR | workgroupInvocations = 0
[26] MGranularity = 16 | NGranularity = 16 | KGranularity = 32 | AType = VK_COMPONENT_TYPE_FLOAT8_E5M2_EXT | BType = VK_COMPONENT_TYPE_FLOAT8_E5M2_EXT | CType = VK_COMPONENT_TYPE_FLOAT32_KHR | ResultType = VK_COMPONENT_TYPE_FLOAT32_KHR | scope = VK_SCOPE_SUBGROUP_KHR | workgroupInvocations = 0
[27] MGranularity = 16 | NGranularity = 16 | KGranularity = 32 | AType = VK_COMPONENT_TYPE_FLOAT8_E4M3_EXT | BType = VK_COMPONENT_TYPE_FLOAT8_E4M3_EXT | CType = VK_COMPONENT_TYPE_FLOAT16_KHR | ResultType = VK_COMPONENT_TYPE_FLOAT16_KHR | scope = VK_SCOPE_SUBGROUP_KHR | workgroupInvocations = 0
[28] MGranularity = 16 | NGranularity = 16 | KGranularity = 32 | AType = VK_COMPONENT_TYPE_FLOAT8_E4M3_EXT | BType = VK_COMPONENT_TYPE_FLOAT8_E4M3_EXT | CType = VK_COMPONENT_TYPE_FLOAT32_KHR | ResultType = VK_COMPONENT_TYPE_FLOAT32_KHR | scope = VK_SCOPE_SUBGROUP_KHR | workgroupInvocations = 0
[29] MGranularity = 16 | NGranularity = 16 | KGranularity = 32 | AType = VK_COMPONENT_TYPE_FLOAT8_E5M2_EXT | BType = VK_COMPONENT_TYPE_FLOAT8_E5M2_EXT | CType = VK_COMPONENT_TYPE_FLOAT16_KHR | ResultType = VK_COMPONENT_TYPE_FLOAT16_KHR | scope = VK_SCOPE_WORKGROUP_KHR | workgroupInvocations = 32
[30] MGranularity = 16 | NGranularity = 16 | KGranularity = 32 | AType = VK_COMPONENT_TYPE_FLOAT8_E5M2_EXT | BType = VK_COMPONENT_TYPE_FLOAT8_E5M2_EXT | CType = VK_COMPONENT_TYPE_FLOAT32_KHR | ResultType = VK_COMPONENT_TYPE_FLOAT32_KHR | scope = VK_SCOPE_WORKGROUP_KHR | workgroupInvocations = 32
[31] MGranularity = 16 | NGranularity = 16 | KGranularity = 32 | AType = VK_COMPONENT_TYPE_FLOAT8_E4M3_EXT | BType = VK_COMPONENT_TYPE_FLOAT8_E4M3_EXT | CType = VK_COMPONENT_TYPE_FLOAT16_KHR | ResultType = VK_COMPONENT_TYPE_FLOAT16_KHR | scope = VK_SCOPE_WORKGROUP_KHR | workgroupInvocations = 32
[32] MGranularity = 16 | NGranularity = 16 | KGranularity = 32 | AType = VK_COMPONENT_TYPE_FLOAT8_E4M3_EXT | BType = VK_COMPONENT_TYPE_FLOAT8_E4M3_EXT | CType = VK_COMPONENT_TYPE_FLOAT32_KHR | ResultType = VK_COMPONENT_TYPE_FLOAT32_KHR | scope = VK_SCOPE_WORKGROUP_KHR | workgroupInvocations = 32
[33] MGranularity = 16 | NGranularity = 16 | KGranularity = 32 | AType = VK_COMPONENT_TYPE_FLOAT8_E5M2_EXT | BType = VK_COMPONENT_TYPE_FLOAT8_E5M2_EXT | CType = VK_COMPONENT_TYPE_FLOAT16_KHR | ResultType = VK_COMPONENT_TYPE_FLOAT16_KHR | scope = VK_SCOPE_WORKGROUP_KHR | workgroupInvocations = 64
[34] MGranularity = 16 | NGranularity = 16 | KGranularity = 32 | AType = VK_COMPONENT_TYPE_FLOAT8_E5M2_EXT | BType = VK_COMPONENT_TYPE_FLOAT8_E5M2_EXT | CType = VK_COMPONENT_TYPE_FLOAT32_KHR | ResultType = VK_COMPONENT_TYPE_FLOAT32_KHR | scope = VK_SCOPE_WORKGROUP_KHR | workgroupInvocations = 64
[35] MGranularity = 16 | NGranularity = 16 | KGranularity = 32 | AType = VK_COMPONENT_TYPE_FLOAT8_E4M3_EXT | BType = VK_COMPONENT_TYPE_FLOAT8_E4M3_EXT | CType = VK_COMPONENT_TYPE_FLOAT16_KHR | ResultType = VK_COMPONENT_TYPE_FLOAT16_KHR | scope = VK_SCOPE_WORKGROUP_KHR | workgroupInvocations = 64
[36] MGranularity = 16 | NGranularity = 16 | KGranularity = 32 | AType = VK_COMPONENT_TYPE_FLOAT8_E4M3_EXT | BType = VK_COMPONENT_TYPE_FLOAT8_E4M3_EXT | CType = VK_COMPONENT_TYPE_FLOAT32_KHR | ResultType = VK_COMPONENT_TYPE_FLOAT32_KHR | scope = VK_SCOPE_WORKGROUP_KHR | workgroupInvocations = 64
[37] MGranularity = 32 | NGranularity = 16 | KGranularity = 32 | AType = VK_COMPONENT_TYPE_FLOAT8_E5M2_EXT | BType = VK_COMPONENT_TYPE_FLOAT8_E5M2_EXT | CType = VK_COMPONENT_TYPE_FLOAT16_KHR | ResultType = VK_COMPONENT_TYPE_FLOAT16_KHR | scope = VK_SCOPE_WORKGROUP_KHR | workgroupInvocations = 128
[38] MGranularity = 32 | NGranularity = 16 | KGranularity = 32 | AType = VK_COMPONENT_TYPE_FLOAT8_E5M2_EXT | BType = VK_COMPONENT_TYPE_FLOAT8_E5M2_EXT | CType = VK_COMPONENT_TYPE_FLOAT32_KHR | ResultType = VK_COMPONENT_TYPE_FLOAT32_KHR | scope = VK_SCOPE_WORKGROUP_KHR | workgroupInvocations = 128
[39] MGranularity = 32 | NGranularity = 16 | KGranularity = 32 | AType = VK_COMPONENT_TYPE_FLOAT8_E4M3_EXT | BType = VK_COMPONENT_TYPE_FLOAT8_E4M3_EXT | CType = VK_COMPONENT_TYPE_FLOAT16_KHR | ResultType = VK_COMPONENT_TYPE_FLOAT16_KHR | scope = VK_SCOPE_WORKGROUP_KHR | workgroupInvocations = 128
[40] MGranularity = 32 | NGranularity = 16 | KGranularity = 32 | AType = VK_COMPONENT_TYPE_FLOAT8_E4M3_EXT | BType = VK_COMPONENT_TYPE_FLOAT8_E4M3_EXT | CType = VK_COMPONENT_TYPE_FLOAT32_KHR | ResultType = VK_COMPONENT_TYPE_FLOAT32_KHR | scope = VK_SCOPE_WORKGROUP_KHR | workgroupInvocations = 128
[41] MGranularity = 32 | NGranularity = 32 | KGranularity = 32 | AType = VK_COMPONENT_TYPE_FLOAT8_E5M2_EXT | BType = VK_COMPONENT_TYPE_FLOAT8_E5M2_EXT | CType = VK_COMPONENT_TYPE_FLOAT16_KHR | ResultType = VK_COMPONENT_TYPE_FLOAT16_KHR | scope = VK_SCOPE_WORKGROUP_KHR | workgroupInvocations = 256
[42] MGranularity = 32 | NGranularity = 32 | KGranularity = 32 | AType = VK_COMPONENT_TYPE_FLOAT8_E5M2_EXT | BType = VK_COMPONENT_TYPE_FLOAT8_E5M2_EXT | CType = VK_COMPONENT_TYPE_FLOAT32_KHR | ResultType = VK_COMPONENT_TYPE_FLOAT32_KHR | scope = VK_SCOPE_WORKGROUP_KHR | workgroupInvocations = 256
[43] MGranularity = 32 | NGranularity = 32 | KGranularity = 32 | AType = VK_COMPONENT_TYPE_FLOAT8_E4M3_EXT | BType = VK_COMPONENT_TYPE_FLOAT8_E4M3_EXT | CType = VK_COMPONENT_TYPE_FLOAT16_KHR | ResultType = VK_COMPONENT_TYPE_FLOAT16_KHR | scope = VK_SCOPE_WORKGROUP_KHR | workgroupInvocations = 256
[44] MGranularity = 32 | NGranularity = 32 | KGranularity = 32 | AType = VK_COMPONENT_TYPE_FLOAT8_E4M3_EXT | BType = VK_COMPONENT_TYPE_FLOAT8_E4M3_EXT | CType = VK_COMPONENT_TYPE_FLOAT32_KHR | ResultType = VK_COMPONENT_TYPE_FLOAT32_KHR | scope = VK_SCOPE_WORKGROUP_KHR | workgroupInvocations = 256
.
The Vulkan spec states: For OpTypeCooperativeMatrixKHR, if the cooperativeMatrixFlexibleDimensions feature is enabled, the component type, scope, number of rows, and number of columns must match either one of the matrices in one of the supported VkCooperativeMatrixPropertiesKHR or VkCooperativeMatrixFlexibleDimensionsPropertiesNV (https://docs.vulkan.org/spec/latest/appendices/spirvenv.html#VUID-RuntimeSpirv-cooperativeMatrixFlexibleDimensions-10165)

Validation Error: [ VUID-RuntimeSpirv-cooperativeMatrixFlexibleDimensions-10165 ] | MessageID = 0xaf8bd211
vkCreateComputePipelines(): pCreateInfos[0].stage SPIR-V (VK_SHADER_STAGE_COMPUTE_BIT) has
%1269 = OpTypeCooperativeMatrixKHR %478 %33 %96 %130 %36 (rows: 16, cols: 16, scope: VK_SCOPE_SUBGROUP_KHR, type: VK_COMPONENT_TYPE_BFLOAT16_KHR, use: 2)
but doesn't match any VkCooperativeMatrixPropertiesKHR or VkCooperativeMatrixFlexibleDimensionsPropertiesNV
[0] MSize = 16 | NSize = 16 | KSize = 16 | AType = VK_COMPONENT_TYPE_FLOAT16_KHR | BType = VK_COMPONENT_TYPE_FLOAT16_KHR | CType = VK_COMPONENT_TYPE_FLOAT16_KHR | ResultType = VK_COMPONENT_TYPE_FLOAT16_KHR | scope = VK_SCOPE_SUBGROUP_KHR
[1] MSize = 16 | NSize = 8 | KSize = 16 | AType = VK_COMPONENT_TYPE_FLOAT16_KHR | BType = VK_COMPONENT_TYPE_FLOAT16_KHR | CType = VK_COMPONENT_TYPE_FLOAT16_KHR | ResultType = VK_COMPONENT_TYPE_FLOAT16_KHR | scope = VK_SCOPE_SUBGROUP_KHR
[2] MSize = 16 | NSize = 8 | KSize = 8 | AType = VK_COMPONENT_TYPE_FLOAT16_KHR | BType = VK_COMPONENT_TYPE_FLOAT16_KHR | CType = VK_COMPONENT_TYPE_FLOAT16_KHR | ResultType = VK_COMPONENT_TYPE_FLOAT16_KHR | scope = VK_SCOPE_SUBGROUP_KHR
[3] MSize = 16 | NSize = 16 | KSize = 16 | AType = VK_COMPONENT_TYPE_FLOAT16_KHR | BType = VK_COMPONENT_TYPE_FLOAT16_KHR | CType = VK_COMPONENT_TYPE_FLOAT32_KHR | ResultType = VK_COMPONENT_TYPE_FLOAT32_KHR | scope = VK_SCOPE_SUBGROUP_KHR
[4] MSize = 16 | NSize = 8 | KSize = 16 | AType = VK_COMPONENT_TYPE_FLOAT16_KHR | BType = VK_COMPONENT_TYPE_FLOAT16_KHR | CType = VK_COMPONENT_TYPE_FLOAT32_KHR | ResultType = VK_COMPONENT_TYPE_FLOAT32_KHR | scope = VK_SCOPE_SUBGROUP_KHR
[5] MSize = 16 | NSize = 8 | KSize = 8 | AType = VK_COMPONENT_TYPE_FLOAT16_KHR | BType = VK_COMPONENT_TYPE_FLOAT16_KHR | CType = VK_COMPONENT_TYPE_FLOAT32_KHR | ResultType = VK_COMPONENT_TYPE_FLOAT32_KHR | scope = VK_SCOPE_SUBGROUP_KHR
[6] MSize = 16 | NSize = 16 | KSize = 32 | AType = VK_COMPONENT_TYPE_UINT8_KHR | BType = VK_COMPONENT_TYPE_UINT8_KHR | CType = VK_COMPONENT_TYPE_UINT32_KHR | ResultType = VK_COMPONENT_TYPE_UINT32_KHR | scope = VK_SCOPE_SUBGROUP_KHR
[7] MSize = 16 | NSize = 16 | KSize = 32 | AType = VK_COMPONENT_TYPE_SINT8_KHR | BType = VK_COMPONENT_TYPE_SINT8_KHR | CType = VK_COMPONENT_TYPE_SINT32_KHR | ResultType = VK_COMPONENT_TYPE_SINT32_KHR | scope = VK_SCOPE_SUBGROUP_KHR
[8] MSize = 16 | NSize = 8 | KSize = 32 | AType = VK_COMPONENT_TYPE_UINT8_KHR | BType = VK_COMPONENT_TYPE_UINT8_KHR | CType = VK_COMPONENT_TYPE_UINT32_KHR | ResultType = VK_COMPONENT_TYPE_UINT32_KHR | scope = VK_SCOPE_SUBGROUP_KHR
[9] MSize = 16 | NSize = 8 | KSize = 32 | AType = VK_COMPONENT_TYPE_SINT8_KHR | BType = VK_COMPONENT_TYPE_SINT8_KHR | CType = VK_COMPONENT_TYPE_SINT32_KHR | ResultType = VK_COMPONENT_TYPE_SINT32_KHR | scope = VK_SCOPE_SUBGROUP_KHR
[10] MSize = 16 | NSize = 16 | KSize = 16 | AType = VK_COMPONENT_TYPE_BFLOAT16_KHR | BType = VK_COMPONENT_TYPE_BFLOAT16_KHR | CType = VK_COMPONENT_TYPE_FLOAT32_KHR | ResultType = VK_COMPONENT_TYPE_FLOAT32_KHR | scope = VK_SCOPE_SUBGROUP_KHR
[11] MSize = 16 | NSize = 16 | KSize = 32 | AType = VK_COMPONENT_TYPE_FLOAT8_E5M2_EXT | BType = VK_COMPONENT_TYPE_FLOAT8_E5M2_EXT | CType = VK_COMPONENT_TYPE_FLOAT16_KHR | ResultType = VK_COMPONENT_TYPE_FLOAT16_KHR | scope = VK_SCOPE_SUBGROUP_KHR
[12] MSize = 16 | NSize = 16 | KSize = 32 | AType = VK_COMPONENT_TYPE_FLOAT8_E5M2_EXT | BType = VK_COMPONENT_TYPE_FLOAT8_E5M2_EXT | CType = VK_COMPONENT_TYPE_FLOAT32_KHR | ResultType = VK_COMPONENT_TYPE_FLOAT32_KHR | scope = VK_SCOPE_SUBGROUP_KHR
[13] MSize = 16 | NSize = 16 | KSize = 32 | AType = VK_COMPONENT_TYPE_FLOAT8_E4M3_EXT | BType = VK_COMPONENT_TYPE_FLOAT8_E4M3_EXT | CType = VK_COMPONENT_TYPE_FLOAT16_KHR | ResultType = VK_COMPONENT_TYPE_FLOAT16_KHR | scope = VK_SCOPE_SUBGROUP_KHR
[14] MSize = 16 | NSize = 16 | KSize = 32 | AType = VK_COMPONENT_TYPE_FLOAT8_E4M3_EXT | BType = VK_COMPONENT_TYPE_FLOAT8_E4M3_EXT | CType = VK_COMPONENT_TYPE_FLOAT32_KHR | ResultType = VK_COMPONENT_TYPE_FLOAT32_KHR | scope = VK_SCOPE_SUBGROUP_KHR

[0] MGranularity = 16 | NGranularity = 16 | KGranularity = 16 | AType = VK_COMPONENT_TYPE_FLOAT16_KHR | BType = VK_COMPONENT_TYPE_FLOAT16_KHR | CType = VK_COMPONENT_TYPE_FLOAT16_KHR | ResultType = VK_COMPONENT_TYPE_FLOAT16_KHR | scope = VK_SCOPE_SUBGROUP_KHR | workgroupInvocations = 0
[1] MGranularity = 16 | NGranularity = 16 | KGranularity = 16 | AType = VK_COMPONENT_TYPE_FLOAT16_KHR | BType = VK_COMPONENT_TYPE_FLOAT16_KHR | CType = VK_COMPONENT_TYPE_FLOAT32_KHR | ResultType = VK_COMPONENT_TYPE_FLOAT32_KHR | scope = VK_SCOPE_SUBGROUP_KHR | workgroupInvocations = 0
[2] MGranularity = 16 | NGranularity = 16 | KGranularity = 32 | AType = VK_COMPONENT_TYPE_UINT8_KHR | BType = VK_COMPONENT_TYPE_UINT8_KHR | CType = VK_COMPONENT_TYPE_UINT32_KHR | ResultType = VK_COMPONENT_TYPE_UINT32_KHR | scope = VK_SCOPE_SUBGROUP_KHR | workgroupInvocations = 0
[3] MGranularity = 16 | NGranularity = 16 | KGranularity = 32 | AType = VK_COMPONENT_TYPE_SINT8_KHR | BType = VK_COMPONENT_TYPE_SINT8_KHR | CType = VK_COMPONENT_TYPE_SINT32_KHR | ResultType = VK_COMPONENT_TYPE_SINT32_KHR | scope = VK_SCOPE_SUBGROUP_KHR | workgroupInvocations = 0
[4] MGranularity = 16 | NGranularity = 16 | KGranularity = 16 | AType = VK_COMPONENT_TYPE_BFLOAT16_KHR | BType = VK_COMPONENT_TYPE_BFLOAT16_KHR | CType = VK_COMPONENT_TYPE_FLOAT32_KHR | ResultType = VK_COMPONENT_TYPE_FLOAT32_KHR | scope = VK_SCOPE_SUBGROUP_KHR | workgroupInvocations = 0
[5] MGranularity = 16 | NGranularity = 16 | KGranularity = 16 | AType = VK_COMPONENT_TYPE_FLOAT16_KHR | BType = VK_COMPONENT_TYPE_FLOAT16_KHR | CType = VK_COMPONENT_TYPE_FLOAT16_KHR | ResultType = VK_COMPONENT_TYPE_FLOAT16_KHR | scope = VK_SCOPE_WORKGROUP_KHR | workgroupInvocations = 32
[6] MGranularity = 16 | NGranularity = 16 | KGranularity = 16 | AType = VK_COMPONENT_TYPE_FLOAT16_KHR | BType = VK_COMPONENT_TYPE_FLOAT16_KHR | CType = VK_COMPONENT_TYPE_FLOAT32_KHR | ResultType = VK_COMPONENT_TYPE_FLOAT32_KHR | scope = VK_SCOPE_WORKGROUP_KHR | workgroupInvocations = 32
[7] MGranularity = 16 | NGranularity = 16 | KGranularity = 32 | AType = VK_COMPONENT_TYPE_UINT8_KHR | BType = VK_COMPONENT_TYPE_UINT8_KHR | CType = VK_COMPONENT_TYPE_UINT32_KHR | ResultType = VK_COMPONENT_TYPE_UINT32_KHR | scope = VK_SCOPE_WORKGROUP_KHR | workgroupInvocations = 32
[8] MGranularity = 16 | NGranularity = 16 | KGranularity = 32 | AType = VK_COMPONENT_TYPE_SINT8_KHR | BType = VK_COMPONENT_TYPE_SINT8_KHR | CType = VK_COMPONENT_TYPE_SINT32_KHR | ResultType = VK_COMPONENT_TYPE_SINT32_KHR | scope = VK_SCOPE_WORKGROUP_KHR | workgroupInvocations = 32
[9] MGranularity = 16 | NGranularity = 16 | KGranularity = 16 | AType = VK_COMPONENT_TYPE_BFLOAT16_KHR | BType = VK_COMPONENT_TYPE_BFLOAT16_KHR | CType = VK_COMPONENT_TYPE_FLOAT32_KHR | ResultType = VK_COMPONENT_TYPE_FLOAT32_KHR | scope = VK_SCOPE_WORKGROUP_KHR | workgroupInvocations = 32
[10] MGranularity = 16 | NGranularity = 16 | KGranularity = 16 | AType = VK_COMPONENT_TYPE_FLOAT16_KHR | BType = VK_COMPONENT_TYPE_FLOAT16_KHR | CType = VK_COMPONENT_TYPE_FLOAT16_KHR | ResultType = VK_COMPONENT_TYPE_FLOAT16_KHR | scope = VK_SCOPE_WORKGROUP_KHR | workgroupInvocations = 64
[11] MGranularity = 16 | NGranularity = 16 | KGranularity = 16 | AType = VK_COMPONENT_TYPE_FLOAT16_KHR | BType = VK_COMPONENT_TYPE_FLOAT16_KHR | CType = VK_COMPONENT_TYPE_FLOAT32_KHR | ResultType = VK_COMPONENT_TYPE_FLOAT32_KHR | scope = VK_SCOPE_WORKGROUP_KHR | workgroupInvocations = 64
[12] MGranularity = 16 | NGranularity = 16 | KGranularity = 32 | AType = VK_COMPONENT_TYPE_UINT8_KHR | BType = VK_COMPONENT_TYPE_UINT8_KHR | CType = VK_COMPONENT_TYPE_UINT32_KHR | ResultType = VK_COMPONENT_TYPE_UINT32_KHR | scope = VK_SCOPE_WORKGROUP_KHR | workgroupInvocations = 64
[13] MGranularity = 16 | NGranularity = 16 | KGranularity = 32 | AType = VK_COMPONENT_TYPE_SINT8_KHR | BType = VK_COMPONENT_TYPE_SINT8_KHR | CType = VK_COMPONENT_TYPE_SINT32_KHR | ResultType = VK_COMPONENT_TYPE_SINT32_KHR | scope = VK_SCOPE_WORKGROUP_KHR | workgroupInvocations = 64
[14] MGranularity = 16 | NGranularity = 16 | KGranularity = 16 | AType = VK_COMPONENT_TYPE_BFLOAT16_KHR | BType = VK_COMPONENT_TYPE_BFLOAT16_KHR | CType = VK_COMPONENT_TYPE_FLOAT32_KHR | ResultType = VK_COMPONENT_TYPE_FLOAT32_KHR | scope = VK_SCOPE_WORKGROUP_KHR | workgroupInvocations = 64
[15] MGranularity = 32 | NGranularity = 16 | KGranularity = 16 | AType = VK_COMPONENT_TYPE_FLOAT16_KHR | BType = VK_COMPONENT_TYPE_FLOAT16_KHR | CType = VK_COMPONENT_TYPE_FLOAT16_KHR | ResultType = VK_COMPONENT_TYPE_FLOAT16_KHR | scope = VK_SCOPE_WORKGROUP_KHR | workgroupInvocations = 128
[16] MGranularity = 32 | NGranularity = 16 | KGranularity = 16 | AType = VK_COMPONENT_TYPE_FLOAT16_KHR | BType = VK_COMPONENT_TYPE_FLOAT16_KHR | CType = VK_COMPONENT_TYPE_FLOAT32_KHR | ResultType = VK_COMPONENT_TYPE_FLOAT32_KHR | scope = VK_SCOPE_WORKGROUP_KHR | workgroupInvocations = 128
[17] MGranularity = 32 | NGranularity = 16 | KGranularity = 32 | AType = VK_COMPONENT_TYPE_UINT8_KHR | BType = VK_COMPONENT_TYPE_UINT8_KHR | CType = VK_COMPONENT_TYPE_UINT32_KHR | ResultType = VK_COMPONENT_TYPE_UINT32_KHR | scope = VK_SCOPE_WORKGROUP_KHR | workgroupInvocations = 128
[18] MGranularity = 32 | NGranularity = 16 | KGranularity = 32 | AType = VK_COMPONENT_TYPE_SINT8_KHR | BType = VK_COMPONENT_TYPE_SINT8_KHR | CType = VK_COMPONENT_TYPE_SINT32_KHR | ResultType = VK_COMPONENT_TYPE_SINT32_KHR | scope = VK_SCOPE_WORKGROUP_KHR | workgroupInvocations = 128
[19] MGranularity = 32 | NGranularity = 16 | KGranularity = 16 | AType = VK_COMPONENT_TYPE_BFLOAT16_KHR | BType = VK_COMPONENT_TYPE_BFLOAT16_KHR | CType = VK_COMPONENT_TYPE_FLOAT32_KHR | ResultType = VK_COMPONENT_TYPE_FLOAT32_KHR | scope = VK_SCOPE_WORKGROUP_KHR | workgroupInvocations = 128
[20] MGranularity = 32 | NGranularity = 32 | KGranularity = 16 | AType = VK_COMPONENT_TYPE_FLOAT16_KHR | BType = VK_COMPONENT_TYPE_FLOAT16_KHR | CType = VK_COMPONENT_TYPE_FLOAT16_KHR | ResultType = VK_COMPONENT_TYPE_FLOAT16_KHR | scope = VK_SCOPE_WORKGROUP_KHR | workgroupInvocations = 256
[21] MGranularity = 32 | NGranularity = 32 | KGranularity = 16 | AType = VK_COMPONENT_TYPE_FLOAT16_KHR | BType = VK_COMPONENT_TYPE_FLOAT16_KHR | CType = VK_COMPONENT_TYPE_FLOAT32_KHR | ResultType = VK_COMPONENT_TYPE_FLOAT32_KHR | scope = VK_SCOPE_WORKGROUP_KHR | workgroupInvocations = 256
[22] MGranularity = 32 | NGranularity = 32 | KGranularity = 32 | AType = VK_COMPONENT_TYPE_UINT8_KHR | BType = VK_COMPONENT_TYPE_UINT8_KHR | CType = VK_COMPONENT_TYPE_UINT32_KHR | ResultType = VK_COMPONENT_TYPE_UINT32_KHR | scope = VK_SCOPE_WORKGROUP_KHR | workgroupInvocations = 256
[23] MGranularity = 32 | NGranularity = 32 | KGranularity = 32 | AType = VK_COMPONENT_TYPE_SINT8_KHR | BType = VK_COMPONENT_TYPE_SINT8_KHR | CType = VK_COMPONENT_TYPE_SINT32_KHR | ResultType = VK_COMPONENT_TYPE_SINT32_KHR | scope = VK_SCOPE_WORKGROUP_KHR | workgroupInvocations = 256
[24] MGranularity = 32 | NGranularity = 32 | KGranularity = 16 | AType = VK_COMPONENT_TYPE_BFLOAT16_KHR | BType = VK_COMPONENT_TYPE_BFLOAT16_KHR | CType = VK_COMPONENT_TYPE_FLOAT32_KHR | ResultType = VK_COMPONENT_TYPE_FLOAT32_KHR | scope = VK_SCOPE_WORKGROUP_KHR | workgroupInvocations = 256
[25] MGranularity = 16 | NGranularity = 16 | KGranularity = 32 | AType = VK_COMPONENT_TYPE_FLOAT8_E5M2_EXT | BType = VK_COMPONENT_TYPE_FLOAT8_E5M2_EXT | CType = VK_COMPONENT_TYPE_FLOAT16_KHR | ResultType = VK_COMPONENT_TYPE_FLOAT16_KHR | scope = VK_SCOPE_SUBGROUP_KHR | workgroupInvocations = 0
[26] MGranularity = 16 | NGranularity = 16 | KGranularity = 32 | AType = VK_COMPONENT_TYPE_FLOAT8_E5M2_EXT | BType = VK_COMPONENT_TYPE_FLOAT8_E5M2_EXT | CType = VK_COMPONENT_TYPE_FLOAT32_KHR | ResultType = VK_COMPONENT_TYPE_FLOAT32_KHR | scope = VK_SCOPE_SUBGROUP_KHR | workgroupInvocations = 0
[27] MGranularity = 16 | NGranularity = 16 | KGranularity = 32 | AType = VK_COMPONENT_TYPE_FLOAT8_E4M3_EXT | BType = VK_COMPONENT_TYPE_FLOAT8_E4M3_EXT | CType = VK_COMPONENT_TYPE_FLOAT16_KHR | ResultType = VK_COMPONENT_TYPE_FLOAT16_KHR | scope = VK_SCOPE_SUBGROUP_KHR | workgroupInvocations = 0
[28] MGranularity = 16 | NGranularity = 16 | KGranularity = 32 | AType = VK_COMPONENT_TYPE_FLOAT8_E4M3_EXT | BType = VK_COMPONENT_TYPE_FLOAT8_E4M3_EXT | CType = VK_COMPONENT_TYPE_FLOAT32_KHR | ResultType = VK_COMPONENT_TYPE_FLOAT32_KHR | scope = VK_SCOPE_SUBGROUP_KHR | workgroupInvocations = 0
[29] MGranularity = 16 | NGranularity = 16 | KGranularity = 32 | AType = VK_COMPONENT_TYPE_FLOAT8_E5M2_EXT | BType = VK_COMPONENT_TYPE_FLOAT8_E5M2_EXT | CType = VK_COMPONENT_TYPE_FLOAT16_KHR | ResultType = VK_COMPONENT_TYPE_FLOAT16_KHR | scope = VK_SCOPE_WORKGROUP_KHR | workgroupInvocations = 32
[30] MGranularity = 16 | NGranularity = 16 | KGranularity = 32 | AType = VK_COMPONENT_TYPE_FLOAT8_E5M2_EXT | BType = VK_COMPONENT_TYPE_FLOAT8_E5M2_EXT | CType = VK_COMPONENT_TYPE_FLOAT32_KHR | ResultType = VK_COMPONENT_TYPE_FLOAT32_KHR | scope = VK_SCOPE_WORKGROUP_KHR | workgroupInvocations = 32
[31] MGranularity = 16 | NGranularity = 16 | KGranularity = 32 | AType = VK_COMPONENT_TYPE_FLOAT8_E4M3_EXT | BType = VK_COMPONENT_TYPE_FLOAT8_E4M3_EXT | CType = VK_COMPONENT_TYPE_FLOAT16_KHR | ResultType = VK_COMPONENT_TYPE_FLOAT16_KHR | scope = VK_SCOPE_WORKGROUP_KHR | workgroupInvocations = 32
[32] MGranularity = 16 | NGranularity = 16 | KGranularity = 32 | AType = VK_COMPONENT_TYPE_FLOAT8_E4M3_EXT | BType = VK_COMPONENT_TYPE_FLOAT8_E4M3_EXT | CType = VK_COMPONENT_TYPE_FLOAT32_KHR | ResultType = VK_COMPONENT_TYPE_FLOAT32_KHR | scope = VK_SCOPE_WORKGROUP_KHR | workgroupInvocations = 32
[33] MGranularity = 16 | NGranularity = 16 | KGranularity = 32 | AType = VK_COMPONENT_TYPE_FLOAT8_E5M2_EXT | BType = VK_COMPONENT_TYPE_FLOAT8_E5M2_EXT | CType = VK_COMPONENT_TYPE_FLOAT16_KHR | ResultType = VK_COMPONENT_TYPE_FLOAT16_KHR | scope = VK_SCOPE_WORKGROUP_KHR | workgroupInvocations = 64
[34] MGranularity = 16 | NGranularity = 16 | KGranularity = 32 | AType = VK_COMPONENT_TYPE_FLOAT8_E5M2_EXT | BType = VK_COMPONENT_TYPE_FLOAT8_E5M2_EXT | CType = VK_COMPONENT_TYPE_FLOAT32_KHR | ResultType = VK_COMPONENT_TYPE_FLOAT32_KHR | scope = VK_SCOPE_WORKGROUP_KHR | workgroupInvocations = 64
[35] MGranularity = 16 | NGranularity = 16 | KGranularity = 32 | AType = VK_COMPONENT_TYPE_FLOAT8_E4M3_EXT | BType = VK_COMPONENT_TYPE_FLOAT8_E4M3_EXT | CType = VK_COMPONENT_TYPE_FLOAT16_KHR | ResultType = VK_COMPONENT_TYPE_FLOAT16_KHR | scope = VK_SCOPE_WORKGROUP_KHR | workgroupInvocations = 64
[36] MGranularity = 16 | NGranularity = 16 | KGranularity = 32 | AType = VK_COMPONENT_TYPE_FLOAT8_E4M3_EXT | BType = VK_COMPONENT_TYPE_FLOAT8_E4M3_EXT | CType = VK_COMPONENT_TYPE_FLOAT32_KHR | ResultType = VK_COMPONENT_TYPE_FLOAT32_KHR | scope = VK_SCOPE_WORKGROUP_KHR | workgroupInvocations = 64
[37] MGranularity = 32 | NGranularity = 16 | KGranularity = 32 | AType = VK_COMPONENT_TYPE_FLOAT8_E5M2_EXT | BType = VK_COMPONENT_TYPE_FLOAT8_E5M2_EXT | CType = VK_COMPONENT_TYPE_FLOAT16_KHR | ResultType = VK_COMPONENT_TYPE_FLOAT16_KHR | scope = VK_SCOPE_WORKGROUP_KHR | workgroupInvocations = 128
[38] MGranularity = 32 | NGranularity = 16 | KGranularity = 32 | AType = VK_COMPONENT_TYPE_FLOAT8_E5M2_EXT | BType = VK_COMPONENT_TYPE_FLOAT8_E5M2_EXT | CType = VK_COMPONENT_TYPE_FLOAT32_KHR | ResultType = VK_COMPONENT_TYPE_FLOAT32_KHR | scope = VK_SCOPE_WORKGROUP_KHR | workgroupInvocations = 128
[39] MGranularity = 32 | NGranularity = 16 | KGranularity = 32 | AType = VK_COMPONENT_TYPE_FLOAT8_E4M3_EXT | BType = VK_COMPONENT_TYPE_FLOAT8_E4M3_EXT | CType = VK_COMPONENT_TYPE_FLOAT16_KHR | ResultType = VK_COMPONENT_TYPE_FLOAT16_KHR | scope = VK_SCOPE_WORKGROUP_KHR | workgroupInvocations = 128
[40] MGranularity = 32 | NGranularity = 16 | KGranularity = 32 | AType = VK_COMPONENT_TYPE_FLOAT8_E4M3_EXT | BType = VK_COMPONENT_TYPE_FLOAT8_E4M3_EXT | CType = VK_COMPONENT_TYPE_FLOAT32_KHR | ResultType = VK_COMPONENT_TYPE_FLOAT32_KHR | scope = VK_SCOPE_WORKGROUP_KHR | workgroupInvocations = 128
[41] MGranularity = 32 | NGranularity = 32 | KGranularity = 32 | AType = VK_COMPONENT_TYPE_FLOAT8_E5M2_EXT | BType = VK_COMPONENT_TYPE_FLOAT8_E5M2_EXT | CType = VK_COMPONENT_TYPE_FLOAT16_KHR | ResultType = VK_COMPONENT_TYPE_FLOAT16_KHR | scope = VK_SCOPE_WORKGROUP_KHR | workgroupInvocations = 256
[42] MGranularity = 32 | NGranularity = 32 | KGranularity = 32 | AType = VK_COMPONENT_TYPE_FLOAT8_E5M2_EXT | BType = VK_COMPONENT_TYPE_FLOAT8_E5M2_EXT | CType = VK_COMPONENT_TYPE_FLOAT32_KHR | ResultType = VK_COMPONENT_TYPE_FLOAT32_KHR | scope = VK_SCOPE_WORKGROUP_KHR | workgroupInvocations = 256
[43] MGranularity = 32 | NGranularity = 32 | KGranularity = 32 | AType = VK_COMPONENT_TYPE_FLOAT8_E4M3_EXT | BType = VK_COMPONENT_TYPE_FLOAT8_E4M3_EXT | CType = VK_COMPONENT_TYPE_FLOAT16_KHR | ResultType = VK_COMPONENT_TYPE_FLOAT16_KHR | scope = VK_SCOPE_WORKGROUP_KHR | workgroupInvocations = 256
[44] MGranularity = 32 | NGranularity = 32 | KGranularity = 32 | AType = VK_COMPONENT_TYPE_FLOAT8_E4M3_EXT | BType = VK_COMPONENT_TYPE_FLOAT8_E4M3_EXT | CType = VK_COMPONENT_TYPE_FLOAT32_KHR | ResultType = VK_COMPONENT_TYPE_FLOAT32_KHR | scope = VK_SCOPE_WORKGROUP_KHR | workgroupInvocations = 256
.
The Vulkan spec states: For OpTypeCooperativeMatrixKHR, if the cooperativeMatrixFlexibleDimensions feature is enabled, the component type, scope, number of rows, and number of columns must match either one of the matrices in one of the supported VkCooperativeMatrixPropertiesKHR or VkCooperativeMatrixFlexibleDimensionsPropertiesNV (https://docs.vulkan.org/spec/latest/appendices/spirvenv.html#VUID-RuntimeSpirv-cooperativeMatrixFlexibleDimensions-10165)

Validation Error: [ VUID-RuntimeSpirv-cooperativeMatrixFlexibleDimensions-10165 ] | MessageID = 0xaf8bd211
vkCreateComputePipelines(): pCreateInfos[0].stage SPIR-V (VK_SHADER_STAGE_COMPUTE_BIT) has
%1269 = OpTypeCooperativeMatrixKHR %478 %33 %96 %130 %36 (rows: 16, cols: 16, scope: VK_SCOPE_SUBGROUP_KHR, type: VK_COMPONENT_TYPE_BFLOAT16_KHR, use: 2)
but doesn't match any VkCooperativeMatrixPropertiesKHR or VkCooperativeMatrixFlexibleDimensionsPropertiesNV
[0] MSize = 16 | NSize = 16 | KSize = 16 | AType = VK_COMPONENT_TYPE_FLOAT16_KHR | BType = VK_COMPONENT_TYPE_FLOAT16_KHR | CType = VK_COMPONENT_TYPE_FLOAT16_KHR | ResultType = VK_COMPONENT_TYPE_FLOAT16_KHR | scope = VK_SCOPE_SUBGROUP_KHR
[1] MSize = 16 | NSize = 8 | KSize = 16 | AType = VK_COMPONENT_TYPE_FLOAT16_KHR | BType = VK_COMPONENT_TYPE_FLOAT16_KHR | CType = VK_COMPONENT_TYPE_FLOAT16_KHR | ResultType = VK_COMPONENT_TYPE_FLOAT16_KHR | scope = VK_SCOPE_SUBGROUP_KHR
[2] MSize = 16 | NSize = 8 | KSize = 8 | AType = VK_COMPONENT_TYPE_FLOAT16_KHR | BType = VK_COMPONENT_TYPE_FLOAT16_KHR | CType = VK_COMPONENT_TYPE_FLOAT16_KHR | ResultType = VK_COMPONENT_TYPE_FLOAT16_KHR | scope = VK_SCOPE_SUBGROUP_KHR
[3] MSize = 16 | NSize = 16 | KSize = 16 | AType = VK_COMPONENT_TYPE_FLOAT16_KHR | BType = VK_COMPONENT_TYPE_FLOAT16_KHR | CType = VK_COMPONENT_TYPE_FLOAT32_KHR | ResultType = VK_COMPONENT_TYPE_FLOAT32_KHR | scope = VK_SCOPE_SUBGROUP_KHR
[4] MSize = 16 | NSize = 8 | KSize = 16 | AType = VK_COMPONENT_TYPE_FLOAT16_KHR | BType = VK_COMPONENT_TYPE_FLOAT16_KHR | CType = VK_COMPONENT_TYPE_FLOAT32_KHR | ResultType = VK_COMPONENT_TYPE_FLOAT32_KHR | scope = VK_SCOPE_SUBGROUP_KHR
[5] MSize = 16 | NSize = 8 | KSize = 8 | AType = VK_COMPONENT_TYPE_FLOAT16_KHR | BType = VK_COMPONENT_TYPE_FLOAT16_KHR | CType = VK_COMPONENT_TYPE_FLOAT32_KHR | ResultType = VK_COMPONENT_TYPE_FLOAT32_KHR | scope = VK_SCOPE_SUBGROUP_KHR
[6] MSize = 16 | NSize = 16 | KSize = 32 | AType = VK_COMPONENT_TYPE_UINT8_KHR | BType = VK_COMPONENT_TYPE_UINT8_KHR | CType = VK_COMPONENT_TYPE_UINT32_KHR | ResultType = VK_COMPONENT_TYPE_UINT32_KHR | scope = VK_SCOPE_SUBGROUP_KHR
[7] MSize = 16 | NSize = 16 | KSize = 32 | AType = VK_COMPONENT_TYPE_SINT8_KHR | BType = VK_COMPONENT_TYPE_SINT8_KHR | CType = VK_COMPONENT_TYPE_SINT32_KHR | ResultType = VK_COMPONENT_TYPE_SINT32_KHR | scope = VK_SCOPE_SUBGROUP_KHR
[8] MSize = 16 | NSize = 8 | KSize = 32 | AType = VK_COMPONENT_TYPE_UINT8_KHR | BType = VK_COMPONENT_TYPE_UINT8_KHR | CType = VK_COMPONENT_TYPE_UINT32_KHR | ResultType = VK_COMPONENT_TYPE_UINT32_KHR | scope = VK_SCOPE_SUBGROUP_KHR
[9] MSize = 16 | NSize = 8 | KSize = 32 | AType = VK_COMPONENT_TYPE_SINT8_KHR | BType = VK_COMPONENT_TYPE_SINT8_KHR | CType = VK_COMPONENT_TYPE_SINT32_KHR | ResultType = VK_COMPONENT_TYPE_SINT32_KHR | scope = VK_SCOPE_SUBGROUP_KHR
[10] MSize = 16 | NSize = 16 | KSize = 16 | AType = VK_COMPONENT_TYPE_BFLOAT16_KHR | BType = VK_COMPONENT_TYPE_BFLOAT16_KHR | CType = VK_COMPONENT_TYPE_FLOAT32_KHR | ResultType = VK_COMPONENT_TYPE_FLOAT32_KHR | scope = VK_SCOPE_SUBGROUP_KHR
[11] MSize = 16 | NSize = 16 | KSize = 32 | AType = VK_COMPONENT_TYPE_FLOAT8_E5M2_EXT | BType = VK_COMPONENT_TYPE_FLOAT8_E5M2_EXT | CType = VK_COMPONENT_TYPE_FLOAT16_KHR | ResultType = VK_COMPONENT_TYPE_FLOAT16_KHR | scope = VK_SCOPE_SUBGROUP_KHR
[12] MSize = 16 | NSize = 16 | KSize = 32 | AType = VK_COMPONENT_TYPE_FLOAT8_E5M2_EXT | BType = VK_COMPONENT_TYPE_FLOAT8_E5M2_EXT | CType = VK_COMPONENT_TYPE_FLOAT32_KHR | ResultType = VK_COMPONENT_TYPE_FLOAT32_KHR | scope = VK_SCOPE_SUBGROUP_KHR
[13] MSize = 16 | NSize = 16 | KSize = 32 | AType = VK_COMPONENT_TYPE_FLOAT8_E4M3_EXT | BType = VK_COMPONENT_TYPE_FLOAT8_E4M3_EXT | CType = VK_COMPONENT_TYPE_FLOAT16_KHR | ResultType = VK_COMPONENT_TYPE_FLOAT16_KHR | scope = VK_SCOPE_SUBGROUP_KHR
[14] MSize = 16 | NSize = 16 | KSize = 32 | AType = VK_COMPONENT_TYPE_FLOAT8_E4M3_EXT | BType = VK_COMPONENT_TYPE_FLOAT8_E4M3_EXT | CType = VK_COMPONENT_TYPE_FLOAT32_KHR | ResultType = VK_COMPONENT_TYPE_FLOAT32_KHR | scope = VK_SCOPE_SUBGROUP_KHR

[0] MGranularity = 16 | NGranularity = 16 | KGranularity = 16 | AType = VK_COMPONENT_TYPE_FLOAT16_KHR | BType = VK_COMPONENT_TYPE_FLOAT16_KHR | CType = VK_COMPONENT_TYPE_FLOAT16_KHR | ResultType = VK_COMPONENT_TYPE_FLOAT16_KHR | scope = VK_SCOPE_SUBGROUP_KHR | workgroupInvocations = 0
[1] MGranularity = 16 | NGranularity = 16 | KGranularity = 16 | AType = VK_COMPONENT_TYPE_FLOAT16_KHR | BType = VK_COMPONENT_TYPE_FLOAT16_KHR | CType = VK_COMPONENT_TYPE_FLOAT32_KHR | ResultType = VK_COMPONENT_TYPE_FLOAT32_KHR | scope = VK_SCOPE_SUBGROUP_KHR | workgroupInvocations = 0
[2] MGranularity = 16 | NGranularity = 16 | KGranularity = 32 | AType = VK_COMPONENT_TYPE_UINT8_KHR | BType = VK_COMPONENT_TYPE_UINT8_KHR | CType = VK_COMPONENT_TYPE_UINT32_KHR | ResultType = VK_COMPONENT_TYPE_UINT32_KHR | scope = VK_SCOPE_SUBGROUP_KHR | workgroupInvocations = 0
[3] MGranularity = 16 | NGranularity = 16 | KGranularity = 32 | AType = VK_COMPONENT_TYPE_SINT8_KHR | BType = VK_COMPONENT_TYPE_SINT8_KHR | CType = VK_COMPONENT_TYPE_SINT32_KHR | ResultType = VK_COMPONENT_TYPE_SINT32_KHR | scope = VK_SCOPE_SUBGROUP_KHR | workgroupInvocations = 0
[4] MGranularity = 16 | NGranularity = 16 | KGranularity = 16 | AType = VK_COMPONENT_TYPE_BFLOAT16_KHR | BType = VK_COMPONENT_TYPE_BFLOAT16_KHR | CType = VK_COMPONENT_TYPE_FLOAT32_KHR | ResultType = VK_COMPONENT_TYPE_FLOAT32_KHR | scope = VK_SCOPE_SUBGROUP_KHR | workgroupInvocations = 0
[5] MGranularity = 16 | NGranularity = 16 | KGranularity = 16 | AType = VK_COMPONENT_TYPE_FLOAT16_KHR | BType = VK_COMPONENT_TYPE_FLOAT16_KHR | CType = VK_COMPONENT_TYPE_FLOAT16_KHR | ResultType = VK_COMPONENT_TYPE_FLOAT16_KHR | scope = VK_SCOPE_WORKGROUP_KHR | workgroupInvocations = 32
[6] MGranularity = 16 | NGranularity = 16 | KGranularity = 16 | AType = VK_COMPONENT_TYPE_FLOAT16_KHR | BType = VK_COMPONENT_TYPE_FLOAT16_KHR | CType = VK_COMPONENT_TYPE_FLOAT32_KHR | ResultType = VK_COMPONENT_TYPE_FLOAT32_KHR | scope = VK_SCOPE_WORKGROUP_KHR | workgroupInvocations = 32
[7] MGranularity = 16 | NGranularity = 16 | KGranularity = 32 | AType = VK_COMPONENT_TYPE_UINT8_KHR | BType = VK_COMPONENT_TYPE_UINT8_KHR | CType = VK_COMPONENT_TYPE_UINT32_KHR | ResultType = VK_COMPONENT_TYPE_UINT32_KHR | scope = VK_SCOPE_WORKGROUP_KHR | workgroupInvocations = 32
[8] MGranularity = 16 | NGranularity = 16 | KGranularity = 32 | AType = VK_COMPONENT_TYPE_SINT8_KHR | BType = VK_COMPONENT_TYPE_SINT8_KHR | CType = VK_COMPONENT_TYPE_SINT32_KHR | ResultType = VK_COMPONENT_TYPE_SINT32_KHR | scope = VK_SCOPE_WORKGROUP_KHR | workgroupInvocations = 32
[9] MGranularity = 16 | NGranularity = 16 | KGranularity = 16 | AType = VK_COMPONENT_TYPE_BFLOAT16_KHR | BType = VK_COMPONENT_TYPE_BFLOAT16_KHR | CType = VK_COMPONENT_TYPE_FLOAT32_KHR | ResultType = VK_COMPONENT_TYPE_FLOAT32_KHR | scope = VK_SCOPE_WORKGROUP_KHR | workgroupInvocations = 32
[10] MGranularity = 16 | NGranularity = 16 | KGranularity = 16 | AType = VK_COMPONENT_TYPE_FLOAT16_KHR | BType = VK_COMPONENT_TYPE_FLOAT16_KHR | CType = VK_COMPONENT_TYPE_FLOAT16_KHR | ResultType = VK_COMPONENT_TYPE_FLOAT16_KHR | scope = VK_SCOPE_WORKGROUP_KHR | workgroupInvocations = 64
[11] MGranularity = 16 | NGranularity = 16 | KGranularity = 16 | AType = VK_COMPONENT_TYPE_FLOAT16_KHR | BType = VK_COMPONENT_TYPE_FLOAT16_KHR | CType = VK_COMPONENT_TYPE_FLOAT32_KHR | ResultType = VK_COMPONENT_TYPE_FLOAT32_KHR | scope = VK_SCOPE_WORKGROUP_KHR | workgroupInvocations = 64
[12] MGranularity = 16 | NGranularity = 16 | KGranularity = 32 | AType = VK_COMPONENT_TYPE_UINT8_KHR | BType = VK_COMPONENT_TYPE_UINT8_KHR | CType = VK_COMPONENT_TYPE_UINT32_KHR | ResultType = VK_COMPONENT_TYPE_UINT32_KHR | scope = VK_SCOPE_WORKGROUP_KHR | workgroupInvocations = 64
[13] MGranularity = 16 | NGranularity = 16 | KGranularity = 32 | AType = VK_COMPONENT_TYPE_SINT8_KHR | BType = VK_COMPONENT_TYPE_SINT8_KHR | CType = VK_COMPONENT_TYPE_SINT32_KHR | ResultType = VK_COMPONENT_TYPE_SINT32_KHR | scope = VK_SCOPE_WORKGROUP_KHR | workgroupInvocations = 64
[14] MGranularity = 16 | NGranularity = 16 | KGranularity = 16 | AType = VK_COMPONENT_TYPE_BFLOAT16_KHR | BType = VK_COMPONENT_TYPE_BFLOAT16_KHR | CType = VK_COMPONENT_TYPE_FLOAT32_KHR | ResultType = VK_COMPONENT_TYPE_FLOAT32_KHR | scope = VK_SCOPE_WORKGROUP_KHR | workgroupInvocations = 64
[15] MGranularity = 32 | NGranularity = 16 | KGranularity = 16 | AType = VK_COMPONENT_TYPE_FLOAT16_KHR | BType = VK_COMPONENT_TYPE_FLOAT16_KHR | CType = VK_COMPONENT_TYPE_FLOAT16_KHR | ResultType = VK_COMPONENT_TYPE_FLOAT16_KHR | scope = VK_SCOPE_WORKGROUP_KHR | workgroupInvocations = 128
[16] MGranularity = 32 | NGranularity = 16 | KGranularity = 16 | AType = VK_COMPONENT_TYPE_FLOAT16_KHR | BType = VK_COMPONENT_TYPE_FLOAT16_KHR | CType = VK_COMPONENT_TYPE_FLOAT32_KHR | ResultType = VK_COMPONENT_TYPE_FLOAT32_KHR | scope = VK_SCOPE_WORKGROUP_KHR | workgroupInvocations = 128
[17] MGranularity = 32 | NGranularity = 16 | KGranularity = 32 | AType = VK_COMPONENT_TYPE_UINT8_KHR | BType = VK_COMPONENT_TYPE_UINT8_KHR | CType = VK_COMPONENT_TYPE_UINT32_KHR | ResultType = VK_COMPONENT_TYPE_UINT32_KHR | scope = VK_SCOPE_WORKGROUP_KHR | workgroupInvocations = 128
[18] MGranularity = 32 | NGranularity = 16 | KGranularity = 32 | AType = VK_COMPONENT_TYPE_SINT8_KHR | BType = VK_COMPONENT_TYPE_SINT8_KHR | CType = VK_COMPONENT_TYPE_SINT32_KHR | ResultType = VK_COMPONENT_TYPE_SINT32_KHR | scope = VK_SCOPE_WORKGROUP_KHR | workgroupInvocations = 128
[19] MGranularity = 32 | NGranularity = 16 | KGranularity = 16 | AType = VK_COMPONENT_TYPE_BFLOAT16_KHR | BType = VK_COMPONENT_TYPE_BFLOAT16_KHR | CType = VK_COMPONENT_TYPE_FLOAT32_KHR | ResultType = VK_COMPONENT_TYPE_FLOAT32_KHR | scope = VK_SCOPE_WORKGROUP_KHR | workgroupInvocations = 128
[20] MGranularity = 32 | NGranularity = 32 | KGranularity = 16 | AType = VK_COMPONENT_TYPE_FLOAT16_KHR | BType = VK_COMPONENT_TYPE_FLOAT16_KHR | CType = VK_COMPONENT_TYPE_FLOAT16_KHR | ResultType = VK_COMPONENT_TYPE_FLOAT16_KHR | scope = VK_SCOPE_WORKGROUP_KHR | workgroupInvocations = 256
[21] MGranularity = 32 | NGranularity = 32 | KGranularity = 16 | AType = VK_COMPONENT_TYPE_FLOAT16_KHR | BType = VK_COMPONENT_TYPE_FLOAT16_KHR | CType = VK_COMPONENT_TYPE_FLOAT32_KHR | ResultType = VK_COMPONENT_TYPE_FLOAT32_KHR | scope = VK_SCOPE_WORKGROUP_KHR | workgroupInvocations = 256
[22] MGranularity = 32 | NGranularity = 32 | KGranularity = 32 | AType = VK_COMPONENT_TYPE_UINT8_KHR | BType = VK_COMPONENT_TYPE_UINT8_KHR | CType = VK_COMPONENT_TYPE_UINT32_KHR | ResultType = VK_COMPONENT_TYPE_UINT32_KHR | scope = VK_SCOPE_WORKGROUP_KHR | workgroupInvocations = 256
[23] MGranularity = 32 | NGranularity = 32 | KGranularity = 32 | AType = VK_COMPONENT_TYPE_SINT8_KHR | BType = VK_COMPONENT_TYPE_SINT8_KHR | CType = VK_COMPONENT_TYPE_SINT32_KHR | ResultType = VK_COMPONENT_TYPE_SINT32_KHR | scope = VK_SCOPE_WORKGROUP_KHR | workgroupInvocations = 256
[24] MGranularity = 32 | NGranularity = 32 | KGranularity = 16 | AType = VK_COMPONENT_TYPE_BFLOAT16_KHR | BType = VK_COMPONENT_TYPE_BFLOAT16_KHR | CType = VK_COMPONENT_TYPE_FLOAT32_KHR | ResultType = VK_COMPONENT_TYPE_FLOAT32_KHR | scope = VK_SCOPE_WORKGROUP_KHR | workgroupInvocations = 256
[25] MGranularity = 16 | NGranularity = 16 | KGranularity = 32 | AType = VK_COMPONENT_TYPE_FLOAT8_E5M2_EXT | BType = VK_COMPONENT_TYPE_FLOAT8_E5M2_EXT | CType = VK_COMPONENT_TYPE_FLOAT16_KHR | ResultType = VK_COMPONENT_TYPE_FLOAT16_KHR | scope = VK_SCOPE_SUBGROUP_KHR | workgroupInvocations = 0
[26] MGranularity = 16 | NGranularity = 16 | KGranularity = 32 | AType = VK_COMPONENT_TYPE_FLOAT8_E5M2_EXT | BType = VK_COMPONENT_TYPE_FLOAT8_E5M2_EXT | CType = VK_COMPONENT_TYPE_FLOAT32_KHR | ResultType = VK_COMPONENT_TYPE_FLOAT32_KHR | scope = VK_SCOPE_SUBGROUP_KHR | workgroupInvocations = 0
[27] MGranularity = 16 | NGranularity = 16 | KGranularity = 32 | AType = VK_COMPONENT_TYPE_FLOAT8_E4M3_EXT | BType = VK_COMPONENT_TYPE_FLOAT8_E4M3_EXT | CType = VK_COMPONENT_TYPE_FLOAT16_KHR | ResultType = VK_COMPONENT_TYPE_FLOAT16_KHR | scope = VK_SCOPE_SUBGROUP_KHR | workgroupInvocations = 0
[28] MGranularity = 16 | NGranularity = 16 | KGranularity = 32 | AType = VK_COMPONENT_TYPE_FLOAT8_E4M3_EXT | BType = VK_COMPONENT_TYPE_FLOAT8_E4M3_EXT | CType = VK_COMPONENT_TYPE_FLOAT32_KHR | ResultType = VK_COMPONENT_TYPE_FLOAT32_KHR | scope = VK_SCOPE_SUBGROUP_KHR | workgroupInvocations = 0
[29] MGranularity = 16 | NGranularity = 16 | KGranularity = 32 | AType = VK_COMPONENT_TYPE_FLOAT8_E5M2_EXT | BType = VK_COMPONENT_TYPE_FLOAT8_E5M2_EXT | CType = VK_COMPONENT_TYPE_FLOAT16_KHR | ResultType = VK_COMPONENT_TYPE_FLOAT16_KHR | scope = VK_SCOPE_WORKGROUP_KHR | workgroupInvocations = 32
[30] MGranularity = 16 | NGranularity = 16 | KGranularity = 32 | AType = VK_COMPONENT_TYPE_FLOAT8_E5M2_EXT | BType = VK_COMPONENT_TYPE_FLOAT8_E5M2_EXT | CType = VK_COMPONENT_TYPE_FLOAT32_KHR | ResultType = VK_COMPONENT_TYPE_FLOAT32_KHR | scope = VK_SCOPE_WORKGROUP_KHR | workgroupInvocations = 32
[31] MGranularity = 16 | NGranularity = 16 | KGranularity = 32 | AType = VK_COMPONENT_TYPE_FLOAT8_E4M3_EXT | BType = VK_COMPONENT_TYPE_FLOAT8_E4M3_EXT | CType = VK_COMPONENT_TYPE_FLOAT16_KHR | ResultType = VK_COMPONENT_TYPE_FLOAT16_KHR | scope = VK_SCOPE_WORKGROUP_KHR | workgroupInvocations = 32
[32] MGranularity = 16 | NGranularity = 16 | KGranularity = 32 | AType = VK_COMPONENT_TYPE_FLOAT8_E4M3_EXT | BType = VK_COMPONENT_TYPE_FLOAT8_E4M3_EXT | CType = VK_COMPONENT_TYPE_FLOAT32_KHR | ResultType = VK_COMPONENT_TYPE_FLOAT32_KHR | scope = VK_SCOPE_WORKGROUP_KHR | workgroupInvocations = 32
[33] MGranularity = 16 | NGranularity = 16 | KGranularity = 32 | AType = VK_COMPONENT_TYPE_FLOAT8_E5M2_EXT | BType = VK_COMPONENT_TYPE_FLOAT8_E5M2_EXT | CType = VK_COMPONENT_TYPE_FLOAT16_KHR | ResultType = VK_COMPONENT_TYPE_FLOAT16_KHR | scope = VK_SCOPE_WORKGROUP_KHR | workgroupInvocations = 64
[34] MGranularity = 16 | NGranularity = 16 | KGranularity = 32 | AType = VK_COMPONENT_TYPE_FLOAT8_E5M2_EXT | BType = VK_COMPONENT_TYPE_FLOAT8_E5M2_EXT | CType = VK_COMPONENT_TYPE_FLOAT32_KHR | ResultType = VK_COMPONENT_TYPE_FLOAT32_KHR | scope = VK_SCOPE_WORKGROUP_KHR | workgroupInvocations = 64
[35] MGranularity = 16 | NGranularity = 16 | KGranularity = 32 | AType = VK_COMPONENT_TYPE_FLOAT8_E4M3_EXT | BType = VK_COMPONENT_TYPE_FLOAT8_E4M3_EXT | CType = VK_COMPONENT_TYPE_FLOAT16_KHR | ResultType = VK_COMPONENT_TYPE_FLOAT16_KHR | scope = VK_SCOPE_WORKGROUP_KHR | workgroupInvocations = 64
[36] MGranularity = 16 | NGranularity = 16 | KGranularity = 32 | AType = VK_COMPONENT_TYPE_FLOAT8_E4M3_EXT | BType = VK_COMPONENT_TYPE_FLOAT8_E4M3_EXT | CType = VK_COMPONENT_TYPE_FLOAT32_KHR | ResultType = VK_COMPONENT_TYPE_FLOAT32_KHR | scope = VK_SCOPE_WORKGROUP_KHR | workgroupInvocations = 64
[37] MGranularity = 32 | NGranularity = 16 | KGranularity = 32 | AType = VK_COMPONENT_TYPE_FLOAT8_E5M2_EXT | BType = VK_COMPONENT_TYPE_FLOAT8_E5M2_EXT | CType = VK_COMPONENT_TYPE_FLOAT16_KHR | ResultType = VK_COMPONENT_TYPE_FLOAT16_KHR | scope = VK_SCOPE_WORKGROUP_KHR | workgroupInvocations = 128
[38] MGranularity = 32 | NGranularity = 16 | KGranularity = 32 | AType = VK_COMPONENT_TYPE_FLOAT8_E5M2_EXT | BType = VK_COMPONENT_TYPE_FLOAT8_E5M2_EXT | CType = VK_COMPONENT_TYPE_FLOAT32_KHR | ResultType = VK_COMPONENT_TYPE_FLOAT32_KHR | scope = VK_SCOPE_WORKGROUP_KHR | workgroupInvocations = 128
[39] MGranularity = 32 | NGranularity = 16 | KGranularity = 32 | AType = VK_COMPONENT_TYPE_FLOAT8_E4M3_EXT | BType = VK_COMPONENT_TYPE_FLOAT8_E4M3_EXT | CType = VK_COMPONENT_TYPE_FLOAT16_KHR | ResultType = VK_COMPONENT_TYPE_FLOAT16_KHR | scope = VK_SCOPE_WORKGROUP_KHR | workgroupInvocations = 128
[40] MGranularity = 32 | NGranularity = 16 | KGranularity = 32 | AType = VK_COMPONENT_TYPE_FLOAT8_E4M3_EXT | BType = VK_COMPONENT_TYPE_FLOAT8_E4M3_EXT | CType = VK_COMPONENT_TYPE_FLOAT32_KHR | ResultType = VK_COMPONENT_TYPE_FLOAT32_KHR | scope = VK_SCOPE_WORKGROUP_KHR | workgroupInvocations = 128
[41] MGranularity = 32 | NGranularity = 32 | KGranularity = 32 | AType = VK_COMPONENT_TYPE_FLOAT8_E5M2_EXT | BType = VK_COMPONENT_TYPE_FLOAT8_E5M2_EXT | CType = VK_COMPONENT_TYPE_FLOAT16_KHR | ResultType = VK_COMPONENT_TYPE_FLOAT16_KHR | scope = VK_SCOPE_WORKGROUP_KHR | workgroupInvocations = 256
[42] MGranularity = 32 | NGranularity = 32 | KGranularity = 32 | AType = VK_COMPONENT_TYPE_FLOAT8_E5M2_EXT | BType = VK_COMPONENT_TYPE_FLOAT8_E5M2_EXT | CType = VK_COMPONENT_TYPE_FLOAT32_KHR | ResultType = VK_COMPONENT_TYPE_FLOAT32_KHR | scope = VK_SCOPE_WORKGROUP_KHR | workgroupInvocations = 256
[43] MGranularity = 32 | NGranularity = 32 | KGranularity = 32 | AType = VK_COMPONENT_TYPE_FLOAT8_E4M3_EXT | BType = VK_COMPONENT_TYPE_FLOAT8_E4M3_EXT | CType = VK_COMPONENT_TYPE_FLOAT16_KHR | ResultType = VK_COMPONENT_TYPE_FLOAT16_KHR | scope = VK_SCOPE_WORKGROUP_KHR | workgroupInvocations = 256
[44] MGranularity = 32 | NGranularity = 32 | KGranularity = 32 | AType = VK_COMPONENT_TYPE_FLOAT8_E4M3_EXT | BType = VK_COMPONENT_TYPE_FLOAT8_E4M3_EXT | CType = VK_COMPONENT_TYPE_FLOAT32_KHR | ResultType = VK_COMPONENT_TYPE_FLOAT32_KHR | scope = VK_SCOPE_WORKGROUP_KHR | workgroupInvocations = 256
.
The Vulkan spec states: For OpTypeCooperativeMatrixKHR, if the cooperativeMatrixFlexibleDimensions feature is enabled, the component type, scope, number of rows, and number of columns must match either one of the matrices in one of the supported VkCooperativeMatrixPropertiesKHR or VkCooperativeMatrixFlexibleDimensionsPropertiesNV (https://docs.vulkan.org/spec/latest/appendices/spirvenv.html#VUID-RuntimeSpirv-cooperativeMatrixFlexibleDimensions-10165)

Validation Error: [ VUID-RuntimeSpirv-cooperativeMatrixFlexibleDimensions-10165 ] | MessageID = 0xaf8bd211
vkCreateComputePipelines(): pCreateInfos[0].stage SPIR-V (VK_SHADER_STAGE_COMPUTE_BIT) has
%1269 = OpTypeCooperativeMatrixKHR %478 %33 %96 %130 %36 (rows: 16, cols: 16, scope: VK_SCOPE_SUBGROUP_KHR, type: VK_COMPONENT_TYPE_BFLOAT16_KHR, use: 2)
but doesn't match any VkCooperativeMatrixPropertiesKHR or VkCooperativeMatrixFlexibleDimensionsPropertiesNV
[0] MSize = 16 | NSize = 16 | KSize = 16 | AType = VK_COMPONENT_TYPE_FLOAT16_KHR | BType = VK_COMPONENT_TYPE_FLOAT16_KHR | CType = VK_COMPONENT_TYPE_FLOAT16_KHR | ResultType = VK_COMPONENT_TYPE_FLOAT16_KHR | scope = VK_SCOPE_SUBGROUP_KHR
[1] MSize = 16 | NSize = 8 | KSize = 16 | AType = VK_COMPONENT_TYPE_FLOAT16_KHR | BType = VK_COMPONENT_TYPE_FLOAT16_KHR | CType = VK_COMPONENT_TYPE_FLOAT16_KHR | ResultType = VK_COMPONENT_TYPE_FLOAT16_KHR | scope = VK_SCOPE_SUBGROUP_KHR
[2] MSize = 16 | NSize = 8 | KSize = 8 | AType = VK_COMPONENT_TYPE_FLOAT16_KHR | BType = VK_COMPONENT_TYPE_FLOAT16_KHR | CType = VK_COMPONENT_TYPE_FLOAT16_KHR | ResultType = VK_COMPONENT_TYPE_FLOAT16_KHR | scope = VK_SCOPE_SUBGROUP_KHR
[3] MSize = 16 | NSize = 16 | KSize = 16 | AType = VK_COMPONENT_TYPE_FLOAT16_KHR | BType = VK_COMPONENT_TYPE_FLOAT16_KHR | CType = VK_COMPONENT_TYPE_FLOAT32_KHR | ResultType = VK_COMPONENT_TYPE_FLOAT32_KHR | scope = VK_SCOPE_SUBGROUP_KHR
[4] MSize = 16 | NSize = 8 | KSize = 16 | AType = VK_COMPONENT_TYPE_FLOAT16_KHR | BType = VK_COMPONENT_TYPE_FLOAT16_KHR | CType = VK_COMPONENT_TYPE_FLOAT32_KHR | ResultType = VK_COMPONENT_TYPE_FLOAT32_KHR | scope = VK_SCOPE_SUBGROUP_KHR
[5] MSize = 16 | NSize = 8 | KSize = 8 | AType = VK_COMPONENT_TYPE_FLOAT16_KHR | BType = VK_COMPONENT_TYPE_FLOAT16_KHR | CType = VK_COMPONENT_TYPE_FLOAT32_KHR | ResultType = VK_COMPONENT_TYPE_FLOAT32_KHR | scope = VK_SCOPE_SUBGROUP_KHR
[6] MSize = 16 | NSize = 16 | KSize = 32 | AType = VK_COMPONENT_TYPE_UINT8_KHR | BType = VK_COMPONENT_TYPE_UINT8_KHR | CType = VK_COMPONENT_TYPE_UINT32_KHR | ResultType = VK_COMPONENT_TYPE_UINT32_KHR | scope = VK_SCOPE_SUBGROUP_KHR
[7] MSize = 16 | NSize = 16 | KSize = 32 | AType = VK_COMPONENT_TYPE_SINT8_KHR | BType = VK_COMPONENT_TYPE_SINT8_KHR | CType = VK_COMPONENT_TYPE_SINT32_KHR | ResultType = VK_COMPONENT_TYPE_SINT32_KHR | scope = VK_SCOPE_SUBGROUP_KHR
[8] MSize = 16 | NSize = 8 | KSize = 32 | AType = VK_COMPONENT_TYPE_UINT8_KHR | BType = VK_COMPONENT_TYPE_UINT8_KHR | CType = VK_COMPONENT_TYPE_UINT32_KHR | ResultType = VK_COMPONENT_TYPE_UINT32_KHR | scope = VK_SCOPE_SUBGROUP_KHR
[9] MSize = 16 | NSize = 8 | KSize = 32 | AType = VK_COMPONENT_TYPE_SINT8_KHR | BType = VK_COMPONENT_TYPE_SINT8_KHR | CType = VK_COMPONENT_TYPE_SINT32_KHR | ResultType = VK_COMPONENT_TYPE_SINT32_KHR | scope = VK_SCOPE_SUBGROUP_KHR
[10] MSize = 16 | NSize = 16 | KSize = 16 | AType = VK_COMPONENT_TYPE_BFLOAT16_KHR | BType = VK_COMPONENT_TYPE_BFLOAT16_KHR | CType = VK_COMPONENT_TYPE_FLOAT32_KHR | ResultType = VK_COMPONENT_TYPE_FLOAT32_KHR | scope = VK_SCOPE_SUBGROUP_KHR
[11] MSize = 16 | NSize = 16 | KSize = 32 | AType = VK_COMPONENT_TYPE_FLOAT8_E5M2_EXT | BType = VK_COMPONENT_TYPE_FLOAT8_E5M2_EXT | CType = VK_COMPONENT_TYPE_FLOAT16_KHR | ResultType = VK_COMPONENT_TYPE_FLOAT16_KHR | scope = VK_SCOPE_SUBGROUP_KHR
[12] MSize = 16 | NSize = 16 | KSize = 32 | AType = VK_COMPONENT_TYPE_FLOAT8_E5M2_EXT | BType = VK_COMPONENT_TYPE_FLOAT8_E5M2_EXT | CType = VK_COMPONENT_TYPE_FLOAT32_KHR | ResultType = VK_COMPONENT_TYPE_FLOAT32_KHR | scope = VK_SCOPE_SUBGROUP_KHR
[13] MSize = 16 | NSize = 16 | KSize = 32 | AType = VK_COMPONENT_TYPE_FLOAT8_E4M3_EXT | BType = VK_COMPONENT_TYPE_FLOAT8_E4M3_EXT | CType = VK_COMPONENT_TYPE_FLOAT16_KHR | ResultType = VK_COMPONENT_TYPE_FLOAT16_KHR | scope = VK_SCOPE_SUBGROUP_KHR
[14] MSize = 16 | NSize = 16 | KSize = 32 | AType = VK_COMPONENT_TYPE_FLOAT8_E4M3_EXT | BType = VK_COMPONENT_TYPE_FLOAT8_E4M3_EXT | CType = VK_COMPONENT_TYPE_FLOAT32_KHR | ResultType = VK_COMPONENT_TYPE_FLOAT32_KHR | scope = VK_SCOPE_SUBGROUP_KHR

[0] MGranularity = 16 | NGranularity = 16 | KGranularity = 16 | AType = VK_COMPONENT_TYPE_FLOAT16_KHR | BType = VK_COMPONENT_TYPE_FLOAT16_KHR | CType = VK_COMPONENT_TYPE_FLOAT16_KHR | ResultType = VK_COMPONENT_TYPE_FLOAT16_KHR | scope = VK_SCOPE_SUBGROUP_KHR | workgroupInvocations = 0
[1] MGranularity = 16 | NGranularity = 16 | KGranularity = 16 | AType = VK_COMPONENT_TYPE_FLOAT16_KHR | BType = VK_COMPONENT_TYPE_FLOAT16_KHR | CType = VK_COMPONENT_TYPE_FLOAT32_KHR | ResultType = VK_COMPONENT_TYPE_FLOAT32_KHR | scope = VK_SCOPE_SUBGROUP_KHR | workgroupInvocations = 0
[2] MGranularity = 16 | NGranularity = 16 | KGranularity = 32 | AType = VK_COMPONENT_TYPE_UINT8_KHR | BType = VK_COMPONENT_TYPE_UINT8_KHR | CType = VK_COMPONENT_TYPE_UINT32_KHR | ResultType = VK_COMPONENT_TYPE_UINT32_KHR | scope = VK_SCOPE_SUBGROUP_KHR | workgroupInvocations = 0
[3] MGranularity = 16 | NGranularity = 16 | KGranularity = 32 | AType = VK_COMPONENT_TYPE_SINT8_KHR | BType = VK_COMPONENT_TYPE_SINT8_KHR | CType = VK_COMPONENT_TYPE_SINT32_KHR | ResultType = VK_COMPONENT_TYPE_SINT32_KHR | scope = VK_SCOPE_SUBGROUP_KHR | workgroupInvocations = 0
[4] MGranularity = 16 | NGranularity = 16 | KGranularity = 16 | AType = VK_COMPONENT_TYPE_BFLOAT16_KHR | BType = VK_COMPONENT_TYPE_BFLOAT16_KHR | CType = VK_COMPONENT_TYPE_FLOAT32_KHR | ResultType = VK_COMPONENT_TYPE_FLOAT32_KHR | scope = VK_SCOPE_SUBGROUP_KHR | workgroupInvocations = 0
[5] MGranularity = 16 | NGranularity = 16 | KGranularity = 16 | AType = VK_COMPONENT_TYPE_FLOAT16_KHR | BType = VK_COMPONENT_TYPE_FLOAT16_KHR | CType = VK_COMPONENT_TYPE_FLOAT16_KHR | ResultType = VK_COMPONENT_TYPE_FLOAT16_KHR | scope = VK_SCOPE_WORKGROUP_KHR | workgroupInvocations = 32
[6] MGranularity = 16 | NGranularity = 16 | KGranularity = 16 | AType = VK_COMPONENT_TYPE_FLOAT16_KHR | BType = VK_COMPONENT_TYPE_FLOAT16_KHR | CType = VK_COMPONENT_TYPE_FLOAT32_KHR | ResultType = VK_COMPONENT_TYPE_FLOAT32_KHR | scope = VK_SCOPE_WORKGROUP_KHR | workgroupInvocations = 32
[7] MGranularity = 16 | NGranularity = 16 | KGranularity = 32 | AType = VK_COMPONENT_TYPE_UINT8_KHR | BType = VK_COMPONENT_TYPE_UINT8_KHR | CType = VK_COMPONENT_TYPE_UINT32_KHR | ResultType = VK_COMPONENT_TYPE_UINT32_KHR | scope = VK_SCOPE_WORKGROUP_KHR | workgroupInvocations = 32
[8] MGranularity = 16 | NGranularity = 16 | KGranularity = 32 | AType = VK_COMPONENT_TYPE_SINT8_KHR | BType = VK_COMPONENT_TYPE_SINT8_KHR | CType = VK_COMPONENT_TYPE_SINT32_KHR | ResultType = VK_COMPONENT_TYPE_SINT32_KHR | scope = VK_SCOPE_WORKGROUP_KHR | workgroupInvocations = 32
[9] MGranularity = 16 | NGranularity = 16 | KGranularity = 16 | AType = VK_COMPONENT_TYPE_BFLOAT16_KHR | BType = VK_COMPONENT_TYPE_BFLOAT16_KHR | CType = VK_COMPONENT_TYPE_FLOAT32_KHR | ResultType = VK_COMPONENT_TYPE_FLOAT32_KHR | scope = VK_SCOPE_WORKGROUP_KHR | workgroupInvocations = 32
[10] MGranularity = 16 | NGranularity = 16 | KGranularity = 16 | AType = VK_COMPONENT_TYPE_FLOAT16_KHR | BType = VK_COMPONENT_TYPE_FLOAT16_KHR | CType = VK_COMPONENT_TYPE_FLOAT16_KHR | ResultType = VK_COMPONENT_TYPE_FLOAT16_KHR | scope = VK_SCOPE_WORKGROUP_KHR | workgroupInvocations = 64
[11] MGranularity = 16 | NGranularity = 16 | KGranularity = 16 | AType = VK_COMPONENT_TYPE_FLOAT16_KHR | BType = VK_COMPONENT_TYPE_FLOAT16_KHR | CType = VK_COMPONENT_TYPE_FLOAT32_KHR | ResultType = VK_COMPONENT_TYPE_FLOAT32_KHR | scope = VK_SCOPE_WORKGROUP_KHR | workgroupInvocations = 64
[12] MGranularity = 16 | NGranularity = 16 | KGranularity = 32 | AType = VK_COMPONENT_TYPE_UINT8_KHR | BType = VK_COMPONENT_TYPE_UINT8_KHR | CType = VK_COMPONENT_TYPE_UINT32_KHR | ResultType = VK_COMPONENT_TYPE_UINT32_KHR | scope = VK_SCOPE_WORKGROUP_KHR | workgroupInvocations = 64
[13] MGranularity = 16 | NGranularity = 16 | KGranularity = 32 | AType = VK_COMPONENT_TYPE_SINT8_KHR | BType = VK_COMPONENT_TYPE_SINT8_KHR | CType = VK_COMPONENT_TYPE_SINT32_KHR | ResultType = VK_COMPONENT_TYPE_SINT32_KHR | scope = VK_SCOPE_WORKGROUP_KHR | workgroupInvocations = 64
[14] MGranularity = 16 | NGranularity = 16 | KGranularity = 16 | AType = VK_COMPONENT_TYPE_BFLOAT16_KHR | BType = VK_COMPONENT_TYPE_BFLOAT16_KHR | CType = VK_COMPONENT_TYPE_FLOAT32_KHR | ResultType = VK_COMPONENT_TYPE_FLOAT32_KHR | scope = VK_SCOPE_WORKGROUP_KHR | workgroupInvocations = 64
[15] MGranularity = 32 | NGranularity = 16 | KGranularity = 16 | AType = VK_COMPONENT_TYPE_FLOAT16_KHR | BType = VK_COMPONENT_TYPE_FLOAT16_KHR | CType = VK_COMPONENT_TYPE_FLOAT16_KHR | ResultType = VK_COMPONENT_TYPE_FLOAT16_KHR | scope = VK_SCOPE_WORKGROUP_KHR | workgroupInvocations = 128
[16] MGranularity = 32 | NGranularity = 16 | KGranularity = 16 | AType = VK_COMPONENT_TYPE_FLOAT16_KHR | BType = VK_COMPONENT_TYPE_FLOAT16_KHR | CType = VK_COMPONENT_TYPE_FLOAT32_KHR | ResultType = VK_COMPONENT_TYPE_FLOAT32_KHR | scope = VK_SCOPE_WORKGROUP_KHR | workgroupInvocations = 128
[17] MGranularity = 32 | NGranularity = 16 | KGranularity = 32 | AType = VK_COMPONENT_TYPE_UINT8_KHR | BType = VK_COMPONENT_TYPE_UINT8_KHR | CType = VK_COMPONENT_TYPE_UINT32_KHR | ResultType = VK_COMPONENT_TYPE_UINT32_KHR | scope = VK_SCOPE_WORKGROUP_KHR | workgroupInvocations = 128
[18] MGranularity = 32 | NGranularity = 16 | KGranularity = 32 | AType = VK_COMPONENT_TYPE_SINT8_KHR | BType = VK_COMPONENT_TYPE_SINT8_KHR | CType = VK_COMPONENT_TYPE_SINT32_KHR | ResultType = VK_COMPONENT_TYPE_SINT32_KHR | scope = VK_SCOPE_WORKGROUP_KHR | workgroupInvocations = 128
[19] MGranularity = 32 | NGranularity = 16 | KGranularity = 16 | AType = VK_COMPONENT_TYPE_BFLOAT16_KHR | BType = VK_COMPONENT_TYPE_BFLOAT16_KHR | CType = VK_COMPONENT_TYPE_FLOAT32_KHR | ResultType = VK_COMPONENT_TYPE_FLOAT32_KHR | scope = VK_SCOPE_WORKGROUP_KHR | workgroupInvocations = 128
[20] MGranularity = 32 | NGranularity = 32 | KGranularity = 16 | AType = VK_COMPONENT_TYPE_FLOAT16_KHR | BType = VK_COMPONENT_TYPE_FLOAT16_KHR | CType = VK_COMPONENT_TYPE_FLOAT16_KHR | ResultType = VK_COMPONENT_TYPE_FLOAT16_KHR | scope = VK_SCOPE_WORKGROUP_KHR | workgroupInvocations = 256
[21] MGranularity = 32 | NGranularity = 32 | KGranularity = 16 | AType = VK_COMPONENT_TYPE_FLOAT16_KHR | BType = VK_COMPONENT_TYPE_FLOAT16_KHR | CType = VK_COMPONENT_TYPE_FLOAT32_KHR | ResultType = VK_COMPONENT_TYPE_FLOAT32_KHR | scope = VK_SCOPE_WORKGROUP_KHR | workgroupInvocations = 256
[22] MGranularity = 32 | NGranularity = 32 | KGranularity = 32 | AType = VK_COMPONENT_TYPE_UINT8_KHR | BType = VK_COMPONENT_TYPE_UINT8_KHR | CType = VK_COMPONENT_TYPE_UINT32_KHR | ResultType = VK_COMPONENT_TYPE_UINT32_KHR | scope = VK_SCOPE_WORKGROUP_KHR | workgroupInvocations = 256
[23] MGranularity = 32 | NGranularity = 32 | KGranularity = 32 | AType = VK_COMPONENT_TYPE_SINT8_KHR | BType = VK_COMPONENT_TYPE_SINT8_KHR | CType = VK_COMPONENT_TYPE_SINT32_KHR | ResultType = VK_COMPONENT_TYPE_SINT32_KHR | scope = VK_SCOPE_WORKGROUP_KHR | workgroupInvocations = 256
[24] MGranularity = 32 | NGranularity = 32 | KGranularity = 16 | AType = VK_COMPONENT_TYPE_BFLOAT16_KHR | BType = VK_COMPONENT_TYPE_BFLOAT16_KHR | CType = VK_COMPONENT_TYPE_FLOAT32_KHR | ResultType = VK_COMPONENT_TYPE_FLOAT32_KHR | scope = VK_SCOPE_WORKGROUP_KHR | workgroupInvocations = 256
[25] MGranularity = 16 | NGranularity = 16 | KGranularity = 32 | AType = VK_COMPONENT_TYPE_FLOAT8_E5M2_EXT | BType = VK_COMPONENT_TYPE_FLOAT8_E5M2_EXT | CType = VK_COMPONENT_TYPE_FLOAT16_KHR | ResultType = VK_COMPONENT_TYPE_FLOAT16_KHR | scope = VK_SCOPE_SUBGROUP_KHR | workgroupInvocations = 0
[26] MGranularity = 16 | NGranularity = 16 | KGranularity = 32 | AType = VK_COMPONENT_TYPE_FLOAT8_E5M2_EXT | BType = VK_COMPONENT_TYPE_FLOAT8_E5M2_EXT | CType = VK_COMPONENT_TYPE_FLOAT32_KHR | ResultType = VK_COMPONENT_TYPE_FLOAT32_KHR | scope = VK_SCOPE_SUBGROUP_KHR | workgroupInvocations = 0
[27] MGranularity = 16 | NGranularity = 16 | KGranularity = 32 | AType = VK_COMPONENT_TYPE_FLOAT8_E4M3_EXT | BType = VK_COMPONENT_TYPE_FLOAT8_E4M3_EXT | CType = VK_COMPONENT_TYPE_FLOAT16_KHR | ResultType = VK_COMPONENT_TYPE_FLOAT16_KHR | scope = VK_SCOPE_SUBGROUP_KHR | workgroupInvocations = 0
[28] MGranularity = 16 | NGranularity = 16 | KGranularity = 32 | AType = VK_COMPONENT_TYPE_FLOAT8_E4M3_EXT | BType = VK_COMPONENT_TYPE_FLOAT8_E4M3_EXT | CType = VK_COMPONENT_TYPE_FLOAT32_KHR | ResultType = VK_COMPONENT_TYPE_FLOAT32_KHR | scope = VK_SCOPE_SUBGROUP_KHR | workgroupInvocations = 0
[29] MGranularity = 16 | NGranularity = 16 | KGranularity = 32 | AType = VK_COMPONENT_TYPE_FLOAT8_E5M2_EXT | BType = VK_COMPONENT_TYPE_FLOAT8_E5M2_EXT | CType = VK_COMPONENT_TYPE_FLOAT16_KHR | ResultType = VK_COMPONENT_TYPE_FLOAT16_KHR | scope = VK_SCOPE_WORKGROUP_KHR | workgroupInvocations = 32
[30] MGranularity = 16 | NGranularity = 16 | KGranularity = 32 | AType = VK_COMPONENT_TYPE_FLOAT8_E5M2_EXT | BType = VK_COMPONENT_TYPE_FLOAT8_E5M2_EXT | CType = VK_COMPONENT_TYPE_FLOAT32_KHR | ResultType = VK_COMPONENT_TYPE_FLOAT32_KHR | scope = VK_SCOPE_WORKGROUP_KHR | workgroupInvocations = 32
[31] MGranularity = 16 | NGranularity = 16 | KGranularity = 32 | AType = VK_COMPONENT_TYPE_FLOAT8_E4M3_EXT | BType = VK_COMPONENT_TYPE_FLOAT8_E4M3_EXT | CType = VK_COMPONENT_TYPE_FLOAT16_KHR | ResultType = VK_COMPONENT_TYPE_FLOAT16_KHR | scope = VK_SCOPE_WORKGROUP_KHR | workgroupInvocations = 32
[32] MGranularity = 16 | NGranularity = 16 | KGranularity = 32 | AType = VK_COMPONENT_TYPE_FLOAT8_E4M3_EXT | BType = VK_COMPONENT_TYPE_FLOAT8_E4M3_EXT | CType = VK_COMPONENT_TYPE_FLOAT32_KHR | ResultType = VK_COMPONENT_TYPE_FLOAT32_KHR | scope = VK_SCOPE_WORKGROUP_KHR | workgroupInvocations = 32
[33] MGranularity = 16 | NGranularity = 16 | KGranularity = 32 | AType = VK_COMPONENT_TYPE_FLOAT8_E5M2_EXT | BType = VK_COMPONENT_TYPE_FLOAT8_E5M2_EXT | CType = VK_COMPONENT_TYPE_FLOAT16_KHR | ResultType = VK_COMPONENT_TYPE_FLOAT16_KHR | scope = VK_SCOPE_WORKGROUP_KHR | workgroupInvocations = 64
[34] MGranularity = 16 | NGranularity = 16 | KGranularity = 32 | AType = VK_COMPONENT_TYPE_FLOAT8_E5M2_EXT | BType = VK_COMPONENT_TYPE_FLOAT8_E5M2_EXT | CType = VK_COMPONENT_TYPE_FLOAT32_KHR | ResultType = VK_COMPONENT_TYPE_FLOAT32_KHR | scope = VK_SCOPE_WORKGROUP_KHR | workgroupInvocations = 64
[35] MGranularity = 16 | NGranularity = 16 | KGranularity = 32 | AType = VK_COMPONENT_TYPE_FLOAT8_E4M3_EXT | BType = VK_COMPONENT_TYPE_FLOAT8_E4M3_EXT | CType = VK_COMPONENT_TYPE_FLOAT16_KHR | ResultType = VK_COMPONENT_TYPE_FLOAT16_KHR | scope = VK_SCOPE_WORKGROUP_KHR | workgroupInvocations = 64
[36] MGranularity = 16 | NGranularity = 16 | KGranularity = 32 | AType = VK_COMPONENT_TYPE_FLOAT8_E4M3_EXT | BType = VK_COMPONENT_TYPE_FLOAT8_E4M3_EXT | CType = VK_COMPONENT_TYPE_FLOAT32_KHR | ResultType = VK_COMPONENT_TYPE_FLOAT32_KHR | scope = VK_SCOPE_WORKGROUP_KHR | workgroupInvocations = 64
[37] MGranularity = 32 | NGranularity = 16 | KGranularity = 32 | AType = VK_COMPONENT_TYPE_FLOAT8_E5M2_EXT | BType = VK_COMPONENT_TYPE_FLOAT8_E5M2_EXT | CType = VK_COMPONENT_TYPE_FLOAT16_KHR | ResultType = VK_COMPONENT_TYPE_FLOAT16_KHR | scope = VK_SCOPE_WORKGROUP_KHR | workgroupInvocations = 128
[38] MGranularity = 32 | NGranularity = 16 | KGranularity = 32 | AType = VK_COMPONENT_TYPE_FLOAT8_E5M2_EXT | BType = VK_COMPONENT_TYPE_FLOAT8_E5M2_EXT | CType = VK_COMPONENT_TYPE_FLOAT32_KHR | ResultType = VK_COMPONENT_TYPE_FLOAT32_KHR | scope = VK_SCOPE_WORKGROUP_KHR | workgroupInvocations = 128
[39] MGranularity = 32 | NGranularity = 16 | KGranularity = 32 | AType = VK_COMPONENT_TYPE_FLOAT8_E4M3_EXT | BType = VK_COMPONENT_TYPE_FLOAT8_E4M3_EXT | CType = VK_COMPONENT_TYPE_FLOAT16_KHR | ResultType = VK_COMPONENT_TYPE_FLOAT16_KHR | scope = VK_SCOPE_WORKGROUP_KHR | workgroupInvocations = 128
[40] MGranularity = 32 | NGranularity = 16 | KGranularity = 32 | AType = VK_COMPONENT_TYPE_FLOAT8_E4M3_EXT | BType = VK_COMPONENT_TYPE_FLOAT8_E4M3_EXT | CType = VK_COMPONENT_TYPE_FLOAT32_KHR | ResultType = VK_COMPONENT_TYPE_FLOAT32_KHR | scope = VK_SCOPE_WORKGROUP_KHR | workgroupInvocations = 128
[41] MGranularity = 32 | NGranularity = 32 | KGranularity = 32 | AType = VK_COMPONENT_TYPE_FLOAT8_E5M2_EXT | BType = VK_COMPONENT_TYPE_FLOAT8_E5M2_EXT | CType = VK_COMPONENT_TYPE_FLOAT16_KHR | ResultType = VK_COMPONENT_TYPE_FLOAT16_KHR | scope = VK_SCOPE_WORKGROUP_KHR | workgroupInvocations = 256
[42] MGranularity = 32 | NGranularity = 32 | KGranularity = 32 | AType = VK_COMPONENT_TYPE_FLOAT8_E5M2_EXT | BType = VK_COMPONENT_TYPE_FLOAT8_E5M2_EXT | CType = VK_COMPONENT_TYPE_FLOAT32_KHR | ResultType = VK_COMPONENT_TYPE_FLOAT32_KHR | scope = VK_SCOPE_WORKGROUP_KHR | workgroupInvocations = 256
[43] MGranularity = 32 | NGranularity = 32 | KGranularity = 32 | AType = VK_COMPONENT_TYPE_FLOAT8_E4M3_EXT | BType = VK_COMPONENT_TYPE_FLOAT8_E4M3_EXT | CType = VK_COMPONENT_TYPE_FLOAT16_KHR | ResultType = VK_COMPONENT_TYPE_FLOAT16_KHR | scope = VK_SCOPE_WORKGROUP_KHR | workgroupInvocations = 256
[44] MGranularity = 32 | NGranularity = 32 | KGranularity = 32 | AType = VK_COMPONENT_TYPE_FLOAT8_E4M3_EXT | BType = VK_COMPONENT_TYPE_FLOAT8_E4M3_EXT | CType = VK_COMPONENT_TYPE_FLOAT32_KHR | ResultType = VK_COMPONENT_TYPE_FLOAT32_KHR | scope = VK_SCOPE_WORKGROUP_KHR | workgroupInvocations = 256
.
The Vulkan spec states: For OpTypeCooperativeMatrixKHR, if the cooperativeMatrixFlexibleDimensions feature is enabled, the component type, scope, number of rows, and number of columns must match either one of the matrices in one of the supported VkCooperativeMatrixPropertiesKHR or VkCooperativeMatrixFlexibleDimensionsPropertiesNV (https://docs.vulkan.org/spec/latest/appendices/spirvenv.html#VUID-RuntimeSpirv-cooperativeMatrixFlexibleDimensions-10165)

Validation Error: [ VUID-RuntimeSpirv-cooperativeMatrixFlexibleDimensions-10165 ] | MessageID = 0xaf8bd211
vkCreateComputePipelines(): pCreateInfos[0].stage SPIR-V (VK_SHADER_STAGE_COMPUTE_BIT) has
%1269 = OpTypeCooperativeMatrixKHR %478 %33 %96 %130 %36 (rows: 16, cols: 16, scope: VK_SCOPE_SUBGROUP_KHR, type: VK_COMPONENT_TYPE_BFLOAT16_KHR, use: 2)
but doesn't match any VkCooperativeMatrixPropertiesKHR or VkCooperativeMatrixFlexibleDimensionsPropertiesNV
[0] MSize = 16 | NSize = 16 | KSize = 16 | AType = VK_COMPONENT_TYPE_FLOAT16_KHR | BType = VK_COMPONENT_TYPE_FLOAT16_KHR | CType = VK_COMPONENT_TYPE_FLOAT16_KHR | ResultType = VK_COMPONENT_TYPE_FLOAT16_KHR | scope = VK_SCOPE_SUBGROUP_KHR
[1] MSize = 16 | NSize = 8 | KSize = 16 | AType = VK_COMPONENT_TYPE_FLOAT16_KHR | BType = VK_COMPONENT_TYPE_FLOAT16_KHR | CType = VK_COMPONENT_TYPE_FLOAT16_KHR | ResultType = VK_COMPONENT_TYPE_FLOAT16_KHR | scope = VK_SCOPE_SUBGROUP_KHR
[2] MSize = 16 | NSize = 8 | KSize = 8 | AType = VK_COMPONENT_TYPE_FLOAT16_KHR | BType = VK_COMPONENT_TYPE_FLOAT16_KHR | CType = VK_COMPONENT_TYPE_FLOAT16_KHR | ResultType = VK_COMPONENT_TYPE_FLOAT16_KHR | scope = VK_SCOPE_SUBGROUP_KHR
[3] MSize = 16 | NSize = 16 | KSize = 16 | AType = VK_COMPONENT_TYPE_FLOAT16_KHR | BType = VK_COMPONENT_TYPE_FLOAT16_KHR | CType = VK_COMPONENT_TYPE_FLOAT32_KHR | ResultType = VK_COMPONENT_TYPE_FLOAT32_KHR | scope = VK_SCOPE_SUBGROUP_KHR
[4] MSize = 16 | NSize = 8 | KSize = 16 | AType = VK_COMPONENT_TYPE_FLOAT16_KHR | BType = VK_COMPONENT_TYPE_FLOAT16_KHR | CType = VK_COMPONENT_TYPE_FLOAT32_KHR | ResultType = VK_COMPONENT_TYPE_FLOAT32_KHR | scope = VK_SCOPE_SUBGROUP_KHR
[5] MSize = 16 | NSize = 8 | KSize = 8 | AType = VK_COMPONENT_TYPE_FLOAT16_KHR | BType = VK_COMPONENT_TYPE_FLOAT16_KHR | CType = VK_COMPONENT_TYPE_FLOAT32_KHR | ResultType = VK_COMPONENT_TYPE_FLOAT32_KHR | scope = VK_SCOPE_SUBGROUP_KHR
[6] MSize = 16 | NSize = 16 | KSize = 32 | AType = VK_COMPONENT_TYPE_UINT8_KHR | BType = VK_COMPONENT_TYPE_UINT8_KHR | CType = VK_COMPONENT_TYPE_UINT32_KHR | ResultType = VK_COMPONENT_TYPE_UINT32_KHR | scope = VK_SCOPE_SUBGROUP_KHR
[7] MSize = 16 | NSize = 16 | KSize = 32 | AType = VK_COMPONENT_TYPE_SINT8_KHR | BType = VK_COMPONENT_TYPE_SINT8_KHR | CType = VK_COMPONENT_TYPE_SINT32_KHR | ResultType = VK_COMPONENT_TYPE_SINT32_KHR | scope = VK_SCOPE_SUBGROUP_KHR
[8] MSize = 16 | NSize = 8 | KSize = 32 | AType = VK_COMPONENT_TYPE_UINT8_KHR | BType = VK_COMPONENT_TYPE_UINT8_KHR | CType = VK_COMPONENT_TYPE_UINT32_KHR | ResultType = VK_COMPONENT_TYPE_UINT32_KHR | scope = VK_SCOPE_SUBGROUP_KHR
[9] MSize = 16 | NSize = 8 | KSize = 32 | AType = VK_COMPONENT_TYPE_SINT8_KHR | BType = VK_COMPONENT_TYPE_SINT8_KHR | CType = VK_COMPONENT_TYPE_SINT32_KHR | ResultType = VK_COMPONENT_TYPE_SINT32_KHR | scope = VK_SCOPE_SUBGROUP_KHR
[10] MSize = 16 | NSize = 16 | KSize = 16 | AType = VK_COMPONENT_TYPE_BFLOAT16_KHR | BType = VK_COMPONENT_TYPE_BFLOAT16_KHR | CType = VK_COMPONENT_TYPE_FLOAT32_KHR | ResultType = VK_COMPONENT_TYPE_FLOAT32_KHR | scope = VK_SCOPE_SUBGROUP_KHR
[11] MSize = 16 | NSize = 16 | KSize = 32 | AType = VK_COMPONENT_TYPE_FLOAT8_E5M2_EXT | BType = VK_COMPONENT_TYPE_FLOAT8_E5M2_EXT | CType = VK_COMPONENT_TYPE_FLOAT16_KHR | ResultType = VK_COMPONENT_TYPE_FLOAT16_KHR | scope = VK_SCOPE_SUBGROUP_KHR
[12] MSize = 16 | NSize = 16 | KSize = 32 | AType = VK_COMPONENT_TYPE_FLOAT8_E5M2_EXT | BType = VK_COMPONENT_TYPE_FLOAT8_E5M2_EXT | CType = VK_COMPONENT_TYPE_FLOAT32_KHR | ResultType = VK_COMPONENT_TYPE_FLOAT32_KHR | scope = VK_SCOPE_SUBGROUP_KHR
[13] MSize = 16 | NSize = 16 | KSize = 32 | AType = VK_COMPONENT_TYPE_FLOAT8_E4M3_EXT | BType = VK_COMPONENT_TYPE_FLOAT8_E4M3_EXT | CType = VK_COMPONENT_TYPE_FLOAT16_KHR | ResultType = VK_COMPONENT_TYPE_FLOAT16_KHR | scope = VK_SCOPE_SUBGROUP_KHR
[14] MSize = 16 | NSize = 16 | KSize = 32 | AType = VK_COMPONENT_TYPE_FLOAT8_E4M3_EXT | BType = VK_COMPONENT_TYPE_FLOAT8_E4M3_EXT | CType = VK_COMPONENT_TYPE_FLOAT32_KHR | ResultType = VK_COMPONENT_TYPE_FLOAT32_KHR | scope = VK_SCOPE_SUBGROUP_KHR

[0] MGranularity = 16 | NGranularity = 16 | KGranularity = 16 | AType = VK_COMPONENT_TYPE_FLOAT16_KHR | BType = VK_COMPONENT_TYPE_FLOAT16_KHR | CType = VK_COMPONENT_TYPE_FLOAT16_KHR | ResultType = VK_COMPONENT_TYPE_FLOAT16_KHR | scope = VK_SCOPE_SUBGROUP_KHR | workgroupInvocations = 0
[1] MGranularity = 16 | NGranularity = 16 | KGranularity = 16 | AType = VK_COMPONENT_TYPE_FLOAT16_KHR | BType = VK_COMPONENT_TYPE_FLOAT16_KHR | CType = VK_COMPONENT_TYPE_FLOAT32_KHR | ResultType = VK_COMPONENT_TYPE_FLOAT32_KHR | scope = VK_SCOPE_SUBGROUP_KHR | workgroupInvocations = 0
[2] MGranularity = 16 | NGranularity = 16 | KGranularity = 32 | AType = VK_COMPONENT_TYPE_UINT8_KHR | BType = VK_COMPONENT_TYPE_UINT8_KHR | CType = VK_COMPONENT_TYPE_UINT32_KHR | ResultType = VK_COMPONENT_TYPE_UINT32_KHR | scope = VK_SCOPE_SUBGROUP_KHR | workgroupInvocations = 0
[3] MGranularity = 16 | NGranularity = 16 | KGranularity = 32 | AType = VK_COMPONENT_TYPE_SINT8_KHR | BType = VK_COMPONENT_TYPE_SINT8_KHR | CType = VK_COMPONENT_TYPE_SINT32_KHR | ResultType = VK_COMPONENT_TYPE_SINT32_KHR | scope = VK_SCOPE_SUBGROUP_KHR | workgroupInvocations = 0
[4] MGranularity = 16 | NGranularity = 16 | KGranularity = 16 | AType = VK_COMPONENT_TYPE_BFLOAT16_KHR | BType = VK_COMPONENT_TYPE_BFLOAT16_KHR | CType = VK_COMPONENT_TYPE_FLOAT32_KHR | ResultType = VK_COMPONENT_TYPE_FLOAT32_KHR | scope = VK_SCOPE_SUBGROUP_KHR | workgroupInvocations = 0
[5] MGranularity = 16 | NGranularity = 16 | KGranularity = 16 | AType = VK_COMPONENT_TYPE_FLOAT16_KHR | BType = VK_COMPONENT_TYPE_FLOAT16_KHR | CType = VK_COMPONENT_TYPE_FLOAT16_KHR | ResultType = VK_COMPONENT_TYPE_FLOAT16_KHR | scope = VK_SCOPE_WORKGROUP_KHR | workgroupInvocations = 32
[6] MGranularity = 16 | NGranularity = 16 | KGranularity = 16 | AType = VK_COMPONENT_TYPE_FLOAT16_KHR | BType = VK_COMPONENT_TYPE_FLOAT16_KHR | CType = VK_COMPONENT_TYPE_FLOAT32_KHR | ResultType = VK_COMPONENT_TYPE_FLOAT32_KHR | scope = VK_SCOPE_WORKGROUP_KHR | workgroupInvocations = 32
[7] MGranularity = 16 | NGranularity = 16 | KGranularity = 32 | AType = VK_COMPONENT_TYPE_UINT8_KHR | BType = VK_COMPONENT_TYPE_UINT8_KHR | CType = VK_COMPONENT_TYPE_UINT32_KHR | ResultType = VK_COMPONENT_TYPE_UINT32_KHR | scope = VK_SCOPE_WORKGROUP_KHR | workgroupInvocations = 32
[8] MGranularity = 16 | NGranularity = 16 | KGranularity = 32 | AType = VK_COMPONENT_TYPE_SINT8_KHR | BType = VK_COMPONENT_TYPE_SINT8_KHR | CType = VK_COMPONENT_TYPE_SINT32_KHR | ResultType = VK_COMPONENT_TYPE_SINT32_KHR | scope = VK_SCOPE_WORKGROUP_KHR | workgroupInvocations = 32
[9] MGranularity = 16 | NGranularity = 16 | KGranularity = 16 | AType = VK_COMPONENT_TYPE_BFLOAT16_KHR | BType = VK_COMPONENT_TYPE_BFLOAT16_KHR | CType = VK_COMPONENT_TYPE_FLOAT32_KHR | ResultType = VK_COMPONENT_TYPE_FLOAT32_KHR | scope = VK_SCOPE_WORKGROUP_KHR | workgroupInvocations = 32
[10] MGranularity = 16 | NGranularity = 16 | KGranularity = 16 | AType = VK_COMPONENT_TYPE_FLOAT16_KHR | BType = VK_COMPONENT_TYPE_FLOAT16_KHR | CType = VK_COMPONENT_TYPE_FLOAT16_KHR | ResultType = VK_COMPONENT_TYPE_FLOAT16_KHR | scope = VK_SCOPE_WORKGROUP_KHR | workgroupInvocations = 64
[11] MGranularity = 16 | NGranularity = 16 | KGranularity = 16 | AType = VK_COMPONENT_TYPE_FLOAT16_KHR | BType = VK_COMPONENT_TYPE_FLOAT16_KHR | CType = VK_COMPONENT_TYPE_FLOAT32_KHR | ResultType = VK_COMPONENT_TYPE_FLOAT32_KHR | scope = VK_SCOPE_WORKGROUP_KHR | workgroupInvocations = 64
[12] MGranularity = 16 | NGranularity = 16 | KGranularity = 32 | AType = VK_COMPONENT_TYPE_UINT8_KHR | BType = VK_COMPONENT_TYPE_UINT8_KHR | CType = VK_COMPONENT_TYPE_UINT32_KHR | ResultType = VK_COMPONENT_TYPE_UINT32_KHR | scope = VK_SCOPE_WORKGROUP_KHR | workgroupInvocations = 64
[13] MGranularity = 16 | NGranularity = 16 | KGranularity = 32 | AType = VK_COMPONENT_TYPE_SINT8_KHR | BType = VK_COMPONENT_TYPE_SINT8_KHR | CType = VK_COMPONENT_TYPE_SINT32_KHR | ResultType = VK_COMPONENT_TYPE_SINT32_KHR | scope = VK_SCOPE_WORKGROUP_KHR | workgroupInvocations = 64
[14] MGranularity = 16 | NGranularity = 16 | KGranularity = 16 | AType = VK_COMPONENT_TYPE_BFLOAT16_KHR | BType = VK_COMPONENT_TYPE_BFLOAT16_KHR | CType = VK_COMPONENT_TYPE_FLOAT32_KHR | ResultType = VK_COMPONENT_TYPE_FLOAT32_KHR | scope = VK_SCOPE_WORKGROUP_KHR | workgroupInvocations = 64
[15] MGranularity = 32 | NGranularity = 16 | KGranularity = 16 | AType = VK_COMPONENT_TYPE_FLOAT16_KHR | BType = VK_COMPONENT_TYPE_FLOAT16_KHR | CType = VK_COMPONENT_TYPE_FLOAT16_KHR | ResultType = VK_COMPONENT_TYPE_FLOAT16_KHR | scope = VK_SCOPE_WORKGROUP_KHR | workgroupInvocations = 128
[16] MGranularity = 32 | NGranularity = 16 | KGranularity = 16 | AType = VK_COMPONENT_TYPE_FLOAT16_KHR | BType = VK_COMPONENT_TYPE_FLOAT16_KHR | CType = VK_COMPONENT_TYPE_FLOAT32_KHR | ResultType = VK_COMPONENT_TYPE_FLOAT32_KHR | scope = VK_SCOPE_WORKGROUP_KHR | workgroupInvocations = 128
[17] MGranularity = 32 | NGranularity = 16 | KGranularity = 32 | AType = VK_COMPONENT_TYPE_UINT8_KHR | BType = VK_COMPONENT_TYPE_UINT8_KHR | CType = VK_COMPONENT_TYPE_UINT32_KHR | ResultType = VK_COMPONENT_TYPE_UINT32_KHR | scope = VK_SCOPE_WORKGROUP_KHR | workgroupInvocations = 128
[18] MGranularity = 32 | NGranularity = 16 | KGranularity = 32 | AType = VK_COMPONENT_TYPE_SINT8_KHR | BType = VK_COMPONENT_TYPE_SINT8_KHR | CType = VK_COMPONENT_TYPE_SINT32_KHR | ResultType = VK_COMPONENT_TYPE_SINT32_KHR | scope = VK_SCOPE_WORKGROUP_KHR | workgroupInvocations = 128
[19] MGranularity = 32 | NGranularity = 16 | KGranularity = 16 | AType = VK_COMPONENT_TYPE_BFLOAT16_KHR | BType = VK_COMPONENT_TYPE_BFLOAT16_KHR | CType = VK_COMPONENT_TYPE_FLOAT32_KHR | ResultType = VK_COMPONENT_TYPE_FLOAT32_KHR | scope = VK_SCOPE_WORKGROUP_KHR | workgroupInvocations = 128
[20] MGranularity = 32 | NGranularity = 32 | KGranularity = 16 | AType = VK_COMPONENT_TYPE_FLOAT16_KHR | BType = VK_COMPONENT_TYPE_FLOAT16_KHR | CType = VK_COMPONENT_TYPE_FLOAT16_KHR | ResultType = VK_COMPONENT_TYPE_FLOAT16_KHR | scope = VK_SCOPE_WORKGROUP_KHR | workgroupInvocations = 256
[21] MGranularity = 32 | NGranularity = 32 | KGranularity = 16 | AType = VK_COMPONENT_TYPE_FLOAT16_KHR | BType = VK_COMPONENT_TYPE_FLOAT16_KHR | CType = VK_COMPONENT_TYPE_FLOAT32_KHR | ResultType = VK_COMPONENT_TYPE_FLOAT32_KHR | scope = VK_SCOPE_WORKGROUP_KHR | workgroupInvocations = 256
[22] MGranularity = 32 | NGranularity = 32 | KGranularity = 32 | AType = VK_COMPONENT_TYPE_UINT8_KHR | BType = VK_COMPONENT_TYPE_UINT8_KHR | CType = VK_COMPONENT_TYPE_UINT32_KHR | ResultType = VK_COMPONENT_TYPE_UINT32_KHR | scope = VK_SCOPE_WORKGROUP_KHR | workgroupInvocations = 256
[23] MGranularity = 32 | NGranularity = 32 | KGranularity = 32 | AType = VK_COMPONENT_TYPE_SINT8_KHR | BType = VK_COMPONENT_TYPE_SINT8_KHR | CType = VK_COMPONENT_TYPE_SINT32_KHR | ResultType = VK_COMPONENT_TYPE_SINT32_KHR | scope = VK_SCOPE_WORKGROUP_KHR | workgroupInvocations = 256
[24] MGranularity = 32 | NGranularity = 32 | KGranularity = 16 | AType = VK_COMPONENT_TYPE_BFLOAT16_KHR | BType = VK_COMPONENT_TYPE_BFLOAT16_KHR | CType = VK_COMPONENT_TYPE_FLOAT32_KHR | ResultType = VK_COMPONENT_TYPE_FLOAT32_KHR | scope = VK_SCOPE_WORKGROUP_KHR | workgroupInvocations = 256
[25] MGranularity = 16 | NGranularity = 16 | KGranularity = 32 | AType = VK_COMPONENT_TYPE_FLOAT8_E5M2_EXT | BType = VK_COMPONENT_TYPE_FLOAT8_E5M2_EXT | CType = VK_COMPONENT_TYPE_FLOAT16_KHR | ResultType = VK_COMPONENT_TYPE_FLOAT16_KHR | scope = VK_SCOPE_SUBGROUP_KHR | workgroupInvocations = 0
[26] MGranularity = 16 | NGranularity = 16 | KGranularity = 32 | AType = VK_COMPONENT_TYPE_FLOAT8_E5M2_EXT | BType = VK_COMPONENT_TYPE_FLOAT8_E5M2_EXT | CType = VK_COMPONENT_TYPE_FLOAT32_KHR | ResultType = VK_COMPONENT_TYPE_FLOAT32_KHR | scope = VK_SCOPE_SUBGROUP_KHR | workgroupInvocations = 0
[27] MGranularity = 16 | NGranularity = 16 | KGranularity = 32 | AType = VK_COMPONENT_TYPE_FLOAT8_E4M3_EXT | BType = VK_COMPONENT_TYPE_FLOAT8_E4M3_EXT | CType = VK_COMPONENT_TYPE_FLOAT16_KHR | ResultType = VK_COMPONENT_TYPE_FLOAT16_KHR | scope = VK_SCOPE_SUBGROUP_KHR | workgroupInvocations = 0
[28] MGranularity = 16 | NGranularity = 16 | KGranularity = 32 | AType = VK_COMPONENT_TYPE_FLOAT8_E4M3_EXT | BType = VK_COMPONENT_TYPE_FLOAT8_E4M3_EXT | CType = VK_COMPONENT_TYPE_FLOAT32_KHR | ResultType = VK_COMPONENT_TYPE_FLOAT32_KHR | scope = VK_SCOPE_SUBGROUP_KHR | workgroupInvocations = 0
[29] MGranularity = 16 | NGranularity = 16 | KGranularity = 32 | AType = VK_COMPONENT_TYPE_FLOAT8_E5M2_EXT | BType = VK_COMPONENT_TYPE_FLOAT8_E5M2_EXT | CType = VK_COMPONENT_TYPE_FLOAT16_KHR | ResultType = VK_COMPONENT_TYPE_FLOAT16_KHR | scope = VK_SCOPE_WORKGROUP_KHR | workgroupInvocations = 32
[30] MGranularity = 16 | NGranularity = 16 | KGranularity = 32 | AType = VK_COMPONENT_TYPE_FLOAT8_E5M2_EXT | BType = VK_COMPONENT_TYPE_FLOAT8_E5M2_EXT | CType = VK_COMPONENT_TYPE_FLOAT32_KHR | ResultType = VK_COMPONENT_TYPE_FLOAT32_KHR | scope = VK_SCOPE_WORKGROUP_KHR | workgroupInvocations = 32
[31] MGranularity = 16 | NGranularity = 16 | KGranularity = 32 | AType = VK_COMPONENT_TYPE_FLOAT8_E4M3_EXT | BType = VK_COMPONENT_TYPE_FLOAT8_E4M3_EXT | CType = VK_COMPONENT_TYPE_FLOAT16_KHR | ResultType = VK_COMPONENT_TYPE_FLOAT16_KHR | scope = VK_SCOPE_WORKGROUP_KHR | workgroupInvocations = 32
[32] MGranularity = 16 | NGranularity = 16 | KGranularity = 32 | AType = VK_COMPONENT_TYPE_FLOAT8_E4M3_EXT | BType = VK_COMPONENT_TYPE_FLOAT8_E4M3_EXT | CType = VK_COMPONENT_TYPE_FLOAT32_KHR | ResultType = VK_COMPONENT_TYPE_FLOAT32_KHR | scope = VK_SCOPE_WORKGROUP_KHR | workgroupInvocations = 32
[33] MGranularity = 16 | NGranularity = 16 | KGranularity = 32 | AType = VK_COMPONENT_TYPE_FLOAT8_E5M2_EXT | BType = VK_COMPONENT_TYPE_FLOAT8_E5M2_EXT | CType = VK_COMPONENT_TYPE_FLOAT16_KHR | ResultType = VK_COMPONENT_TYPE_FLOAT16_KHR | scope = VK_SCOPE_WORKGROUP_KHR | workgroupInvocations = 64
[34] MGranularity = 16 | NGranularity = 16 | KGranularity = 32 | AType = VK_COMPONENT_TYPE_FLOAT8_E5M2_EXT | BType = VK_COMPONENT_TYPE_FLOAT8_E5M2_EXT | CType = VK_COMPONENT_TYPE_FLOAT32_KHR | ResultType = VK_COMPONENT_TYPE_FLOAT32_KHR | scope = VK_SCOPE_WORKGROUP_KHR | workgroupInvocations = 64
[35] MGranularity = 16 | NGranularity = 16 | KGranularity = 32 | AType = VK_COMPONENT_TYPE_FLOAT8_E4M3_EXT | BType = VK_COMPONENT_TYPE_FLOAT8_E4M3_EXT | CType = VK_COMPONENT_TYPE_FLOAT16_KHR | ResultType = VK_COMPONENT_TYPE_FLOAT16_KHR | scope = VK_SCOPE_WORKGROUP_KHR | workgroupInvocations = 64
[36] MGranularity = 16 | NGranularity = 16 | KGranularity = 32 | AType = VK_COMPONENT_TYPE_FLOAT8_E4M3_EXT | BType = VK_COMPONENT_TYPE_FLOAT8_E4M3_EXT | CType = VK_COMPONENT_TYPE_FLOAT32_KHR | ResultType = VK_COMPONENT_TYPE_FLOAT32_KHR | scope = VK_SCOPE_WORKGROUP_KHR | workgroupInvocations = 64
[37] MGranularity = 32 | NGranularity = 16 | KGranularity = 32 | AType = VK_COMPONENT_TYPE_FLOAT8_E5M2_EXT | BType = VK_COMPONENT_TYPE_FLOAT8_E5M2_EXT | CType = VK_COMPONENT_TYPE_FLOAT16_KHR | ResultType = VK_COMPONENT_TYPE_FLOAT16_KHR | scope = VK_SCOPE_WORKGROUP_KHR | workgroupInvocations = 128
[38] MGranularity = 32 | NGranularity = 16 | KGranularity = 32 | AType = VK_COMPONENT_TYPE_FLOAT8_E5M2_EXT | BType = VK_COMPONENT_TYPE_FLOAT8_E5M2_EXT | CType = VK_COMPONENT_TYPE_FLOAT32_KHR | ResultType = VK_COMPONENT_TYPE_FLOAT32_KHR | scope = VK_SCOPE_WORKGROUP_KHR | workgroupInvocations = 128
[39] MGranularity = 32 | NGranularity = 16 | KGranularity = 32 | AType = VK_COMPONENT_TYPE_FLOAT8_E4M3_EXT | BType = VK_COMPONENT_TYPE_FLOAT8_E4M3_EXT | CType = VK_COMPONENT_TYPE_FLOAT16_KHR | ResultType = VK_COMPONENT_TYPE_FLOAT16_KHR | scope = VK_SCOPE_WORKGROUP_KHR | workgroupInvocations = 128
[40] MGranularity = 32 | NGranularity = 16 | KGranularity = 32 | AType = VK_COMPONENT_TYPE_FLOAT8_E4M3_EXT | BType = VK_COMPONENT_TYPE_FLOAT8_E4M3_EXT | CType = VK_COMPONENT_TYPE_FLOAT32_KHR | ResultType = VK_COMPONENT_TYPE_FLOAT32_KHR | scope = VK_SCOPE_WORKGROUP_KHR | workgroupInvocations = 128
[41] MGranularity = 32 | NGranularity = 32 | KGranularity = 32 | AType = VK_COMPONENT_TYPE_FLOAT8_E5M2_EXT | BType = VK_COMPONENT_TYPE_FLOAT8_E5M2_EXT | CType = VK_COMPONENT_TYPE_FLOAT16_KHR | ResultType = VK_COMPONENT_TYPE_FLOAT16_KHR | scope = VK_SCOPE_WORKGROUP_KHR | workgroupInvocations = 256
[42] MGranularity = 32 | NGranularity = 32 | KGranularity = 32 | AType = VK_COMPONENT_TYPE_FLOAT8_E5M2_EXT | BType = VK_COMPONENT_TYPE_FLOAT8_E5M2_EXT | CType = VK_COMPONENT_TYPE_FLOAT32_KHR | ResultType = VK_COMPONENT_TYPE_FLOAT32_KHR | scope = VK_SCOPE_WORKGROUP_KHR | workgroupInvocations = 256
[43] MGranularity = 32 | NGranularity = 32 | KGranularity = 32 | AType = VK_COMPONENT_TYPE_FLOAT8_E4M3_EXT | BType = VK_COMPONENT_TYPE_FLOAT8_E4M3_EXT | CType = VK_COMPONENT_TYPE_FLOAT16_KHR | ResultType = VK_COMPONENT_TYPE_FLOAT16_KHR | scope = VK_SCOPE_WORKGROUP_KHR | workgroupInvocations = 256
[44] MGranularity = 32 | NGranularity = 32 | KGranularity = 32 | AType = VK_COMPONENT_TYPE_FLOAT8_E4M3_EXT | BType = VK_COMPONENT_TYPE_FLOAT8_E4M3_EXT | CType = VK_COMPONENT_TYPE_FLOAT32_KHR | ResultType = VK_COMPONENT_TYPE_FLOAT32_KHR | scope = VK_SCOPE_WORKGROUP_KHR | workgroupInvocations = 256
.
The Vulkan spec states: For OpTypeCooperativeMatrixKHR, if the cooperativeMatrixFlexibleDimensions feature is enabled, the component type, scope, number of rows, and number of columns must match either one of the matrices in one of the supported VkCooperativeMatrixPropertiesKHR or VkCooperativeMatrixFlexibleDimensionsPropertiesNV (https://docs.vulkan.org/spec/latest/appendices/spirvenv.html#VUID-RuntimeSpirv-cooperativeMatrixFlexibleDimensions-10165)

Validation Error: [ VUID-RuntimeSpirv-cooperativeMatrixFlexibleDimensions-10165 ] | MessageID = 0xaf8bd211
vkCreateComputePipelines(): pCreateInfos[0].stage SPIR-V (VK_SHADER_STAGE_COMPUTE_BIT) has
%8044 = OpTypeCooperativeMatrixKHR %533 %165 %61 %84 %13 (rows: 16, cols: 16, scope: VK_SCOPE_SUBGROUP_KHR, type: VK_COMPONENT_TYPE_BFLOAT16_KHR, use: 2)
but doesn't match any VkCooperativeMatrixPropertiesKHR or VkCooperativeMatrixFlexibleDimensionsPropertiesNV
[0] MSize = 16 | NSize = 16 | KSize = 16 | AType = VK_COMPONENT_TYPE_FLOAT16_KHR | BType = VK_COMPONENT_TYPE_FLOAT16_KHR | CType = VK_COMPONENT_TYPE_FLOAT16_KHR | ResultType = VK_COMPONENT_TYPE_FLOAT16_KHR | scope = VK_SCOPE_SUBGROUP_KHR
[1] MSize = 16 | NSize = 8 | KSize = 16 | AType = VK_COMPONENT_TYPE_FLOAT16_KHR | BType = VK_COMPONENT_TYPE_FLOAT16_KHR | CType = VK_COMPONENT_TYPE_FLOAT16_KHR | ResultType = VK_COMPONENT_TYPE_FLOAT16_KHR | scope = VK_SCOPE_SUBGROUP_KHR
[2] MSize = 16 | NSize = 8 | KSize = 8 | AType = VK_COMPONENT_TYPE_FLOAT16_KHR | BType = VK_COMPONENT_TYPE_FLOAT16_KHR | CType = VK_COMPONENT_TYPE_FLOAT16_KHR | ResultType = VK_COMPONENT_TYPE_FLOAT16_KHR | scope = VK_SCOPE_SUBGROUP_KHR
[3] MSize = 16 | NSize = 16 | KSize = 16 | AType = VK_COMPONENT_TYPE_FLOAT16_KHR | BType = VK_COMPONENT_TYPE_FLOAT16_KHR | CType = VK_COMPONENT_TYPE_FLOAT32_KHR | ResultType = VK_COMPONENT_TYPE_FLOAT32_KHR | scope = VK_SCOPE_SUBGROUP_KHR
[4] MSize = 16 | NSize = 8 | KSize = 16 | AType = VK_COMPONENT_TYPE_FLOAT16_KHR | BType = VK_COMPONENT_TYPE_FLOAT16_KHR | CType = VK_COMPONENT_TYPE_FLOAT32_KHR | ResultType = VK_COMPONENT_TYPE_FLOAT32_KHR | scope = VK_SCOPE_SUBGROUP_KHR
[5] MSize = 16 | NSize = 8 | KSize = 8 | AType = VK_COMPONENT_TYPE_FLOAT16_KHR | BType = VK_COMPONENT_TYPE_FLOAT16_KHR | CType = VK_COMPONENT_TYPE_FLOAT32_KHR | ResultType = VK_COMPONENT_TYPE_FLOAT32_KHR | scope = VK_SCOPE_SUBGROUP_KHR
[6] MSize = 16 | NSize = 16 | KSize = 32 | AType = VK_COMPONENT_TYPE_UINT8_KHR | BType = VK_COMPONENT_TYPE_UINT8_KHR | CType = VK_COMPONENT_TYPE_UINT32_KHR | ResultType = VK_COMPONENT_TYPE_UINT32_KHR | scope = VK_SCOPE_SUBGROUP_KHR
[7] MSize = 16 | NSize = 16 | KSize = 32 | AType = VK_COMPONENT_TYPE_SINT8_KHR | BType = VK_COMPONENT_TYPE_SINT8_KHR | CType = VK_COMPONENT_TYPE_SINT32_KHR | ResultType = VK_COMPONENT_TYPE_SINT32_KHR | scope = VK_SCOPE_SUBGROUP_KHR
[8] MSize = 16 | NSize = 8 | KSize = 32 | AType = VK_COMPONENT_TYPE_UINT8_KHR | BType = VK_COMPONENT_TYPE_UINT8_KHR | CType = VK_COMPONENT_TYPE_UINT32_KHR | ResultType = VK_COMPONENT_TYPE_UINT32_KHR | scope = VK_SCOPE_SUBGROUP_KHR
[9] MSize = 16 | NSize = 8 | KSize = 32 | AType = VK_COMPONENT_TYPE_SINT8_KHR | BType = VK_COMPONENT_TYPE_SINT8_KHR | CType = VK_COMPONENT_TYPE_SINT32_KHR | ResultType = VK_COMPONENT_TYPE_SINT32_KHR | scope = VK_SCOPE_SUBGROUP_KHR
[10] MSize = 16 | NSize = 16 | KSize = 16 | AType = VK_COMPONENT_TYPE_BFLOAT16_KHR | BType = VK_COMPONENT_TYPE_BFLOAT16_KHR | CType = VK_COMPONENT_TYPE_FLOAT32_KHR | ResultType = VK_COMPONENT_TYPE_FLOAT32_KHR | scope = VK_SCOPE_SUBGROUP_KHR
[11] MSize = 16 | NSize = 16 | KSize = 32 | AType = VK_COMPONENT_TYPE_FLOAT8_E5M2_EXT | BType = VK_COMPONENT_TYPE_FLOAT8_E5M2_EXT | CType = VK_COMPONENT_TYPE_FLOAT16_KHR | ResultType = VK_COMPONENT_TYPE_FLOAT16_KHR | scope = VK_SCOPE_SUBGROUP_KHR
[12] MSize = 16 | NSize = 16 | KSize = 32 | AType = VK_COMPONENT_TYPE_FLOAT8_E5M2_EXT | BType = VK_COMPONENT_TYPE_FLOAT8_E5M2_EXT | CType = VK_COMPONENT_TYPE_FLOAT32_KHR | ResultType = VK_COMPONENT_TYPE_FLOAT32_KHR | scope = VK_SCOPE_SUBGROUP_KHR
[13] MSize = 16 | NSize = 16 | KSize = 32 | AType = VK_COMPONENT_TYPE_FLOAT8_E4M3_EXT | BType = VK_COMPONENT_TYPE_FLOAT8_E4M3_EXT | CType = VK_COMPONENT_TYPE_FLOAT16_KHR | ResultType = VK_COMPONENT_TYPE_FLOAT16_KHR | scope = VK_SCOPE_SUBGROUP_KHR
[14] MSize = 16 | NSize = 16 | KSize = 32 | AType = VK_COMPONENT_TYPE_FLOAT8_E4M3_EXT | BType = VK_COMPONENT_TYPE_FLOAT8_E4M3_EXT | CType = VK_COMPONENT_TYPE_FLOAT32_KHR | ResultType = VK_COMPONENT_TYPE_FLOAT32_KHR | scope = VK_SCOPE_SUBGROUP_KHR

[0] MGranularity = 16 | NGranularity = 16 | KGranularity = 16 | AType = VK_COMPONENT_TYPE_FLOAT16_KHR | BType = VK_COMPONENT_TYPE_FLOAT16_KHR | CType = VK_COMPONENT_TYPE_FLOAT16_KHR | ResultType = VK_COMPONENT_TYPE_FLOAT16_KHR | scope = VK_SCOPE_SUBGROUP_KHR | workgroupInvocations = 0
[1] MGranularity = 16 | NGranularity = 16 | KGranularity = 16 | AType = VK_COMPONENT_TYPE_FLOAT16_KHR | BType = VK_COMPONENT_TYPE_FLOAT16_KHR | CType = VK_COMPONENT_TYPE_FLOAT32_KHR | ResultType = VK_COMPONENT_TYPE_FLOAT32_KHR | scope = VK_SCOPE_SUBGROUP_KHR | workgroupInvocations = 0
[2] MGranularity = 16 | NGranularity = 16 | KGranularity = 32 | AType = VK_COMPONENT_TYPE_UINT8_KHR | BType = VK_COMPONENT_TYPE_UINT8_KHR | CType = VK_COMPONENT_TYPE_UINT32_KHR | ResultType = VK_COMPONENT_TYPE_UINT32_KHR | scope = VK_SCOPE_SUBGROUP_KHR | workgroupInvocations = 0
[3] MGranularity = 16 | NGranularity = 16 | KGranularity = 32 | AType = VK_COMPONENT_TYPE_SINT8_KHR | BType = VK_COMPONENT_TYPE_SINT8_KHR | CType = VK_COMPONENT_TYPE_SINT32_KHR | ResultType = VK_COMPONENT_TYPE_SINT32_KHR | scope = VK_SCOPE_SUBGROUP_KHR | workgroupInvocations = 0
[4] MGranularity = 16 | NGranularity = 16 | KGranularity = 16 | AType = VK_COMPONENT_TYPE_BFLOAT16_KHR | BType = VK_COMPONENT_TYPE_BFLOAT16_KHR | CType = VK_COMPONENT_TYPE_FLOAT32_KHR | ResultType = VK_COMPONENT_TYPE_FLOAT32_KHR | scope = VK_SCOPE_SUBGROUP_KHR | workgroupInvocations = 0
[5] MGranularity = 16 | NGranularity = 16 | KGranularity = 16 | AType = VK_COMPONENT_TYPE_FLOAT16_KHR | BType = VK_COMPONENT_TYPE_FLOAT16_KHR | CType = VK_COMPONENT_TYPE_FLOAT16_KHR | ResultType = VK_COMPONENT_TYPE_FLOAT16_KHR | scope = VK_SCOPE_WORKGROUP_KHR | workgroupInvocations = 32
[6] MGranularity = 16 | NGranularity = 16 | KGranularity = 16 | AType = VK_COMPONENT_TYPE_FLOAT16_KHR | BType = VK_COMPONENT_TYPE_FLOAT16_KHR | CType = VK_COMPONENT_TYPE_FLOAT32_KHR | ResultType = VK_COMPONENT_TYPE_FLOAT32_KHR | scope = VK_SCOPE_WORKGROUP_KHR | workgroupInvocations = 32
[7] MGranularity = 16 | NGranularity = 16 | KGranularity = 32 | AType = VK_COMPONENT_TYPE_UINT8_KHR | BType = VK_COMPONENT_TYPE_UINT8_KHR | CType = VK_COMPONENT_TYPE_UINT32_KHR | ResultType = VK_COMPONENT_TYPE_UINT32_KHR | scope = VK_SCOPE_WORKGROUP_KHR | workgroupInvocations = 32
[8] MGranularity = 16 | NGranularity = 16 | KGranularity = 32 | AType = VK_COMPONENT_TYPE_SINT8_KHR | BType = VK_COMPONENT_TYPE_SINT8_KHR | CType = VK_COMPONENT_TYPE_SINT32_KHR | ResultType = VK_COMPONENT_TYPE_SINT32_KHR | scope = VK_SCOPE_WORKGROUP_KHR | workgroupInvocations = 32
[9] MGranularity = 16 | NGranularity = 16 | KGranularity = 16 | AType = VK_COMPONENT_TYPE_BFLOAT16_KHR | BType = VK_COMPONENT_TYPE_BFLOAT16_KHR | CType = VK_COMPONENT_TYPE_FLOAT32_KHR | ResultType = VK_COMPONENT_TYPE_FLOAT32_KHR | scope = VK_SCOPE_WORKGROUP_KHR | workgroupInvocations = 32
[10] MGranularity = 16 | NGranularity = 16 | KGranularity = 16 | AType = VK_COMPONENT_TYPE_FLOAT16_KHR | BType = VK_COMPONENT_TYPE_FLOAT16_KHR | CType = VK_COMPONENT_TYPE_FLOAT16_KHR | ResultType = VK_COMPONENT_TYPE_FLOAT16_KHR | scope = VK_SCOPE_WORKGROUP_KHR | workgroupInvocations = 64
[11] MGranularity = 16 | NGranularity = 16 | KGranularity = 16 | AType = VK_COMPONENT_TYPE_FLOAT16_KHR | BType = VK_COMPONENT_TYPE_FLOAT16_KHR | CType = VK_COMPONENT_TYPE_FLOAT32_KHR | ResultType = VK_COMPONENT_TYPE_FLOAT32_KHR | scope = VK_SCOPE_WORKGROUP_KHR | workgroupInvocations = 64
[12] MGranularity = 16 | NGranularity = 16 | KGranularity = 32 | AType = VK_COMPONENT_TYPE_UINT8_KHR | BType = VK_COMPONENT_TYPE_UINT8_KHR | CType = VK_COMPONENT_TYPE_UINT32_KHR | ResultType = VK_COMPONENT_TYPE_UINT32_KHR | scope = VK_SCOPE_WORKGROUP_KHR | workgroupInvocations = 64
[13] MGranularity = 16 | NGranularity = 16 | KGranularity = 32 | AType = VK_COMPONENT_TYPE_SINT8_KHR | BType = VK_COMPONENT_TYPE_SINT8_KHR | CType = VK_COMPONENT_TYPE_SINT32_KHR | ResultType = VK_COMPONENT_TYPE_SINT32_KHR | scope = VK_SCOPE_WORKGROUP_KHR | workgroupInvocations = 64
[14] MGranularity = 16 | NGranularity = 16 | KGranularity = 16 | AType = VK_COMPONENT_TYPE_BFLOAT16_KHR | BType = VK_COMPONENT_TYPE_BFLOAT16_KHR | CType = VK_COMPONENT_TYPE_FLOAT32_KHR | ResultType = VK_COMPONENT_TYPE_FLOAT32_KHR | scope = VK_SCOPE_WORKGROUP_KHR | workgroupInvocations = 64
[15] MGranularity = 32 | NGranularity = 16 | KGranularity = 16 | AType = VK_COMPONENT_TYPE_FLOAT16_KHR | BType = VK_COMPONENT_TYPE_FLOAT16_KHR | CType = VK_COMPONENT_TYPE_FLOAT16_KHR | ResultType = VK_COMPONENT_TYPE_FLOAT16_KHR | scope = VK_SCOPE_WORKGROUP_KHR | workgroupInvocations = 128
[16] MGranularity = 32 | NGranularity = 16 | KGranularity = 16 | AType = VK_COMPONENT_TYPE_FLOAT16_KHR | BType = VK_COMPONENT_TYPE_FLOAT16_KHR | CType = VK_COMPONENT_TYPE_FLOAT32_KHR | ResultType = VK_COMPONENT_TYPE_FLOAT32_KHR | scope = VK_SCOPE_WORKGROUP_KHR | workgroupInvocations = 128
[17] MGranularity = 32 | NGranularity = 16 | KGranularity = 32 | AType = VK_COMPONENT_TYPE_UINT8_KHR | BType = VK_COMPONENT_TYPE_UINT8_KHR | CType = VK_COMPONENT_TYPE_UINT32_KHR | ResultType = VK_COMPONENT_TYPE_UINT32_KHR | scope = VK_SCOPE_WORKGROUP_KHR | workgroupInvocations = 128
[18] MGranularity = 32 | NGranularity = 16 | KGranularity = 32 | AType = VK_COMPONENT_TYPE_SINT8_KHR | BType = VK_COMPONENT_TYPE_SINT8_KHR | CType = VK_COMPONENT_TYPE_SINT32_KHR | ResultType = VK_COMPONENT_TYPE_SINT32_KHR | scope = VK_SCOPE_WORKGROUP_KHR | workgroupInvocations = 128
[19] MGranularity = 32 | NGranularity = 16 | KGranularity = 16 | AType = VK_COMPONENT_TYPE_BFLOAT16_KHR | BType = VK_COMPONENT_TYPE_BFLOAT16_KHR | CType = VK_COMPONENT_TYPE_FLOAT32_KHR | ResultType = VK_COMPONENT_TYPE_FLOAT32_KHR | scope = VK_SCOPE_WORKGROUP_KHR | workgroupInvocations = 128
[20] MGranularity = 32 | NGranularity = 32 | KGranularity = 16 | AType = VK_COMPONENT_TYPE_FLOAT16_KHR | BType = VK_COMPONENT_TYPE_FLOAT16_KHR | CType = VK_COMPONENT_TYPE_FLOAT16_KHR | ResultType = VK_COMPONENT_TYPE_FLOAT16_KHR | scope = VK_SCOPE_WORKGROUP_KHR | workgroupInvocations = 256
[21] MGranularity = 32 | NGranularity = 32 | KGranularity = 16 | AType = VK_COMPONENT_TYPE_FLOAT16_KHR | BType = VK_COMPONENT_TYPE_FLOAT16_KHR | CType = VK_COMPONENT_TYPE_FLOAT32_KHR | ResultType = VK_COMPONENT_TYPE_FLOAT32_KHR | scope = VK_SCOPE_WORKGROUP_KHR | workgroupInvocations = 256
[22] MGranularity = 32 | NGranularity = 32 | KGranularity = 32 | AType = VK_COMPONENT_TYPE_UINT8_KHR | BType = VK_COMPONENT_TYPE_UINT8_KHR | CType = VK_COMPONENT_TYPE_UINT32_KHR | ResultType = VK_COMPONENT_TYPE_UINT32_KHR | scope = VK_SCOPE_WORKGROUP_KHR | workgroupInvocations = 256
[23] MGranularity = 32 | NGranularity = 32 | KGranularity = 32 | AType = VK_COMPONENT_TYPE_SINT8_KHR | BType = VK_COMPONENT_TYPE_SINT8_KHR | CType = VK_COMPONENT_TYPE_SINT32_KHR | ResultType = VK_COMPONENT_TYPE_SINT32_KHR | scope = VK_SCOPE_WORKGROUP_KHR | workgroupInvocations = 256
[24] MGranularity = 32 | NGranularity = 32 | KGranularity = 16 | AType = VK_COMPONENT_TYPE_BFLOAT16_KHR | BType = VK_COMPONENT_TYPE_BFLOAT16_KHR | CType = VK_COMPONENT_TYPE_FLOAT32_KHR | ResultType = VK_COMPONENT_TYPE_FLOAT32_KHR | scope = VK_SCOPE_WORKGROUP_KHR | workgroupInvocations = 256
[25] MGranularity = 16 | NGranularity = 16 | KGranularity = 32 | AType = VK_COMPONENT_TYPE_FLOAT8_E5M2_EXT | BType = VK_COMPONENT_TYPE_FLOAT8_E5M2_EXT | CType = VK_COMPONENT_TYPE_FLOAT16_KHR | ResultType = VK_COMPONENT_TYPE_FLOAT16_KHR | scope = VK_SCOPE_SUBGROUP_KHR | workgroupInvocations = 0
[26] MGranularity = 16 | NGranularity = 16 | KGranularity = 32 | AType = VK_COMPONENT_TYPE_FLOAT8_E5M2_EXT | BType = VK_COMPONENT_TYPE_FLOAT8_E5M2_EXT | CType = VK_COMPONENT_TYPE_FLOAT32_KHR | ResultType = VK_COMPONENT_TYPE_FLOAT32_KHR | scope = VK_SCOPE_SUBGROUP_KHR | workgroupInvocations = 0
[27] MGranularity = 16 | NGranularity = 16 | KGranularity = 32 | AType = VK_COMPONENT_TYPE_FLOAT8_E4M3_EXT | BType = VK_COMPONENT_TYPE_FLOAT8_E4M3_EXT | CType = VK_COMPONENT_TYPE_FLOAT16_KHR | ResultType = VK_COMPONENT_TYPE_FLOAT16_KHR | scope = VK_SCOPE_SUBGROUP_KHR | workgroupInvocations = 0
[28] MGranularity = 16 | NGranularity = 16 | KGranularity = 32 | AType = VK_COMPONENT_TYPE_FLOAT8_E4M3_EXT | BType = VK_COMPONENT_TYPE_FLOAT8_E4M3_EXT | CType = VK_COMPONENT_TYPE_FLOAT32_KHR | ResultType = VK_COMPONENT_TYPE_FLOAT32_KHR | scope = VK_SCOPE_SUBGROUP_KHR | workgroupInvocations = 0
[29] MGranularity = 16 | NGranularity = 16 | KGranularity = 32 | AType = VK_COMPONENT_TYPE_FLOAT8_E5M2_EXT | BType = VK_COMPONENT_TYPE_FLOAT8_E5M2_EXT | CType = VK_COMPONENT_TYPE_FLOAT16_KHR | ResultType = VK_COMPONENT_TYPE_FLOAT16_KHR | scope = VK_SCOPE_WORKGROUP_KHR | workgroupInvocations = 32
[30] MGranularity = 16 | NGranularity = 16 | KGranularity = 32 | AType = VK_COMPONENT_TYPE_FLOAT8_E5M2_EXT | BType = VK_COMPONENT_TYPE_FLOAT8_E5M2_EXT | CType = VK_COMPONENT_TYPE_FLOAT32_KHR | ResultType = VK_COMPONENT_TYPE_FLOAT32_KHR | scope = VK_SCOPE_WORKGROUP_KHR | workgroupInvocations = 32
[31] MGranularity = 16 | NGranularity = 16 | KGranularity = 32 | AType = VK_COMPONENT_TYPE_FLOAT8_E4M3_EXT | BType = VK_COMPONENT_TYPE_FLOAT8_E4M3_EXT | CType = VK_COMPONENT_TYPE_FLOAT16_KHR | ResultType = VK_COMPONENT_TYPE_FLOAT16_KHR | scope = VK_SCOPE_WORKGROUP_KHR | workgroupInvocations = 32
[32] MGranularity = 16 | NGranularity = 16 | KGranularity = 32 | AType = VK_COMPONENT_TYPE_FLOAT8_E4M3_EXT | BType = VK_COMPONENT_TYPE_FLOAT8_E4M3_EXT | CType = VK_COMPONENT_TYPE_FLOAT32_KHR | ResultType = VK_COMPONENT_TYPE_FLOAT32_KHR | scope = VK_SCOPE_WORKGROUP_KHR | workgroupInvocations = 32
[33] MGranularity = 16 | NGranularity = 16 | KGranularity = 32 | AType = VK_COMPONENT_TYPE_FLOAT8_E5M2_EXT | BType = VK_COMPONENT_TYPE_FLOAT8_E5M2_EXT | CType = VK_COMPONENT_TYPE_FLOAT16_KHR | ResultType = VK_COMPONENT_TYPE_FLOAT16_KHR | scope = VK_SCOPE_WORKGROUP_KHR | workgroupInvocations = 64
[34] MGranularity = 16 | NGranularity = 16 | KGranularity = 32 | AType = VK_COMPONENT_TYPE_FLOAT8_E5M2_EXT | BType = VK_COMPONENT_TYPE_FLOAT8_E5M2_EXT | CType = VK_COMPONENT_TYPE_FLOAT32_KHR | ResultType = VK_COMPONENT_TYPE_FLOAT32_KHR | scope = VK_SCOPE_WORKGROUP_KHR | workgroupInvocations = 64
[35] MGranularity = 16 | NGranularity = 16 | KGranularity = 32 | AType = VK_COMPONENT_TYPE_FLOAT8_E4M3_EXT | BType = VK_COMPONENT_TYPE_FLOAT8_E4M3_EXT | CType = VK_COMPONENT_TYPE_FLOAT16_KHR | ResultType = VK_COMPONENT_TYPE_FLOAT16_KHR | scope = VK_SCOPE_WORKGROUP_KHR | workgroupInvocations = 64
[36] MGranularity = 16 | NGranularity = 16 | KGranularity = 32 | AType = VK_COMPONENT_TYPE_FLOAT8_E4M3_EXT | BType = VK_COMPONENT_TYPE_FLOAT8_E4M3_EXT | CType = VK_COMPONENT_TYPE_FLOAT32_KHR | ResultType = VK_COMPONENT_TYPE_FLOAT32_KHR | scope = VK_SCOPE_WORKGROUP_KHR | workgroupInvocations = 64
[37] MGranularity = 32 | NGranularity = 16 | KGranularity = 32 | AType = VK_COMPONENT_TYPE_FLOAT8_E5M2_EXT | BType = VK_COMPONENT_TYPE_FLOAT8_E5M2_EXT | CType = VK_COMPONENT_TYPE_FLOAT16_KHR | ResultType = VK_COMPONENT_TYPE_FLOAT16_KHR | scope = VK_SCOPE_WORKGROUP_KHR | workgroupInvocations = 128
[38] MGranularity = 32 | NGranularity = 16 | KGranularity = 32 | AType = VK_COMPONENT_TYPE_FLOAT8_E5M2_EXT | BType = VK_COMPONENT_TYPE_FLOAT8_E5M2_EXT | CType = VK_COMPONENT_TYPE_FLOAT32_KHR | ResultType = VK_COMPONENT_TYPE_FLOAT32_KHR | scope = VK_SCOPE_WORKGROUP_KHR | workgroupInvocations = 128
[39] MGranularity = 32 | NGranularity = 16 | KGranularity = 32 | AType = VK_COMPONENT_TYPE_FLOAT8_E4M3_EXT | BType = VK_COMPONENT_TYPE_FLOAT8_E4M3_EXT | CType = VK_COMPONENT_TYPE_FLOAT16_KHR | ResultType = VK_COMPONENT_TYPE_FLOAT16_KHR | scope = VK_SCOPE_WORKGROUP_KHR | workgroupInvocations = 128
[40] MGranularity = 32 | NGranularity = 16 | KGranularity = 32 | AType = VK_COMPONENT_TYPE_FLOAT8_E4M3_EXT | BType = VK_COMPONENT_TYPE_FLOAT8_E4M3_EXT | CType = VK_COMPONENT_TYPE_FLOAT32_KHR | ResultType = VK_COMPONENT_TYPE_FLOAT32_KHR | scope = VK_SCOPE_WORKGROUP_KHR | workgroupInvocations = 128
[41] MGranularity = 32 | NGranularity = 32 | KGranularity = 32 | AType = VK_COMPONENT_TYPE_FLOAT8_E5M2_EXT | BType = VK_COMPONENT_TYPE_FLOAT8_E5M2_EXT | CType = VK_COMPONENT_TYPE_FLOAT16_KHR | ResultType = VK_COMPONENT_TYPE_FLOAT16_KHR | scope = VK_SCOPE_WORKGROUP_KHR | workgroupInvocations = 256
[42] MGranularity = 32 | NGranularity = 32 | KGranularity = 32 | AType = VK_COMPONENT_TYPE_FLOAT8_E5M2_EXT | BType = VK_COMPONENT_TYPE_FLOAT8_E5M2_EXT | CType = VK_COMPONENT_TYPE_FLOAT32_KHR | ResultType = VK_COMPONENT_TYPE_FLOAT32_KHR | scope = VK_SCOPE_WORKGROUP_KHR | workgroupInvocations = 256
[43] MGranularity = 32 | NGranularity = 32 | KGranularity = 32 | AType = VK_COMPONENT_TYPE_FLOAT8_E4M3_EXT | BType = VK_COMPONENT_TYPE_FLOAT8_E4M3_EXT | CType = VK_COMPONENT_TYPE_FLOAT16_KHR | ResultType = VK_COMPONENT_TYPE_FLOAT16_KHR | scope = VK_SCOPE_WORKGROUP_KHR | workgroupInvocations = 256
[44] MGranularity = 32 | NGranularity = 32 | KGranularity = 32 | AType = VK_COMPONENT_TYPE_FLOAT8_E4M3_EXT | BType = VK_COMPONENT_TYPE_FLOAT8_E4M3_EXT | CType = VK_COMPONENT_TYPE_FLOAT32_KHR | ResultType = VK_COMPONENT_TYPE_FLOAT32_KHR | scope = VK_SCOPE_WORKGROUP_KHR | workgroupInvocations = 256
.
The Vulkan spec states: For OpTypeCooperativeMatrixKHR, if the cooperativeMatrixFlexibleDimensions feature is enabled, the component type, scope, number of rows, and number of columns must match either one of the matrices in one of the supported VkCooperativeMatrixPropertiesKHR or VkCooperativeMatrixFlexibleDimensionsPropertiesNV (https://docs.vulkan.org/spec/latest/appendices/spirvenv.html#VUID-RuntimeSpirv-cooperativeMatrixFlexibleDimensions-10165)

Validation Error: [ VUID-RuntimeSpirv-cooperativeMatrixFlexibleDimensions-10165 ] | MessageID = 0xaf8bd211
(Warning - This VUID has now been reported 10 times, which is the duplicate_message_limit value, this will be the last time reporting it).
vkCreateComputePipelines(): pCreateInfos[0].stage SPIR-V (VK_SHADER_STAGE_COMPUTE_BIT) has
%8044 = OpTypeCooperativeMatrixKHR %533 %165 %61 %84 %13 (rows: 16, cols: 16, scope: VK_SCOPE_SUBGROUP_KHR, type: VK_COMPONENT_TYPE_BFLOAT16_KHR, use: 2)
but doesn't match any VkCooperativeMatrixPropertiesKHR or VkCooperativeMatrixFlexibleDimensionsPropertiesNV
[0] MSize = 16 | NSize = 16 | KSize = 16 | AType = VK_COMPONENT_TYPE_FLOAT16_KHR | BType = VK_COMPONENT_TYPE_FLOAT16_KHR | CType = VK_COMPONENT_TYPE_FLOAT16_KHR | ResultType = VK_COMPONENT_TYPE_FLOAT16_KHR | scope = VK_SCOPE_SUBGROUP_KHR
[1] MSize = 16 | NSize = 8 | KSize = 16 | AType = VK_COMPONENT_TYPE_FLOAT16_KHR | BType = VK_COMPONENT_TYPE_FLOAT16_KHR | CType = VK_COMPONENT_TYPE_FLOAT16_KHR | ResultType = VK_COMPONENT_TYPE_FLOAT16_KHR | scope = VK_SCOPE_SUBGROUP_KHR
[2] MSize = 16 | NSize = 8 | KSize = 8 | AType = VK_COMPONENT_TYPE_FLOAT16_KHR | BType = VK_COMPONENT_TYPE_FLOAT16_KHR | CType = VK_COMPONENT_TYPE_FLOAT16_KHR | ResultType = VK_COMPONENT_TYPE_FLOAT16_KHR | scope = VK_SCOPE_SUBGROUP_KHR
[3] MSize = 16 | NSize = 16 | KSize = 16 | AType = VK_COMPONENT_TYPE_FLOAT16_KHR | BType = VK_COMPONENT_TYPE_FLOAT16_KHR | CType = VK_COMPONENT_TYPE_FLOAT32_KHR | ResultType = VK_COMPONENT_TYPE_FLOAT32_KHR | scope = VK_SCOPE_SUBGROUP_KHR
[4] MSize = 16 | NSize = 8 | KSize = 16 | AType = VK_COMPONENT_TYPE_FLOAT16_KHR | BType = VK_COMPONENT_TYPE_FLOAT16_KHR | CType = VK_COMPONENT_TYPE_FLOAT32_KHR | ResultType = VK_COMPONENT_TYPE_FLOAT32_KHR | scope = VK_SCOPE_SUBGROUP_KHR
[5] MSize = 16 | NSize = 8 | KSize = 8 | AType = VK_COMPONENT_TYPE_FLOAT16_KHR | BType = VK_COMPONENT_TYPE_FLOAT16_KHR | CType = VK_COMPONENT_TYPE_FLOAT32_KHR | ResultType = VK_COMPONENT_TYPE_FLOAT32_KHR | scope = VK_SCOPE_SUBGROUP_KHR
[6] MSize = 16 | NSize = 16 | KSize = 32 | AType = VK_COMPONENT_TYPE_UINT8_KHR | BType = VK_COMPONENT_TYPE_UINT8_KHR | CType = VK_COMPONENT_TYPE_UINT32_KHR | ResultType = VK_COMPONENT_TYPE_UINT32_KHR | scope = VK_SCOPE_SUBGROUP_KHR
[7] MSize = 16 | NSize = 16 | KSize = 32 | AType = VK_COMPONENT_TYPE_SINT8_KHR | BType = VK_COMPONENT_TYPE_SINT8_KHR | CType = VK_COMPONENT_TYPE_SINT32_KHR | ResultType = VK_COMPONENT_TYPE_SINT32_KHR | scope = VK_SCOPE_SUBGROUP_KHR
[8] MSize = 16 | NSize = 8 | KSize = 32 | AType = VK_COMPONENT_TYPE_UINT8_KHR | BType = VK_COMPONENT_TYPE_UINT8_KHR | CType = VK_COMPONENT_TYPE_UINT32_KHR | ResultType = VK_COMPONENT_TYPE_UINT32_KHR | scope = VK_SCOPE_SUBGROUP_KHR
[9] MSize = 16 | NSize = 8 | KSize = 32 | AType = VK_COMPONENT_TYPE_SINT8_KHR | BType = VK_COMPONENT_TYPE_SINT8_KHR | CType = VK_COMPONENT_TYPE_SINT32_KHR | ResultType = VK_COMPONENT_TYPE_SINT32_KHR | scope = VK_SCOPE_SUBGROUP_KHR
[10] MSize = 16 | NSize = 16 | KSize = 16 | AType = VK_COMPONENT_TYPE_BFLOAT16_KHR | BType = VK_COMPONENT_TYPE_BFLOAT16_KHR | CType = VK_COMPONENT_TYPE_FLOAT32_KHR | ResultType = VK_COMPONENT_TYPE_FLOAT32_KHR | scope = VK_SCOPE_SUBGROUP_KHR
[11] MSize = 16 | NSize = 16 | KSize = 32 | AType = VK_COMPONENT_TYPE_FLOAT8_E5M2_EXT | BType = VK_COMPONENT_TYPE_FLOAT8_E5M2_EXT | CType = VK_COMPONENT_TYPE_FLOAT16_KHR | ResultType = VK_COMPONENT_TYPE_FLOAT16_KHR | scope = VK_SCOPE_SUBGROUP_KHR
[12] MSize = 16 | NSize = 16 | KSize = 32 | AType = VK_COMPONENT_TYPE_FLOAT8_E5M2_EXT | BType = VK_COMPONENT_TYPE_FLOAT8_E5M2_EXT | CType = VK_COMPONENT_TYPE_FLOAT32_KHR | ResultType = VK_COMPONENT_TYPE_FLOAT32_KHR | scope = VK_SCOPE_SUBGROUP_KHR
[13] MSize = 16 | NSize = 16 | KSize = 32 | AType = VK_COMPONENT_TYPE_FLOAT8_E4M3_EXT | BType = VK_COMPONENT_TYPE_FLOAT8_E4M3_EXT | CType = VK_COMPONENT_TYPE_FLOAT16_KHR | ResultType = VK_COMPONENT_TYPE_FLOAT16_KHR | scope = VK_SCOPE_SUBGROUP_KHR
[14] MSize = 16 | NSize = 16 | KSize = 32 | AType = VK_COMPONENT_TYPE_FLOAT8_E4M3_EXT | BType = VK_COMPONENT_TYPE_FLOAT8_E4M3_EXT | CType = VK_COMPONENT_TYPE_FLOAT32_KHR | ResultType = VK_COMPONENT_TYPE_FLOAT32_KHR | scope = VK_SCOPE_SUBGROUP_KHR

[0] MGranularity = 16 | NGranularity = 16 | KGranularity = 16 | AType = VK_COMPONENT_TYPE_FLOAT16_KHR | BType = VK_COMPONENT_TYPE_FLOAT16_KHR | CType = VK_COMPONENT_TYPE_FLOAT16_KHR | ResultType = VK_COMPONENT_TYPE_FLOAT16_KHR | scope = VK_SCOPE_SUBGROUP_KHR | workgroupInvocations = 0
[1] MGranularity = 16 | NGranularity = 16 | KGranularity = 16 | AType = VK_COMPONENT_TYPE_FLOAT16_KHR | BType = VK_COMPONENT_TYPE_FLOAT16_KHR | CType = VK_COMPONENT_TYPE_FLOAT32_KHR | ResultType = VK_COMPONENT_TYPE_FLOAT32_KHR | scope = VK_SCOPE_SUBGROUP_KHR | workgroupInvocations = 0
[2] MGranularity = 16 | NGranularity = 16 | KGranularity = 32 | AType = VK_COMPONENT_TYPE_UINT8_KHR | BType = VK_COMPONENT_TYPE_UINT8_KHR | CType = VK_COMPONENT_TYPE_UINT32_KHR | ResultType = VK_COMPONENT_TYPE_UINT32_KHR | scope = VK_SCOPE_SUBGROUP_KHR | workgroupInvocations = 0
[3] MGranularity = 16 | NGranularity = 16 | KGranularity = 32 | AType = VK_COMPONENT_TYPE_SINT8_KHR | BType = VK_COMPONENT_TYPE_SINT8_KHR | CType = VK_COMPONENT_TYPE_SINT32_KHR | ResultType = VK_COMPONENT_TYPE_SINT32_KHR | scope = VK_SCOPE_SUBGROUP_KHR | workgroupInvocations = 0
[4] MGranularity = 16 | NGranularity = 16 | KGranularity = 16 | AType = VK_COMPONENT_TYPE_BFLOAT16_KHR | BType = VK_COMPONENT_TYPE_BFLOAT16_KHR | CType = VK_COMPONENT_TYPE_FLOAT32_KHR | ResultType = VK_COMPONENT_TYPE_FLOAT32_KHR | scope = VK_SCOPE_SUBGROUP_KHR | workgroupInvocations = 0
[5] MGranularity = 16 | NGranularity = 16 | KGranularity = 16 | AType = VK_COMPONENT_TYPE_FLOAT16_KHR | BType = VK_COMPONENT_TYPE_FLOAT16_KHR | CType = VK_COMPONENT_TYPE_FLOAT16_KHR | ResultType = VK_COMPONENT_TYPE_FLOAT16_KHR | scope = VK_SCOPE_WORKGROUP_KHR | workgroupInvocations = 32
[6] MGranularity = 16 | NGranularity = 16 | KGranularity = 16 | AType = VK_COMPONENT_TYPE_FLOAT16_KHR | BType = VK_COMPONENT_TYPE_FLOAT16_KHR | CType = VK_COMPONENT_TYPE_FLOAT32_KHR | ResultType = VK_COMPONENT_TYPE_FLOAT32_KHR | scope = VK_SCOPE_WORKGROUP_KHR | workgroupInvocations = 32
[7] MGranularity = 16 | NGranularity = 16 | KGranularity = 32 | AType = VK_COMPONENT_TYPE_UINT8_KHR | BType = VK_COMPONENT_TYPE_UINT8_KHR | CType = VK_COMPONENT_TYPE_UINT32_KHR | ResultType = VK_COMPONENT_TYPE_UINT32_KHR | scope = VK_SCOPE_WORKGROUP_KHR | workgroupInvocations = 32
[8] MGranularity = 16 | NGranularity = 16 | KGranularity = 32 | AType = VK_COMPONENT_TYPE_SINT8_KHR | BType = VK_COMPONENT_TYPE_SINT8_KHR | CType = VK_COMPONENT_TYPE_SINT32_KHR | ResultType = VK_COMPONENT_TYPE_SINT32_KHR | scope = VK_SCOPE_WORKGROUP_KHR | workgroupInvocations = 32
[9] MGranularity = 16 | NGranularity = 16 | KGranularity = 16 | AType = VK_COMPONENT_TYPE_BFLOAT16_KHR | BType = VK_COMPONENT_TYPE_BFLOAT16_KHR | CType = VK_COMPONENT_TYPE_FLOAT32_KHR | ResultType = VK_COMPONENT_TYPE_FLOAT32_KHR | scope = VK_SCOPE_WORKGROUP_KHR | workgroupInvocations = 32
[10] MGranularity = 16 | NGranularity = 16 | KGranularity = 16 | AType = VK_COMPONENT_TYPE_FLOAT16_KHR | BType = VK_COMPONENT_TYPE_FLOAT16_KHR | CType = VK_COMPONENT_TYPE_FLOAT16_KHR | ResultType = VK_COMPONENT_TYPE_FLOAT16_KHR | scope = VK_SCOPE_WORKGROUP_KHR | workgroupInvocations = 64
[11] MGranularity = 16 | NGranularity = 16 | KGranularity = 16 | AType = VK_COMPONENT_TYPE_FLOAT16_KHR | BType = VK_COMPONENT_TYPE_FLOAT16_KHR | CType = VK_COMPONENT_TYPE_FLOAT32_KHR | ResultType = VK_COMPONENT_TYPE_FLOAT32_KHR | scope = VK_SCOPE_WORKGROUP_KHR | workgroupInvocations = 64
[12] MGranularity = 16 | NGranularity = 16 | KGranularity = 32 | AType = VK_COMPONENT_TYPE_UINT8_KHR | BType = VK_COMPONENT_TYPE_UINT8_KHR | CType = VK_COMPONENT_TYPE_UINT32_KHR | ResultType = VK_COMPONENT_TYPE_UINT32_KHR | scope = VK_SCOPE_WORKGROUP_KHR | workgroupInvocations = 64
[13] MGranularity = 16 | NGranularity = 16 | KGranularity = 32 | AType = VK_COMPONENT_TYPE_SINT8_KHR | BType = VK_COMPONENT_TYPE_SINT8_KHR | CType = VK_COMPONENT_TYPE_SINT32_KHR | ResultType = VK_COMPONENT_TYPE_SINT32_KHR | scope = VK_SCOPE_WORKGROUP_KHR | workgroupInvocations = 64
[14] MGranularity = 16 | NGranularity = 16 | KGranularity = 16 | AType = VK_COMPONENT_TYPE_BFLOAT16_KHR | BType = VK_COMPONENT_TYPE_BFLOAT16_KHR | CType = VK_COMPONENT_TYPE_FLOAT32_KHR | ResultType = VK_COMPONENT_TYPE_FLOAT32_KHR | scope = VK_SCOPE_WORKGROUP_KHR | workgroupInvocations = 64
[15] MGranularity = 32 | NGranularity = 16 | KGranularity = 16 | AType = VK_COMPONENT_TYPE_FLOAT16_KHR | BType = VK_COMPONENT_TYPE_FLOAT16_KHR | CType = VK_COMPONENT_TYPE_FLOAT16_KHR | ResultType = VK_COMPONENT_TYPE_FLOAT16_KHR | scope = VK_SCOPE_WORKGROUP_KHR | workgroupInvocations = 128
[16] MGranularity = 32 | NGranularity = 16 | KGranularity = 16 | AType = VK_COMPONENT_TYPE_FLOAT16_KHR | BType = VK_COMPONENT_TYPE_FLOAT16_KHR | CType = VK_COMPONENT_TYPE_FLOAT32_KHR | ResultType = VK_COMPONENT_TYPE_FLOAT32_KHR | scope = VK_SCOPE_WORKGROUP_KHR | workgroupInvocations = 128
[17] MGranularity = 32 | NGranularity = 16 | KGranularity = 32 | AType = VK_COMPONENT_TYPE_UINT8_KHR | BType = VK_COMPONENT_TYPE_UINT8_KHR | CType = VK_COMPONENT_TYPE_UINT32_KHR | ResultType = VK_COMPONENT_TYPE_UINT32_KHR | scope = VK_SCOPE_WORKGROUP_KHR | workgroupInvocations = 128
[18] MGranularity = 32 | NGranularity = 16 | KGranularity = 32 | AType = VK_COMPONENT_TYPE_SINT8_KHR | BType = VK_COMPONENT_TYPE_SINT8_KHR | CType = VK_COMPONENT_TYPE_SINT32_KHR | ResultType = VK_COMPONENT_TYPE_SINT32_KHR | scope = VK_SCOPE_WORKGROUP_KHR | workgroupInvocations = 128
[19] MGranularity = 32 | NGranularity = 16 | KGranularity = 16 | AType = VK_COMPONENT_TYPE_BFLOAT16_KHR | BType = VK_COMPONENT_TYPE_BFLOAT16_KHR | CType = VK_COMPONENT_TYPE_FLOAT32_KHR | ResultType = VK_COMPONENT_TYPE_FLOAT32_KHR | scope = VK_SCOPE_WORKGROUP_KHR | workgroupInvocations = 128
[20] MGranularity = 32 | NGranularity = 32 | KGranularity = 16 | AType = VK_COMPONENT_TYPE_FLOAT16_KHR | BType = VK_COMPONENT_TYPE_FLOAT16_KHR | CType = VK_COMPONENT_TYPE_FLOAT16_KHR | ResultType = VK_COMPONENT_TYPE_FLOAT16_KHR | scope = VK_SCOPE_WORKGROUP_KHR | workgroupInvocations = 256
[21] MGranularity = 32 | NGranularity = 32 | KGranularity = 16 | AType = VK_COMPONENT_TYPE_FLOAT16_KHR | BType = VK_COMPONENT_TYPE_FLOAT16_KHR | CType = VK_COMPONENT_TYPE_FLOAT32_KHR | ResultType = VK_COMPONENT_TYPE_FLOAT32_KHR | scope = VK_SCOPE_WORKGROUP_KHR | workgroupInvocations = 256
[22] MGranularity = 32 | NGranularity = 32 | KGranularity = 32 | AType = VK_COMPONENT_TYPE_UINT8_KHR | BType = VK_COMPONENT_TYPE_UINT8_KHR | CType = VK_COMPONENT_TYPE_UINT32_KHR | ResultType = VK_COMPONENT_TYPE_UINT32_KHR | scope = VK_SCOPE_WORKGROUP_KHR | workgroupInvocations = 256
[23] MGranularity = 32 | NGranularity = 32 | KGranularity = 32 | AType = VK_COMPONENT_TYPE_SINT8_KHR | BType = VK_COMPONENT_TYPE_SINT8_KHR | CType = VK_COMPONENT_TYPE_SINT32_KHR | ResultType = VK_COMPONENT_TYPE_SINT32_KHR | scope = VK_SCOPE_WORKGROUP_KHR | workgroupInvocations = 256
[24] MGranularity = 32 | NGranularity = 32 | KGranularity = 16 | AType = VK_COMPONENT_TYPE_BFLOAT16_KHR | BType = VK_COMPONENT_TYPE_BFLOAT16_KHR | CType = VK_COMPONENT_TYPE_FLOAT32_KHR | ResultType = VK_COMPONENT_TYPE_FLOAT32_KHR | scope = VK_SCOPE_WORKGROUP_KHR | workgroupInvocations = 256
[25] MGranularity = 16 | NGranularity = 16 | KGranularity = 32 | AType = VK_COMPONENT_TYPE_FLOAT8_E5M2_EXT | BType = VK_COMPONENT_TYPE_FLOAT8_E5M2_EXT | CType = VK_COMPONENT_TYPE_FLOAT16_KHR | ResultType = VK_COMPONENT_TYPE_FLOAT16_KHR | scope = VK_SCOPE_SUBGROUP_KHR | workgroupInvocations = 0
[26] MGranularity = 16 | NGranularity = 16 | KGranularity = 32 | AType = VK_COMPONENT_TYPE_FLOAT8_E5M2_EXT | BType = VK_COMPONENT_TYPE_FLOAT8_E5M2_EXT | CType = VK_COMPONENT_TYPE_FLOAT32_KHR | ResultType = VK_COMPONENT_TYPE_FLOAT32_KHR | scope = VK_SCOPE_SUBGROUP_KHR | workgroupInvocations = 0
[27] MGranularity = 16 | NGranularity = 16 | KGranularity = 32 | AType = VK_COMPONENT_TYPE_FLOAT8_E4M3_EXT | BType = VK_COMPONENT_TYPE_FLOAT8_E4M3_EXT | CType = VK_COMPONENT_TYPE_FLOAT16_KHR | ResultType = VK_COMPONENT_TYPE_FLOAT16_KHR | scope = VK_SCOPE_SUBGROUP_KHR | workgroupInvocations = 0
[28] MGranularity = 16 | NGranularity = 16 | KGranularity = 32 | AType = VK_COMPONENT_TYPE_FLOAT8_E4M3_EXT | BType = VK_COMPONENT_TYPE_FLOAT8_E4M3_EXT | CType = VK_COMPONENT_TYPE_FLOAT32_KHR | ResultType = VK_COMPONENT_TYPE_FLOAT32_KHR | scope = VK_SCOPE_SUBGROUP_KHR | workgroupInvocations = 0
[29] MGranularity = 16 | NGranularity = 16 | KGranularity = 32 | AType = VK_COMPONENT_TYPE_FLOAT8_E5M2_EXT | BType = VK_COMPONENT_TYPE_FLOAT8_E5M2_EXT | CType = VK_COMPONENT_TYPE_FLOAT16_KHR | ResultType = VK_COMPONENT_TYPE_FLOAT16_KHR | scope = VK_SCOPE_WORKGROUP_KHR | workgroupInvocations = 32
[30] MGranularity = 16 | NGranularity = 16 | KGranularity = 32 | AType = VK_COMPONENT_TYPE_FLOAT8_E5M2_EXT | BType = VK_COMPONENT_TYPE_FLOAT8_E5M2_EXT | CType = VK_COMPONENT_TYPE_FLOAT32_KHR | ResultType = VK_COMPONENT_TYPE_FLOAT32_KHR | scope = VK_SCOPE_WORKGROUP_KHR | workgroupInvocations = 32
[31] MGranularity = 16 | NGranularity = 16 | KGranularity = 32 | AType = VK_COMPONENT_TYPE_FLOAT8_E4M3_EXT | BType = VK_COMPONENT_TYPE_FLOAT8_E4M3_EXT | CType = VK_COMPONENT_TYPE_FLOAT16_KHR | ResultType = VK_COMPONENT_TYPE_FLOAT16_KHR | scope = VK_SCOPE_WORKGROUP_KHR | workgroupInvocations = 32
[32] MGranularity = 16 | NGranularity = 16 | KGranularity = 32 | AType = VK_COMPONENT_TYPE_FLOAT8_E4M3_EXT | BType = VK_COMPONENT_TYPE_FLOAT8_E4M3_EXT | CType = VK_COMPONENT_TYPE_FLOAT32_KHR | ResultType = VK_COMPONENT_TYPE_FLOAT32_KHR | scope = VK_SCOPE_WORKGROUP_KHR | workgroupInvocations = 32
[33] MGranularity = 16 | NGranularity = 16 | KGranularity = 32 | AType = VK_COMPONENT_TYPE_FLOAT8_E5M2_EXT | BType = VK_COMPONENT_TYPE_FLOAT8_E5M2_EXT | CType = VK_COMPONENT_TYPE_FLOAT16_KHR | ResultType = VK_COMPONENT_TYPE_FLOAT16_KHR | scope = VK_SCOPE_WORKGROUP_KHR | workgroupInvocations = 64
[34] MGranularity = 16 | NGranularity = 16 | KGranularity = 32 | AType = VK_COMPONENT_TYPE_FLOAT8_E5M2_EXT | BType = VK_COMPONENT_TYPE_FLOAT8_E5M2_EXT | CType = VK_COMPONENT_TYPE_FLOAT32_KHR | ResultType = VK_COMPONENT_TYPE_FLOAT32_KHR | scope = VK_SCOPE_WORKGROUP_KHR | workgroupInvocations = 64
[35] MGranularity = 16 | NGranularity = 16 | KGranularity = 32 | AType = VK_COMPONENT_TYPE_FLOAT8_E4M3_EXT | BType = VK_COMPONENT_TYPE_FLOAT8_E4M3_EXT | CType = VK_COMPONENT_TYPE_FLOAT16_KHR | ResultType = VK_COMPONENT_TYPE_FLOAT16_KHR | scope = VK_SCOPE_WORKGROUP_KHR | workgroupInvocations = 64
[36] MGranularity = 16 | NGranularity = 16 | KGranularity = 32 | AType = VK_COMPONENT_TYPE_FLOAT8_E4M3_EXT | BType = VK_COMPONENT_TYPE_FLOAT8_E4M3_EXT | CType = VK_COMPONENT_TYPE_FLOAT32_KHR | ResultType = VK_COMPONENT_TYPE_FLOAT32_KHR | scope = VK_SCOPE_WORKGROUP_KHR | workgroupInvocations = 64
[37] MGranularity = 32 | NGranularity = 16 | KGranularity = 32 | AType = VK_COMPONENT_TYPE_FLOAT8_E5M2_EXT | BType = VK_COMPONENT_TYPE_FLOAT8_E5M2_EXT | CType = VK_COMPONENT_TYPE_FLOAT16_KHR | ResultType = VK_COMPONENT_TYPE_FLOAT16_KHR | scope = VK_SCOPE_WORKGROUP_KHR | workgroupInvocations = 128
[38] MGranularity = 32 | NGranularity = 16 | KGranularity = 32 | AType = VK_COMPONENT_TYPE_FLOAT8_E5M2_EXT | BType = VK_COMPONENT_TYPE_FLOAT8_E5M2_EXT | CType = VK_COMPONENT_TYPE_FLOAT32_KHR | ResultType = VK_COMPONENT_TYPE_FLOAT32_KHR | scope = VK_SCOPE_WORKGROUP_KHR | workgroupInvocations = 128
[39] MGranularity = 32 | NGranularity = 16 | KGranularity = 32 | AType = VK_COMPONENT_TYPE_FLOAT8_E4M3_EXT | BType = VK_COMPONENT_TYPE_FLOAT8_E4M3_EXT | CType = VK_COMPONENT_TYPE_FLOAT16_KHR | ResultType = VK_COMPONENT_TYPE_FLOAT16_KHR | scope = VK_SCOPE_WORKGROUP_KHR | workgroupInvocations = 128
[40] MGranularity = 32 | NGranularity = 16 | KGranularity = 32 | AType = VK_COMPONENT_TYPE_FLOAT8_E4M3_EXT | BType = VK_COMPONENT_TYPE_FLOAT8_E4M3_EXT | CType = VK_COMPONENT_TYPE_FLOAT32_KHR | ResultType = VK_COMPONENT_TYPE_FLOAT32_KHR | scope = VK_SCOPE_WORKGROUP_KHR | workgroupInvocations = 128
[41] MGranularity = 32 | NGranularity = 32 | KGranularity = 32 | AType = VK_COMPONENT_TYPE_FLOAT8_E5M2_EXT | BType = VK_COMPONENT_TYPE_FLOAT8_E5M2_EXT | CType = VK_COMPONENT_TYPE_FLOAT16_KHR | ResultType = VK_COMPONENT_TYPE_FLOAT16_KHR | scope = VK_SCOPE_WORKGROUP_KHR | workgroupInvocations = 256
[42] MGranularity = 32 | NGranularity = 32 | KGranularity = 32 | AType = VK_COMPONENT_TYPE_FLOAT8_E5M2_EXT | BType = VK_COMPONENT_TYPE_FLOAT8_E5M2_EXT | CType = VK_COMPONENT_TYPE_FLOAT32_KHR | ResultType = VK_COMPONENT_TYPE_FLOAT32_KHR | scope = VK_SCOPE_WORKGROUP_KHR | workgroupInvocations = 256
[43] MGranularity = 32 | NGranularity = 32 | KGranularity = 32 | AType = VK_COMPONENT_TYPE_FLOAT8_E4M3_EXT | BType = VK_COMPONENT_TYPE_FLOAT8_E4M3_EXT | CType = VK_COMPONENT_TYPE_FLOAT16_KHR | ResultType = VK_COMPONENT_TYPE_FLOAT16_KHR | scope = VK_SCOPE_WORKGROUP_KHR | workgroupInvocations = 256
[44] MGranularity = 32 | NGranularity = 32 | KGranularity = 32 | AType = VK_COMPONENT_TYPE_FLOAT8_E4M3_EXT | BType = VK_COMPONENT_TYPE_FLOAT8_E4M3_EXT | CType = VK_COMPONENT_TYPE_FLOAT32_KHR | ResultType = VK_COMPONENT_TYPE_FLOAT32_KHR | scope = VK_SCOPE_WORKGROUP_KHR | workgroupInvocations = 256
.
The Vulkan spec states: For OpTypeCooperativeMatrixKHR, if the cooperativeMatrixFlexibleDimensions feature is enabled, the component type, scope, number of rows, and number of columns must match either one of the matrices in one of the supported VkCooperativeMatrixPropertiesKHR or VkCooperativeMatrixFlexibleDimensionsPropertiesNV (https://docs.vulkan.org/spec/latest/appendices/spirvenv.html#VUID-RuntimeSpirv-cooperativeMatrixFlexibleDimensions-10165)

overwrite built-in layer type SDPA
{"configuration":"vulkan_bf16_dedicated","case":"prefill_decode_reuse","tokens":40,"steps":9,"hint":128,"key_backing_allocations":1,"value_backing_allocations":1,"max_abs_error":0.00453811884,"nrmse":0.00242157887,"atol":0.015,"nrmse_limit":0.03,"passed":true}
{"configuration":"vulkan_bf16_dedicated","case":"reset_and_growth","tokens":65,"steps":7,"hint":8,"key_backing_allocations":4,"value_backing_allocations":4,"max_abs_error":0.00429242849,"nrmse":0.00247968627,"atol":0.015,"nrmse_limit":0.03,"passed":true}
{"configuration":"vulkan_bf16_dedicated","case":"fresh_prompt_after_reset","tokens":9,"steps":3,"hint":16,"key_backing_allocations":1,"value_backing_allocations":1,"max_abs_error":0.00431728363,"nrmse":0.00224450165,"atol":0.015,"nrmse_limit":0.03,"passed":true}
{"configuration":"vulkan_bf16_default","case":"prefill_decode_reuse","tokens":40,"steps":9,"hint":128,"key_backing_allocations":9,"value_backing_allocations":9,"max_abs_error":0.00453811884,"nrmse":0.00242157887,"atol":0.015,"nrmse_limit":0.03,"passed":true}
{"configuration":"vulkan_bf16_default","case":"reset_and_growth","tokens":65,"steps":7,"hint":8,"key_backing_allocations":7,"value_backing_allocations":7,"max_abs_error":0.00429242849,"nrmse":0.00247968627,"atol":0.015,"nrmse_limit":0.03,"passed":true}
{"configuration":"vulkan_bf16_default","case":"fresh_prompt_after_reset","tokens":9,"steps":3,"hint":16,"key_backing_allocations":3,"value_backing_allocations":3,"max_abs_error":0.00431728363,"nrmse":0.00224450165,"atol":0.015,"nrmse_limit":0.03,"passed":true}

      Start  5: attention_long_fp32_accuracy
 5/61 Test  #5: attention_long_fp32_accuracy .............   Passed    0.93 sec
      Start  6: attention_bounded_workspace
 6/61 Test  #6: attention_bounded_workspace ..............   Passed    3.91 sec
      Start  7: utf8_paths_contract
 7/61 Test  #7: utf8_paths_contract ......................   Passed    0.00 sec
      Start  8: generation_report_writer
 8/61 Test  #8: generation_report_writer .................   Passed    0.00 sec
      Start  9: pipeline_api_contract
 9/61 Test  #9: pipeline_api_contract ....................   Passed    0.23 sec
      Start 10: request_validation_contract
10/61 Test #10: request_validation_contract ..............   Passed    0.39 sec
      Start 11: gpu_context_contract
11/61 Test #11: gpu_context_contract .....................   Passed    0.60 sec
      Start 12: gpu_context_missing_driver
12/61 Test #12: gpu_context_missing_driver ...............   Passed    0.01 sec
      Start 13: prompt_file_contract
13/61 Test #13: prompt_file_contract .....................   Passed    0.01 sec
      Start 14: image_io_contract
14/61 Test #14: image_io_contract ........................   Passed    0.01 sec
      Start 15: pe_sampling_contract
15/61 Test #15: pe_sampling_contract .....................   Passed    0.01 sec
      Start 16: generation_report_json
16/61 Test #16: generation_report_json ...................   Passed    0.04 sec
      Start 17: pe_package_integrity
17/61 Test #17: pe_package_integrity .....................   Passed    0.18 sec
      Start 18: package_integrity
18/61 Test #18: package_integrity ........................   Passed    0.60 sec
      Start 19: cli_contract
19/61 Test #19: cli_contract .............................   Passed    1.01 sec
      Start 20: installed_cpp_consumer
20/61 Test #20: installed_cpp_consumer ...................   Passed    1.90 sec
      Start 21: text_bucket_contract
21/61 Test #21: text_bucket_contract .....................   Passed    0.04 sec
      Start 22: variant_dimensions
22/61 Test #22: variant_dimensions .......................   Passed    0.04 sec
      Start 23: latent_contract_cpu
23/61 Test #23: latent_contract_cpu ......................   Passed    0.00 sec
      Start 24: component_files_contract_cpu
24/61 Test #24: component_files_contract_cpu .............   Passed    0.01 sec
      Start 25: weight_placement_cpu
25/61 Test #25: weight_placement_cpu .....................   Passed    0.00 sec
      Start 26: weight_session_cpu
26/61 Test #26: weight_session_cpu .......................   Passed    0.00 sec
      Start 27: host_memory_cpu
27/61 Test #27: host_memory_cpu ..........................   Passed    0.00 sec
      Start 28: model_loading_cpu
28/61 Test #28: model_loading_cpu ........................   Passed    0.00 sec
      Start 29: model_reader_cpu
29/61 Test #29: model_reader_cpu .........................   Passed    0.11 sec
      Start 30: weight_session_vulkan
30/61 Test #30: weight_session_vulkan ....................   Passed    0.91 sec
      Start 31: weight_session_mapped_vulkan
31/61 Test #31: weight_session_mapped_vulkan .............   Passed    0.86 sec
      Start 32: weight_session_bf16_file_vulkan
32/61 Test #32: weight_session_bf16_file_vulkan ..........   Passed    0.82 sec
      Start 33: weight_session_mapped_bf16_file_vulkan
33/61 Test #33: weight_session_mapped_bf16_file_vulkan ...   Passed    0.84 sec
      Start 34: weight_placement_vulkan
34/61 Test #34: weight_placement_vulkan ..................   Passed    0.80 sec
      Start 35: img2img_contract_cpu
35/61 Test #35: img2img_contract_cpu .....................   Passed    0.00 sec
      Start 36: image_encoder_contract_cpu
36/61 Test #36: image_encoder_contract_cpu ...............   Passed    0.00 sec
      Start 37: residual_contract_cpu
37/61 Test #37: residual_contract_cpu ....................   Passed    0.00 sec
      Start 38: residual_contract_vulkan
38/61 Test #38: residual_contract_vulkan .................   Passed    0.88 sec
      Start 39: residual_contract_vulkan_bf16
39/61 Test #39: residual_contract_vulkan_bf16 ............   Passed    0.90 sec
      Start 40: rmsnorm_range_cpu
40/61 Test #40: rmsnorm_range_cpu ........................   Passed    0.01 sec
      Start 41: layernorm_range_cpu
41/61 Test #41: layernorm_range_cpu ......................   Passed    0.01 sec
      Start 42: erf_gelu_cpu
42/61 Test #42: erf_gelu_cpu .............................   Passed    0.01 sec
      Start 43: erf_gelu_vulkan_fp32
43/61 Test #43: erf_gelu_vulkan_fp32 .....................   Passed    0.73 sec
      Start 44: rmsnorm_range_vulkan_fp32
44/61 Test #44: rmsnorm_range_vulkan_fp32 ................   Passed    0.92 sec
      Start 45: layernorm_range_vulkan_fp32
45/61 Test #45: layernorm_range_vulkan_fp32 ..............   Passed    0.85 sec
      Start 46: erf_gelu_vulkan_fp16
46/61 Test #46: erf_gelu_vulkan_fp16 .....................   Passed    0.74 sec
      Start 47: rmsnorm_range_vulkan_fp16
47/61 Test #47: rmsnorm_range_vulkan_fp16 ................   Passed    0.95 sec
      Start 48: layernorm_range_vulkan_fp16
48/61 Test #48: layernorm_range_vulkan_fp16 ..............   Passed    0.81 sec
      Start 49: erf_gelu_vulkan_bf16
49/61 Test #49: erf_gelu_vulkan_bf16 .....................   Passed    0.76 sec
      Start 50: rmsnorm_range_vulkan_bf16
50/61 Test #50: rmsnorm_range_vulkan_bf16 ................   Passed    0.93 sec
      Start 51: layernorm_range_vulkan_bf16
51/61 Test #51: layernorm_range_vulkan_bf16 ..............   Passed    0.80 sec
      Start 52: shape_plan_contract
52/61 Test #52: shape_plan_contract ......................   Passed    0.00 sec
      Start 53: shape_graph_contract
53/61 Test #53: shape_graph_contract .....................   Passed    0.01 sec
      Start 54: text_down_contract_cpu
54/61 Test #54: text_down_contract_cpu ...................   Passed    0.12 sec
      Start 55: model_package_contract
55/61 Test #55: model_package_contract ...................   Passed    0.01 sec
      Start 56: execution_metrics_cpu
56/61 Test #56: execution_metrics_cpu ....................   Passed    0.00 sec
      Start 57: pe_prefill_cpu
57/61 Test #57: pe_prefill_cpu ...........................   Passed    0.06 sec
      Start 58: vulkan_memory_errors_cpu
58/61 Test #58: vulkan_memory_errors_cpu .................   Passed    0.00 sec
      Start 59: vulkan_memory_buffers
59/61 Test #59: vulkan_memory_buffers ....................   Passed    0.97 sec
      Start 60: ncnn_failure_vulkan
60/61 Test #60: ncnn_failure_vulkan ......................   Passed    0.66 sec
      Start 61: memory_execution_vulkan
61/61 Test #61: memory_execution_vulkan ..................   Passed    1.92 sec

97% tests passed, 2 tests failed out of 61

Total Test time (real) =  32.77 sec

The following tests FAILED:
	  3 - native_cache_vulkan (Failed)
	  4 - runtime_cache_vulkan (Failed)
Errors while running CTest
