[1/415] Generating source batchnorm_x86_avx512.cpp
[2/415] Generating source batchnorm_x86_avx512.h
[3/415] Generating source batchnorm_x86_avx.h
[4/415] Generating source batchnorm_x86_avx.cpp
[5/415] Generating source concat_x86_avx512.h
[6/415] Generating source concat_x86_avx512.cpp
[7/415] Generating source concat_x86_avx.h
[8/415] Generating source concat_x86_avx.cpp
[9/415] Generating source convolution_x86_avx512.h
[10/415] Generating source convolution_x86_avx512.cpp
[11/415] Generating source convolution_x86_avx.h
[12/415] Generating source convolution_x86_avx.cpp
[13/415] Generating source crop_x86_avx512.h
[14/415] Generating source crop_x86_avx512.cpp
[15/415] Generating source crop_x86_avx.h
[16/415] Generating source crop_x86_avx.cpp
[17/415] Generating source flatten_x86_avx512.h
[18/415] Generating source flatten_x86_avx512.cpp
[19/415] Generating source flatten_x86_avx.h
[20/415] Generating source flatten_x86_avx.cpp
[21/415] Generating source innerproduct_x86_avx512.h
[22/415] Generating source innerproduct_x86_avx512.cpp
[23/415] Generating source innerproduct_x86_avx.h
[24/415] Generating source innerproduct_x86_avx.cpp
[25/415] Generating source reshape_x86_avx512.h
[26/415] Generating source reshape_x86_avx512.cpp
[27/415] Generating source reshape_x86_avx.h
[28/415] Generating source reshape_x86_avx.cpp
[29/415] Generating source slice_x86_avx512.h
[30/415] Generating source slice_x86_avx512.cpp
[31/415] Generating source slice_x86_avx.h
[32/415] Generating source slice_x86_avx.cpp
[33/415] Generating source softmax_x86_avx512.h
[34/415] Generating source softmax_x86_avx512.cpp
[35/415] Generating source softmax_x86_avx.h
[36/415] Generating source softmax_x86_avx.cpp
[37/415] Generating source binaryop_x86_avx512.h
[38/415] Generating source binaryop_x86_avx512.cpp
[39/415] Generating source binaryop_x86_avx.h
[40/415] Generating source binaryop_x86_avx.cpp
[41/415] Generating source unaryop_x86_avx512.h
[42/415] Generating source unaryop_x86_avx.h
[43/415] Generating source unaryop_x86_avx512.cpp
[44/415] Generating source unaryop_x86_avx.cpp
[45/415] Generating source padding_x86_avx512.h
[46/415] Generating source padding_x86_avx.h
[47/415] Generating source padding_x86_avx512.cpp
[48/415] Generating source interp_x86_avx512.h
[49/415] Generating source padding_x86_avx.cpp
[50/415] Generating source interp_x86_avx.h
[51/415] Generating source interp_x86_avx512.cpp
[52/415] Generating source interp_x86_avx.cpp
[53/415] Generating source packing_x86_avx512.h
[54/415] Generating source packing_x86_avx.h
[55/415] Generating source packing_x86_avx512.cpp
[56/415] Generating source cast_x86_avx512.h
[57/415] Generating source packing_x86_avx.cpp
[58/415] Generating source cast_x86_avx512.cpp
[59/415] Generating source cast_x86_avx.h
[60/415] Generating source cast_x86_avx.cpp
[61/415] Generating source swish_x86_avx512.h
[62/415] Generating source swish_x86_avx512.cpp
[63/415] Generating source swish_x86_avx.h
[64/415] Generating source swish_x86_avx.cpp
[65/415] Generating source gemm_x86_avx512.h
[66/415] Generating source gemm_x86_avx.h
[67/415] Generating source gemm_x86_avx512.cpp
[68/415] Generating source gemm_x86_avx.cpp
[69/415] Generating source groupnorm_x86_avx512.h
[70/415] Generating source groupnorm_x86_avx512.cpp
[71/415] Generating source groupnorm_x86_avx.h
[72/415] Generating source groupnorm_x86_avx.cpp
[73/415] Generating source layernorm_x86_avx512.h
[74/415] Generating source layernorm_x86_avx512.cpp
[75/415] Generating source layernorm_x86_avx.h
[76/415] Generating source layernorm_x86_avx.cpp
[77/415] Generating source multiheadattention_x86_avx512.h
[78/415] Generating source multiheadattention_x86_avx.h
[79/415] Generating source multiheadattention_x86_avx512.cpp
[80/415] Generating source gelu_x86_avx512.h
[81/415] Generating source multiheadattention_x86_avx.cpp
[82/415] Generating source gelu_x86_avx512.cpp
[83/415] Generating source gelu_x86_avx.h
[84/415] Generating source gelu_x86_avx.cpp
[85/415] Generating source rmsnorm_x86_avx512.h
[86/415] Generating source rmsnorm_x86_avx.h
[87/415] Generating source rmsnorm_x86_avx512.cpp
[88/415] Generating source sdpa_x86_avx512.h
[89/415] Generating source rmsnorm_x86_avx.cpp
[90/415] Generating source sdpa_x86_avx.h
[91/415] Generating source sdpa_x86_avx512.cpp
[92/415] Generating source sdpa_x86_avx.cpp
[93/415] Building CXX object ncnn/src/CMakeFiles/ncnn.dir/allocator.cpp.obj
[94/415] Building CXX object ncnn/src/CMakeFiles/ncnn.dir/benchmark.cpp.obj
[95/415] Building CXX object ncnn/src/CMakeFiles/ncnn.dir/blob.cpp.obj
[96/415] Building CXX object ncnn/src/CMakeFiles/ncnn.dir/c_api.cpp.obj
[97/415] Building CXX object ncnn/src/CMakeFiles/ncnn.dir/command.cpp.obj
[98/415] Building CXX object ncnn/src/CMakeFiles/ncnn.dir/cpu.cpp.obj
/home/mingshi/Project/AI/ernie-image-ncnn-vulkan/third_party/ncnn/src/cpu.cpp: In function 'int get_physical_cpucount()':
/home/mingshi/Project/AI/ernie-image-ncnn-vulkan/third_party/ncnn/src/cpu.cpp:1031:22: warning: cast between incompatible function types from 'FARPROC' {aka 'long long int (*)()'} to 'LPFN_GLPI' {aka 'int (*)(_SYSTEM_LOGICAL_PROCESSOR_INFORMATION*, long unsigned int*)'} [-Wcast-function-type]
 1031 |     LPFN_GLPI glpi = (LPFN_GLPI)GetProcAddress(GetModuleHandle(TEXT("kernel32")), "GetLogicalProcessorInformation");
      |                      ^~~~~~~~~~~~~~~~~~~~~~~~~~~~~~~~~~~~~~~~~~~~~~~~~~~~~~~~~~~~~~~~~~~~~~~~~~~~~~~~~~~~~~~~~~~~~~
/home/mingshi/Project/AI/ernie-image-ncnn-vulkan/third_party/ncnn/src/cpu.cpp: In function 'int get_cpu_level2_cachesize()':
/home/mingshi/Project/AI/ernie-image-ncnn-vulkan/third_party/ncnn/src/cpu.cpp:1274:22: warning: cast between incompatible function types from 'FARPROC' {aka 'long long int (*)()'} to 'LPFN_GLPI' {aka 'int (*)(_SYSTEM_LOGICAL_PROCESSOR_INFORMATION*, long unsigned int*)'} [-Wcast-function-type]
 1274 |     LPFN_GLPI glpi = (LPFN_GLPI)GetProcAddress(GetModuleHandle(TEXT("kernel32")), "GetLogicalProcessorInformation");
      |                      ^~~~~~~~~~~~~~~~~~~~~~~~~~~~~~~~~~~~~~~~~~~~~~~~~~~~~~~~~~~~~~~~~~~~~~~~~~~~~~~~~~~~~~~~~~~~~~
/home/mingshi/Project/AI/ernie-image-ncnn-vulkan/third_party/ncnn/src/cpu.cpp: In function 'int get_cpu_level3_cachesize()':
/home/mingshi/Project/AI/ernie-image-ncnn-vulkan/third_party/ncnn/src/cpu.cpp:1344:22: warning: cast between incompatible function types from 'FARPROC' {aka 'long long int (*)()'} to 'LPFN_GLPI' {aka 'int (*)(_SYSTEM_LOGICAL_PROCESSOR_INFORMATION*, long unsigned int*)'} [-Wcast-function-type]
 1344 |     LPFN_GLPI glpi = (LPFN_GLPI)GetProcAddress(GetModuleHandle(TEXT("kernel32")), "GetLogicalProcessorInformation");
      |                      ^~~~~~~~~~~~~~~~~~~~~~~~~~~~~~~~~~~~~~~~~~~~~~~~~~~~~~~~~~~~~~~~~~~~~~~~~~~~~~~~~~~~~~~~~~~~~~
/home/mingshi/Project/AI/ernie-image-ncnn-vulkan/third_party/ncnn/src/cpu.cpp: In function 'ncnn::CpuSet get_smt_cpu_mask()':
/home/mingshi/Project/AI/ernie-image-ncnn-vulkan/third_party/ncnn/src/cpu.cpp:1395:22: warning: cast between incompatible function types from 'FARPROC' {aka 'long long int (*)()'} to 'LPFN_GLPI' {aka 'int (*)(_SYSTEM_LOGICAL_PROCESSOR_INFORMATION*, long unsigned int*)'} [-Wcast-function-type]
 1395 |     LPFN_GLPI glpi = (LPFN_GLPI)GetProcAddress(GetModuleHandle(TEXT("kernel32")), "GetLogicalProcessorInformation");
      |                      ^~~~~~~~~~~~~~~~~~~~~~~~~~~~~~~~~~~~~~~~~~~~~~~~~~~~~~~~~~~~~~~~~~~~~~~~~~~~~~~~~~~~~~~~~~~~~~
/home/mingshi/Project/AI/ernie-image-ncnn-vulkan/third_party/ncnn/src/cpu.cpp: In function 'std::vector<int> get_max_freq_mhz()':
/home/mingshi/Project/AI/ernie-image-ncnn-vulkan/third_party/ncnn/src/cpu.cpp:1447:22: warning: cast between incompatible function types from 'FARPROC' {aka 'long long int (*)()'} to 'LPFN_CNPI' {aka 'long int (*)(POWER_INFORMATION_LEVEL, void*, long unsigned int, void*, long unsigned int)'} [-Wcast-function-type]
 1447 |     LPFN_CNPI cnpi = (LPFN_CNPI)GetProcAddress(powrprof, "CallNtPowerInformation");
      |                      ^~~~~~~~~~~~~~~~~~~~~~~~~~~~~~~~~~~~~~~~~~~~~~~~~~~~~~~~~~~~~
In file included from /home/mingshi/Project/AI/ernie-image-ncnn-vulkan/third_party/ncnn/src/cpu.h:17,
                 from /home/mingshi/Project/AI/ernie-image-ncnn-vulkan/third_party/ncnn/src/cpu.cpp:4:
/home/mingshi/Project/AI/ernie-image-ncnn-vulkan/third_party/ncnn/src/cpu.cpp: In function 'int set_sched_affinity(const ncnn::CpuSet&)':
/home/mingshi/Project/AI/ernie-image-ncnn-vulkan/third_party/ncnn/src/cpu.cpp:1477:19: warning: format '%d' expects argument of type 'int', but argument 3 has type 'DWORD' {aka 'long unsigned int'} [-Wformat=]
 1477 |         NCNN_LOGE("SetThreadAffinityMask failed %d", GetLastError());
      |                   ^~~~~~~~~~~~~~~~~~~~~~~~~~~~~~~~~  ~~~~~~~~~~~~~~
      |                                                                  |
      |                                                                  DWORD {aka long unsigned int}
/home/mingshi/Project/AI/ernie-image-ncnn-vulkan/.worktrees/surpass-reference/build-windows-cpu-v1/ncnn/src/platform.h:473:23: note: in definition of macro 'NCNN_LOGE'
  473 |     fprintf(stderr, ##__VA_ARGS__); fprintf(stderr, "\n"); } while(0)
      |                       ^~~~~~~~~~~
/home/mingshi/Project/AI/ernie-image-ncnn-vulkan/third_party/ncnn/src/cpu.cpp:1477:50: note: format string is defined here
 1477 |         NCNN_LOGE("SetThreadAffinityMask failed %d", GetLastError());
      |                                                 ~^
      |                                                  |
      |                                                  int
      |                                                 %ld
/home/mingshi/Project/AI/ernie-image-ncnn-vulkan/third_party/ncnn/src/cpu.cpp: In function 'void initialize_cpu_thread_affinity_mask(ncnn::CpuSet&, ncnn::CpuSet&, ncnn::CpuSet&)':
/home/mingshi/Project/AI/ernie-image-ncnn-vulkan/third_party/ncnn/src/cpu.cpp:1670:24: warning: cast between incompatible function types from 'FARPROC' {aka 'long long int (*)()'} to 'LPFN_GLPIE' {aka 'int (*)(LOGICAL_PROCESSOR_RELATIONSHIP, _SYSTEM_LOGICAL_PROCESSOR_INFORMATION_EX*, long unsigned int*)'} [-Wcast-function-type]
 1670 |     LPFN_GLPIE glpie = (LPFN_GLPIE)GetProcAddress(kernel32, "GetLogicalProcessorInformationEx");
      |                        ^~~~~~~~~~~~~~~~~~~~~~~~~~~~~~~~~~~~~~~~~~~~~~~~~~~~~~~~~~~~~~~~~~~~~~~~
/home/mingshi/Project/AI/ernie-image-ncnn-vulkan/third_party/ncnn/src/cpu.cpp:1732:35: warning: comparison of integer expressions of different signedness: 'int' and 'std::vector<std::pair<long unsigned int, bool> >::size_type' {aka 'long long unsigned int'} [-Wsign-compare]
 1732 |                 for (int j = 0; j < processorCoreType.size(); j++)
      |                                 ~~^~~~~~~~~~~~~~~~~~~~~~~~~~
/home/mingshi/Project/AI/ernie-image-ncnn-vulkan/third_party/ncnn/src/cpu.cpp:1735:33: warning: comparison of integer expressions of different signedness: 'long unsigned int' and 'int' [-Wsign-compare]
 1735 |                     if (p.first == i)
      |                         ~~~~~~~~^~~~
[99/415] Building CXX object ncnn/src/CMakeFiles/ncnn.dir/datareader.cpp.obj
[100/415] Building CXX object ncnn/src/CMakeFiles/ncnn.dir/expression.cpp.obj
[101/415] Building CXX object ncnn/src/CMakeFiles/ncnn.dir/gpu.cpp.obj
[102/415] Building CXX object ncnn/src/CMakeFiles/ncnn.dir/layer.cpp.obj
[103/415] Building CXX object ncnn/src/CMakeFiles/ncnn.dir/mat.cpp.obj
[104/415] Building CXX object ncnn/src/CMakeFiles/ncnn.dir/mat_pixel.cpp.obj
[105/415] Building CXX object ncnn/src/CMakeFiles/ncnn.dir/mat_pixel_affine.cpp.obj
[106/415] Building CXX object ncnn/src/CMakeFiles/ncnn.dir/mat_pixel_drawing.cpp.obj
[107/415] Building CXX object ncnn/src/CMakeFiles/ncnn.dir/mat_pixel_resize.cpp.obj
[108/415] Building CXX object ncnn/src/CMakeFiles/ncnn.dir/mat_pixel_rotate.cpp.obj
[109/415] Building CXX object ncnn/src/CMakeFiles/ncnn.dir/modelbin.cpp.obj
[110/415] Building CXX object ncnn/src/CMakeFiles/ncnn.dir/net.cpp.obj
[111/415] Building CXX object ncnn/src/CMakeFiles/ncnn.dir/option.cpp.obj
[112/415] Building CXX object ncnn/src/CMakeFiles/ncnn.dir/paramdict.cpp.obj
[113/415] Building CXX object ncnn/src/CMakeFiles/ncnn.dir/pipeline.cpp.obj
[114/415] Building CXX object ncnn/src/CMakeFiles/ncnn.dir/pipelinecache.cpp.obj
[115/415] Building CXX object ncnn/src/CMakeFiles/ncnn.dir/simpleocv.cpp.obj
[116/415] Building CXX object ncnn/src/CMakeFiles/ncnn.dir/simpleomp.cpp.obj
[117/415] Building CXX object ncnn/src/CMakeFiles/ncnn.dir/simplestl.cpp.obj
[118/415] Building CXX object ncnn/src/CMakeFiles/ncnn.dir/simplemath.cpp.obj
[119/415] Building CXX object ncnn/src/CMakeFiles/ncnn.dir/simplevk.cpp.obj
[120/415] Building CXX object ncnn/src/CMakeFiles/ncnn.dir/layer/batchnorm.cpp.obj
/home/mingshi/Project/AI/ernie-image-ncnn-vulkan/third_party/ncnn/src/layer/batchnorm.cpp:73: warning: ignoring '#pragma omp parallel' [-Wunknown-pragmas]
   73 |         #pragma omp parallel for num_threads(opt.num_threads)
/home/mingshi/Project/AI/ernie-image-ncnn-vulkan/third_party/ncnn/src/layer/batchnorm.cpp:85: warning: ignoring '#pragma omp parallel' [-Wunknown-pragmas]
   85 |         #pragma omp parallel for num_threads(opt.num_threads)
/home/mingshi/Project/AI/ernie-image-ncnn-vulkan/third_party/ncnn/src/layer/batchnorm.cpp:107: warning: ignoring '#pragma omp parallel' [-Wunknown-pragmas]
  107 |         #pragma omp parallel for num_threads(opt.num_threads)
/home/mingshi/Project/AI/ernie-image-ncnn-vulkan/third_party/ncnn/src/layer/batchnorm.cpp: In member function 'virtual int ncnn::BatchNorm::forward_inplace(ncnn::Mat&, const ncnn::Option&) const':
/home/mingshi/Project/AI/ernie-image-ncnn-vulkan/third_party/ncnn/src/layer/batchnorm.cpp:59:68: warning: unused parameter 'opt' [-Wunused-parameter]
   59 | int BatchNorm::forward_inplace(Mat& bottom_top_blob, const Option& opt) const
      |                                                      ~~~~~~~~~~~~~~^~~
[121/415] Building CXX object ncnn/src/CMakeFiles/ncnn.dir/layer/x86/batchnorm_x86.cpp.obj
In file included from /home/mingshi/Project/AI/ernie-image-ncnn-vulkan/third_party/ncnn/src/layer/x86/batchnorm_x86.cpp:17:
/home/mingshi/Project/AI/ernie-image-ncnn-vulkan/third_party/ncnn/src/layer/x86/batchnorm_fp32.h:73: warning: ignoring '#pragma omp parallel' [-Wunknown-pragmas]
   73 |         #pragma omp parallel for num_threads(opt.num_threads)
/home/mingshi/Project/AI/ernie-image-ncnn-vulkan/third_party/ncnn/src/layer/x86/batchnorm_fp32.h:84: warning: ignoring '#pragma omp parallel' [-Wunknown-pragmas]
   84 |         #pragma omp parallel for num_threads(opt.num_threads)
/home/mingshi/Project/AI/ernie-image-ncnn-vulkan/third_party/ncnn/src/layer/x86/batchnorm_fp32.h:95: warning: ignoring '#pragma omp parallel' [-Wunknown-pragmas]
   95 |         #pragma omp parallel for num_threads(opt.num_threads)
/home/mingshi/Project/AI/ernie-image-ncnn-vulkan/third_party/ncnn/src/layer/x86/batchnorm_fp32.h:155: warning: ignoring '#pragma omp parallel' [-Wunknown-pragmas]
  155 |         #pragma omp parallel for num_threads(opt.num_threads)
In file included from /home/mingshi/Project/AI/ernie-image-ncnn-vulkan/third_party/ncnn/src/layer/x86/batchnorm_x86.cpp:20:
/home/mingshi/Project/AI/ernie-image-ncnn-vulkan/third_party/ncnn/src/layer/x86/batchnorm_bf16s.h:170: warning: ignoring '#pragma omp parallel' [-Wunknown-pragmas]
  170 |     #pragma omp parallel for num_threads(num_threads)
/home/mingshi/Project/AI/ernie-image-ncnn-vulkan/third_party/ncnn/src/layer/x86/batchnorm_bf16s.h:182: warning: ignoring '#pragma omp parallel' [-Wunknown-pragmas]
  182 |     #pragma omp parallel for num_threads(num_threads)
/home/mingshi/Project/AI/ernie-image-ncnn-vulkan/third_party/ncnn/src/layer/x86/batchnorm_x86.cpp:70: warning: ignoring '#pragma omp parallel' [-Wunknown-pragmas]
   70 |         #pragma omp parallel for num_threads(opt.num_threads)
/home/mingshi/Project/AI/ernie-image-ncnn-vulkan/third_party/ncnn/src/layer/x86/batchnorm_x86.cpp:85: warning: ignoring '#pragma omp parallel' [-Wunknown-pragmas]
   85 |         #pragma omp parallel for num_threads(opt.num_threads)
/home/mingshi/Project/AI/ernie-image-ncnn-vulkan/third_party/ncnn/src/layer/x86/batchnorm_fp32.h: In function 'void ncnn::batchnorm_fp32(Mat&, const Mat&, const Mat&, const Option&)':
/home/mingshi/Project/AI/ernie-image-ncnn-vulkan/third_party/ncnn/src/layer/x86/batchnorm_fp32.h:11:102: warning: unused parameter 'opt' [-Wunused-parameter]
   11 | static void batchnorm_fp32(Mat& bottom_top_blob, const Mat& a_data, const Mat& b_data, const Option& opt)
      |                                                                                        ~~~~~~~~~~~~~~^~~
/home/mingshi/Project/AI/ernie-image-ncnn-vulkan/third_party/ncnn/src/layer/x86/batchnorm_bf16s.h: In function 'void ncnn::batchnorm_bf16s_per_element(short unsigned int*, const float*, const float*, int, int)':
/home/mingshi/Project/AI/ernie-image-ncnn-vulkan/third_party/ncnn/src/layer/x86/batchnorm_bf16s.h:106:108: warning: unused parameter 'num_threads' [-Wunused-parameter]
  106 | static void batchnorm_bf16s_per_element(unsigned short* ptr, const float* a, const float* b, int size, int num_threads)
      |                                                                                                        ~~~~^~~~~~~~~~~
[122/415] Building CXX object ncnn/src/CMakeFiles/ncnn.dir/layer/x86/batchnorm_x86_avx512.cpp.obj
In file included from /home/mingshi/Project/AI/ernie-image-ncnn-vulkan/.worktrees/surpass-reference/build-windows-cpu-v1/ncnn/src/layer/x86/batchnorm_x86_avx512.cpp:17:
/home/mingshi/Project/AI/ernie-image-ncnn-vulkan/third_party/ncnn/src/layer/x86/batchnorm_fp32.h:49: warning: ignoring '#pragma omp parallel' [-Wunknown-pragmas]
   49 |         #pragma omp parallel for num_threads(opt.num_threads)
/home/mingshi/Project/AI/ernie-image-ncnn-vulkan/third_party/ncnn/src/layer/x86/batchnorm_fp32.h:61: warning: ignoring '#pragma omp parallel' [-Wunknown-pragmas]
   61 |         #pragma omp parallel for num_threads(opt.num_threads)
/home/mingshi/Project/AI/ernie-image-ncnn-vulkan/third_party/ncnn/src/layer/x86/batchnorm_fp32.h:73: warning: ignoring '#pragma omp parallel' [-Wunknown-pragmas]
   73 |         #pragma omp parallel for num_threads(opt.num_threads)
/home/mingshi/Project/AI/ernie-image-ncnn-vulkan/third_party/ncnn/src/layer/x86/batchnorm_fp32.h:84: warning: ignoring '#pragma omp parallel' [-Wunknown-pragmas]
   84 |         #pragma omp parallel for num_threads(opt.num_threads)
/home/mingshi/Project/AI/ernie-image-ncnn-vulkan/third_party/ncnn/src/layer/x86/batchnorm_fp32.h:95: warning: ignoring '#pragma omp parallel' [-Wunknown-pragmas]
   95 |         #pragma omp parallel for num_threads(opt.num_threads)
/home/mingshi/Project/AI/ernie-image-ncnn-vulkan/third_party/ncnn/src/layer/x86/batchnorm_fp32.h:155: warning: ignoring '#pragma omp parallel' [-Wunknown-pragmas]
  155 |         #pragma omp parallel for num_threads(opt.num_threads)
In file included from /home/mingshi/Project/AI/ernie-image-ncnn-vulkan/.worktrees/surpass-reference/build-windows-cpu-v1/ncnn/src/layer/x86/batchnorm_x86_avx512.cpp:20:
/home/mingshi/Project/AI/ernie-image-ncnn-vulkan/third_party/ncnn/src/layer/x86/batchnorm_bf16s.h:144: warning: ignoring '#pragma omp parallel' [-Wunknown-pragmas]
  144 |     #pragma omp parallel for num_threads(num_threads)
/home/mingshi/Project/AI/ernie-image-ncnn-vulkan/third_party/ncnn/src/layer/x86/batchnorm_bf16s.h:157: warning: ignoring '#pragma omp parallel' [-Wunknown-pragmas]
  157 |     #pragma omp parallel for num_threads(num_threads)
/home/mingshi/Project/AI/ernie-image-ncnn-vulkan/third_party/ncnn/src/layer/x86/batchnorm_bf16s.h:170: warning: ignoring '#pragma omp parallel' [-Wunknown-pragmas]
  170 |     #pragma omp parallel for num_threads(num_threads)
/home/mingshi/Project/AI/ernie-image-ncnn-vulkan/third_party/ncnn/src/layer/x86/batchnorm_bf16s.h:182: warning: ignoring '#pragma omp parallel' [-Wunknown-pragmas]
  182 |     #pragma omp parallel for num_threads(num_threads)
/home/mingshi/Project/AI/ernie-image-ncnn-vulkan/.worktrees/surpass-reference/build-windows-cpu-v1/ncnn/src/layer/x86/batchnorm_x86_avx512.cpp:70: warning: ignoring '#pragma omp parallel' [-Wunknown-pragmas]
   70 |         #pragma omp parallel for num_threads(opt.num_threads)
/home/mingshi/Project/AI/ernie-image-ncnn-vulkan/.worktrees/surpass-reference/build-windows-cpu-v1/ncnn/src/layer/x86/batchnorm_x86_avx512.cpp:85: warning: ignoring '#pragma omp parallel' [-Wunknown-pragmas]
   85 |         #pragma omp parallel for num_threads(opt.num_threads)
/home/mingshi/Project/AI/ernie-image-ncnn-vulkan/third_party/ncnn/src/layer/x86/batchnorm_fp32.h: In function 'void ncnn::batchnorm_fp32(Mat&, const Mat&, const Mat&, const Option&)':
/home/mingshi/Project/AI/ernie-image-ncnn-vulkan/third_party/ncnn/src/layer/x86/batchnorm_fp32.h:11:102: warning: unused parameter 'opt' [-Wunused-parameter]
   11 | static void batchnorm_fp32(Mat& bottom_top_blob, const Mat& a_data, const Mat& b_data, const Option& opt)
      |                                                                                        ~~~~~~~~~~~~~~^~~
[123/415] Building CXX object ncnn/src/CMakeFiles/ncnn.dir/layer/x86/batchnorm_x86_fma.cpp.obj
In file included from /home/mingshi/Project/AI/ernie-image-ncnn-vulkan/third_party/ncnn/src/layer/x86/batchnorm_x86_fma.cpp:11:
/home/mingshi/Project/AI/ernie-image-ncnn-vulkan/third_party/ncnn/src/layer/x86/batchnorm_bf16s.h:157: warning: ignoring '#pragma omp parallel' [-Wunknown-pragmas]
  157 |     #pragma omp parallel for num_threads(num_threads)
/home/mingshi/Project/AI/ernie-image-ncnn-vulkan/third_party/ncnn/src/layer/x86/batchnorm_bf16s.h:170: warning: ignoring '#pragma omp parallel' [-Wunknown-pragmas]
  170 |     #pragma omp parallel for num_threads(num_threads)
/home/mingshi/Project/AI/ernie-image-ncnn-vulkan/third_party/ncnn/src/layer/x86/batchnorm_bf16s.h:182: warning: ignoring '#pragma omp parallel' [-Wunknown-pragmas]
  182 |     #pragma omp parallel for num_threads(num_threads)
In file included from /home/mingshi/Project/AI/ernie-image-ncnn-vulkan/third_party/ncnn/src/layer/x86/batchnorm_x86_fma.cpp:13:
/home/mingshi/Project/AI/ernie-image-ncnn-vulkan/third_party/ncnn/src/layer/x86/batchnorm_fp32.h:61: warning: ignoring '#pragma omp parallel' [-Wunknown-pragmas]
   61 |         #pragma omp parallel for num_threads(opt.num_threads)
/home/mingshi/Project/AI/ernie-image-ncnn-vulkan/third_party/ncnn/src/layer/x86/batchnorm_fp32.h:73: warning: ignoring '#pragma omp parallel' [-Wunknown-pragmas]
   73 |         #pragma omp parallel for num_threads(opt.num_threads)
/home/mingshi/Project/AI/ernie-image-ncnn-vulkan/third_party/ncnn/src/layer/x86/batchnorm_fp32.h:84: warning: ignoring '#pragma omp parallel' [-Wunknown-pragmas]
   84 |         #pragma omp parallel for num_threads(opt.num_threads)
/home/mingshi/Project/AI/ernie-image-ncnn-vulkan/third_party/ncnn/src/layer/x86/batchnorm_fp32.h:95: warning: ignoring '#pragma omp parallel' [-Wunknown-pragmas]
   95 |         #pragma omp parallel for num_threads(opt.num_threads)
/home/mingshi/Project/AI/ernie-image-ncnn-vulkan/third_party/ncnn/src/layer/x86/batchnorm_fp32.h:155: warning: ignoring '#pragma omp parallel' [-Wunknown-pragmas]
  155 |         #pragma omp parallel for num_threads(opt.num_threads)
/home/mingshi/Project/AI/ernie-image-ncnn-vulkan/third_party/ncnn/src/layer/x86/batchnorm_fp32.h: In function 'void ncnn::batchnorm_fp32(Mat&, const Mat&, const Mat&, const Option&)':
/home/mingshi/Project/AI/ernie-image-ncnn-vulkan/third_party/ncnn/src/layer/x86/batchnorm_fp32.h:11:102: warning: unused parameter 'opt' [-Wunused-parameter]
   11 | static void batchnorm_fp32(Mat& bottom_top_blob, const Mat& a_data, const Mat& b_data, const Option& opt)
      |                                                                                        ~~~~~~~~~~~~~~^~~
[124/415] Building CXX object ncnn/src/CMakeFiles/ncnn.dir/layer/x86/batchnorm_x86_fma4.cpp.obj
In file included from /home/mingshi/Project/AI/ernie-image-ncnn-vulkan/third_party/ncnn/src/layer/x86/batchnorm_x86_fma4.cpp:11:
/home/mingshi/Project/AI/ernie-image-ncnn-vulkan/third_party/ncnn/src/layer/x86/batchnorm_bf16s.h:157: warning: ignoring '#pragma omp parallel' [-Wunknown-pragmas]
  157 |     #pragma omp parallel for num_threads(num_threads)
/home/mingshi/Project/AI/ernie-image-ncnn-vulkan/third_party/ncnn/src/layer/x86/batchnorm_bf16s.h:170: warning: ignoring '#pragma omp parallel' [-Wunknown-pragmas]
  170 |     #pragma omp parallel for num_threads(num_threads)
/home/mingshi/Project/AI/ernie-image-ncnn-vulkan/third_party/ncnn/src/layer/x86/batchnorm_bf16s.h:182: warning: ignoring '#pragma omp parallel' [-Wunknown-pragmas]
  182 |     #pragma omp parallel for num_threads(num_threads)
In file included from /home/mingshi/Project/AI/ernie-image-ncnn-vulkan/third_party/ncnn/src/layer/x86/batchnorm_x86_fma4.cpp:13:
/home/mingshi/Project/AI/ernie-image-ncnn-vulkan/third_party/ncnn/src/layer/x86/batchnorm_fp32.h:61: warning: ignoring '#pragma omp parallel' [-Wunknown-pragmas]
   61 |         #pragma omp parallel for num_threads(opt.num_threads)
/home/mingshi/Project/AI/ernie-image-ncnn-vulkan/third_party/ncnn/src/layer/x86/batchnorm_fp32.h:73: warning: ignoring '#pragma omp parallel' [-Wunknown-pragmas]
   73 |         #pragma omp parallel for num_threads(opt.num_threads)
/home/mingshi/Project/AI/ernie-image-ncnn-vulkan/third_party/ncnn/src/layer/x86/batchnorm_fp32.h:84: warning: ignoring '#pragma omp parallel' [-Wunknown-pragmas]
   84 |         #pragma omp parallel for num_threads(opt.num_threads)
/home/mingshi/Project/AI/ernie-image-ncnn-vulkan/third_party/ncnn/src/layer/x86/batchnorm_fp32.h:95: warning: ignoring '#pragma omp parallel' [-Wunknown-pragmas]
   95 |         #pragma omp parallel for num_threads(opt.num_threads)
/home/mingshi/Project/AI/ernie-image-ncnn-vulkan/third_party/ncnn/src/layer/x86/batchnorm_fp32.h:155: warning: ignoring '#pragma omp parallel' [-Wunknown-pragmas]
  155 |         #pragma omp parallel for num_threads(opt.num_threads)
/home/mingshi/Project/AI/ernie-image-ncnn-vulkan/third_party/ncnn/src/layer/x86/batchnorm_fp32.h: In function 'void ncnn::batchnorm_fp32(Mat&, const Mat&, const Mat&, const Option&)':
/home/mingshi/Project/AI/ernie-image-ncnn-vulkan/third_party/ncnn/src/layer/x86/batchnorm_fp32.h:11:102: warning: unused parameter 'opt' [-Wunused-parameter]
   11 | static void batchnorm_fp32(Mat& bottom_top_blob, const Mat& a_data, const Mat& b_data, const Option& opt)
      |                                                                                        ~~~~~~~~~~~~~~^~~
[125/415] Building CXX object ncnn/src/CMakeFiles/ncnn.dir/layer/x86/batchnorm_x86_avx.cpp.obj
In file included from /home/mingshi/Project/AI/ernie-image-ncnn-vulkan/.worktrees/surpass-reference/build-windows-cpu-v1/ncnn/src/layer/x86/batchnorm_x86_avx.cpp:17:
/home/mingshi/Project/AI/ernie-image-ncnn-vulkan/third_party/ncnn/src/layer/x86/batchnorm_fp32.h:61: warning: ignoring '#pragma omp parallel' [-Wunknown-pragmas]
   61 |         #pragma omp parallel for num_threads(opt.num_threads)
/home/mingshi/Project/AI/ernie-image-ncnn-vulkan/third_party/ncnn/src/layer/x86/batchnorm_fp32.h:73: warning: ignoring '#pragma omp parallel' [-Wunknown-pragmas]
   73 |         #pragma omp parallel for num_threads(opt.num_threads)
/home/mingshi/Project/AI/ernie-image-ncnn-vulkan/third_party/ncnn/src/layer/x86/batchnorm_fp32.h:84: warning: ignoring '#pragma omp parallel' [-Wunknown-pragmas]
   84 |         #pragma omp parallel for num_threads(opt.num_threads)
/home/mingshi/Project/AI/ernie-image-ncnn-vulkan/third_party/ncnn/src/layer/x86/batchnorm_fp32.h:95: warning: ignoring '#pragma omp parallel' [-Wunknown-pragmas]
   95 |         #pragma omp parallel for num_threads(opt.num_threads)
/home/mingshi/Project/AI/ernie-image-ncnn-vulkan/third_party/ncnn/src/layer/x86/batchnorm_fp32.h:155: warning: ignoring '#pragma omp parallel' [-Wunknown-pragmas]
  155 |         #pragma omp parallel for num_threads(opt.num_threads)
In file included from /home/mingshi/Project/AI/ernie-image-ncnn-vulkan/.worktrees/surpass-reference/build-windows-cpu-v1/ncnn/src/layer/x86/batchnorm_x86_avx.cpp:20:
/home/mingshi/Project/AI/ernie-image-ncnn-vulkan/third_party/ncnn/src/layer/x86/batchnorm_bf16s.h:157: warning: ignoring '#pragma omp parallel' [-Wunknown-pragmas]
  157 |     #pragma omp parallel for num_threads(num_threads)
/home/mingshi/Project/AI/ernie-image-ncnn-vulkan/third_party/ncnn/src/layer/x86/batchnorm_bf16s.h:170: warning: ignoring '#pragma omp parallel' [-Wunknown-pragmas]
  170 |     #pragma omp parallel for num_threads(num_threads)
/home/mingshi/Project/AI/ernie-image-ncnn-vulkan/third_party/ncnn/src/layer/x86/batchnorm_bf16s.h:182: warning: ignoring '#pragma omp parallel' [-Wunknown-pragmas]
  182 |     #pragma omp parallel for num_threads(num_threads)
/home/mingshi/Project/AI/ernie-image-ncnn-vulkan/.worktrees/surpass-reference/build-windows-cpu-v1/ncnn/src/layer/x86/batchnorm_x86_avx.cpp:70: warning: ignoring '#pragma omp parallel' [-Wunknown-pragmas]
   70 |         #pragma omp parallel for num_threads(opt.num_threads)
/home/mingshi/Project/AI/ernie-image-ncnn-vulkan/.worktrees/surpass-reference/build-windows-cpu-v1/ncnn/src/layer/x86/batchnorm_x86_avx.cpp:85: warning: ignoring '#pragma omp parallel' [-Wunknown-pragmas]
   85 |         #pragma omp parallel for num_threads(opt.num_threads)
[126/415] Building CXX object ncnn/src/CMakeFiles/ncnn.dir/layer/x86/batchnorm_x86_avx512bf16.cpp.obj
In file included from /home/mingshi/Project/AI/ernie-image-ncnn-vulkan/third_party/ncnn/src/layer/x86/batchnorm_x86_avx512bf16.cpp:10:
/home/mingshi/Project/AI/ernie-image-ncnn-vulkan/third_party/ncnn/src/layer/x86/batchnorm_bf16s.h:144: warning: ignoring '#pragma omp parallel' [-Wunknown-pragmas]
  144 |     #pragma omp parallel for num_threads(num_threads)
/home/mingshi/Project/AI/ernie-image-ncnn-vulkan/third_party/ncnn/src/layer/x86/batchnorm_bf16s.h:157: warning: ignoring '#pragma omp parallel' [-Wunknown-pragmas]
  157 |     #pragma omp parallel for num_threads(num_threads)
/home/mingshi/Project/AI/ernie-image-ncnn-vulkan/third_party/ncnn/src/layer/x86/batchnorm_bf16s.h:170: warning: ignoring '#pragma omp parallel' [-Wunknown-pragmas]
  170 |     #pragma omp parallel for num_threads(num_threads)
/home/mingshi/Project/AI/ernie-image-ncnn-vulkan/third_party/ncnn/src/layer/x86/batchnorm_bf16s.h:182: warning: ignoring '#pragma omp parallel' [-Wunknown-pragmas]
  182 |     #pragma omp parallel for num_threads(num_threads)
/home/mingshi/Project/AI/ernie-image-ncnn-vulkan/third_party/ncnn/src/layer/x86/batchnorm_bf16s.h: In function 'void ncnn::batchnorm_bf16s_per_element(short unsigned int*, const float*, const float*, int, int)':
/home/mingshi/Project/AI/ernie-image-ncnn-vulkan/third_party/ncnn/src/layer/x86/batchnorm_bf16s.h:106:108: warning: unused parameter 'num_threads' [-Wunused-parameter]
  106 | static void batchnorm_bf16s_per_element(unsigned short* ptr, const float* a, const float* b, int size, int num_threads)
      |                                                                                                        ~~~~^~~~~~~~~~~
[127/415] Building CXX object ncnn/src/CMakeFiles/ncnn.dir/layer/x86/batchnorm_x86_avx2.cpp.obj
In file included from /home/mingshi/Project/AI/ernie-image-ncnn-vulkan/third_party/ncnn/src/layer/x86/batchnorm_x86_avx2.cpp:10:
/home/mingshi/Project/AI/ernie-image-ncnn-vulkan/third_party/ncnn/src/layer/x86/batchnorm_bf16s.h:157: warning: ignoring '#pragma omp parallel' [-Wunknown-pragmas]
  157 |     #pragma omp parallel for num_threads(num_threads)
/home/mingshi/Project/AI/ernie-image-ncnn-vulkan/third_party/ncnn/src/layer/x86/batchnorm_bf16s.h:170: warning: ignoring '#pragma omp parallel' [-Wunknown-pragmas]
  170 |     #pragma omp parallel for num_threads(num_threads)
/home/mingshi/Project/AI/ernie-image-ncnn-vulkan/third_party/ncnn/src/layer/x86/batchnorm_bf16s.h:182: warning: ignoring '#pragma omp parallel' [-Wunknown-pragmas]
  182 |     #pragma omp parallel for num_threads(num_threads)
/home/mingshi/Project/AI/ernie-image-ncnn-vulkan/third_party/ncnn/src/layer/x86/batchnorm_bf16s.h: In function 'void ncnn::batchnorm_bf16s_per_element(short unsigned int*, const float*, const float*, int, int)':
/home/mingshi/Project/AI/ernie-image-ncnn-vulkan/third_party/ncnn/src/layer/x86/batchnorm_bf16s.h:106:108: warning: unused parameter 'num_threads' [-Wunused-parameter]
  106 | static void batchnorm_bf16s_per_element(unsigned short* ptr, const float* a, const float* b, int size, int num_threads)
      |                                                                                                        ~~~~^~~~~~~~~~~
[128/415] Building CXX object ncnn/src/CMakeFiles/ncnn.dir/layer/concat.cpp.obj
/home/mingshi/Project/AI/ernie-image-ncnn-vulkan/third_party/ncnn/src/layer/concat.cpp:107: warning: ignoring '#pragma omp parallel' [-Wunknown-pragmas]
  107 |         #pragma omp parallel for num_threads(opt.num_threads)
/home/mingshi/Project/AI/ernie-image-ncnn-vulkan/third_party/ncnn/src/layer/concat.cpp:183: warning: ignoring '#pragma omp parallel' [-Wunknown-pragmas]
  183 |         #pragma omp parallel for num_threads(opt.num_threads)
/home/mingshi/Project/AI/ernie-image-ncnn-vulkan/third_party/ncnn/src/layer/concat.cpp:227: warning: ignoring '#pragma omp parallel' [-Wunknown-pragmas]
  227 |         #pragma omp parallel for num_threads(opt.num_threads)
/home/mingshi/Project/AI/ernie-image-ncnn-vulkan/third_party/ncnn/src/layer/concat.cpp:270: warning: ignoring '#pragma omp parallel' [-Wunknown-pragmas]
  270 |         #pragma omp parallel for num_threads(opt.num_threads)
[129/415] Building CXX object ncnn/src/CMakeFiles/ncnn.dir/layer/x86/concat_x86.cpp.obj
/home/mingshi/Project/AI/ernie-image-ncnn-vulkan/third_party/ncnn/src/layer/x86/concat_x86.cpp:376: warning: ignoring '#pragma omp parallel' [-Wunknown-pragmas]
  376 |         #pragma omp parallel for num_threads(opt.num_threads)
/home/mingshi/Project/AI/ernie-image-ncnn-vulkan/third_party/ncnn/src/layer/x86/concat_x86.cpp:715: warning: ignoring '#pragma omp parallel' [-Wunknown-pragmas]
  715 |         #pragma omp parallel for num_threads(opt.num_threads)
/home/mingshi/Project/AI/ernie-image-ncnn-vulkan/third_party/ncnn/src/layer/x86/concat_x86.cpp:761: warning: ignoring '#pragma omp parallel' [-Wunknown-pragmas]
  761 |         #pragma omp parallel for num_threads(opt.num_threads)
/home/mingshi/Project/AI/ernie-image-ncnn-vulkan/third_party/ncnn/src/layer/x86/concat_x86.cpp:806: warning: ignoring '#pragma omp parallel' [-Wunknown-pragmas]
  806 |         #pragma omp parallel for num_threads(opt.num_threads)
/home/mingshi/Project/AI/ernie-image-ncnn-vulkan/third_party/ncnn/src/layer/x86/concat_x86.cpp:1178: warning: ignoring '#pragma omp parallel' [-Wunknown-pragmas]
 1178 |         #pragma omp parallel for num_threads(opt.num_threads)
/home/mingshi/Project/AI/ernie-image-ncnn-vulkan/third_party/ncnn/src/layer/x86/concat_x86.cpp:1517: warning: ignoring '#pragma omp parallel' [-Wunknown-pragmas]
 1517 |         #pragma omp parallel for num_threads(opt.num_threads)
/home/mingshi/Project/AI/ernie-image-ncnn-vulkan/third_party/ncnn/src/layer/x86/concat_x86.cpp:1563: warning: ignoring '#pragma omp parallel' [-Wunknown-pragmas]
 1563 |         #pragma omp parallel for num_threads(opt.num_threads)
/home/mingshi/Project/AI/ernie-image-ncnn-vulkan/third_party/ncnn/src/layer/x86/concat_x86.cpp:1608: warning: ignoring '#pragma omp parallel' [-Wunknown-pragmas]
 1608 |         #pragma omp parallel for num_threads(opt.num_threads)
[130/415] Building CXX object ncnn/src/CMakeFiles/ncnn.dir/layer/x86/concat_x86_avx512.cpp.obj
/home/mingshi/Project/AI/ernie-image-ncnn-vulkan/.worktrees/surpass-reference/build-windows-cpu-v1/ncnn/src/layer/x86/concat_x86_avx512.cpp:376: warning: ignoring '#pragma omp parallel' [-Wunknown-pragmas]
  376 |         #pragma omp parallel for num_threads(opt.num_threads)
/home/mingshi/Project/AI/ernie-image-ncnn-vulkan/.worktrees/surpass-reference/build-windows-cpu-v1/ncnn/src/layer/x86/concat_x86_avx512.cpp:715: warning: ignoring '#pragma omp parallel' [-Wunknown-pragmas]
  715 |         #pragma omp parallel for num_threads(opt.num_threads)
/home/mingshi/Project/AI/ernie-image-ncnn-vulkan/.worktrees/surpass-reference/build-windows-cpu-v1/ncnn/src/layer/x86/concat_x86_avx512.cpp:761: warning: ignoring '#pragma omp parallel' [-Wunknown-pragmas]
  761 |         #pragma omp parallel for num_threads(opt.num_threads)
/home/mingshi/Project/AI/ernie-image-ncnn-vulkan/.worktrees/surpass-reference/build-windows-cpu-v1/ncnn/src/layer/x86/concat_x86_avx512.cpp:806: warning: ignoring '#pragma omp parallel' [-Wunknown-pragmas]
  806 |         #pragma omp parallel for num_threads(opt.num_threads)
/home/mingshi/Project/AI/ernie-image-ncnn-vulkan/.worktrees/surpass-reference/build-windows-cpu-v1/ncnn/src/layer/x86/concat_x86_avx512.cpp:1178: warning: ignoring '#pragma omp parallel' [-Wunknown-pragmas]
 1178 |         #pragma omp parallel for num_threads(opt.num_threads)
/home/mingshi/Project/AI/ernie-image-ncnn-vulkan/.worktrees/surpass-reference/build-windows-cpu-v1/ncnn/src/layer/x86/concat_x86_avx512.cpp:1517: warning: ignoring '#pragma omp parallel' [-Wunknown-pragmas]
 1517 |         #pragma omp parallel for num_threads(opt.num_threads)
/home/mingshi/Project/AI/ernie-image-ncnn-vulkan/.worktrees/surpass-reference/build-windows-cpu-v1/ncnn/src/layer/x86/concat_x86_avx512.cpp:1563: warning: ignoring '#pragma omp parallel' [-Wunknown-pragmas]
 1563 |         #pragma omp parallel for num_threads(opt.num_threads)
/home/mingshi/Project/AI/ernie-image-ncnn-vulkan/.worktrees/surpass-reference/build-windows-cpu-v1/ncnn/src/layer/x86/concat_x86_avx512.cpp:1608: warning: ignoring '#pragma omp parallel' [-Wunknown-pragmas]
 1608 |         #pragma omp parallel for num_threads(opt.num_threads)
[131/415] Building CXX object ncnn/src/CMakeFiles/ncnn.dir/layer/x86/concat_x86_avx.cpp.obj
/home/mingshi/Project/AI/ernie-image-ncnn-vulkan/.worktrees/surpass-reference/build-windows-cpu-v1/ncnn/src/layer/x86/concat_x86_avx.cpp:376: warning: ignoring '#pragma omp parallel' [-Wunknown-pragmas]
  376 |         #pragma omp parallel for num_threads(opt.num_threads)
/home/mingshi/Project/AI/ernie-image-ncnn-vulkan/.worktrees/surpass-reference/build-windows-cpu-v1/ncnn/src/layer/x86/concat_x86_avx.cpp:715: warning: ignoring '#pragma omp parallel' [-Wunknown-pragmas]
  715 |         #pragma omp parallel for num_threads(opt.num_threads)
/home/mingshi/Project/AI/ernie-image-ncnn-vulkan/.worktrees/surpass-reference/build-windows-cpu-v1/ncnn/src/layer/x86/concat_x86_avx.cpp:761: warning: ignoring '#pragma omp parallel' [-Wunknown-pragmas]
  761 |         #pragma omp parallel for num_threads(opt.num_threads)
/home/mingshi/Project/AI/ernie-image-ncnn-vulkan/.worktrees/surpass-reference/build-windows-cpu-v1/ncnn/src/layer/x86/concat_x86_avx.cpp:806: warning: ignoring '#pragma omp parallel' [-Wunknown-pragmas]
  806 |         #pragma omp parallel for num_threads(opt.num_threads)
/home/mingshi/Project/AI/ernie-image-ncnn-vulkan/.worktrees/surpass-reference/build-windows-cpu-v1/ncnn/src/layer/x86/concat_x86_avx.cpp:1178: warning: ignoring '#pragma omp parallel' [-Wunknown-pragmas]
 1178 |         #pragma omp parallel for num_threads(opt.num_threads)
/home/mingshi/Project/AI/ernie-image-ncnn-vulkan/.worktrees/surpass-reference/build-windows-cpu-v1/ncnn/src/layer/x86/concat_x86_avx.cpp:1517: warning: ignoring '#pragma omp parallel' [-Wunknown-pragmas]
 1517 |         #pragma omp parallel for num_threads(opt.num_threads)
/home/mingshi/Project/AI/ernie-image-ncnn-vulkan/.worktrees/surpass-reference/build-windows-cpu-v1/ncnn/src/layer/x86/concat_x86_avx.cpp:1563: warning: ignoring '#pragma omp parallel' [-Wunknown-pragmas]
 1563 |         #pragma omp parallel for num_threads(opt.num_threads)
/home/mingshi/Project/AI/ernie-image-ncnn-vulkan/.worktrees/surpass-reference/build-windows-cpu-v1/ncnn/src/layer/x86/concat_x86_avx.cpp:1608: warning: ignoring '#pragma omp parallel' [-Wunknown-pragmas]
 1608 |         #pragma omp parallel for num_threads(opt.num_threads)
[132/415] Building CXX object ncnn/src/CMakeFiles/ncnn.dir/layer/convolution.cpp.obj
/home/mingshi/Project/AI/ernie-image-ncnn-vulkan/third_party/ncnn/src/layer/convolution.cpp:145: warning: ignoring '#pragma omp parallel' [-Wunknown-pragmas]
  145 |     #pragma omp parallel for num_threads(opt.num_threads)
/home/mingshi/Project/AI/ernie-image-ncnn-vulkan/third_party/ncnn/src/layer/convolution.cpp: In function 'int ncnn::convolution(const Mat&, Mat&, const Mat&, const Mat&, int, int, int, int, int, int, int, const Mat&, const Option&)':
/home/mingshi/Project/AI/ernie-image-ncnn-vulkan/third_party/ncnn/src/layer/convolution.cpp:113:262: warning: unused parameter 'opt' [-Wunused-parameter]
  113 | static int convolution(const Mat& bottom_blob, Mat& top_blob, const Mat& weight_data, const Mat& bias_data, int kernel_w, int kernel_h, int stride_w, int stride_h, int dilation_w, int dilation_h, int activation_type, const Mat& activation_params, const Option& opt)
      |                                                                                                                                                                                                                                                        ~~~~~~~~~~~~~~^~~
[133/415] Building pinned native Tokenizers bridge
   Compiling proc-macro2 v1.0.107
   Compiling quote v1.0.47
   Compiling unicode-ident v1.0.24
   Compiling version_check v0.9.5
   Compiling serde_core v1.0.229
   Compiling syn v3.0.5
   Compiling syn v2.0.119
   Compiling cfg-if v1.0.4
   Compiling crossbeam-utils v0.8.22
   Compiling crossbeam-epoch v0.9.20
   Compiling zerocopy v0.8.56
   Compiling typenum v1.18.0
   Compiling memchr v2.8.3
   Compiling ident_case v1.0.1
   Compiling getrandom v0.3.4
   Compiling strsim v0.11.1
   Compiling serde v1.0.229
   Compiling fnv v1.0.7
   Compiling darling_core v0.20.11
   Compiling serde_derive v1.0.229
   Compiling generic-array v0.14.7
   Compiling shlex v2.0.1
   Compiling crossbeam-deque v0.8.7
   Compiling find-msvc-tools v0.1.12
   Compiling cc v1.4.5
   Compiling darling_macro v0.20.11
   Compiling pkg-config v0.3.34
   Compiling rustversion v1.0.23
   Compiling rayon-core v1.13.0
   Compiling onig_sys v69.9.3
   Compiling darling v0.20.11
   Compiling either v1.18.0
   Compiling libc v0.2.189
   Compiling zmij v1.0.23
   Compiling derive_builder_core v0.20.2
   Compiling ppv-lite86 v0.2.21
   Compiling rand_core v0.9.5
   Compiling aho-corasick v1.1.5
   Compiling ahash v0.8.12
   Compiling minimal-lexical v0.2.1
   Compiling itoa v1.0.18
   Compiling regex-syntax v0.8.11
   Compiling paste v1.0.15
   Compiling esaxx-rs v0.1.10
   Compiling thiserror v2.0.20
   Compiling serde_json v1.0.151
   Compiling once_cell v1.21.4
   Compiling regex-automata v0.4.18
   Compiling nom v7.1.3
   Compiling rand_chacha v0.9.0
   Compiling castaway v0.2.4
   Compiling rayon v1.12.0
   Compiling derive_builder_macro v0.20.2
   Compiling itertools v0.14.0
   Compiling block-buffer v0.10.4
   Compiling crypto-common v0.1.6
   Compiling monostate-impl v0.1.18
   Compiling thiserror-impl v2.0.20
   Compiling unicode-segmentation v1.13.3
   Compiling ryu v1.0.23
   Compiling macro_rules_attribute-proc_macro v0.2.3
   Compiling bitflags v2.13.1
   Compiling smallvec v1.16.0
   Compiling pastey v0.2.3
   Compiling static_assertions v1.1.0
   Compiling base64 v0.13.1
   Compiling macro_rules_attribute v0.2.3
   Compiling spm_precompiled v0.1.4
   Compiling compact_str v0.9.1
   Compiling unicode-normalization-alignments v0.1.12
   Compiling onig v6.5.3
   Compiling monostate v0.1.18
   Compiling digest v0.10.7
   Compiling rayon-cond v0.4.0
   Compiling derive_builder v0.20.2
   Compiling regex v1.13.1
   Compiling rand v0.9.5
   Compiling dary_heap v0.3.9
   Compiling unicode_categories v0.1.1
   Compiling log v0.4.34
   Compiling cpufeatures v0.2.17
   Compiling sha2 v0.10.9
   Compiling tokenizers v0.22.2
   Compiling ernie-tokenizer-bridge v0.1.0 (/home/mingshi/Project/AI/ernie-image-ncnn-vulkan/.worktrees/surpass-reference/tokenizer)
    Finished `release` profile [optimized] target(s) in 56.57s
[134/415] Building CXX object ncnn/src/CMakeFiles/ncnn.dir/layer/x86/convolution_x86.cpp.obj
In file included from /home/mingshi/Project/AI/ernie-image-ncnn-vulkan/third_party/ncnn/src/layer/x86/convolution_x86.cpp:27:
/home/mingshi/Project/AI/ernie-image-ncnn-vulkan/third_party/ncnn/src/layer/x86/convolution_3x3.h:16: warning: ignoring '#pragma omp parallel' [-Wunknown-pragmas]
   16 |     #pragma omp parallel for num_threads(opt.num_threads)
/home/mingshi/Project/AI/ernie-image-ncnn-vulkan/third_party/ncnn/src/layer/x86/convolution_3x3.h:142: warning: ignoring '#pragma omp parallel' [-Wunknown-pragmas]
  142 |     #pragma omp parallel for num_threads(opt.num_threads)
In file included from /home/mingshi/Project/AI/ernie-image-ncnn-vulkan/third_party/ncnn/src/layer/x86/convolution_x86.cpp:28:
/home/mingshi/Project/AI/ernie-image-ncnn-vulkan/third_party/ncnn/src/layer/x86/convolution_5x5.h:16: warning: ignoring '#pragma omp parallel' [-Wunknown-pragmas]
   16 |     #pragma omp parallel for num_threads(opt.num_threads)
In file included from /home/mingshi/Project/AI/ernie-image-ncnn-vulkan/third_party/ncnn/src/layer/x86/convolution_x86.cpp:30:
/home/mingshi/Project/AI/ernie-image-ncnn-vulkan/third_party/ncnn/src/layer/x86/convolution_3x3_winograd.h:117: warning: ignoring '#pragma omp parallel' [-Wunknown-pragmas]
  117 |     #pragma omp parallel for num_threads(nT)
/home/mingshi/Project/AI/ernie-image-ncnn-vulkan/third_party/ncnn/src/layer/x86/convolution_3x3_winograd.h:2531: warning: ignoring '#pragma omp parallel' [-Wunknown-pragmas]
 2531 |     #pragma omp parallel for num_threads(opt.num_threads)
/home/mingshi/Project/AI/ernie-image-ncnn-vulkan/third_party/ncnn/src/layer/x86/convolution_3x3_winograd.h:2860: warning: ignoring '#pragma omp parallel' [-Wunknown-pragmas]
 2860 |     #pragma omp parallel for num_threads(nT)
/home/mingshi/Project/AI/ernie-image-ncnn-vulkan/third_party/ncnn/src/layer/x86/convolution_3x3_winograd.h:3757: warning: ignoring '#pragma omp parallel' [-Wunknown-pragmas]
 3757 |         #pragma omp parallel for num_threads(nT)
/home/mingshi/Project/AI/ernie-image-ncnn-vulkan/third_party/ncnn/src/layer/x86/convolution_3x3_winograd.h:3784: warning: ignoring '#pragma omp parallel' [-Wunknown-pragmas]
 3784 |     #pragma omp parallel for num_threads(nT)
/home/mingshi/Project/AI/ernie-image-ncnn-vulkan/third_party/ncnn/src/layer/x86/convolution_3x3_winograd.h:3901: warning: ignoring '#pragma omp parallel' [-Wunknown-pragmas]
 3901 |     #pragma omp parallel for num_threads(opt.num_threads)
/home/mingshi/Project/AI/ernie-image-ncnn-vulkan/third_party/ncnn/src/layer/x86/convolution_3x3_winograd.h:4322: warning: ignoring '#pragma omp parallel' [-Wunknown-pragmas]
 4322 |     #pragma omp parallel for num_threads(nT)
/home/mingshi/Project/AI/ernie-image-ncnn-vulkan/third_party/ncnn/src/layer/x86/convolution_3x3_winograd.h:5627: warning: ignoring '#pragma omp parallel' [-Wunknown-pragmas]
 5627 |         #pragma omp parallel for num_threads(nT)
/home/mingshi/Project/AI/ernie-image-ncnn-vulkan/third_party/ncnn/src/layer/x86/convolution_3x3_winograd.h:5654: warning: ignoring '#pragma omp parallel' [-Wunknown-pragmas]
 5654 |     #pragma omp parallel for num_threads(nT)
/home/mingshi/Project/AI/ernie-image-ncnn-vulkan/third_party/ncnn/src/layer/x86/convolution_3x3_winograd.h:5778: warning: ignoring '#pragma omp parallel' [-Wunknown-pragmas]
 5778 |     #pragma omp parallel for num_threads(opt.num_threads)
/home/mingshi/Project/AI/ernie-image-ncnn-vulkan/third_party/ncnn/src/layer/x86/convolution_3x3_winograd.h:6313: warning: ignoring '#pragma omp parallel' [-Wunknown-pragmas]
 6313 |     #pragma omp parallel for num_threads(nT)
/home/mingshi/Project/AI/ernie-image-ncnn-vulkan/third_party/ncnn/src/layer/x86/convolution_3x3_winograd.h:7945: warning: ignoring '#pragma omp parallel' [-Wunknown-pragmas]
 7945 |         #pragma omp parallel for num_threads(nT)
/home/mingshi/Project/AI/ernie-image-ncnn-vulkan/third_party/ncnn/src/layer/x86/convolution_3x3_winograd.h:7972: warning: ignoring '#pragma omp parallel' [-Wunknown-pragmas]
 7972 |     #pragma omp parallel for num_threads(nT)
In file included from /home/mingshi/Project/AI/ernie-image-ncnn-vulkan/third_party/ncnn/src/layer/x86/convolution_x86.cpp:31:
/home/mingshi/Project/AI/ernie-image-ncnn-vulkan/third_party/ncnn/src/layer/x86/convolution_packed.h:2013: warning: ignoring '#pragma omp parallel' [-Wunknown-pragmas]
 2013 |     #pragma omp parallel for num_threads(opt.num_threads)
In file included from /home/mingshi/Project/AI/ernie-image-ncnn-vulkan/third_party/ncnn/src/layer/x86/convolution_x86.cpp:32:
/home/mingshi/Project/AI/ernie-image-ncnn-vulkan/third_party/ncnn/src/layer/x86/convolution_im2col_gemm.h:5587: warning: ignoring '#pragma omp parallel' [-Wunknown-pragmas]
 5587 |     #pragma omp parallel for num_threads(opt.num_threads)
/home/mingshi/Project/AI/ernie-image-ncnn-vulkan/third_party/ncnn/src/layer/x86/convolution_im2col_gemm.h:5628: warning: ignoring '#pragma omp parallel' [-Wunknown-pragmas]
 5628 |     #pragma omp parallel for num_threads(nT)
/home/mingshi/Project/AI/ernie-image-ncnn-vulkan/third_party/ncnn/src/layer/x86/convolution_im2col_gemm.h:5654: warning: ignoring '#pragma omp parallel' [-Wunknown-pragmas]
 5654 |     #pragma omp parallel for num_threads(nT)
In file included from /home/mingshi/Project/AI/ernie-image-ncnn-vulkan/third_party/ncnn/src/layer/x86/convolution_x86.cpp:35:
/home/mingshi/Project/AI/ernie-image-ncnn-vulkan/third_party/ncnn/src/layer/x86/convolution_packed_bf16s.h:2055: warning: ignoring '#pragma omp parallel' [-Wunknown-pragmas]
 2055 |     #pragma omp parallel for num_threads(opt.num_threads)
In file included from /home/mingshi/Project/AI/ernie-image-ncnn-vulkan/third_party/ncnn/src/layer/x86/convolution_x86.cpp:36:
/home/mingshi/Project/AI/ernie-image-ncnn-vulkan/third_party/ncnn/src/layer/x86/convolution_im2col_gemm_bf16s.h:6286: warning: ignoring '#pragma omp parallel' [-Wunknown-pragmas]
 6286 |     #pragma omp parallel for num_threads(opt.num_threads)
/home/mingshi/Project/AI/ernie-image-ncnn-vulkan/third_party/ncnn/src/layer/x86/convolution_im2col_gemm_bf16s.h:6350: warning: ignoring '#pragma omp parallel' [-Wunknown-pragmas]
 6350 |     #pragma omp parallel for num_threads(nT)
/home/mingshi/Project/AI/ernie-image-ncnn-vulkan/third_party/ncnn/src/layer/x86/convolution_im2col_gemm_bf16s.h:6376: warning: ignoring '#pragma omp parallel' [-Wunknown-pragmas]
 6376 |     #pragma omp parallel for num_threads(nT)
In file included from /home/mingshi/Project/AI/ernie-image-ncnn-vulkan/third_party/ncnn/src/layer/x86/convolution_x86.cpp:37:
/home/mingshi/Project/AI/ernie-image-ncnn-vulkan/third_party/ncnn/src/layer/x86/convolution_3x3_winograd_bf16s.h:336: warning: ignoring '#pragma omp parallel' [-Wunknown-pragmas]
  336 |     #pragma omp parallel for num_threads(nT)
/home/mingshi/Project/AI/ernie-image-ncnn-vulkan/third_party/ncnn/src/layer/x86/convolution_3x3_winograd_bf16s.h:1310: warning: ignoring '#pragma omp parallel' [-Wunknown-pragmas]
 1310 |         #pragma omp parallel for num_threads(nT)
/home/mingshi/Project/AI/ernie-image-ncnn-vulkan/third_party/ncnn/src/layer/x86/convolution_3x3_winograd_bf16s.h:1337: warning: ignoring '#pragma omp parallel' [-Wunknown-pragmas]
 1337 |     #pragma omp parallel for num_threads(nT)
/home/mingshi/Project/AI/ernie-image-ncnn-vulkan/third_party/ncnn/src/layer/x86/convolution_3x3_winograd_bf16s.h:1793: warning: ignoring '#pragma omp parallel' [-Wunknown-pragmas]
 1793 |     #pragma omp parallel for num_threads(nT)
/home/mingshi/Project/AI/ernie-image-ncnn-vulkan/third_party/ncnn/src/layer/x86/convolution_3x3_winograd_bf16s.h:3187: warning: ignoring '#pragma omp parallel' [-Wunknown-pragmas]
 3187 |         #pragma omp parallel for num_threads(nT)
/home/mingshi/Project/AI/ernie-image-ncnn-vulkan/third_party/ncnn/src/layer/x86/convolution_3x3_winograd_bf16s.h:3214: warning: ignoring '#pragma omp parallel' [-Wunknown-pragmas]
 3214 |     #pragma omp parallel for num_threads(nT)
/home/mingshi/Project/AI/ernie-image-ncnn-vulkan/third_party/ncnn/src/layer/x86/convolution_3x3_winograd_bf16s.h:3784: warning: ignoring '#pragma omp parallel' [-Wunknown-pragmas]
 3784 |     #pragma omp parallel for num_threads(nT)
/home/mingshi/Project/AI/ernie-image-ncnn-vulkan/third_party/ncnn/src/layer/x86/convolution_3x3_winograd_bf16s.h:5517: warning: ignoring '#pragma omp parallel' [-Wunknown-pragmas]
 5517 |         #pragma omp parallel for num_threads(nT)
/home/mingshi/Project/AI/ernie-image-ncnn-vulkan/third_party/ncnn/src/layer/x86/convolution_3x3_winograd_bf16s.h:5544: warning: ignoring '#pragma omp parallel' [-Wunknown-pragmas]
 5544 |     #pragma omp parallel for num_threads(nT)
In file included from /home/mingshi/Project/AI/ernie-image-ncnn-vulkan/third_party/ncnn/src/layer/x86/convolution_x86.cpp:50:
/home/mingshi/Project/AI/ernie-image-ncnn-vulkan/third_party/ncnn/src/layer/x86/convolution_3x3_pack1to4.h:15: warning: ignoring '#pragma omp parallel' [-Wunknown-pragmas]
   15 |     #pragma omp parallel for num_threads(opt.num_threads)
/home/mingshi/Project/AI/ernie-image-ncnn-vulkan/third_party/ncnn/src/layer/x86/convolution_3x3_pack1to4.h:332: warning: ignoring '#pragma omp parallel' [-Wunknown-pragmas]
  332 |     #pragma omp parallel for num_threads(opt.num_threads)
/home/mingshi/Project/AI/ernie-image-ncnn-vulkan/third_party/ncnn/src/layer/x86/convolution_3x3_pack1to4.h:548: warning: ignoring '#pragma omp parallel' [-Wunknown-pragmas]
  548 |     #pragma omp parallel for num_threads(opt.num_threads)
/home/mingshi/Project/AI/ernie-image-ncnn-vulkan/third_party/ncnn/src/layer/x86/convolution_3x3_pack1to4.h:875: warning: ignoring '#pragma omp parallel' [-Wunknown-pragmas]
  875 |     #pragma omp parallel for num_threads(opt.num_threads)
/home/mingshi/Project/AI/ernie-image-ncnn-vulkan/third_party/ncnn/src/layer/x86/convolution_x86.cpp:1223: warning: ignoring '#pragma omp parallel' [-Wunknown-pragmas]
 1223 |             #pragma omp parallel for num_threads(opt.num_threads)
/home/mingshi/Project/AI/ernie-image-ncnn-vulkan/third_party/ncnn/src/layer/x86/convolution_x86.cpp:1243: warning: ignoring '#pragma omp parallel' [-Wunknown-pragmas]
 1243 |             #pragma omp parallel for num_threads(opt.num_threads)
/home/mingshi/Project/AI/ernie-image-ncnn-vulkan/third_party/ncnn/src/layer/x86/convolution_3x3.h: In function 'void ncnn::conv3x3s1_sse(const Mat&, Mat&, const Mat&, const Mat&, const Option&)':
/home/mingshi/Project/AI/ernie-image-ncnn-vulkan/third_party/ncnn/src/layer/x86/convolution_3x3.h:4:118: warning: unused parameter 'opt' [-Wunused-parameter]
    4 | static void conv3x3s1_sse(const Mat& bottom_blob, Mat& top_blob, const Mat& _kernel, const Mat& _bias, const Option& opt)
      |                                                                                                        ~~~~~~~~~~~~~~^~~
/home/mingshi/Project/AI/ernie-image-ncnn-vulkan/third_party/ncnn/src/layer/x86/convolution_3x3.h: In function 'void ncnn::conv3x3s2_sse(const Mat&, Mat&, const Mat&, const Mat&, const Option&)':
/home/mingshi/Project/AI/ernie-image-ncnn-vulkan/third_party/ncnn/src/layer/x86/convolution_3x3.h:128:118: warning: unused parameter 'opt' [-Wunused-parameter]
  128 | static void conv3x3s2_sse(const Mat& bottom_blob, Mat& top_blob, const Mat& _kernel, const Mat& _bias, const Option& opt)
      |                                                                                                        ~~~~~~~~~~~~~~^~~
/home/mingshi/Project/AI/ernie-image-ncnn-vulkan/third_party/ncnn/src/layer/x86/convolution_5x5.h: In function 'void ncnn::conv5x5s1_sse(const Mat&, Mat&, const Mat&, const Mat&, const Option&)':
/home/mingshi/Project/AI/ernie-image-ncnn-vulkan/third_party/ncnn/src/layer/x86/convolution_5x5.h:4:118: warning: unused parameter 'opt' [-Wunused-parameter]
    4 | static void conv5x5s1_sse(const Mat& bottom_blob, Mat& top_blob, const Mat& _kernel, const Mat& _bias, const Option& opt)
      |                                                                                                        ~~~~~~~~~~~~~~^~~
/home/mingshi/Project/AI/ernie-image-ncnn-vulkan/third_party/ncnn/src/layer/x86/convolution_3x3_winograd.h: In function 'void ncnn::transpose_pack_B_tile(const Mat&, Mat&, int, int, int, int)':
/home/mingshi/Project/AI/ernie-image-ncnn-vulkan/third_party/ncnn/src/layer/x86/convolution_3x3_winograd.h:115:97: warning: unused parameter 'nT' [-Wunused-parameter]
  115 | static void transpose_pack_B_tile(const Mat& B, Mat& BT, int batch, int max_jj, int max_kk, int nT)
      |                                                                                             ~~~~^~
/home/mingshi/Project/AI/ernie-image-ncnn-vulkan/third_party/ncnn/src/layer/x86/convolution_3x3_winograd.h: In function 'void ncnn::conv3x3s1_winograd23_transform_input_tile(const Mat&, Mat&, int, int, int, int, int)':
/home/mingshi/Project/AI/ernie-image-ncnn-vulkan/third_party/ncnn/src/layer/x86/convolution_3x3_winograd.h:2552:136: warning: unused parameter 'nT' [-Wunused-parameter]
 2552 | static inline void conv3x3s1_winograd23_transform_input_tile(const Mat& bottom_blob, Mat& B, int j, int max_jj, int k, int max_kk, int nT)
      |                                                                                                                                    ~~~~^~
/home/mingshi/Project/AI/ernie-image-ncnn-vulkan/third_party/ncnn/src/layer/x86/convolution_3x3_winograd.h: In function 'void ncnn::conv3x3s1_winograd43_transform_input_tile(const Mat&, Mat&, int, int, int, int, int)':
/home/mingshi/Project/AI/ernie-image-ncnn-vulkan/third_party/ncnn/src/layer/x86/convolution_3x3_winograd.h:3922:136: warning: unused parameter 'nT' [-Wunused-parameter]
 3922 | static inline void conv3x3s1_winograd43_transform_input_tile(const Mat& bottom_blob, Mat& B, int j, int max_jj, int k, int max_kk, int nT)
      |                                                                                                                                    ~~~~^~
/home/mingshi/Project/AI/ernie-image-ncnn-vulkan/third_party/ncnn/src/layer/x86/convolution_3x3_winograd.h: In function 'void ncnn::conv3x3s1_winograd63_transform_input_tile(const Mat&, Mat&, int, int, int, int, int)':
/home/mingshi/Project/AI/ernie-image-ncnn-vulkan/third_party/ncnn/src/layer/x86/convolution_3x3_winograd.h:5799:136: warning: unused parameter 'nT' [-Wunused-parameter]
 5799 | static inline void conv3x3s1_winograd63_transform_input_tile(const Mat& bottom_blob, Mat& B, int j, int max_jj, int k, int max_kk, int nT)
      |                                                                                                                                    ~~~~^~
/home/mingshi/Project/AI/ernie-image-ncnn-vulkan/third_party/ncnn/src/layer/x86/convolution_packed.h: In function 'void ncnn::convolution_packed(const Mat&, Mat&, const Mat&, const Mat&, int, int, int, int, int, int, int, const Mat&, const Option&)':
/home/mingshi/Project/AI/ernie-image-ncnn-vulkan/third_party/ncnn/src/layer/x86/convolution_packed.h:1069:273: warning: unused parameter 'opt' [-Wunused-parameter]
 1069 | static void convolution_packed(const Mat& bottom_blob, Mat& top_blob, const Mat& weight_data_tm, const Mat& bias_data, int kernel_w, int kernel_h, int dilation_w, int dilation_h, int stride_w, int stride_h, int activation_type, const Mat& activation_params, const Option& opt)
      |                                                                                                                                                                                                                                                                   ~~~~~~~~~~~~~~^~~
/home/mingshi/Project/AI/ernie-image-ncnn-vulkan/third_party/ncnn/src/layer/x86/convolution_packed_bf16s.h: In function 'void ncnn::convolution_packed_bf16s(const Mat&, Mat&, const Mat&, const Mat&, int, int, int, int, int, int, int, const Mat&, const Option&)':
/home/mingshi/Project/AI/ernie-image-ncnn-vulkan/third_party/ncnn/src/layer/x86/convolution_packed_bf16s.h:1095:279: warning: unused parameter 'opt' [-Wunused-parameter]
 1095 | static void convolution_packed_bf16s(const Mat& bottom_blob, Mat& top_blob, const Mat& weight_data_tm, const Mat& bias_data, int kernel_w, int kernel_h, int dilation_w, int dilation_h, int stride_w, int stride_h, int activation_type, const Mat& activation_params, const Option& opt)
      |                                                                                                                                                                                                                                                                         ~~~~~~~~~~~~~~^~~
/home/mingshi/Project/AI/ernie-image-ncnn-vulkan/third_party/ncnn/src/layer/x86/convolution_3x3_winograd_bf16s.h: In function 'void ncnn::conv3x3s1_winograd23_transform_input_tile_bf16s(const Mat&, Mat&, int, int, int, int, int)':
/home/mingshi/Project/AI/ernie-image-ncnn-vulkan/third_party/ncnn/src/layer/x86/convolution_3x3_winograd_bf16s.h:12:142: warning: unused parameter 'nT' [-Wunused-parameter]
   12 | static inline void conv3x3s1_winograd23_transform_input_tile_bf16s(const Mat& bottom_blob, Mat& B, int j, int max_jj, int k, int max_kk, int nT)
      |                                                                                                                                          ~~~~^~
/home/mingshi/Project/AI/ernie-image-ncnn-vulkan/third_party/ncnn/src/layer/x86/convolution_3x3_winograd_bf16s.h: In function 'void ncnn::conv3x3s1_winograd43_transform_input_tile_bf16s(const Mat&, Mat&, int, int, int, int, int)':
/home/mingshi/Project/AI/ernie-image-ncnn-vulkan/third_party/ncnn/src/layer/x86/convolution_3x3_winograd_bf16s.h:1377:142: warning: unused parameter 'nT' [-Wunused-parameter]
 1377 | static inline void conv3x3s1_winograd43_transform_input_tile_bf16s(const Mat& bottom_blob, Mat& B, int j, int max_jj, int k, int max_kk, int nT)
      |                                                                                                                                          ~~~~^~
/home/mingshi/Project/AI/ernie-image-ncnn-vulkan/third_party/ncnn/src/layer/x86/convolution_3x3_winograd_bf16s.h: In function 'void ncnn::conv3x3s1_winograd63_transform_input_tile_bf16s(const Mat&, Mat&, int, int, int, int, int)':
/home/mingshi/Project/AI/ernie-image-ncnn-vulkan/third_party/ncnn/src/layer/x86/convolution_3x3_winograd_bf16s.h:3254:142: warning: unused parameter 'nT' [-Wunused-parameter]
 3254 | static inline void conv3x3s1_winograd63_transform_input_tile_bf16s(const Mat& bottom_blob, Mat& B, int j, int max_jj, int k, int max_kk, int nT)
      |                                                                                                                                          ~~~~^~
/home/mingshi/Project/AI/ernie-image-ncnn-vulkan/third_party/ncnn/src/layer/x86/convolution_3x3_pack1to4.h: In function 'void ncnn::conv3x3s1_pack1to4_sse(const Mat&, Mat&, const Mat&, const Mat&, const Option&)':
/home/mingshi/Project/AI/ernie-image-ncnn-vulkan/third_party/ncnn/src/layer/x86/convolution_3x3_pack1to4.h:4:126: warning: unused parameter 'opt' [-Wunused-parameter]
    4 | static void conv3x3s1_pack1to4_sse(const Mat& bottom_blob, Mat& top_blob, const Mat& kernel, const Mat& _bias, const Option& opt)
      |                                                                                                                ~~~~~~~~~~~~~~^~~
/home/mingshi/Project/AI/ernie-image-ncnn-vulkan/third_party/ncnn/src/layer/x86/convolution_3x3_pack1to4.h: In function 'void ncnn::conv3x3s2_pack1to4_sse(const Mat&, Mat&, const Mat&, const Mat&, const Option&)':
/home/mingshi/Project/AI/ernie-image-ncnn-vulkan/third_party/ncnn/src/layer/x86/convolution_3x3_pack1to4.h:534:126: warning: unused parameter 'opt' [-Wunused-parameter]
  534 | static void conv3x3s2_pack1to4_sse(const Mat& bottom_blob, Mat& top_blob, const Mat& kernel, const Mat& _bias, const Option& opt)
      |                                                                                                                ~~~~~~~~~~~~~~^~~
[135/415] Building CXX object ncnn/src/CMakeFiles/ncnn.dir/layer/x86/convolution_x86_fma.cpp.obj
In file included from /home/mingshi/Project/AI/ernie-image-ncnn-vulkan/third_party/ncnn/src/layer/x86/convolution_x86_fma.cpp:14:
/home/mingshi/Project/AI/ernie-image-ncnn-vulkan/third_party/ncnn/src/layer/x86/convolution_packed.h:1575: warning: ignoring '#pragma omp parallel' [-Wunknown-pragmas]
 1575 |     #pragma omp parallel for num_threads(opt.num_threads)
In file included from /home/mingshi/Project/AI/ernie-image-ncnn-vulkan/third_party/ncnn/src/layer/x86/convolution_x86_fma.cpp:15:
/home/mingshi/Project/AI/ernie-image-ncnn-vulkan/third_party/ncnn/src/layer/x86/convolution_im2col_gemm.h:5587: warning: ignoring '#pragma omp parallel' [-Wunknown-pragmas]
 5587 |     #pragma omp parallel for num_threads(opt.num_threads)
/home/mingshi/Project/AI/ernie-image-ncnn-vulkan/third_party/ncnn/src/layer/x86/convolution_im2col_gemm.h:5628: warning: ignoring '#pragma omp parallel' [-Wunknown-pragmas]
 5628 |     #pragma omp parallel for num_threads(nT)
/home/mingshi/Project/AI/ernie-image-ncnn-vulkan/third_party/ncnn/src/layer/x86/convolution_im2col_gemm.h:5654: warning: ignoring '#pragma omp parallel' [-Wunknown-pragmas]
 5654 |     #pragma omp parallel for num_threads(nT)
In file included from /home/mingshi/Project/AI/ernie-image-ncnn-vulkan/third_party/ncnn/src/layer/x86/convolution_x86_fma.cpp:16:
/home/mingshi/Project/AI/ernie-image-ncnn-vulkan/third_party/ncnn/src/layer/x86/convolution_3x3_winograd.h:117: warning: ignoring '#pragma omp parallel' [-Wunknown-pragmas]
  117 |     #pragma omp parallel for num_threads(nT)
/home/mingshi/Project/AI/ernie-image-ncnn-vulkan/third_party/ncnn/src/layer/x86/convolution_3x3_winograd.h:2531: warning: ignoring '#pragma omp parallel' [-Wunknown-pragmas]
 2531 |     #pragma omp parallel for num_threads(opt.num_threads)
/home/mingshi/Project/AI/ernie-image-ncnn-vulkan/third_party/ncnn/src/layer/x86/convolution_3x3_winograd.h:2723: warning: ignoring '#pragma omp parallel' [-Wunknown-pragmas]
 2723 |     #pragma omp parallel for num_threads(nT)
/home/mingshi/Project/AI/ernie-image-ncnn-vulkan/third_party/ncnn/src/layer/x86/convolution_3x3_winograd.h:3757: warning: ignoring '#pragma omp parallel' [-Wunknown-pragmas]
 3757 |         #pragma omp parallel for num_threads(nT)
/home/mingshi/Project/AI/ernie-image-ncnn-vulkan/third_party/ncnn/src/layer/x86/convolution_3x3_winograd.h:3784: warning: ignoring '#pragma omp parallel' [-Wunknown-pragmas]
 3784 |     #pragma omp parallel for num_threads(nT)
/home/mingshi/Project/AI/ernie-image-ncnn-vulkan/third_party/ncnn/src/layer/x86/convolution_3x3_winograd.h:3901: warning: ignoring '#pragma omp parallel' [-Wunknown-pragmas]
 3901 |     #pragma omp parallel for num_threads(opt.num_threads)
/home/mingshi/Project/AI/ernie-image-ncnn-vulkan/third_party/ncnn/src/layer/x86/convolution_3x3_winograd.h:4145: warning: ignoring '#pragma omp parallel' [-Wunknown-pragmas]
 4145 |     #pragma omp parallel for num_threads(nT)
/home/mingshi/Project/AI/ernie-image-ncnn-vulkan/third_party/ncnn/src/layer/x86/convolution_3x3_winograd.h:5627: warning: ignoring '#pragma omp parallel' [-Wunknown-pragmas]
 5627 |         #pragma omp parallel for num_threads(nT)
/home/mingshi/Project/AI/ernie-image-ncnn-vulkan/third_party/ncnn/src/layer/x86/convolution_3x3_winograd.h:5654: warning: ignoring '#pragma omp parallel' [-Wunknown-pragmas]
 5654 |     #pragma omp parallel for num_threads(nT)
/home/mingshi/Project/AI/ernie-image-ncnn-vulkan/third_party/ncnn/src/layer/x86/convolution_3x3_winograd.h:5778: warning: ignoring '#pragma omp parallel' [-Wunknown-pragmas]
 5778 |     #pragma omp parallel for num_threads(opt.num_threads)
/home/mingshi/Project/AI/ernie-image-ncnn-vulkan/third_party/ncnn/src/layer/x86/convolution_3x3_winograd.h:6079: warning: ignoring '#pragma omp parallel' [-Wunknown-pragmas]
 6079 |     #pragma omp parallel for num_threads(nT)
/home/mingshi/Project/AI/ernie-image-ncnn-vulkan/third_party/ncnn/src/layer/x86/convolution_3x3_winograd.h:7945: warning: ignoring '#pragma omp parallel' [-Wunknown-pragmas]
 7945 |         #pragma omp parallel for num_threads(nT)
/home/mingshi/Project/AI/ernie-image-ncnn-vulkan/third_party/ncnn/src/layer/x86/convolution_3x3_winograd.h:7972: warning: ignoring '#pragma omp parallel' [-Wunknown-pragmas]
 7972 |     #pragma omp parallel for num_threads(nT)
In file included from /home/mingshi/Project/AI/ernie-image-ncnn-vulkan/third_party/ncnn/src/layer/x86/convolution_x86_fma.cpp:17:
/home/mingshi/Project/AI/ernie-image-ncnn-vulkan/third_party/ncnn/src/layer/x86/convolution_2x2_pack8.h:34: warning: ignoring '#pragma omp parallel' [-Wunknown-pragmas]
   34 |     #pragma omp parallel for num_threads(opt.num_threads)
In file included from /home/mingshi/Project/AI/ernie-image-ncnn-vulkan/third_party/ncnn/src/layer/x86/convolution_x86_fma.cpp:18:
/home/mingshi/Project/AI/ernie-image-ncnn-vulkan/third_party/ncnn/src/layer/x86/convolution_3x3_pack8.h:36: warning: ignoring '#pragma omp parallel' [-Wunknown-pragmas]
   36 |     #pragma omp parallel for num_threads(opt.num_threads)
In file included from /home/mingshi/Project/AI/ernie-image-ncnn-vulkan/third_party/ncnn/src/layer/x86/convolution_x86_fma.cpp:19:
/home/mingshi/Project/AI/ernie-image-ncnn-vulkan/third_party/ncnn/src/layer/x86/convolution_3x3_pack1to8.h:39: warning: ignoring '#pragma omp parallel' [-Wunknown-pragmas]
   39 |     #pragma omp parallel for num_threads(opt.num_threads)
/home/mingshi/Project/AI/ernie-image-ncnn-vulkan/third_party/ncnn/src/layer/x86/convolution_3x3_pack1to8.h:356: warning: ignoring '#pragma omp parallel' [-Wunknown-pragmas]
  356 |     #pragma omp parallel for num_threads(opt.num_threads)
/home/mingshi/Project/AI/ernie-image-ncnn-vulkan/third_party/ncnn/src/layer/x86/convolution_3x3_pack1to8.h:588: warning: ignoring '#pragma omp parallel' [-Wunknown-pragmas]
  588 |     #pragma omp parallel for num_threads(opt.num_threads)
/home/mingshi/Project/AI/ernie-image-ncnn-vulkan/third_party/ncnn/src/layer/x86/convolution_3x3_pack1to8.h:1187: warning: ignoring '#pragma omp parallel' [-Wunknown-pragmas]
 1187 |     #pragma omp parallel for num_threads(opt.num_threads)
In file included from /home/mingshi/Project/AI/ernie-image-ncnn-vulkan/third_party/ncnn/src/layer/x86/convolution_x86_fma.cpp:20:
/home/mingshi/Project/AI/ernie-image-ncnn-vulkan/third_party/ncnn/src/layer/x86/convolution_3x3_pack8to1.h:37: warning: ignoring '#pragma omp parallel' [-Wunknown-pragmas]
   37 |     #pragma omp parallel for num_threads(opt.num_threads)
In file included from /home/mingshi/Project/AI/ernie-image-ncnn-vulkan/third_party/ncnn/src/layer/x86/convolution_x86_fma.cpp:23:
/home/mingshi/Project/AI/ernie-image-ncnn-vulkan/third_party/ncnn/src/layer/x86/convolution_packed_bf16s.h:1617: warning: ignoring '#pragma omp parallel' [-Wunknown-pragmas]
 1617 |     #pragma omp parallel for num_threads(opt.num_threads)
In file included from /home/mingshi/Project/AI/ernie-image-ncnn-vulkan/third_party/ncnn/src/layer/x86/convolution_x86_fma.cpp:24:
/home/mingshi/Project/AI/ernie-image-ncnn-vulkan/third_party/ncnn/src/layer/x86/convolution_im2col_gemm_bf16s.h:6286: warning: ignoring '#pragma omp parallel' [-Wunknown-pragmas]
 6286 |     #pragma omp parallel for num_threads(opt.num_threads)
/home/mingshi/Project/AI/ernie-image-ncnn-vulkan/third_party/ncnn/src/layer/x86/convolution_im2col_gemm_bf16s.h:6350: warning: ignoring '#pragma omp parallel' [-Wunknown-pragmas]
 6350 |     #pragma omp parallel for num_threads(nT)
/home/mingshi/Project/AI/ernie-image-ncnn-vulkan/third_party/ncnn/src/layer/x86/convolution_im2col_gemm_bf16s.h:6376: warning: ignoring '#pragma omp parallel' [-Wunknown-pragmas]
 6376 |     #pragma omp parallel for num_threads(nT)
In file included from /home/mingshi/Project/AI/ernie-image-ncnn-vulkan/third_party/ncnn/src/layer/x86/convolution_x86_fma.cpp:25:
/home/mingshi/Project/AI/ernie-image-ncnn-vulkan/third_party/ncnn/src/layer/x86/convolution_3x3_winograd_bf16s.h:199: warning: ignoring '#pragma omp parallel' [-Wunknown-pragmas]
  199 |     #pragma omp parallel for num_threads(nT)
/home/mingshi/Project/AI/ernie-image-ncnn-vulkan/third_party/ncnn/src/layer/x86/convolution_3x3_winograd_bf16s.h:1310: warning: ignoring '#pragma omp parallel' [-Wunknown-pragmas]
 1310 |         #pragma omp parallel for num_threads(nT)
/home/mingshi/Project/AI/ernie-image-ncnn-vulkan/third_party/ncnn/src/layer/x86/convolution_3x3_winograd_bf16s.h:1337: warning: ignoring '#pragma omp parallel' [-Wunknown-pragmas]
 1337 |     #pragma omp parallel for num_threads(nT)
/home/mingshi/Project/AI/ernie-image-ncnn-vulkan/third_party/ncnn/src/layer/x86/convolution_3x3_winograd_bf16s.h:1616: warning: ignoring '#pragma omp parallel' [-Wunknown-pragmas]
 1616 |     #pragma omp parallel for num_threads(nT)
/home/mingshi/Project/AI/ernie-image-ncnn-vulkan/third_party/ncnn/src/layer/x86/convolution_3x3_winograd_bf16s.h:3187: warning: ignoring '#pragma omp parallel' [-Wunknown-pragmas]
 3187 |         #pragma omp parallel for num_threads(nT)
/home/mingshi/Project/AI/ernie-image-ncnn-vulkan/third_party/ncnn/src/layer/x86/convolution_3x3_winograd_bf16s.h:3214: warning: ignoring '#pragma omp parallel' [-Wunknown-pragmas]
 3214 |     #pragma omp parallel for num_threads(nT)
/home/mingshi/Project/AI/ernie-image-ncnn-vulkan/third_party/ncnn/src/layer/x86/convolution_3x3_winograd_bf16s.h:3550: warning: ignoring '#pragma omp parallel' [-Wunknown-pragmas]
 3550 |     #pragma omp parallel for num_threads(nT)
/home/mingshi/Project/AI/ernie-image-ncnn-vulkan/third_party/ncnn/src/layer/x86/convolution_3x3_winograd_bf16s.h:5517: warning: ignoring '#pragma omp parallel' [-Wunknown-pragmas]
 5517 |         #pragma omp parallel for num_threads(nT)
/home/mingshi/Project/AI/ernie-image-ncnn-vulkan/third_party/ncnn/src/layer/x86/convolution_3x3_winograd_bf16s.h:5544: warning: ignoring '#pragma omp parallel' [-Wunknown-pragmas]
 5544 |     #pragma omp parallel for num_threads(nT)
/home/mingshi/Project/AI/ernie-image-ncnn-vulkan/third_party/ncnn/src/layer/x86/convolution_packed.h: In function 'void ncnn::convolution_packed(const Mat&, Mat&, const Mat&, const Mat&, int, int, int, int, int, int, int, const Mat&, const Option&)':
/home/mingshi/Project/AI/ernie-image-ncnn-vulkan/third_party/ncnn/src/layer/x86/convolution_packed.h:1069:273: warning: unused parameter 'opt' [-Wunused-parameter]
 1069 | static void convolution_packed(const Mat& bottom_blob, Mat& top_blob, const Mat& weight_data_tm, const Mat& bias_data, int kernel_w, int kernel_h, int dilation_w, int dilation_h, int stride_w, int stride_h, int activation_type, const Mat& activation_params, const Option& opt)
      |                                                                                                                                                                                                                                                                   ~~~~~~~~~~~~~~^~~
/home/mingshi/Project/AI/ernie-image-ncnn-vulkan/third_party/ncnn/src/layer/x86/convolution_3x3_winograd.h: In function 'void ncnn::transpose_pack_B_tile(const Mat&, Mat&, int, int, int, int)':
/home/mingshi/Project/AI/ernie-image-ncnn-vulkan/third_party/ncnn/src/layer/x86/convolution_3x3_winograd.h:115:97: warning: unused parameter 'nT' [-Wunused-parameter]
  115 | static void transpose_pack_B_tile(const Mat& B, Mat& BT, int batch, int max_jj, int max_kk, int nT)
      |                                                                                             ~~~~^~
/home/mingshi/Project/AI/ernie-image-ncnn-vulkan/third_party/ncnn/src/layer/x86/convolution_3x3_winograd.h: In function 'void ncnn::conv3x3s1_winograd23_transform_input_tile(const Mat&, Mat&, int, int, int, int, int)':
/home/mingshi/Project/AI/ernie-image-ncnn-vulkan/third_party/ncnn/src/layer/x86/convolution_3x3_winograd.h:2552:136: warning: unused parameter 'nT' [-Wunused-parameter]
 2552 | static inline void conv3x3s1_winograd23_transform_input_tile(const Mat& bottom_blob, Mat& B, int j, int max_jj, int k, int max_kk, int nT)
      |                                                                                                                                    ~~~~^~
/home/mingshi/Project/AI/ernie-image-ncnn-vulkan/third_party/ncnn/src/layer/x86/convolution_3x3_winograd.h: In function 'void ncnn::conv3x3s1_winograd43_transform_input_tile(const Mat&, Mat&, int, int, int, int, int)':
/home/mingshi/Project/AI/ernie-image-ncnn-vulkan/third_party/ncnn/src/layer/x86/convolution_3x3_winograd.h:3922:136: warning: unused parameter 'nT' [-Wunused-parameter]
 3922 | static inline void conv3x3s1_winograd43_transform_input_tile(const Mat& bottom_blob, Mat& B, int j, int max_jj, int k, int max_kk, int nT)
      |                                                                                                                                    ~~~~^~
/home/mingshi/Project/AI/ernie-image-ncnn-vulkan/third_party/ncnn/src/layer/x86/convolution_3x3_winograd.h: In function 'void ncnn::conv3x3s1_winograd63_transform_input_tile(const Mat&, Mat&, int, int, int, int, int)':
/home/mingshi/Project/AI/ernie-image-ncnn-vulkan/third_party/ncnn/src/layer/x86/convolution_3x3_winograd.h:5799:136: warning: unused parameter 'nT' [-Wunused-parameter]
 5799 | static inline void conv3x3s1_winograd63_transform_input_tile(const Mat& bottom_blob, Mat& B, int j, int max_jj, int k, int max_kk, int nT)
      |                                                                                                                                    ~~~~^~
/home/mingshi/Project/AI/ernie-image-ncnn-vulkan/third_party/ncnn/src/layer/x86/convolution_2x2_pack8.h: In function 'void ncnn::conv2x2s1_pack8_avx(const Mat&, Mat&, const Mat&, const Mat&, const Option&)':
/home/mingshi/Project/AI/ernie-image-ncnn-vulkan/third_party/ncnn/src/layer/x86/convolution_2x2_pack8.h:11:123: warning: unused parameter 'opt' [-Wunused-parameter]
   11 | static void conv2x2s1_pack8_avx(const Mat& bottom_blob, Mat& top_blob, const Mat& kernel, const Mat& _bias, const Option& opt)
      |                                                                                                             ~~~~~~~~~~~~~~^~~
/home/mingshi/Project/AI/ernie-image-ncnn-vulkan/third_party/ncnn/src/layer/x86/convolution_3x3_pack8.h: In function 'void ncnn::conv3x3s1_pack8_avx(const Mat&, Mat&, const Mat&, const Mat&, const Option&)':
/home/mingshi/Project/AI/ernie-image-ncnn-vulkan/third_party/ncnn/src/layer/x86/convolution_3x3_pack8.h:11:123: warning: unused parameter 'opt' [-Wunused-parameter]
   11 | static void conv3x3s1_pack8_avx(const Mat& bottom_blob, Mat& top_blob, const Mat& kernel, const Mat& _bias, const Option& opt)
      |                                                                                                             ~~~~~~~~~~~~~~^~~
/home/mingshi/Project/AI/ernie-image-ncnn-vulkan/third_party/ncnn/src/layer/x86/convolution_3x3_pack1to8.h: In function 'void ncnn::conv3x3s1_pack1to8_avx(const Mat&, Mat&, const Mat&, const Mat&, const Option&)':
/home/mingshi/Project/AI/ernie-image-ncnn-vulkan/third_party/ncnn/src/layer/x86/convolution_3x3_pack1to8.h:13:126: warning: unused parameter 'opt' [-Wunused-parameter]
   13 | static void conv3x3s1_pack1to8_avx(const Mat& bottom_blob, Mat& top_blob, const Mat& kernel, const Mat& _bias, const Option& opt)
      |                                                                                                                ~~~~~~~~~~~~~~^~~
/home/mingshi/Project/AI/ernie-image-ncnn-vulkan/third_party/ncnn/src/layer/x86/convolution_3x3_pack1to8.h: In function 'void ncnn::conv3x3s2_pack1to8_avx(const Mat&, Mat&, const Mat&, const Mat&, const Option&)':
/home/mingshi/Project/AI/ernie-image-ncnn-vulkan/third_party/ncnn/src/layer/x86/convolution_3x3_pack1to8.h:558:126: warning: unused parameter 'opt' [-Wunused-parameter]
  558 | static void conv3x3s2_pack1to8_avx(const Mat& bottom_blob, Mat& top_blob, const Mat& kernel, const Mat& _bias, const Option& opt)
      |                                                                                                                ~~~~~~~~~~~~~~^~~
/home/mingshi/Project/AI/ernie-image-ncnn-vulkan/third_party/ncnn/src/layer/x86/convolution_3x3_pack8to1.h: In function 'void ncnn::conv3x3s1_pack8to1_avx(const Mat&, Mat&, const Mat&, const Mat&, const Option&)':
/home/mingshi/Project/AI/ernie-image-ncnn-vulkan/third_party/ncnn/src/layer/x86/convolution_3x3_pack8to1.h:11:126: warning: unused parameter 'opt' [-Wunused-parameter]
   11 | static void conv3x3s1_pack8to1_avx(const Mat& bottom_blob, Mat& top_blob, const Mat& kernel, const Mat& _bias, const Option& opt)
      |                                                                                                                ~~~~~~~~~~~~~~^~~
/home/mingshi/Project/AI/ernie-image-ncnn-vulkan/third_party/ncnn/src/layer/x86/convolution_im2col_gemm_bf16s.h: In function 'int ncnn::convolution_im2col_gemm_bf16s(const Mat&, Mat&, const Mat&, const Mat&, int, int, int, int, int, int, int, const Mat&, int, const Option&)':
/home/mingshi/Project/AI/ernie-image-ncnn-vulkan/third_party/ncnn/src/layer/x86/convolution_im2col_gemm_bf16s.h:6344:110: warning: 'TILE_N' may be used uninitialized [-Wmaybe-uninitialized]
 6344 |     Mat BT(TILE_K * TILE_N, (K + TILE_K - 1) / TILE_K, (N + TILE_N - 1) / TILE_N, 2u, opt.workspace_allocator);
      |                                                                                                              ^
/home/mingshi/Project/AI/ernie-image-ncnn-vulkan/third_party/ncnn/src/layer/x86/convolution_im2col_gemm_bf16s.h:6335:17: note: 'TILE_N' was declared here
 6335 |     int TILE_M, TILE_N, TILE_K;
      |                 ^~~~~~
[136/415] Building CXX object ncnn/src/CMakeFiles/ncnn.dir/layer/x86/convolution_x86_avx512.cpp.obj
In file included from /home/mingshi/Project/AI/ernie-image-ncnn-vulkan/.worktrees/surpass-reference/build-windows-cpu-v1/ncnn/src/layer/x86/convolution_x86_avx512.cpp:27:
/home/mingshi/Project/AI/ernie-image-ncnn-vulkan/third_party/ncnn/src/layer/x86/convolution_3x3.h:16: warning: ignoring '#pragma omp parallel' [-Wunknown-pragmas]
   16 |     #pragma omp parallel for num_threads(opt.num_threads)
/home/mingshi/Project/AI/ernie-image-ncnn-vulkan/third_party/ncnn/src/layer/x86/convolution_3x3.h:142: warning: ignoring '#pragma omp parallel' [-Wunknown-pragmas]
  142 |     #pragma omp parallel for num_threads(opt.num_threads)
In file included from /home/mingshi/Project/AI/ernie-image-ncnn-vulkan/.worktrees/surpass-reference/build-windows-cpu-v1/ncnn/src/layer/x86/convolution_x86_avx512.cpp:28:
/home/mingshi/Project/AI/ernie-image-ncnn-vulkan/third_party/ncnn/src/layer/x86/convolution_5x5.h:16: warning: ignoring '#pragma omp parallel' [-Wunknown-pragmas]
   16 |     #pragma omp parallel for num_threads(opt.num_threads)
In file included from /home/mingshi/Project/AI/ernie-image-ncnn-vulkan/.worktrees/surpass-reference/build-windows-cpu-v1/ncnn/src/layer/x86/convolution_x86_avx512.cpp:30:
/home/mingshi/Project/AI/ernie-image-ncnn-vulkan/third_party/ncnn/src/layer/x86/convolution_3x3_winograd.h:117: warning: ignoring '#pragma omp parallel' [-Wunknown-pragmas]
  117 |     #pragma omp parallel for num_threads(nT)
/home/mingshi/Project/AI/ernie-image-ncnn-vulkan/third_party/ncnn/src/layer/x86/convolution_3x3_winograd.h:2531: warning: ignoring '#pragma omp parallel' [-Wunknown-pragmas]
 2531 |     #pragma omp parallel for num_threads(opt.num_threads)
/home/mingshi/Project/AI/ernie-image-ncnn-vulkan/third_party/ncnn/src/layer/x86/convolution_3x3_winograd.h:2574: warning: ignoring '#pragma omp parallel' [-Wunknown-pragmas]
 2574 |     #pragma omp parallel for num_threads(nT)
/home/mingshi/Project/AI/ernie-image-ncnn-vulkan/third_party/ncnn/src/layer/x86/convolution_3x3_winograd.h:3757: warning: ignoring '#pragma omp parallel' [-Wunknown-pragmas]
 3757 |         #pragma omp parallel for num_threads(nT)
/home/mingshi/Project/AI/ernie-image-ncnn-vulkan/third_party/ncnn/src/layer/x86/convolution_3x3_winograd.h:3784: warning: ignoring '#pragma omp parallel' [-Wunknown-pragmas]
 3784 |     #pragma omp parallel for num_threads(nT)
/home/mingshi/Project/AI/ernie-image-ncnn-vulkan/third_party/ncnn/src/layer/x86/convolution_3x3_winograd.h:3901: warning: ignoring '#pragma omp parallel' [-Wunknown-pragmas]
 3901 |     #pragma omp parallel for num_threads(opt.num_threads)
/home/mingshi/Project/AI/ernie-image-ncnn-vulkan/third_party/ncnn/src/layer/x86/convolution_3x3_winograd.h:3956: warning: ignoring '#pragma omp parallel' [-Wunknown-pragmas]
 3956 |     #pragma omp parallel for num_threads(nT)
/home/mingshi/Project/AI/ernie-image-ncnn-vulkan/third_party/ncnn/src/layer/x86/convolution_3x3_winograd.h:5627: warning: ignoring '#pragma omp parallel' [-Wunknown-pragmas]
 5627 |         #pragma omp parallel for num_threads(nT)
/home/mingshi/Project/AI/ernie-image-ncnn-vulkan/third_party/ncnn/src/layer/x86/convolution_3x3_winograd.h:5654: warning: ignoring '#pragma omp parallel' [-Wunknown-pragmas]
 5654 |     #pragma omp parallel for num_threads(nT)
/home/mingshi/Project/AI/ernie-image-ncnn-vulkan/third_party/ncnn/src/layer/x86/convolution_3x3_winograd.h:5778: warning: ignoring '#pragma omp parallel' [-Wunknown-pragmas]
 5778 |     #pragma omp parallel for num_threads(opt.num_threads)
/home/mingshi/Project/AI/ernie-image-ncnn-vulkan/third_party/ncnn/src/layer/x86/convolution_3x3_winograd.h:5825: warning: ignoring '#pragma omp parallel' [-Wunknown-pragmas]
 5825 |     #pragma omp parallel for num_threads(nT)
/home/mingshi/Project/AI/ernie-image-ncnn-vulkan/third_party/ncnn/src/layer/x86/convolution_3x3_winograd.h:7945: warning: ignoring '#pragma omp parallel' [-Wunknown-pragmas]
 7945 |         #pragma omp parallel for num_threads(nT)
/home/mingshi/Project/AI/ernie-image-ncnn-vulkan/third_party/ncnn/src/layer/x86/convolution_3x3_winograd.h:7972: warning: ignoring '#pragma omp parallel' [-Wunknown-pragmas]
 7972 |     #pragma omp parallel for num_threads(nT)
In file included from /home/mingshi/Project/AI/ernie-image-ncnn-vulkan/.worktrees/surpass-reference/build-windows-cpu-v1/ncnn/src/layer/x86/convolution_x86_avx512.cpp:31:
/home/mingshi/Project/AI/ernie-image-ncnn-vulkan/third_party/ncnn/src/layer/x86/convolution_packed.h:1128: warning: ignoring '#pragma omp parallel' [-Wunknown-pragmas]
 1128 |     #pragma omp parallel for num_threads(opt.num_threads)
In file included from /home/mingshi/Project/AI/ernie-image-ncnn-vulkan/.worktrees/surpass-reference/build-windows-cpu-v1/ncnn/src/layer/x86/convolution_x86_avx512.cpp:32:
/home/mingshi/Project/AI/ernie-image-ncnn-vulkan/third_party/ncnn/src/layer/x86/convolution_im2col_gemm.h:5587: warning: ignoring '#pragma omp parallel' [-Wunknown-pragmas]
 5587 |     #pragma omp parallel for num_threads(opt.num_threads)
/home/mingshi/Project/AI/ernie-image-ncnn-vulkan/third_party/ncnn/src/layer/x86/convolution_im2col_gemm.h:5628: warning: ignoring '#pragma omp parallel' [-Wunknown-pragmas]
 5628 |     #pragma omp parallel for num_threads(nT)
/home/mingshi/Project/AI/ernie-image-ncnn-vulkan/third_party/ncnn/src/layer/x86/convolution_im2col_gemm.h:5654: warning: ignoring '#pragma omp parallel' [-Wunknown-pragmas]
 5654 |     #pragma omp parallel for num_threads(nT)
In file included from /home/mingshi/Project/AI/ernie-image-ncnn-vulkan/.worktrees/surpass-reference/build-windows-cpu-v1/ncnn/src/layer/x86/convolution_x86_avx512.cpp:35:
/home/mingshi/Project/AI/ernie-image-ncnn-vulkan/third_party/ncnn/src/layer/x86/convolution_packed_bf16s.h:1170: warning: ignoring '#pragma omp parallel' [-Wunknown-pragmas]
 1170 |     #pragma omp parallel for num_threads(opt.num_threads)
In file included from /home/mingshi/Project/AI/ernie-image-ncnn-vulkan/.worktrees/surpass-reference/build-windows-cpu-v1/ncnn/src/layer/x86/convolution_x86_avx512.cpp:36:
/home/mingshi/Project/AI/ernie-image-ncnn-vulkan/third_party/ncnn/src/layer/x86/convolution_im2col_gemm_bf16s.h:6286: warning: ignoring '#pragma omp parallel' [-Wunknown-pragmas]
 6286 |     #pragma omp parallel for num_threads(opt.num_threads)
/home/mingshi/Project/AI/ernie-image-ncnn-vulkan/third_party/ncnn/src/layer/x86/convolution_im2col_gemm_bf16s.h:6350: warning: ignoring '#pragma omp parallel' [-Wunknown-pragmas]
 6350 |     #pragma omp parallel for num_threads(nT)
/home/mingshi/Project/AI/ernie-image-ncnn-vulkan/third_party/ncnn/src/layer/x86/convolution_im2col_gemm_bf16s.h:6376: warning: ignoring '#pragma omp parallel' [-Wunknown-pragmas]
 6376 |     #pragma omp parallel for num_threads(nT)
In file included from /home/mingshi/Project/AI/ernie-image-ncnn-vulkan/.worktrees/surpass-reference/build-windows-cpu-v1/ncnn/src/layer/x86/convolution_x86_avx512.cpp:37:
/home/mingshi/Project/AI/ernie-image-ncnn-vulkan/third_party/ncnn/src/layer/x86/convolution_3x3_winograd_bf16s.h:50: warning: ignoring '#pragma omp parallel' [-Wunknown-pragmas]
   50 |     #pragma omp parallel for num_threads(nT)
/home/mingshi/Project/AI/ernie-image-ncnn-vulkan/third_party/ncnn/src/layer/x86/convolution_3x3_winograd_bf16s.h:1310: warning: ignoring '#pragma omp parallel' [-Wunknown-pragmas]
 1310 |         #pragma omp parallel for num_threads(nT)
/home/mingshi/Project/AI/ernie-image-ncnn-vulkan/third_party/ncnn/src/layer/x86/convolution_3x3_winograd_bf16s.h:1337: warning: ignoring '#pragma omp parallel' [-Wunknown-pragmas]
 1337 |     #pragma omp parallel for num_threads(nT)
/home/mingshi/Project/AI/ernie-image-ncnn-vulkan/third_party/ncnn/src/layer/x86/convolution_3x3_winograd_bf16s.h:1427: warning: ignoring '#pragma omp parallel' [-Wunknown-pragmas]
 1427 |     #pragma omp parallel for num_threads(nT)
/home/mingshi/Project/AI/ernie-image-ncnn-vulkan/third_party/ncnn/src/layer/x86/convolution_3x3_winograd_bf16s.h:3187: warning: ignoring '#pragma omp parallel' [-Wunknown-pragmas]
 3187 |         #pragma omp parallel for num_threads(nT)
/home/mingshi/Project/AI/ernie-image-ncnn-vulkan/third_party/ncnn/src/layer/x86/convolution_3x3_winograd_bf16s.h:3214: warning: ignoring '#pragma omp parallel' [-Wunknown-pragmas]
 3214 |     #pragma omp parallel for num_threads(nT)
/home/mingshi/Project/AI/ernie-image-ncnn-vulkan/third_party/ncnn/src/layer/x86/convolution_3x3_winograd_bf16s.h:3296: warning: ignoring '#pragma omp parallel' [-Wunknown-pragmas]
 3296 |     #pragma omp parallel for num_threads(nT)
/home/mingshi/Project/AI/ernie-image-ncnn-vulkan/third_party/ncnn/src/layer/x86/convolution_3x3_winograd_bf16s.h:5517: warning: ignoring '#pragma omp parallel' [-Wunknown-pragmas]
 5517 |         #pragma omp parallel for num_threads(nT)
/home/mingshi/Project/AI/ernie-image-ncnn-vulkan/third_party/ncnn/src/layer/x86/convolution_3x3_winograd_bf16s.h:5544: warning: ignoring '#pragma omp parallel' [-Wunknown-pragmas]
 5544 |     #pragma omp parallel for num_threads(nT)
In file included from /home/mingshi/Project/AI/ernie-image-ncnn-vulkan/.worktrees/surpass-reference/build-windows-cpu-v1/ncnn/src/layer/x86/convolution_x86_avx512.cpp:50:
/home/mingshi/Project/AI/ernie-image-ncnn-vulkan/third_party/ncnn/src/layer/x86/convolution_3x3_pack1to4.h:15: warning: ignoring '#pragma omp parallel' [-Wunknown-pragmas]
   15 |     #pragma omp parallel for num_threads(opt.num_threads)
/home/mingshi/Project/AI/ernie-image-ncnn-vulkan/third_party/ncnn/src/layer/x86/convolution_3x3_pack1to4.h:332: warning: ignoring '#pragma omp parallel' [-Wunknown-pragmas]
  332 |     #pragma omp parallel for num_threads(opt.num_threads)
/home/mingshi/Project/AI/ernie-image-ncnn-vulkan/third_party/ncnn/src/layer/x86/convolution_3x3_pack1to4.h:548: warning: ignoring '#pragma omp parallel' [-Wunknown-pragmas]
  548 |     #pragma omp parallel for num_threads(opt.num_threads)
/home/mingshi/Project/AI/ernie-image-ncnn-vulkan/third_party/ncnn/src/layer/x86/convolution_3x3_pack1to4.h:875: warning: ignoring '#pragma omp parallel' [-Wunknown-pragmas]
  875 |     #pragma omp parallel for num_threads(opt.num_threads)
In file included from /home/mingshi/Project/AI/ernie-image-ncnn-vulkan/.worktrees/surpass-reference/build-windows-cpu-v1/ncnn/src/layer/x86/convolution_x86_avx512.cpp:53:
/home/mingshi/Project/AI/ernie-image-ncnn-vulkan/third_party/ncnn/src/layer/x86/convolution_3x3_pack1to8.h:39: warning: ignoring '#pragma omp parallel' [-Wunknown-pragmas]
   39 |     #pragma omp parallel for num_threads(opt.num_threads)
/home/mingshi/Project/AI/ernie-image-ncnn-vulkan/third_party/ncnn/src/layer/x86/convolution_3x3_pack1to8.h:356: warning: ignoring '#pragma omp parallel' [-Wunknown-pragmas]
  356 |     #pragma omp parallel for num_threads(opt.num_threads)
/home/mingshi/Project/AI/ernie-image-ncnn-vulkan/third_party/ncnn/src/layer/x86/convolution_3x3_pack1to8.h:588: warning: ignoring '#pragma omp parallel' [-Wunknown-pragmas]
  588 |     #pragma omp parallel for num_threads(opt.num_threads)
/home/mingshi/Project/AI/ernie-image-ncnn-vulkan/third_party/ncnn/src/layer/x86/convolution_3x3_pack1to8.h:1187: warning: ignoring '#pragma omp parallel' [-Wunknown-pragmas]
 1187 |     #pragma omp parallel for num_threads(opt.num_threads)
In file included from /home/mingshi/Project/AI/ernie-image-ncnn-vulkan/.worktrees/surpass-reference/build-windows-cpu-v1/ncnn/src/layer/x86/convolution_x86_avx512.cpp:54:
/home/mingshi/Project/AI/ernie-image-ncnn-vulkan/third_party/ncnn/src/layer/x86/convolution_3x3_pack8to1.h:37: warning: ignoring '#pragma omp parallel' [-Wunknown-pragmas]
   37 |     #pragma omp parallel for num_threads(opt.num_threads)
In file included from /home/mingshi/Project/AI/ernie-image-ncnn-vulkan/.worktrees/surpass-reference/build-windows-cpu-v1/ncnn/src/layer/x86/convolution_x86_avx512.cpp:55:
/home/mingshi/Project/AI/ernie-image-ncnn-vulkan/third_party/ncnn/src/layer/x86/convolution_3x3_pack8.h:36: warning: ignoring '#pragma omp parallel' [-Wunknown-pragmas]
   36 |     #pragma omp parallel for num_threads(opt.num_threads)
In file included from /home/mingshi/Project/AI/ernie-image-ncnn-vulkan/.worktrees/surpass-reference/build-windows-cpu-v1/ncnn/src/layer/x86/convolution_x86_avx512.cpp:56:
/home/mingshi/Project/AI/ernie-image-ncnn-vulkan/third_party/ncnn/src/layer/x86/convolution_2x2_pack8.h:34: warning: ignoring '#pragma omp parallel' [-Wunknown-pragmas]
   34 |     #pragma omp parallel for num_threads(opt.num_threads)
In file included from /home/mingshi/Project/AI/ernie-image-ncnn-vulkan/.worktrees/surpass-reference/build-windows-cpu-v1/ncnn/src/layer/x86/convolution_x86_avx512.cpp:59:
/home/mingshi/Project/AI/ernie-image-ncnn-vulkan/third_party/ncnn/src/layer/x86/convolution_3x3_pack16to1.h:15: warning: ignoring '#pragma omp parallel' [-Wunknown-pragmas]
   15 |     #pragma omp parallel for num_threads(opt.num_threads)
/home/mingshi/Project/AI/ernie-image-ncnn-vulkan/.worktrees/surpass-reference/build-windows-cpu-v1/ncnn/src/layer/x86/convolution_x86_avx512.cpp:1223: warning: ignoring '#pragma omp parallel' [-Wunknown-pragmas]
 1223 |             #pragma omp parallel for num_threads(opt.num_threads)
/home/mingshi/Project/AI/ernie-image-ncnn-vulkan/.worktrees/surpass-reference/build-windows-cpu-v1/ncnn/src/layer/x86/convolution_x86_avx512.cpp:1243: warning: ignoring '#pragma omp parallel' [-Wunknown-pragmas]
 1243 |             #pragma omp parallel for num_threads(opt.num_threads)
/home/mingshi/Project/AI/ernie-image-ncnn-vulkan/third_party/ncnn/src/layer/x86/convolution_3x3.h: In function 'void ncnn::conv3x3s1_sse(const Mat&, Mat&, const Mat&, const Mat&, const Option&)':
/home/mingshi/Project/AI/ernie-image-ncnn-vulkan/third_party/ncnn/src/layer/x86/convolution_3x3.h:4:118: warning: unused parameter 'opt' [-Wunused-parameter]
    4 | static void conv3x3s1_sse(const Mat& bottom_blob, Mat& top_blob, const Mat& _kernel, const Mat& _bias, const Option& opt)
      |                                                                                                        ~~~~~~~~~~~~~~^~~
/home/mingshi/Project/AI/ernie-image-ncnn-vulkan/third_party/ncnn/src/layer/x86/convolution_3x3.h: In function 'void ncnn::conv3x3s2_sse(const Mat&, Mat&, const Mat&, const Mat&, const Option&)':
/home/mingshi/Project/AI/ernie-image-ncnn-vulkan/third_party/ncnn/src/layer/x86/convolution_3x3.h:128:118: warning: unused parameter 'opt' [-Wunused-parameter]
  128 | static void conv3x3s2_sse(const Mat& bottom_blob, Mat& top_blob, const Mat& _kernel, const Mat& _bias, const Option& opt)
      |                                                                                                        ~~~~~~~~~~~~~~^~~
/home/mingshi/Project/AI/ernie-image-ncnn-vulkan/third_party/ncnn/src/layer/x86/convolution_5x5.h: In function 'void ncnn::conv5x5s1_sse(const Mat&, Mat&, const Mat&, const Mat&, const Option&)':
/home/mingshi/Project/AI/ernie-image-ncnn-vulkan/third_party/ncnn/src/layer/x86/convolution_5x5.h:4:118: warning: unused parameter 'opt' [-Wunused-parameter]
    4 | static void conv5x5s1_sse(const Mat& bottom_blob, Mat& top_blob, const Mat& _kernel, const Mat& _bias, const Option& opt)
      |                                                                                                        ~~~~~~~~~~~~~~^~~
/home/mingshi/Project/AI/ernie-image-ncnn-vulkan/third_party/ncnn/src/layer/x86/convolution_3x3_winograd.h: In function 'void ncnn::transpose_pack_B_tile(const Mat&, Mat&, int, int, int, int)':
/home/mingshi/Project/AI/ernie-image-ncnn-vulkan/third_party/ncnn/src/layer/x86/convolution_3x3_winograd.h:115:97: warning: unused parameter 'nT' [-Wunused-parameter]
  115 | static void transpose_pack_B_tile(const Mat& B, Mat& BT, int batch, int max_jj, int max_kk, int nT)
      |                                                                                             ~~~~^~
/home/mingshi/Project/AI/ernie-image-ncnn-vulkan/third_party/ncnn/src/layer/x86/convolution_3x3_winograd.h: In function 'void ncnn::conv3x3s1_winograd23_transform_input_tile(const Mat&, Mat&, int, int, int, int, int)':
/home/mingshi/Project/AI/ernie-image-ncnn-vulkan/third_party/ncnn/src/layer/x86/convolution_3x3_winograd.h:2552:136: warning: unused parameter 'nT' [-Wunused-parameter]
 2552 | static inline void conv3x3s1_winograd23_transform_input_tile(const Mat& bottom_blob, Mat& B, int j, int max_jj, int k, int max_kk, int nT)
      |                                                                                                                                    ~~~~^~
/home/mingshi/Project/AI/ernie-image-ncnn-vulkan/third_party/ncnn/src/layer/x86/convolution_3x3_winograd.h: In function 'void ncnn::conv3x3s1_winograd43_transform_input_tile(const Mat&, Mat&, int, int, int, int, int)':
/home/mingshi/Project/AI/ernie-image-ncnn-vulkan/third_party/ncnn/src/layer/x86/convolution_3x3_winograd.h:3922:136: warning: unused parameter 'nT' [-Wunused-parameter]
 3922 | static inline void conv3x3s1_winograd43_transform_input_tile(const Mat& bottom_blob, Mat& B, int j, int max_jj, int k, int max_kk, int nT)
      |                                                                                                                                    ~~~~^~
/home/mingshi/Project/AI/ernie-image-ncnn-vulkan/third_party/ncnn/src/layer/x86/convolution_3x3_winograd.h: In function 'void ncnn::conv3x3s1_winograd63_transform_input_tile(const Mat&, Mat&, int, int, int, int, int)':
/home/mingshi/Project/AI/ernie-image-ncnn-vulkan/third_party/ncnn/src/layer/x86/convolution_3x3_winograd.h:5799:136: warning: unused parameter 'nT' [-Wunused-parameter]
 5799 | static inline void conv3x3s1_winograd63_transform_input_tile(const Mat& bottom_blob, Mat& B, int j, int max_jj, int k, int max_kk, int nT)
      |                                                                                                                                    ~~~~^~
/home/mingshi/Project/AI/ernie-image-ncnn-vulkan/third_party/ncnn/src/layer/x86/convolution_packed.h: In function 'void ncnn::convolution_packed(const Mat&, Mat&, const Mat&, const Mat&, int, int, int, int, int, int, int, const Mat&, const Option&)':
/home/mingshi/Project/AI/ernie-image-ncnn-vulkan/third_party/ncnn/src/layer/x86/convolution_packed.h:1069:273: warning: unused parameter 'opt' [-Wunused-parameter]
 1069 | static void convolution_packed(const Mat& bottom_blob, Mat& top_blob, const Mat& weight_data_tm, const Mat& bias_data, int kernel_w, int kernel_h, int dilation_w, int dilation_h, int stride_w, int stride_h, int activation_type, const Mat& activation_params, const Option& opt)
      |                                                                                                                                                                                                                                                                   ~~~~~~~~~~~~~~^~~
/home/mingshi/Project/AI/ernie-image-ncnn-vulkan/third_party/ncnn/src/layer/x86/convolution_3x3_pack1to4.h: In function 'void ncnn::conv3x3s1_pack1to4_sse(const Mat&, Mat&, const Mat&, const Mat&, const Option&)':
/home/mingshi/Project/AI/ernie-image-ncnn-vulkan/third_party/ncnn/src/layer/x86/convolution_3x3_pack1to4.h:4:126: warning: unused parameter 'opt' [-Wunused-parameter]
    4 | static void conv3x3s1_pack1to4_sse(const Mat& bottom_blob, Mat& top_blob, const Mat& kernel, const Mat& _bias, const Option& opt)
      |                                                                                                                ~~~~~~~~~~~~~~^~~
/home/mingshi/Project/AI/ernie-image-ncnn-vulkan/third_party/ncnn/src/layer/x86/convolution_3x3_pack1to4.h: In function 'void ncnn::conv3x3s2_pack1to4_sse(const Mat&, Mat&, const Mat&, const Mat&, const Option&)':
/home/mingshi/Project/AI/ernie-image-ncnn-vulkan/third_party/ncnn/src/layer/x86/convolution_3x3_pack1to4.h:534:126: warning: unused parameter 'opt' [-Wunused-parameter]
  534 | static void conv3x3s2_pack1to4_sse(const Mat& bottom_blob, Mat& top_blob, const Mat& kernel, const Mat& _bias, const Option& opt)
      |                                                                                                                ~~~~~~~~~~~~~~^~~
/home/mingshi/Project/AI/ernie-image-ncnn-vulkan/third_party/ncnn/src/layer/x86/convolution_3x3_pack1to8.h: In function 'void ncnn::conv3x3s1_pack1to8_avx(const Mat&, Mat&, const Mat&, const Mat&, const Option&)':
/home/mingshi/Project/AI/ernie-image-ncnn-vulkan/third_party/ncnn/src/layer/x86/convolution_3x3_pack1to8.h:13:126: warning: unused parameter 'opt' [-Wunused-parameter]
   13 | static void conv3x3s1_pack1to8_avx(const Mat& bottom_blob, Mat& top_blob, const Mat& kernel, const Mat& _bias, const Option& opt)
      |                                                                                                                ~~~~~~~~~~~~~~^~~
/home/mingshi/Project/AI/ernie-image-ncnn-vulkan/third_party/ncnn/src/layer/x86/convolution_3x3_pack1to8.h: In function 'void ncnn::conv3x3s2_pack1to8_avx(const Mat&, Mat&, const Mat&, const Mat&, const Option&)':
/home/mingshi/Project/AI/ernie-image-ncnn-vulkan/third_party/ncnn/src/layer/x86/convolution_3x3_pack1to8.h:558:126: warning: unused parameter 'opt' [-Wunused-parameter]
  558 | static void conv3x3s2_pack1to8_avx(const Mat& bottom_blob, Mat& top_blob, const Mat& kernel, const Mat& _bias, const Option& opt)
      |                                                                                                                ~~~~~~~~~~~~~~^~~
/home/mingshi/Project/AI/ernie-image-ncnn-vulkan/third_party/ncnn/src/layer/x86/convolution_3x3_pack8to1.h: In function 'void ncnn::conv3x3s1_pack8to1_avx(const Mat&, Mat&, const Mat&, const Mat&, const Option&)':
/home/mingshi/Project/AI/ernie-image-ncnn-vulkan/third_party/ncnn/src/layer/x86/convolution_3x3_pack8to1.h:11:126: warning: unused parameter 'opt' [-Wunused-parameter]
   11 | static void conv3x3s1_pack8to1_avx(const Mat& bottom_blob, Mat& top_blob, const Mat& kernel, const Mat& _bias, const Option& opt)
      |                                                                                                                ~~~~~~~~~~~~~~^~~
/home/mingshi/Project/AI/ernie-image-ncnn-vulkan/third_party/ncnn/src/layer/x86/convolution_3x3_pack8.h: In function 'void ncnn::conv3x3s1_pack8_avx(const Mat&, Mat&, const Mat&, const Mat&, const Option&)':
/home/mingshi/Project/AI/ernie-image-ncnn-vulkan/third_party/ncnn/src/layer/x86/convolution_3x3_pack8.h:11:123: warning: unused parameter 'opt' [-Wunused-parameter]
   11 | static void conv3x3s1_pack8_avx(const Mat& bottom_blob, Mat& top_blob, const Mat& kernel, const Mat& _bias, const Option& opt)
      |                                                                                                             ~~~~~~~~~~~~~~^~~
/home/mingshi/Project/AI/ernie-image-ncnn-vulkan/third_party/ncnn/src/layer/x86/convolution_2x2_pack8.h: In function 'void ncnn::conv2x2s1_pack8_avx(const Mat&, Mat&, const Mat&, const Mat&, const Option&)':
/home/mingshi/Project/AI/ernie-image-ncnn-vulkan/third_party/ncnn/src/layer/x86/convolution_2x2_pack8.h:11:123: warning: unused parameter 'opt' [-Wunused-parameter]
   11 | static void conv2x2s1_pack8_avx(const Mat& bottom_blob, Mat& top_blob, const Mat& kernel, const Mat& _bias, const Option& opt)
      |                                                                                                             ~~~~~~~~~~~~~~^~~
/home/mingshi/Project/AI/ernie-image-ncnn-vulkan/third_party/ncnn/src/layer/x86/convolution_3x3_pack16to1.h: In function 'void ncnn::conv3x3s1_pack16to1_avx512(const Mat&, Mat&, const Mat&, const Mat&, const Option&)':
/home/mingshi/Project/AI/ernie-image-ncnn-vulkan/third_party/ncnn/src/layer/x86/convolution_3x3_pack16to1.h:4:130: warning: unused parameter 'opt' [-Wunused-parameter]
    4 | static void conv3x3s1_pack16to1_avx512(const Mat& bottom_blob, Mat& top_blob, const Mat& kernel, const Mat& _bias, const Option& opt)
      |                                                                                                                    ~~~~~~~~~~~~~~^~~
[137/415] Building CXX object ncnn/src/CMakeFiles/ncnn.dir/layer/x86/convolution_x86_fma4.cpp.obj
In file included from /home/mingshi/Project/AI/ernie-image-ncnn-vulkan/third_party/ncnn/src/layer/x86/convolution_x86_fma4.cpp:14:
/home/mingshi/Project/AI/ernie-image-ncnn-vulkan/third_party/ncnn/src/layer/x86/convolution_packed.h:1575: warning: ignoring '#pragma omp parallel' [-Wunknown-pragmas]
 1575 |     #pragma omp parallel for num_threads(opt.num_threads)
In file included from /home/mingshi/Project/AI/ernie-image-ncnn-vulkan/third_party/ncnn/src/layer/x86/convolution_x86_fma4.cpp:15:
/home/mingshi/Project/AI/ernie-image-ncnn-vulkan/third_party/ncnn/src/layer/x86/convolution_im2col_gemm.h:5587: warning: ignoring '#pragma omp parallel' [-Wunknown-pragmas]
 5587 |     #pragma omp parallel for num_threads(opt.num_threads)
/home/mingshi/Project/AI/ernie-image-ncnn-vulkan/third_party/ncnn/src/layer/x86/convolution_im2col_gemm.h:5628: warning: ignoring '#pragma omp parallel' [-Wunknown-pragmas]
 5628 |     #pragma omp parallel for num_threads(nT)
/home/mingshi/Project/AI/ernie-image-ncnn-vulkan/third_party/ncnn/src/layer/x86/convolution_im2col_gemm.h:5654: warning: ignoring '#pragma omp parallel' [-Wunknown-pragmas]
 5654 |     #pragma omp parallel for num_threads(nT)
In file included from /home/mingshi/Project/AI/ernie-image-ncnn-vulkan/third_party/ncnn/src/layer/x86/convolution_x86_fma4.cpp:16:
/home/mingshi/Project/AI/ernie-image-ncnn-vulkan/third_party/ncnn/src/layer/x86/convolution_3x3_winograd.h:117: warning: ignoring '#pragma omp parallel' [-Wunknown-pragmas]
  117 |     #pragma omp parallel for num_threads(nT)
/home/mingshi/Project/AI/ernie-image-ncnn-vulkan/third_party/ncnn/src/layer/x86/convolution_3x3_winograd.h:2531: warning: ignoring '#pragma omp parallel' [-Wunknown-pragmas]
 2531 |     #pragma omp parallel for num_threads(opt.num_threads)
/home/mingshi/Project/AI/ernie-image-ncnn-vulkan/third_party/ncnn/src/layer/x86/convolution_3x3_winograd.h:2723: warning: ignoring '#pragma omp parallel' [-Wunknown-pragmas]
 2723 |     #pragma omp parallel for num_threads(nT)
/home/mingshi/Project/AI/ernie-image-ncnn-vulkan/third_party/ncnn/src/layer/x86/convolution_3x3_winograd.h:3757: warning: ignoring '#pragma omp parallel' [-Wunknown-pragmas]
 3757 |         #pragma omp parallel for num_threads(nT)
/home/mingshi/Project/AI/ernie-image-ncnn-vulkan/third_party/ncnn/src/layer/x86/convolution_3x3_winograd.h:3784: warning: ignoring '#pragma omp parallel' [-Wunknown-pragmas]
 3784 |     #pragma omp parallel for num_threads(nT)
/home/mingshi/Project/AI/ernie-image-ncnn-vulkan/third_party/ncnn/src/layer/x86/convolution_3x3_winograd.h:3901: warning: ignoring '#pragma omp parallel' [-Wunknown-pragmas]
 3901 |     #pragma omp parallel for num_threads(opt.num_threads)
/home/mingshi/Project/AI/ernie-image-ncnn-vulkan/third_party/ncnn/src/layer/x86/convolution_3x3_winograd.h:4145: warning: ignoring '#pragma omp parallel' [-Wunknown-pragmas]
 4145 |     #pragma omp parallel for num_threads(nT)
/home/mingshi/Project/AI/ernie-image-ncnn-vulkan/third_party/ncnn/src/layer/x86/convolution_3x3_winograd.h:5627: warning: ignoring '#pragma omp parallel' [-Wunknown-pragmas]
 5627 |         #pragma omp parallel for num_threads(nT)
/home/mingshi/Project/AI/ernie-image-ncnn-vulkan/third_party/ncnn/src/layer/x86/convolution_3x3_winograd.h:5654: warning: ignoring '#pragma omp parallel' [-Wunknown-pragmas]
 5654 |     #pragma omp parallel for num_threads(nT)
/home/mingshi/Project/AI/ernie-image-ncnn-vulkan/third_party/ncnn/src/layer/x86/convolution_3x3_winograd.h:5778: warning: ignoring '#pragma omp parallel' [-Wunknown-pragmas]
 5778 |     #pragma omp parallel for num_threads(opt.num_threads)
/home/mingshi/Project/AI/ernie-image-ncnn-vulkan/third_party/ncnn/src/layer/x86/convolution_3x3_winograd.h:6079: warning: ignoring '#pragma omp parallel' [-Wunknown-pragmas]
 6079 |     #pragma omp parallel for num_threads(nT)
/home/mingshi/Project/AI/ernie-image-ncnn-vulkan/third_party/ncnn/src/layer/x86/convolution_3x3_winograd.h:7945: warning: ignoring '#pragma omp parallel' [-Wunknown-pragmas]
 7945 |         #pragma omp parallel for num_threads(nT)
/home/mingshi/Project/AI/ernie-image-ncnn-vulkan/third_party/ncnn/src/layer/x86/convolution_3x3_winograd.h:7972: warning: ignoring '#pragma omp parallel' [-Wunknown-pragmas]
 7972 |     #pragma omp parallel for num_threads(nT)
In file included from /home/mingshi/Project/AI/ernie-image-ncnn-vulkan/third_party/ncnn/src/layer/x86/convolution_x86_fma4.cpp:17:
/home/mingshi/Project/AI/ernie-image-ncnn-vulkan/third_party/ncnn/src/layer/x86/convolution_2x2_pack8.h:34: warning: ignoring '#pragma omp parallel' [-Wunknown-pragmas]
   34 |     #pragma omp parallel for num_threads(opt.num_threads)
In file included from /home/mingshi/Project/AI/ernie-image-ncnn-vulkan/third_party/ncnn/src/layer/x86/convolution_x86_fma4.cpp:18:
/home/mingshi/Project/AI/ernie-image-ncnn-vulkan/third_party/ncnn/src/layer/x86/convolution_3x3_pack8.h:36: warning: ignoring '#pragma omp parallel' [-Wunknown-pragmas]
   36 |     #pragma omp parallel for num_threads(opt.num_threads)
In file included from /home/mingshi/Project/AI/ernie-image-ncnn-vulkan/third_party/ncnn/src/layer/x86/convolution_x86_fma4.cpp:19:
/home/mingshi/Project/AI/ernie-image-ncnn-vulkan/third_party/ncnn/src/layer/x86/convolution_3x3_pack1to8.h:39: warning: ignoring '#pragma omp parallel' [-Wunknown-pragmas]
   39 |     #pragma omp parallel for num_threads(opt.num_threads)
/home/mingshi/Project/AI/ernie-image-ncnn-vulkan/third_party/ncnn/src/layer/x86/convolution_3x3_pack1to8.h:356: warning: ignoring '#pragma omp parallel' [-Wunknown-pragmas]
  356 |     #pragma omp parallel for num_threads(opt.num_threads)
/home/mingshi/Project/AI/ernie-image-ncnn-vulkan/third_party/ncnn/src/layer/x86/convolution_3x3_pack1to8.h:588: warning: ignoring '#pragma omp parallel' [-Wunknown-pragmas]
  588 |     #pragma omp parallel for num_threads(opt.num_threads)
/home/mingshi/Project/AI/ernie-image-ncnn-vulkan/third_party/ncnn/src/layer/x86/convolution_3x3_pack1to8.h:1187: warning: ignoring '#pragma omp parallel' [-Wunknown-pragmas]
 1187 |     #pragma omp parallel for num_threads(opt.num_threads)
In file included from /home/mingshi/Project/AI/ernie-image-ncnn-vulkan/third_party/ncnn/src/layer/x86/convolution_x86_fma4.cpp:20:
/home/mingshi/Project/AI/ernie-image-ncnn-vulkan/third_party/ncnn/src/layer/x86/convolution_3x3_pack8to1.h:37: warning: ignoring '#pragma omp parallel' [-Wunknown-pragmas]
   37 |     #pragma omp parallel for num_threads(opt.num_threads)
In file included from /home/mingshi/Project/AI/ernie-image-ncnn-vulkan/third_party/ncnn/src/layer/x86/convolution_x86_fma4.cpp:23:
/home/mingshi/Project/AI/ernie-image-ncnn-vulkan/third_party/ncnn/src/layer/x86/convolution_packed_bf16s.h:1617: warning: ignoring '#pragma omp parallel' [-Wunknown-pragmas]
 1617 |     #pragma omp parallel for num_threads(opt.num_threads)
In file included from /home/mingshi/Project/AI/ernie-image-ncnn-vulkan/third_party/ncnn/src/layer/x86/convolution_x86_fma4.cpp:24:
/home/mingshi/Project/AI/ernie-image-ncnn-vulkan/third_party/ncnn/src/layer/x86/convolution_im2col_gemm_bf16s.h:6286: warning: ignoring '#pragma omp parallel' [-Wunknown-pragmas]
 6286 |     #pragma omp parallel for num_threads(opt.num_threads)
/home/mingshi/Project/AI/ernie-image-ncnn-vulkan/third_party/ncnn/src/layer/x86/convolution_im2col_gemm_bf16s.h:6350: warning: ignoring '#pragma omp parallel' [-Wunknown-pragmas]
 6350 |     #pragma omp parallel for num_threads(nT)
/home/mingshi/Project/AI/ernie-image-ncnn-vulkan/third_party/ncnn/src/layer/x86/convolution_im2col_gemm_bf16s.h:6376: warning: ignoring '#pragma omp parallel' [-Wunknown-pragmas]
 6376 |     #pragma omp parallel for num_threads(nT)
In file included from /home/mingshi/Project/AI/ernie-image-ncnn-vulkan/third_party/ncnn/src/layer/x86/convolution_x86_fma4.cpp:25:
/home/mingshi/Project/AI/ernie-image-ncnn-vulkan/third_party/ncnn/src/layer/x86/convolution_3x3_winograd_bf16s.h:199: warning: ignoring '#pragma omp parallel' [-Wunknown-pragmas]
  199 |     #pragma omp parallel for num_threads(nT)
/home/mingshi/Project/AI/ernie-image-ncnn-vulkan/third_party/ncnn/src/layer/x86/convolution_3x3_winograd_bf16s.h:1310: warning: ignoring '#pragma omp parallel' [-Wunknown-pragmas]
 1310 |         #pragma omp parallel for num_threads(nT)
/home/mingshi/Project/AI/ernie-image-ncnn-vulkan/third_party/ncnn/src/layer/x86/convolution_3x3_winograd_bf16s.h:1337: warning: ignoring '#pragma omp parallel' [-Wunknown-pragmas]
 1337 |     #pragma omp parallel for num_threads(nT)
/home/mingshi/Project/AI/ernie-image-ncnn-vulkan/third_party/ncnn/src/layer/x86/convolution_3x3_winograd_bf16s.h:1616: warning: ignoring '#pragma omp parallel' [-Wunknown-pragmas]
 1616 |     #pragma omp parallel for num_threads(nT)
/home/mingshi/Project/AI/ernie-image-ncnn-vulkan/third_party/ncnn/src/layer/x86/convolution_3x3_winograd_bf16s.h:3187: warning: ignoring '#pragma omp parallel' [-Wunknown-pragmas]
 3187 |         #pragma omp parallel for num_threads(nT)
/home/mingshi/Project/AI/ernie-image-ncnn-vulkan/third_party/ncnn/src/layer/x86/convolution_3x3_winograd_bf16s.h:3214: warning: ignoring '#pragma omp parallel' [-Wunknown-pragmas]
 3214 |     #pragma omp parallel for num_threads(nT)
/home/mingshi/Project/AI/ernie-image-ncnn-vulkan/third_party/ncnn/src/layer/x86/convolution_3x3_winograd_bf16s.h:3550: warning: ignoring '#pragma omp parallel' [-Wunknown-pragmas]
 3550 |     #pragma omp parallel for num_threads(nT)
/home/mingshi/Project/AI/ernie-image-ncnn-vulkan/third_party/ncnn/src/layer/x86/convolution_3x3_winograd_bf16s.h:5517: warning: ignoring '#pragma omp parallel' [-Wunknown-pragmas]
 5517 |         #pragma omp parallel for num_threads(nT)
/home/mingshi/Project/AI/ernie-image-ncnn-vulkan/third_party/ncnn/src/layer/x86/convolution_3x3_winograd_bf16s.h:5544: warning: ignoring '#pragma omp parallel' [-Wunknown-pragmas]
 5544 |     #pragma omp parallel for num_threads(nT)
/home/mingshi/Project/AI/ernie-image-ncnn-vulkan/third_party/ncnn/src/layer/x86/convolution_packed.h: In function 'void ncnn::convolution_packed(const Mat&, Mat&, const Mat&, const Mat&, int, int, int, int, int, int, int, const Mat&, const Option&)':
/home/mingshi/Project/AI/ernie-image-ncnn-vulkan/third_party/ncnn/src/layer/x86/convolution_packed.h:1069:273: warning: unused parameter 'opt' [-Wunused-parameter]
 1069 | static void convolution_packed(const Mat& bottom_blob, Mat& top_blob, const Mat& weight_data_tm, const Mat& bias_data, int kernel_w, int kernel_h, int dilation_w, int dilation_h, int stride_w, int stride_h, int activation_type, const Mat& activation_params, const Option& opt)
      |                                                                                                                                                                                                                                                                   ~~~~~~~~~~~~~~^~~
/home/mingshi/Project/AI/ernie-image-ncnn-vulkan/third_party/ncnn/src/layer/x86/convolution_3x3_winograd.h: In function 'void ncnn::transpose_pack_B_tile(const Mat&, Mat&, int, int, int, int)':
/home/mingshi/Project/AI/ernie-image-ncnn-vulkan/third_party/ncnn/src/layer/x86/convolution_3x3_winograd.h:115:97: warning: unused parameter 'nT' [-Wunused-parameter]
  115 | static void transpose_pack_B_tile(const Mat& B, Mat& BT, int batch, int max_jj, int max_kk, int nT)
      |                                                                                             ~~~~^~
/home/mingshi/Project/AI/ernie-image-ncnn-vulkan/third_party/ncnn/src/layer/x86/convolution_3x3_winograd.h: In function 'void ncnn::conv3x3s1_winograd23_transform_input_tile(const Mat&, Mat&, int, int, int, int, int)':
/home/mingshi/Project/AI/ernie-image-ncnn-vulkan/third_party/ncnn/src/layer/x86/convolution_3x3_winograd.h:2552:136: warning: unused parameter 'nT' [-Wunused-parameter]
 2552 | static inline void conv3x3s1_winograd23_transform_input_tile(const Mat& bottom_blob, Mat& B, int j, int max_jj, int k, int max_kk, int nT)
      |                                                                                                                                    ~~~~^~
/home/mingshi/Project/AI/ernie-image-ncnn-vulkan/third_party/ncnn/src/layer/x86/convolution_3x3_winograd.h: In function 'void ncnn::conv3x3s1_winograd43_transform_input_tile(const Mat&, Mat&, int, int, int, int, int)':
/home/mingshi/Project/AI/ernie-image-ncnn-vulkan/third_party/ncnn/src/layer/x86/convolution_3x3_winograd.h:3922:136: warning: unused parameter 'nT' [-Wunused-parameter]
 3922 | static inline void conv3x3s1_winograd43_transform_input_tile(const Mat& bottom_blob, Mat& B, int j, int max_jj, int k, int max_kk, int nT)
      |                                                                                                                                    ~~~~^~
/home/mingshi/Project/AI/ernie-image-ncnn-vulkan/third_party/ncnn/src/layer/x86/convolution_3x3_winograd.h: In function 'void ncnn::conv3x3s1_winograd63_transform_input_tile(const Mat&, Mat&, int, int, int, int, int)':
/home/mingshi/Project/AI/ernie-image-ncnn-vulkan/third_party/ncnn/src/layer/x86/convolution_3x3_winograd.h:5799:136: warning: unused parameter 'nT' [-Wunused-parameter]
 5799 | static inline void conv3x3s1_winograd63_transform_input_tile(const Mat& bottom_blob, Mat& B, int j, int max_jj, int k, int max_kk, int nT)
      |                                                                                                                                    ~~~~^~
/home/mingshi/Project/AI/ernie-image-ncnn-vulkan/third_party/ncnn/src/layer/x86/convolution_2x2_pack8.h: In function 'void ncnn::conv2x2s1_pack8_avx(const Mat&, Mat&, const Mat&, const Mat&, const Option&)':
/home/mingshi/Project/AI/ernie-image-ncnn-vulkan/third_party/ncnn/src/layer/x86/convolution_2x2_pack8.h:11:123: warning: unused parameter 'opt' [-Wunused-parameter]
   11 | static void conv2x2s1_pack8_avx(const Mat& bottom_blob, Mat& top_blob, const Mat& kernel, const Mat& _bias, const Option& opt)
      |                                                                                                             ~~~~~~~~~~~~~~^~~
/home/mingshi/Project/AI/ernie-image-ncnn-vulkan/third_party/ncnn/src/layer/x86/convolution_3x3_pack8.h: In function 'void ncnn::conv3x3s1_pack8_avx(const Mat&, Mat&, const Mat&, const Mat&, const Option&)':
/home/mingshi/Project/AI/ernie-image-ncnn-vulkan/third_party/ncnn/src/layer/x86/convolution_3x3_pack8.h:11:123: warning: unused parameter 'opt' [-Wunused-parameter]
   11 | static void conv3x3s1_pack8_avx(const Mat& bottom_blob, Mat& top_blob, const Mat& kernel, const Mat& _bias, const Option& opt)
      |                                                                                                             ~~~~~~~~~~~~~~^~~
/home/mingshi/Project/AI/ernie-image-ncnn-vulkan/third_party/ncnn/src/layer/x86/convolution_3x3_pack1to8.h: In function 'void ncnn::conv3x3s1_pack1to8_avx(const Mat&, Mat&, const Mat&, const Mat&, const Option&)':
/home/mingshi/Project/AI/ernie-image-ncnn-vulkan/third_party/ncnn/src/layer/x86/convolution_3x3_pack1to8.h:13:126: warning: unused parameter 'opt' [-Wunused-parameter]
   13 | static void conv3x3s1_pack1to8_avx(const Mat& bottom_blob, Mat& top_blob, const Mat& kernel, const Mat& _bias, const Option& opt)
      |                                                                                                                ~~~~~~~~~~~~~~^~~
/home/mingshi/Project/AI/ernie-image-ncnn-vulkan/third_party/ncnn/src/layer/x86/convolution_3x3_pack1to8.h: In function 'void ncnn::conv3x3s2_pack1to8_avx(const Mat&, Mat&, const Mat&, const Mat&, const Option&)':
/home/mingshi/Project/AI/ernie-image-ncnn-vulkan/third_party/ncnn/src/layer/x86/convolution_3x3_pack1to8.h:558:126: warning: unused parameter 'opt' [-Wunused-parameter]
  558 | static void conv3x3s2_pack1to8_avx(const Mat& bottom_blob, Mat& top_blob, const Mat& kernel, const Mat& _bias, const Option& opt)
      |                                                                                                                ~~~~~~~~~~~~~~^~~
/home/mingshi/Project/AI/ernie-image-ncnn-vulkan/third_party/ncnn/src/layer/x86/convolution_3x3_pack8to1.h: In function 'void ncnn::conv3x3s1_pack8to1_avx(const Mat&, Mat&, const Mat&, const Mat&, const Option&)':
/home/mingshi/Project/AI/ernie-image-ncnn-vulkan/third_party/ncnn/src/layer/x86/convolution_3x3_pack8to1.h:11:126: warning: unused parameter 'opt' [-Wunused-parameter]
   11 | static void conv3x3s1_pack8to1_avx(const Mat& bottom_blob, Mat& top_blob, const Mat& kernel, const Mat& _bias, const Option& opt)
      |                                                                                                                ~~~~~~~~~~~~~~^~~
/home/mingshi/Project/AI/ernie-image-ncnn-vulkan/third_party/ncnn/src/layer/x86/convolution_im2col_gemm_bf16s.h: In function 'int ncnn::convolution_im2col_gemm_bf16s(const Mat&, Mat&, const Mat&, const Mat&, int, int, int, int, int, int, int, const Mat&, int, const Option&)':
/home/mingshi/Project/AI/ernie-image-ncnn-vulkan/third_party/ncnn/src/layer/x86/convolution_im2col_gemm_bf16s.h:6344:110: warning: 'TILE_N' may be used uninitialized [-Wmaybe-uninitialized]
 6344 |     Mat BT(TILE_K * TILE_N, (K + TILE_K - 1) / TILE_K, (N + TILE_N - 1) / TILE_N, 2u, opt.workspace_allocator);
      |                                                                                                              ^
/home/mingshi/Project/AI/ernie-image-ncnn-vulkan/third_party/ncnn/src/layer/x86/convolution_im2col_gemm_bf16s.h:6335:17: note: 'TILE_N' was declared here
 6335 |     int TILE_M, TILE_N, TILE_K;
      |                 ^~~~~~
[138/415] Building CXX object ncnn/src/CMakeFiles/ncnn.dir/layer/x86/convolution_x86_avx512vnni.cpp.obj
In file included from /home/mingshi/Project/AI/ernie-image-ncnn-vulkan/third_party/ncnn/src/layer/x86/convolution_x86_avx512vnni.cpp:10:
/home/mingshi/Project/AI/ernie-image-ncnn-vulkan/third_party/ncnn/src/layer/x86/convolution_packed_int8.h:937: warning: ignoring '#pragma omp parallel' [-Wunknown-pragmas]
  937 |     #pragma omp parallel for num_threads(opt.num_threads)
In file included from /home/mingshi/Project/AI/ernie-image-ncnn-vulkan/third_party/ncnn/src/layer/x86/convolution_x86_avx512vnni.cpp:11:
/home/mingshi/Project/AI/ernie-image-ncnn-vulkan/third_party/ncnn/src/layer/x86/convolution_im2col_gemm_int8.h:2711: warning: ignoring '#pragma omp parallel' [-Wunknown-pragmas]
 2711 |     #pragma omp parallel for num_threads(opt.num_threads)
/home/mingshi/Project/AI/ernie-image-ncnn-vulkan/third_party/ncnn/src/layer/x86/convolution_im2col_gemm_int8.h:4577: warning: ignoring '#pragma omp parallel' [-Wunknown-pragmas]
 4577 |     #pragma omp parallel for num_threads(nT)
/home/mingshi/Project/AI/ernie-image-ncnn-vulkan/third_party/ncnn/src/layer/x86/convolution_im2col_gemm_int8.h:4599: warning: ignoring '#pragma omp parallel' [-Wunknown-pragmas]
 4599 |     #pragma omp parallel for num_threads(nT)
In file included from /home/mingshi/Project/AI/ernie-image-ncnn-vulkan/third_party/ncnn/src/layer/x86/convolution_x86_avx512vnni.cpp:12:
/home/mingshi/Project/AI/ernie-image-ncnn-vulkan/third_party/ncnn/src/layer/x86/convolution_3x3_winograd_int8.h:212: warning: ignoring '#pragma omp parallel' [-Wunknown-pragmas]
  212 |     #pragma omp parallel for num_threads(nT)
/home/mingshi/Project/AI/ernie-image-ncnn-vulkan/third_party/ncnn/src/layer/x86/convolution_3x3_winograd_int8.h:3305: warning: ignoring '#pragma omp parallel' [-Wunknown-pragmas]
 3305 |     #pragma omp parallel for num_threads(opt.num_threads)
/home/mingshi/Project/AI/ernie-image-ncnn-vulkan/third_party/ncnn/src/layer/x86/convolution_3x3_winograd_int8.h:3347: warning: ignoring '#pragma omp parallel' [-Wunknown-pragmas]
 3347 |     #pragma omp parallel for num_threads(nT)
/home/mingshi/Project/AI/ernie-image-ncnn-vulkan/third_party/ncnn/src/layer/x86/convolution_3x3_winograd_int8.h:4383: warning: ignoring '#pragma omp parallel' [-Wunknown-pragmas]
 4383 |         #pragma omp parallel for num_threads(nT)
/home/mingshi/Project/AI/ernie-image-ncnn-vulkan/third_party/ncnn/src/layer/x86/convolution_3x3_winograd_int8.h:4410: warning: ignoring '#pragma omp parallel' [-Wunknown-pragmas]
 4410 |     #pragma omp parallel for num_threads(nT)
/home/mingshi/Project/AI/ernie-image-ncnn-vulkan/third_party/ncnn/src/layer/x86/convolution_3x3_winograd_int8.h:4531: warning: ignoring '#pragma omp parallel' [-Wunknown-pragmas]
 4531 |     #pragma omp parallel for num_threads(opt.num_threads)
/home/mingshi/Project/AI/ernie-image-ncnn-vulkan/third_party/ncnn/src/layer/x86/convolution_3x3_winograd_int8.h:4575: warning: ignoring '#pragma omp parallel' [-Wunknown-pragmas]
 4575 |     #pragma omp parallel for num_threads(nT)
/home/mingshi/Project/AI/ernie-image-ncnn-vulkan/third_party/ncnn/src/layer/x86/convolution_3x3_winograd_int8.h:6227: warning: ignoring '#pragma omp parallel' [-Wunknown-pragmas]
 6227 |         #pragma omp parallel for num_threads(nT)
/home/mingshi/Project/AI/ernie-image-ncnn-vulkan/third_party/ncnn/src/layer/x86/convolution_3x3_winograd_int8.h:6254: warning: ignoring '#pragma omp parallel' [-Wunknown-pragmas]
 6254 |     #pragma omp parallel for num_threads(nT)
/home/mingshi/Project/AI/ernie-image-ncnn-vulkan/third_party/ncnn/src/layer/x86/convolution_packed_int8.h: In function 'void ncnn::convolution_packed_int8(const Mat&, Mat&, const Mat&, int, int, int, int, int, int, const Option&)':
/home/mingshi/Project/AI/ernie-image-ncnn-vulkan/third_party/ncnn/src/layer/x86/convolution_packed_int8.h:865:205: warning: unused parameter 'opt' [-Wunused-parameter]
  865 | static void convolution_packed_int8(const Mat& bottom_blob, Mat& top_blob, const Mat& weight_data_tm, int kernel_w, int kernel_h, int dilation_w, int dilation_h, int stride_w, int stride_h, const Option& opt)
      |                                                                                                                                                                                               ~~~~~~~~~~~~~~^~~
/home/mingshi/Project/AI/ernie-image-ncnn-vulkan/third_party/ncnn/src/layer/x86/convolution_3x3_winograd_int8.h: In function 'void ncnn::transpose_pack_B_tile_int8(const Mat&, Mat&, int, int, int, int)':
/home/mingshi/Project/AI/ernie-image-ncnn-vulkan/third_party/ncnn/src/layer/x86/convolution_3x3_winograd_int8.h:210:102: warning: unused parameter 'nT' [-Wunused-parameter]
  210 | static void transpose_pack_B_tile_int8(const Mat& B, Mat& BT, int batch, int max_jj, int max_kk, int nT)
      |                                                                                                  ~~~~^~
/home/mingshi/Project/AI/ernie-image-ncnn-vulkan/third_party/ncnn/src/layer/x86/convolution_3x3_winograd_int8.h: In function 'void ncnn::conv3x3s1_winograd23_transform_input_tile_int8(const Mat&, Mat&, int, int, int, int, int)':
/home/mingshi/Project/AI/ernie-image-ncnn-vulkan/third_party/ncnn/src/layer/x86/convolution_3x3_winograd_int8.h:3326:141: warning: unused parameter 'nT' [-Wunused-parameter]
 3326 | static inline void conv3x3s1_winograd23_transform_input_tile_int8(const Mat& bottom_blob, Mat& B, int j, int max_jj, int k, int max_kk, int nT)
      |                                                                                                                                         ~~~~^~
/home/mingshi/Project/AI/ernie-image-ncnn-vulkan/third_party/ncnn/src/layer/x86/convolution_3x3_winograd_int8.h: In function 'void ncnn::conv3x3s1_winograd43_transform_input_tile_int8(const Mat&, Mat&, int, int, int, int, int)':
/home/mingshi/Project/AI/ernie-image-ncnn-vulkan/third_party/ncnn/src/layer/x86/convolution_3x3_winograd_int8.h:4552:141: warning: unused parameter 'nT' [-Wunused-parameter]
 4552 | static inline void conv3x3s1_winograd43_transform_input_tile_int8(const Mat& bottom_blob, Mat& B, int j, int max_jj, int k, int max_kk, int nT)
      |                                                                                                                                         ~~~~^~
[139/415] Building CXX object ncnn/src/CMakeFiles/ncnn.dir/layer/x86/convolution_x86_avx.cpp.obj
In file included from /home/mingshi/Project/AI/ernie-image-ncnn-vulkan/.worktrees/surpass-reference/build-windows-cpu-v1/ncnn/src/layer/x86/convolution_x86_avx.cpp:27:
/home/mingshi/Project/AI/ernie-image-ncnn-vulkan/third_party/ncnn/src/layer/x86/convolution_3x3.h:16: warning: ignoring '#pragma omp parallel' [-Wunknown-pragmas]
   16 |     #pragma omp parallel for num_threads(opt.num_threads)
/home/mingshi/Project/AI/ernie-image-ncnn-vulkan/third_party/ncnn/src/layer/x86/convolution_3x3.h:142: warning: ignoring '#pragma omp parallel' [-Wunknown-pragmas]
  142 |     #pragma omp parallel for num_threads(opt.num_threads)
In file included from /home/mingshi/Project/AI/ernie-image-ncnn-vulkan/.worktrees/surpass-reference/build-windows-cpu-v1/ncnn/src/layer/x86/convolution_x86_avx.cpp:28:
/home/mingshi/Project/AI/ernie-image-ncnn-vulkan/third_party/ncnn/src/layer/x86/convolution_5x5.h:16: warning: ignoring '#pragma omp parallel' [-Wunknown-pragmas]
   16 |     #pragma omp parallel for num_threads(opt.num_threads)
In file included from /home/mingshi/Project/AI/ernie-image-ncnn-vulkan/.worktrees/surpass-reference/build-windows-cpu-v1/ncnn/src/layer/x86/convolution_x86_avx.cpp:30:
/home/mingshi/Project/AI/ernie-image-ncnn-vulkan/third_party/ncnn/src/layer/x86/convolution_3x3_winograd.h:117: warning: ignoring '#pragma omp parallel' [-Wunknown-pragmas]
  117 |     #pragma omp parallel for num_threads(nT)
/home/mingshi/Project/AI/ernie-image-ncnn-vulkan/third_party/ncnn/src/layer/x86/convolution_3x3_winograd.h:2531: warning: ignoring '#pragma omp parallel' [-Wunknown-pragmas]
 2531 |     #pragma omp parallel for num_threads(opt.num_threads)
/home/mingshi/Project/AI/ernie-image-ncnn-vulkan/third_party/ncnn/src/layer/x86/convolution_3x3_winograd.h:2723: warning: ignoring '#pragma omp parallel' [-Wunknown-pragmas]
 2723 |     #pragma omp parallel for num_threads(nT)
/home/mingshi/Project/AI/ernie-image-ncnn-vulkan/third_party/ncnn/src/layer/x86/convolution_3x3_winograd.h:3757: warning: ignoring '#pragma omp parallel' [-Wunknown-pragmas]
 3757 |         #pragma omp parallel for num_threads(nT)
/home/mingshi/Project/AI/ernie-image-ncnn-vulkan/third_party/ncnn/src/layer/x86/convolution_3x3_winograd.h:3784: warning: ignoring '#pragma omp parallel' [-Wunknown-pragmas]
 3784 |     #pragma omp parallel for num_threads(nT)
/home/mingshi/Project/AI/ernie-image-ncnn-vulkan/third_party/ncnn/src/layer/x86/convolution_3x3_winograd.h:3901: warning: ignoring '#pragma omp parallel' [-Wunknown-pragmas]
 3901 |     #pragma omp parallel for num_threads(opt.num_threads)
/home/mingshi/Project/AI/ernie-image-ncnn-vulkan/third_party/ncnn/src/layer/x86/convolution_3x3_winograd.h:4145: warning: ignoring '#pragma omp parallel' [-Wunknown-pragmas]
 4145 |     #pragma omp parallel for num_threads(nT)
/home/mingshi/Project/AI/ernie-image-ncnn-vulkan/third_party/ncnn/src/layer/x86/convolution_3x3_winograd.h:5627: warning: ignoring '#pragma omp parallel' [-Wunknown-pragmas]
 5627 |         #pragma omp parallel for num_threads(nT)
/home/mingshi/Project/AI/ernie-image-ncnn-vulkan/third_party/ncnn/src/layer/x86/convolution_3x3_winograd.h:5654: warning: ignoring '#pragma omp parallel' [-Wunknown-pragmas]
 5654 |     #pragma omp parallel for num_threads(nT)
/home/mingshi/Project/AI/ernie-image-ncnn-vulkan/third_party/ncnn/src/layer/x86/convolution_3x3_winograd.h:5778: warning: ignoring '#pragma omp parallel' [-Wunknown-pragmas]
 5778 |     #pragma omp parallel for num_threads(opt.num_threads)
/home/mingshi/Project/AI/ernie-image-ncnn-vulkan/third_party/ncnn/src/layer/x86/convolution_3x3_winograd.h:6079: warning: ignoring '#pragma omp parallel' [-Wunknown-pragmas]
 6079 |     #pragma omp parallel for num_threads(nT)
/home/mingshi/Project/AI/ernie-image-ncnn-vulkan/third_party/ncnn/src/layer/x86/convolution_3x3_winograd.h:7945: warning: ignoring '#pragma omp parallel' [-Wunknown-pragmas]
 7945 |         #pragma omp parallel for num_threads(nT)
/home/mingshi/Project/AI/ernie-image-ncnn-vulkan/third_party/ncnn/src/layer/x86/convolution_3x3_winograd.h:7972: warning: ignoring '#pragma omp parallel' [-Wunknown-pragmas]
 7972 |     #pragma omp parallel for num_threads(nT)
In file included from /home/mingshi/Project/AI/ernie-image-ncnn-vulkan/.worktrees/surpass-reference/build-windows-cpu-v1/ncnn/src/layer/x86/convolution_x86_avx.cpp:31:
/home/mingshi/Project/AI/ernie-image-ncnn-vulkan/third_party/ncnn/src/layer/x86/convolution_packed.h:1575: warning: ignoring '#pragma omp parallel' [-Wunknown-pragmas]
 1575 |     #pragma omp parallel for num_threads(opt.num_threads)
In file included from /home/mingshi/Project/AI/ernie-image-ncnn-vulkan/.worktrees/surpass-reference/build-windows-cpu-v1/ncnn/src/layer/x86/convolution_x86_avx.cpp:32:
/home/mingshi/Project/AI/ernie-image-ncnn-vulkan/third_party/ncnn/src/layer/x86/convolution_im2col_gemm.h:5587: warning: ignoring '#pragma omp parallel' [-Wunknown-pragmas]
 5587 |     #pragma omp parallel for num_threads(opt.num_threads)
/home/mingshi/Project/AI/ernie-image-ncnn-vulkan/third_party/ncnn/src/layer/x86/convolution_im2col_gemm.h:5628: warning: ignoring '#pragma omp parallel' [-Wunknown-pragmas]
 5628 |     #pragma omp parallel for num_threads(nT)
/home/mingshi/Project/AI/ernie-image-ncnn-vulkan/third_party/ncnn/src/layer/x86/convolution_im2col_gemm.h:5654: warning: ignoring '#pragma omp parallel' [-Wunknown-pragmas]
 5654 |     #pragma omp parallel for num_threads(nT)
In file included from /home/mingshi/Project/AI/ernie-image-ncnn-vulkan/.worktrees/surpass-reference/build-windows-cpu-v1/ncnn/src/layer/x86/convolution_x86_avx.cpp:35:
/home/mingshi/Project/AI/ernie-image-ncnn-vulkan/third_party/ncnn/src/layer/x86/convolution_packed_bf16s.h:1617: warning: ignoring '#pragma omp parallel' [-Wunknown-pragmas]
 1617 |     #pragma omp parallel for num_threads(opt.num_threads)
In file included from /home/mingshi/Project/AI/ernie-image-ncnn-vulkan/.worktrees/surpass-reference/build-windows-cpu-v1/ncnn/src/layer/x86/convolution_x86_avx.cpp:36:
/home/mingshi/Project/AI/ernie-image-ncnn-vulkan/third_party/ncnn/src/layer/x86/convolution_im2col_gemm_bf16s.h:6286: warning: ignoring '#pragma omp parallel' [-Wunknown-pragmas]
 6286 |     #pragma omp parallel for num_threads(opt.num_threads)
/home/mingshi/Project/AI/ernie-image-ncnn-vulkan/third_party/ncnn/src/layer/x86/convolution_im2col_gemm_bf16s.h:6350: warning: ignoring '#pragma omp parallel' [-Wunknown-pragmas]
 6350 |     #pragma omp parallel for num_threads(nT)
/home/mingshi/Project/AI/ernie-image-ncnn-vulkan/third_party/ncnn/src/layer/x86/convolution_im2col_gemm_bf16s.h:6376: warning: ignoring '#pragma omp parallel' [-Wunknown-pragmas]
 6376 |     #pragma omp parallel for num_threads(nT)
In file included from /home/mingshi/Project/AI/ernie-image-ncnn-vulkan/.worktrees/surpass-reference/build-windows-cpu-v1/ncnn/src/layer/x86/convolution_x86_avx.cpp:37:
/home/mingshi/Project/AI/ernie-image-ncnn-vulkan/third_party/ncnn/src/layer/x86/convolution_3x3_winograd_bf16s.h:199: warning: ignoring '#pragma omp parallel' [-Wunknown-pragmas]
  199 |     #pragma omp parallel for num_threads(nT)
/home/mingshi/Project/AI/ernie-image-ncnn-vulkan/third_party/ncnn/src/layer/x86/convolution_3x3_winograd_bf16s.h:1310: warning: ignoring '#pragma omp parallel' [-Wunknown-pragmas]
 1310 |         #pragma omp parallel for num_threads(nT)
/home/mingshi/Project/AI/ernie-image-ncnn-vulkan/third_party/ncnn/src/layer/x86/convolution_3x3_winograd_bf16s.h:1337: warning: ignoring '#pragma omp parallel' [-Wunknown-pragmas]
 1337 |     #pragma omp parallel for num_threads(nT)
/home/mingshi/Project/AI/ernie-image-ncnn-vulkan/third_party/ncnn/src/layer/x86/convolution_3x3_winograd_bf16s.h:1616: warning: ignoring '#pragma omp parallel' [-Wunknown-pragmas]
 1616 |     #pragma omp parallel for num_threads(nT)
/home/mingshi/Project/AI/ernie-image-ncnn-vulkan/third_party/ncnn/src/layer/x86/convolution_3x3_winograd_bf16s.h:3187: warning: ignoring '#pragma omp parallel' [-Wunknown-pragmas]
 3187 |         #pragma omp parallel for num_threads(nT)
/home/mingshi/Project/AI/ernie-image-ncnn-vulkan/third_party/ncnn/src/layer/x86/convolution_3x3_winograd_bf16s.h:3214: warning: ignoring '#pragma omp parallel' [-Wunknown-pragmas]
 3214 |     #pragma omp parallel for num_threads(nT)
/home/mingshi/Project/AI/ernie-image-ncnn-vulkan/third_party/ncnn/src/layer/x86/convolution_3x3_winograd_bf16s.h:3550: warning: ignoring '#pragma omp parallel' [-Wunknown-pragmas]
 3550 |     #pragma omp parallel for num_threads(nT)
/home/mingshi/Project/AI/ernie-image-ncnn-vulkan/third_party/ncnn/src/layer/x86/convolution_3x3_winograd_bf16s.h:5517: warning: ignoring '#pragma omp parallel' [-Wunknown-pragmas]
 5517 |         #pragma omp parallel for num_threads(nT)
/home/mingshi/Project/AI/ernie-image-ncnn-vulkan/third_party/ncnn/src/layer/x86/convolution_3x3_winograd_bf16s.h:5544: warning: ignoring '#pragma omp parallel' [-Wunknown-pragmas]
 5544 |     #pragma omp parallel for num_threads(nT)
In file included from /home/mingshi/Project/AI/ernie-image-ncnn-vulkan/.worktrees/surpass-reference/build-windows-cpu-v1/ncnn/src/layer/x86/convolution_x86_avx.cpp:50:
/home/mingshi/Project/AI/ernie-image-ncnn-vulkan/third_party/ncnn/src/layer/x86/convolution_3x3_pack1to4.h:15: warning: ignoring '#pragma omp parallel' [-Wunknown-pragmas]
   15 |     #pragma omp parallel for num_threads(opt.num_threads)
/home/mingshi/Project/AI/ernie-image-ncnn-vulkan/third_party/ncnn/src/layer/x86/convolution_3x3_pack1to4.h:332: warning: ignoring '#pragma omp parallel' [-Wunknown-pragmas]
  332 |     #pragma omp parallel for num_threads(opt.num_threads)
/home/mingshi/Project/AI/ernie-image-ncnn-vulkan/third_party/ncnn/src/layer/x86/convolution_3x3_pack1to4.h:548: warning: ignoring '#pragma omp parallel' [-Wunknown-pragmas]
  548 |     #pragma omp parallel for num_threads(opt.num_threads)
/home/mingshi/Project/AI/ernie-image-ncnn-vulkan/third_party/ncnn/src/layer/x86/convolution_3x3_pack1to4.h:875: warning: ignoring '#pragma omp parallel' [-Wunknown-pragmas]
  875 |     #pragma omp parallel for num_threads(opt.num_threads)
In file included from /home/mingshi/Project/AI/ernie-image-ncnn-vulkan/.worktrees/surpass-reference/build-windows-cpu-v1/ncnn/src/layer/x86/convolution_x86_avx.cpp:53:
/home/mingshi/Project/AI/ernie-image-ncnn-vulkan/third_party/ncnn/src/layer/x86/convolution_3x3_pack1to8.h:39: warning: ignoring '#pragma omp parallel' [-Wunknown-pragmas]
   39 |     #pragma omp parallel for num_threads(opt.num_threads)
/home/mingshi/Project/AI/ernie-image-ncnn-vulkan/third_party/ncnn/src/layer/x86/convolution_3x3_pack1to8.h:356: warning: ignoring '#pragma omp parallel' [-Wunknown-pragmas]
  356 |     #pragma omp parallel for num_threads(opt.num_threads)
/home/mingshi/Project/AI/ernie-image-ncnn-vulkan/third_party/ncnn/src/layer/x86/convolution_3x3_pack1to8.h:588: warning: ignoring '#pragma omp parallel' [-Wunknown-pragmas]
  588 |     #pragma omp parallel for num_threads(opt.num_threads)
/home/mingshi/Project/AI/ernie-image-ncnn-vulkan/third_party/ncnn/src/layer/x86/convolution_3x3_pack1to8.h:1187: warning: ignoring '#pragma omp parallel' [-Wunknown-pragmas]
 1187 |     #pragma omp parallel for num_threads(opt.num_threads)
In file included from /home/mingshi/Project/AI/ernie-image-ncnn-vulkan/.worktrees/surpass-reference/build-windows-cpu-v1/ncnn/src/layer/x86/convolution_x86_avx.cpp:54:
/home/mingshi/Project/AI/ernie-image-ncnn-vulkan/third_party/ncnn/src/layer/x86/convolution_3x3_pack8to1.h:37: warning: ignoring '#pragma omp parallel' [-Wunknown-pragmas]
   37 |     #pragma omp parallel for num_threads(opt.num_threads)
In file included from /home/mingshi/Project/AI/ernie-image-ncnn-vulkan/.worktrees/surpass-reference/build-windows-cpu-v1/ncnn/src/layer/x86/convolution_x86_avx.cpp:55:
/home/mingshi/Project/AI/ernie-image-ncnn-vulkan/third_party/ncnn/src/layer/x86/convolution_3x3_pack8.h:36: warning: ignoring '#pragma omp parallel' [-Wunknown-pragmas]
   36 |     #pragma omp parallel for num_threads(opt.num_threads)
In file included from /home/mingshi/Project/AI/ernie-image-ncnn-vulkan/.worktrees/surpass-reference/build-windows-cpu-v1/ncnn/src/layer/x86/convolution_x86_avx.cpp:56:
/home/mingshi/Project/AI/ernie-image-ncnn-vulkan/third_party/ncnn/src/layer/x86/convolution_2x2_pack8.h:34: warning: ignoring '#pragma omp parallel' [-Wunknown-pragmas]
   34 |     #pragma omp parallel for num_threads(opt.num_threads)
/home/mingshi/Project/AI/ernie-image-ncnn-vulkan/.worktrees/surpass-reference/build-windows-cpu-v1/ncnn/src/layer/x86/convolution_x86_avx.cpp:1223: warning: ignoring '#pragma omp parallel' [-Wunknown-pragmas]
 1223 |             #pragma omp parallel for num_threads(opt.num_threads)
/home/mingshi/Project/AI/ernie-image-ncnn-vulkan/.worktrees/surpass-reference/build-windows-cpu-v1/ncnn/src/layer/x86/convolution_x86_avx.cpp:1243: warning: ignoring '#pragma omp parallel' [-Wunknown-pragmas]
 1243 |             #pragma omp parallel for num_threads(opt.num_threads)
/home/mingshi/Project/AI/ernie-image-ncnn-vulkan/third_party/ncnn/src/layer/x86/convolution_3x3.h: In function 'void ncnn::conv3x3s1_sse(const Mat&, Mat&, const Mat&, const Mat&, const Option&)':
/home/mingshi/Project/AI/ernie-image-ncnn-vulkan/third_party/ncnn/src/layer/x86/convolution_3x3.h:4:118: warning: unused parameter 'opt' [-Wunused-parameter]
    4 | static void conv3x3s1_sse(const Mat& bottom_blob, Mat& top_blob, const Mat& _kernel, const Mat& _bias, const Option& opt)
      |                                                                                                        ~~~~~~~~~~~~~~^~~
/home/mingshi/Project/AI/ernie-image-ncnn-vulkan/third_party/ncnn/src/layer/x86/convolution_3x3.h: In function 'void ncnn::conv3x3s2_sse(const Mat&, Mat&, const Mat&, const Mat&, const Option&)':
/home/mingshi/Project/AI/ernie-image-ncnn-vulkan/third_party/ncnn/src/layer/x86/convolution_3x3.h:128:118: warning: unused parameter 'opt' [-Wunused-parameter]
  128 | static void conv3x3s2_sse(const Mat& bottom_blob, Mat& top_blob, const Mat& _kernel, const Mat& _bias, const Option& opt)
      |                                                                                                        ~~~~~~~~~~~~~~^~~
/home/mingshi/Project/AI/ernie-image-ncnn-vulkan/third_party/ncnn/src/layer/x86/convolution_5x5.h: In function 'void ncnn::conv5x5s1_sse(const Mat&, Mat&, const Mat&, const Mat&, const Option&)':
/home/mingshi/Project/AI/ernie-image-ncnn-vulkan/third_party/ncnn/src/layer/x86/convolution_5x5.h:4:118: warning: unused parameter 'opt' [-Wunused-parameter]
    4 | static void conv5x5s1_sse(const Mat& bottom_blob, Mat& top_blob, const Mat& _kernel, const Mat& _bias, const Option& opt)
      |                                                                                                        ~~~~~~~~~~~~~~^~~
/home/mingshi/Project/AI/ernie-image-ncnn-vulkan/third_party/ncnn/src/layer/x86/convolution_3x3_winograd.h: In function 'void ncnn::transpose_pack_B_tile(const Mat&, Mat&, int, int, int, int)':
/home/mingshi/Project/AI/ernie-image-ncnn-vulkan/third_party/ncnn/src/layer/x86/convolution_3x3_winograd.h:115:97: warning: unused parameter 'nT' [-Wunused-parameter]
  115 | static void transpose_pack_B_tile(const Mat& B, Mat& BT, int batch, int max_jj, int max_kk, int nT)
      |                                                                                             ~~~~^~
/home/mingshi/Project/AI/ernie-image-ncnn-vulkan/third_party/ncnn/src/layer/x86/convolution_3x3_winograd.h: In function 'void ncnn::conv3x3s1_winograd23_transform_input_tile(const Mat&, Mat&, int, int, int, int, int)':
/home/mingshi/Project/AI/ernie-image-ncnn-vulkan/third_party/ncnn/src/layer/x86/convolution_3x3_winograd.h:2552:136: warning: unused parameter 'nT' [-Wunused-parameter]
 2552 | static inline void conv3x3s1_winograd23_transform_input_tile(const Mat& bottom_blob, Mat& B, int j, int max_jj, int k, int max_kk, int nT)
      |                                                                                                                                    ~~~~^~
/home/mingshi/Project/AI/ernie-image-ncnn-vulkan/third_party/ncnn/src/layer/x86/convolution_3x3_winograd.h: In function 'void ncnn::conv3x3s1_winograd43_transform_input_tile(const Mat&, Mat&, int, int, int, int, int)':
/home/mingshi/Project/AI/ernie-image-ncnn-vulkan/third_party/ncnn/src/layer/x86/convolution_3x3_winograd.h:3922:136: warning: unused parameter 'nT' [-Wunused-parameter]
 3922 | static inline void conv3x3s1_winograd43_transform_input_tile(const Mat& bottom_blob, Mat& B, int j, int max_jj, int k, int max_kk, int nT)
      |                                                                                                                                    ~~~~^~
/home/mingshi/Project/AI/ernie-image-ncnn-vulkan/third_party/ncnn/src/layer/x86/convolution_3x3_winograd.h: In function 'void ncnn::conv3x3s1_winograd63_transform_input_tile(const Mat&, Mat&, int, int, int, int, int)':
/home/mingshi/Project/AI/ernie-image-ncnn-vulkan/third_party/ncnn/src/layer/x86/convolution_3x3_winograd.h:5799:136: warning: unused parameter 'nT' [-Wunused-parameter]
 5799 | static inline void conv3x3s1_winograd63_transform_input_tile(const Mat& bottom_blob, Mat& B, int j, int max_jj, int k, int max_kk, int nT)
      |                                                                                                                                    ~~~~^~
/home/mingshi/Project/AI/ernie-image-ncnn-vulkan/third_party/ncnn/src/layer/x86/convolution_3x3_pack1to4.h: In function 'void ncnn::conv3x3s1_pack1to4_sse(const Mat&, Mat&, const Mat&, const Mat&, const Option&)':
/home/mingshi/Project/AI/ernie-image-ncnn-vulkan/third_party/ncnn/src/layer/x86/convolution_3x3_pack1to4.h:4:126: warning: unused parameter 'opt' [-Wunused-parameter]
    4 | static void conv3x3s1_pack1to4_sse(const Mat& bottom_blob, Mat& top_blob, const Mat& kernel, const Mat& _bias, const Option& opt)
      |                                                                                                                ~~~~~~~~~~~~~~^~~
/home/mingshi/Project/AI/ernie-image-ncnn-vulkan/third_party/ncnn/src/layer/x86/convolution_3x3_pack1to4.h: In function 'void ncnn::conv3x3s2_pack1to4_sse(const Mat&, Mat&, const Mat&, const Mat&, const Option&)':
/home/mingshi/Project/AI/ernie-image-ncnn-vulkan/third_party/ncnn/src/layer/x86/convolution_3x3_pack1to4.h:534:126: warning: unused parameter 'opt' [-Wunused-parameter]
  534 | static void conv3x3s2_pack1to4_sse(const Mat& bottom_blob, Mat& top_blob, const Mat& kernel, const Mat& _bias, const Option& opt)
      |                                                                                                                ~~~~~~~~~~~~~~^~~
[140/415] Building CXX object ncnn/src/CMakeFiles/ncnn.dir/layer/x86/convolution_x86_avx512bf16.cpp.obj
In file included from /home/mingshi/Project/AI/ernie-image-ncnn-vulkan/third_party/ncnn/src/layer/x86/convolution_x86_avx512bf16.cpp:20:
/home/mingshi/Project/AI/ernie-image-ncnn-vulkan/third_party/ncnn/src/layer/x86/convolution_packed_bf16s.h:1170: warning: ignoring '#pragma omp parallel' [-Wunknown-pragmas]
 1170 |     #pragma omp parallel for num_threads(opt.num_threads)
In file included from /home/mingshi/Project/AI/ernie-image-ncnn-vulkan/third_party/ncnn/src/layer/x86/convolution_x86_avx512bf16.cpp:21:
/home/mingshi/Project/AI/ernie-image-ncnn-vulkan/third_party/ncnn/src/layer/x86/convolution_im2col_gemm_bf16s.h:6286: warning: ignoring '#pragma omp parallel' [-Wunknown-pragmas]
 6286 |     #pragma omp parallel for num_threads(opt.num_threads)
/home/mingshi/Project/AI/ernie-image-ncnn-vulkan/third_party/ncnn/src/layer/x86/convolution_im2col_gemm_bf16s.h:6350: warning: ignoring '#pragma omp parallel' [-Wunknown-pragmas]
 6350 |     #pragma omp parallel for num_threads(nT)
/home/mingshi/Project/AI/ernie-image-ncnn-vulkan/third_party/ncnn/src/layer/x86/convolution_im2col_gemm_bf16s.h:6376: warning: ignoring '#pragma omp parallel' [-Wunknown-pragmas]
 6376 |     #pragma omp parallel for num_threads(nT)
In file included from /home/mingshi/Project/AI/ernie-image-ncnn-vulkan/third_party/ncnn/src/layer/x86/convolution_x86_avx512bf16.cpp:23:
/home/mingshi/Project/AI/ernie-image-ncnn-vulkan/third_party/ncnn/src/layer/x86/convolution_3x3_winograd.h:117: warning: ignoring '#pragma omp parallel' [-Wunknown-pragmas]
  117 |     #pragma omp parallel for num_threads(nT)
/home/mingshi/Project/AI/ernie-image-ncnn-vulkan/third_party/ncnn/src/layer/x86/convolution_3x3_winograd.h:2531: warning: ignoring '#pragma omp parallel' [-Wunknown-pragmas]
 2531 |     #pragma omp parallel for num_threads(opt.num_threads)
/home/mingshi/Project/AI/ernie-image-ncnn-vulkan/third_party/ncnn/src/layer/x86/convolution_3x3_winograd.h:2574: warning: ignoring '#pragma omp parallel' [-Wunknown-pragmas]
 2574 |     #pragma omp parallel for num_threads(nT)
/home/mingshi/Project/AI/ernie-image-ncnn-vulkan/third_party/ncnn/src/layer/x86/convolution_3x3_winograd.h:3757: warning: ignoring '#pragma omp parallel' [-Wunknown-pragmas]
 3757 |         #pragma omp parallel for num_threads(nT)
/home/mingshi/Project/AI/ernie-image-ncnn-vulkan/third_party/ncnn/src/layer/x86/convolution_3x3_winograd.h:3784: warning: ignoring '#pragma omp parallel' [-Wunknown-pragmas]
 3784 |     #pragma omp parallel for num_threads(nT)
/home/mingshi/Project/AI/ernie-image-ncnn-vulkan/third_party/ncnn/src/layer/x86/convolution_3x3_winograd.h:3901: warning: ignoring '#pragma omp parallel' [-Wunknown-pragmas]
 3901 |     #pragma omp parallel for num_threads(opt.num_threads)
/home/mingshi/Project/AI/ernie-image-ncnn-vulkan/third_party/ncnn/src/layer/x86/convolution_3x3_winograd.h:3956: warning: ignoring '#pragma omp parallel' [-Wunknown-pragmas]
 3956 |     #pragma omp parallel for num_threads(nT)
/home/mingshi/Project/AI/ernie-image-ncnn-vulkan/third_party/ncnn/src/layer/x86/convolution_3x3_winograd.h:5627: warning: ignoring '#pragma omp parallel' [-Wunknown-pragmas]
 5627 |         #pragma omp parallel for num_threads(nT)
/home/mingshi/Project/AI/ernie-image-ncnn-vulkan/third_party/ncnn/src/layer/x86/convolution_3x3_winograd.h:5654: warning: ignoring '#pragma omp parallel' [-Wunknown-pragmas]
 5654 |     #pragma omp parallel for num_threads(nT)
/home/mingshi/Project/AI/ernie-image-ncnn-vulkan/third_party/ncnn/src/layer/x86/convolution_3x3_winograd.h:5778: warning: ignoring '#pragma omp parallel' [-Wunknown-pragmas]
 5778 |     #pragma omp parallel for num_threads(opt.num_threads)
/home/mingshi/Project/AI/ernie-image-ncnn-vulkan/third_party/ncnn/src/layer/x86/convolution_3x3_winograd.h:5825: warning: ignoring '#pragma omp parallel' [-Wunknown-pragmas]
 5825 |     #pragma omp parallel for num_threads(nT)
/home/mingshi/Project/AI/ernie-image-ncnn-vulkan/third_party/ncnn/src/layer/x86/convolution_3x3_winograd.h:7945: warning: ignoring '#pragma omp parallel' [-Wunknown-pragmas]
 7945 |         #pragma omp parallel for num_threads(nT)
/home/mingshi/Project/AI/ernie-image-ncnn-vulkan/third_party/ncnn/src/layer/x86/convolution_3x3_winograd.h:7972: warning: ignoring '#pragma omp parallel' [-Wunknown-pragmas]
 7972 |     #pragma omp parallel for num_threads(nT)
In file included from /home/mingshi/Project/AI/ernie-image-ncnn-vulkan/third_party/ncnn/src/layer/x86/convolution_x86_avx512bf16.cpp:24:
/home/mingshi/Project/AI/ernie-image-ncnn-vulkan/third_party/ncnn/src/layer/x86/convolution_3x3_winograd_bf16s.h:50: warning: ignoring '#pragma omp parallel' [-Wunknown-pragmas]
   50 |     #pragma omp parallel for num_threads(nT)
/home/mingshi/Project/AI/ernie-image-ncnn-vulkan/third_party/ncnn/src/layer/x86/convolution_3x3_winograd_bf16s.h:1310: warning: ignoring '#pragma omp parallel' [-Wunknown-pragmas]
 1310 |         #pragma omp parallel for num_threads(nT)
/home/mingshi/Project/AI/ernie-image-ncnn-vulkan/third_party/ncnn/src/layer/x86/convolution_3x3_winograd_bf16s.h:1337: warning: ignoring '#pragma omp parallel' [-Wunknown-pragmas]
 1337 |     #pragma omp parallel for num_threads(nT)
/home/mingshi/Project/AI/ernie-image-ncnn-vulkan/third_party/ncnn/src/layer/x86/convolution_3x3_winograd_bf16s.h:1427: warning: ignoring '#pragma omp parallel' [-Wunknown-pragmas]
 1427 |     #pragma omp parallel for num_threads(nT)
/home/mingshi/Project/AI/ernie-image-ncnn-vulkan/third_party/ncnn/src/layer/x86/convolution_3x3_winograd_bf16s.h:3187: warning: ignoring '#pragma omp parallel' [-Wunknown-pragmas]
 3187 |         #pragma omp parallel for num_threads(nT)
/home/mingshi/Project/AI/ernie-image-ncnn-vulkan/third_party/ncnn/src/layer/x86/convolution_3x3_winograd_bf16s.h:3214: warning: ignoring '#pragma omp parallel' [-Wunknown-pragmas]
 3214 |     #pragma omp parallel for num_threads(nT)
/home/mingshi/Project/AI/ernie-image-ncnn-vulkan/third_party/ncnn/src/layer/x86/convolution_3x3_winograd_bf16s.h:3296: warning: ignoring '#pragma omp parallel' [-Wunknown-pragmas]
 3296 |     #pragma omp parallel for num_threads(nT)
/home/mingshi/Project/AI/ernie-image-ncnn-vulkan/third_party/ncnn/src/layer/x86/convolution_3x3_winograd_bf16s.h:5517: warning: ignoring '#pragma omp parallel' [-Wunknown-pragmas]
 5517 |         #pragma omp parallel for num_threads(nT)
/home/mingshi/Project/AI/ernie-image-ncnn-vulkan/third_party/ncnn/src/layer/x86/convolution_3x3_winograd_bf16s.h:5544: warning: ignoring '#pragma omp parallel' [-Wunknown-pragmas]
 5544 |     #pragma omp parallel for num_threads(nT)
/home/mingshi/Project/AI/ernie-image-ncnn-vulkan/third_party/ncnn/src/layer/x86/convolution_packed_bf16s.h: In function 'void ncnn::convolution_packed_bf16s(const Mat&, Mat&, const Mat&, const Mat&, int, int, int, int, int, int, int, const Mat&, const Option&)':
/home/mingshi/Project/AI/ernie-image-ncnn-vulkan/third_party/ncnn/src/layer/x86/convolution_packed_bf16s.h:1095:279: warning: unused parameter 'opt' [-Wunused-parameter]
 1095 | static void convolution_packed_bf16s(const Mat& bottom_blob, Mat& top_blob, const Mat& weight_data_tm, const Mat& bias_data, int kernel_w, int kernel_h, int dilation_w, int dilation_h, int stride_w, int stride_h, int activation_type, const Mat& activation_params, const Option& opt)
      |                                                                                                                                                                                                                                                                         ~~~~~~~~~~~~~~^~~
/home/mingshi/Project/AI/ernie-image-ncnn-vulkan/third_party/ncnn/src/layer/x86/convolution_3x3_winograd.h: In function 'void ncnn::transpose_pack_B_tile(const Mat&, Mat&, int, int, int, int)':
/home/mingshi/Project/AI/ernie-image-ncnn-vulkan/third_party/ncnn/src/layer/x86/convolution_3x3_winograd.h:115:97: warning: unused parameter 'nT' [-Wunused-parameter]
  115 | static void transpose_pack_B_tile(const Mat& B, Mat& BT, int batch, int max_jj, int max_kk, int nT)
      |                                                                                             ~~~~^~
/home/mingshi/Project/AI/ernie-image-ncnn-vulkan/third_party/ncnn/src/layer/x86/convolution_3x3_winograd.h: In function 'void ncnn::conv3x3s1_winograd23_transform_input_tile(const Mat&, Mat&, int, int, int, int, int)':
/home/mingshi/Project/AI/ernie-image-ncnn-vulkan/third_party/ncnn/src/layer/x86/convolution_3x3_winograd.h:2552:136: warning: unused parameter 'nT' [-Wunused-parameter]
 2552 | static inline void conv3x3s1_winograd23_transform_input_tile(const Mat& bottom_blob, Mat& B, int j, int max_jj, int k, int max_kk, int nT)
      |                                                                                                                                    ~~~~^~
/home/mingshi/Project/AI/ernie-image-ncnn-vulkan/third_party/ncnn/src/layer/x86/convolution_3x3_winograd.h: In function 'void ncnn::conv3x3s1_winograd43_transform_input_tile(const Mat&, Mat&, int, int, int, int, int)':
/home/mingshi/Project/AI/ernie-image-ncnn-vulkan/third_party/ncnn/src/layer/x86/convolution_3x3_winograd.h:3922:136: warning: unused parameter 'nT' [-Wunused-parameter]
 3922 | static inline void conv3x3s1_winograd43_transform_input_tile(const Mat& bottom_blob, Mat& B, int j, int max_jj, int k, int max_kk, int nT)
      |                                                                                                                                    ~~~~^~
/home/mingshi/Project/AI/ernie-image-ncnn-vulkan/third_party/ncnn/src/layer/x86/convolution_3x3_winograd.h: In function 'void ncnn::conv3x3s1_winograd63_transform_input_tile(const Mat&, Mat&, int, int, int, int, int)':
/home/mingshi/Project/AI/ernie-image-ncnn-vulkan/third_party/ncnn/src/layer/x86/convolution_3x3_winograd.h:5799:136: warning: unused parameter 'nT' [-Wunused-parameter]
 5799 | static inline void conv3x3s1_winograd63_transform_input_tile(const Mat& bottom_blob, Mat& B, int j, int max_jj, int k, int max_kk, int nT)
      |                                                                                                                                    ~~~~^~
/home/mingshi/Project/AI/ernie-image-ncnn-vulkan/third_party/ncnn/src/layer/x86/convolution_3x3_winograd_bf16s.h: In function 'void ncnn::conv3x3s1_winograd23_transform_input_tile_bf16s(const Mat&, Mat&, int, int, int, int, int)':
/home/mingshi/Project/AI/ernie-image-ncnn-vulkan/third_party/ncnn/src/layer/x86/convolution_3x3_winograd_bf16s.h:12:142: warning: unused parameter 'nT' [-Wunused-parameter]
   12 | static inline void conv3x3s1_winograd23_transform_input_tile_bf16s(const Mat& bottom_blob, Mat& B, int j, int max_jj, int k, int max_kk, int nT)
      |                                                                                                                                          ~~~~^~
/home/mingshi/Project/AI/ernie-image-ncnn-vulkan/third_party/ncnn/src/layer/x86/convolution_3x3_winograd_bf16s.h: In function 'void ncnn::conv3x3s1_winograd43_transform_input_tile_bf16s(const Mat&, Mat&, int, int, int, int, int)':
/home/mingshi/Project/AI/ernie-image-ncnn-vulkan/third_party/ncnn/src/layer/x86/convolution_3x3_winograd_bf16s.h:1377:142: warning: unused parameter 'nT' [-Wunused-parameter]
 1377 | static inline void conv3x3s1_winograd43_transform_input_tile_bf16s(const Mat& bottom_blob, Mat& B, int j, int max_jj, int k, int max_kk, int nT)
      |                                                                                                                                          ~~~~^~
/home/mingshi/Project/AI/ernie-image-ncnn-vulkan/third_party/ncnn/src/layer/x86/convolution_3x3_winograd_bf16s.h: In function 'void ncnn::conv3x3s1_winograd63_transform_input_tile_bf16s(const Mat&, Mat&, int, int, int, int, int)':
/home/mingshi/Project/AI/ernie-image-ncnn-vulkan/third_party/ncnn/src/layer/x86/convolution_3x3_winograd_bf16s.h:3254:142: warning: unused parameter 'nT' [-Wunused-parameter]
 3254 | static inline void conv3x3s1_winograd63_transform_input_tile_bf16s(const Mat& bottom_blob, Mat& B, int j, int max_jj, int k, int max_kk, int nT)
      |                                                                                                                                          ~~~~^~
[141/415] Building CXX object ncnn/src/CMakeFiles/ncnn.dir/layer/x86/convolution_x86_avxvnniint8.cpp.obj
In file included from /home/mingshi/Project/AI/ernie-image-ncnn-vulkan/third_party/ncnn/src/layer/x86/convolution_x86_avxvnniint8.cpp:10:
/home/mingshi/Project/AI/ernie-image-ncnn-vulkan/third_party/ncnn/src/layer/x86/convolution_im2col_gemm_int8.h:2711: warning: ignoring '#pragma omp parallel' [-Wunknown-pragmas]
 2711 |     #pragma omp parallel for num_threads(opt.num_threads)
/home/mingshi/Project/AI/ernie-image-ncnn-vulkan/third_party/ncnn/src/layer/x86/convolution_im2col_gemm_int8.h:4577: warning: ignoring '#pragma omp parallel' [-Wunknown-pragmas]
 4577 |     #pragma omp parallel for num_threads(nT)
/home/mingshi/Project/AI/ernie-image-ncnn-vulkan/third_party/ncnn/src/layer/x86/convolution_im2col_gemm_int8.h:4599: warning: ignoring '#pragma omp parallel' [-Wunknown-pragmas]
 4599 |     #pragma omp parallel for num_threads(nT)
[142/415] Building CXX object ncnn/src/CMakeFiles/ncnn.dir/layer/x86/convolution_x86_avxvnni.cpp.obj
In file included from /home/mingshi/Project/AI/ernie-image-ncnn-vulkan/third_party/ncnn/src/layer/x86/convolution_x86_avxvnni.cpp:10:
/home/mingshi/Project/AI/ernie-image-ncnn-vulkan/third_party/ncnn/src/layer/x86/convolution_packed_int8.h:1689: warning: ignoring '#pragma omp parallel' [-Wunknown-pragmas]
 1689 |     #pragma omp parallel for num_threads(opt.num_threads)
In file included from /home/mingshi/Project/AI/ernie-image-ncnn-vulkan/third_party/ncnn/src/layer/x86/convolution_x86_avxvnni.cpp:11:
/home/mingshi/Project/AI/ernie-image-ncnn-vulkan/third_party/ncnn/src/layer/x86/convolution_im2col_gemm_int8.h:2711: warning: ignoring '#pragma omp parallel' [-Wunknown-pragmas]
 2711 |     #pragma omp parallel for num_threads(opt.num_threads)
/home/mingshi/Project/AI/ernie-image-ncnn-vulkan/third_party/ncnn/src/layer/x86/convolution_im2col_gemm_int8.h:4577: warning: ignoring '#pragma omp parallel' [-Wunknown-pragmas]
 4577 |     #pragma omp parallel for num_threads(nT)
/home/mingshi/Project/AI/ernie-image-ncnn-vulkan/third_party/ncnn/src/layer/x86/convolution_im2col_gemm_int8.h:4599: warning: ignoring '#pragma omp parallel' [-Wunknown-pragmas]
 4599 |     #pragma omp parallel for num_threads(nT)
In file included from /home/mingshi/Project/AI/ernie-image-ncnn-vulkan/third_party/ncnn/src/layer/x86/convolution_x86_avxvnni.cpp:12:
/home/mingshi/Project/AI/ernie-image-ncnn-vulkan/third_party/ncnn/src/layer/x86/convolution_3x3_winograd_int8.h:212: warning: ignoring '#pragma omp parallel' [-Wunknown-pragmas]
  212 |     #pragma omp parallel for num_threads(nT)
/home/mingshi/Project/AI/ernie-image-ncnn-vulkan/third_party/ncnn/src/layer/x86/convolution_3x3_winograd_int8.h:3305: warning: ignoring '#pragma omp parallel' [-Wunknown-pragmas]
 3305 |     #pragma omp parallel for num_threads(opt.num_threads)
/home/mingshi/Project/AI/ernie-image-ncnn-vulkan/third_party/ncnn/src/layer/x86/convolution_3x3_winograd_int8.h:3449: warning: ignoring '#pragma omp parallel' [-Wunknown-pragmas]
 3449 |     #pragma omp parallel for num_threads(nT)
/home/mingshi/Project/AI/ernie-image-ncnn-vulkan/third_party/ncnn/src/layer/x86/convolution_3x3_winograd_int8.h:4383: warning: ignoring '#pragma omp parallel' [-Wunknown-pragmas]
 4383 |         #pragma omp parallel for num_threads(nT)
/home/mingshi/Project/AI/ernie-image-ncnn-vulkan/third_party/ncnn/src/layer/x86/convolution_3x3_winograd_int8.h:4410: warning: ignoring '#pragma omp parallel' [-Wunknown-pragmas]
 4410 |     #pragma omp parallel for num_threads(nT)
/home/mingshi/Project/AI/ernie-image-ncnn-vulkan/third_party/ncnn/src/layer/x86/convolution_3x3_winograd_int8.h:4531: warning: ignoring '#pragma omp parallel' [-Wunknown-pragmas]
 4531 |     #pragma omp parallel for num_threads(opt.num_threads)
/home/mingshi/Project/AI/ernie-image-ncnn-vulkan/third_party/ncnn/src/layer/x86/convolution_3x3_winograd_int8.h:4713: warning: ignoring '#pragma omp parallel' [-Wunknown-pragmas]
 4713 |     #pragma omp parallel for num_threads(nT)
/home/mingshi/Project/AI/ernie-image-ncnn-vulkan/third_party/ncnn/src/layer/x86/convolution_3x3_winograd_int8.h:6227: warning: ignoring '#pragma omp parallel' [-Wunknown-pragmas]
 6227 |         #pragma omp parallel for num_threads(nT)
/home/mingshi/Project/AI/ernie-image-ncnn-vulkan/third_party/ncnn/src/layer/x86/convolution_3x3_winograd_int8.h:6254: warning: ignoring '#pragma omp parallel' [-Wunknown-pragmas]
 6254 |     #pragma omp parallel for num_threads(nT)
/home/mingshi/Project/AI/ernie-image-ncnn-vulkan/third_party/ncnn/src/layer/x86/convolution_packed_int8.h: In function 'void ncnn::convolution_packed_int8(const Mat&, Mat&, const Mat&, int, int, int, int, int, int, const Option&)':
/home/mingshi/Project/AI/ernie-image-ncnn-vulkan/third_party/ncnn/src/layer/x86/convolution_packed_int8.h:865:205: warning: unused parameter 'opt' [-Wunused-parameter]
  865 | static void convolution_packed_int8(const Mat& bottom_blob, Mat& top_blob, const Mat& weight_data_tm, int kernel_w, int kernel_h, int dilation_w, int dilation_h, int stride_w, int stride_h, const Option& opt)
      |                                                                                                                                                                                               ~~~~~~~~~~~~~~^~~
/home/mingshi/Project/AI/ernie-image-ncnn-vulkan/third_party/ncnn/src/layer/x86/convolution_3x3_winograd_int8.h: In function 'void ncnn::transpose_pack_B_tile_int8(const Mat&, Mat&, int, int, int, int)':
/home/mingshi/Project/AI/ernie-image-ncnn-vulkan/third_party/ncnn/src/layer/x86/convolution_3x3_winograd_int8.h:210:102: warning: unused parameter 'nT' [-Wunused-parameter]
  210 | static void transpose_pack_B_tile_int8(const Mat& B, Mat& BT, int batch, int max_jj, int max_kk, int nT)
      |                                                                                                  ~~~~^~
/home/mingshi/Project/AI/ernie-image-ncnn-vulkan/third_party/ncnn/src/layer/x86/convolution_3x3_winograd_int8.h: In function 'void ncnn::conv3x3s1_winograd23_transform_input_tile_int8(const Mat&, Mat&, int, int, int, int, int)':
/home/mingshi/Project/AI/ernie-image-ncnn-vulkan/third_party/ncnn/src/layer/x86/convolution_3x3_winograd_int8.h:3326:141: warning: unused parameter 'nT' [-Wunused-parameter]
 3326 | static inline void conv3x3s1_winograd23_transform_input_tile_int8(const Mat& bottom_blob, Mat& B, int j, int max_jj, int k, int max_kk, int nT)
      |                                                                                                                                         ~~~~^~
/home/mingshi/Project/AI/ernie-image-ncnn-vulkan/third_party/ncnn/src/layer/x86/convolution_3x3_winograd_int8.h: In function 'void ncnn::conv3x3s1_winograd43_transform_input_tile_int8(const Mat&, Mat&, int, int, int, int, int)':
/home/mingshi/Project/AI/ernie-image-ncnn-vulkan/third_party/ncnn/src/layer/x86/convolution_3x3_winograd_int8.h:4552:141: warning: unused parameter 'nT' [-Wunused-parameter]
 4552 | static inline void conv3x3s1_winograd43_transform_input_tile_int8(const Mat& bottom_blob, Mat& B, int j, int max_jj, int k, int max_kk, int nT)
      |                                                                                                                                         ~~~~^~
[143/415] Building CXX object ncnn/src/CMakeFiles/ncnn.dir/layer/x86/convolution_x86_xop.cpp.obj
In file included from /home/mingshi/Project/AI/ernie-image-ncnn-vulkan/third_party/ncnn/src/layer/x86/convolution_x86_xop.cpp:10:
/home/mingshi/Project/AI/ernie-image-ncnn-vulkan/third_party/ncnn/src/layer/x86/convolution_packed_int8.h:2586: warning: ignoring '#pragma omp parallel' [-Wunknown-pragmas]
 2586 |     #pragma omp parallel for num_threads(opt.num_threads)
In file included from /home/mingshi/Project/AI/ernie-image-ncnn-vulkan/third_party/ncnn/src/layer/x86/convolution_x86_xop.cpp:12:
/home/mingshi/Project/AI/ernie-image-ncnn-vulkan/third_party/ncnn/src/layer/x86/convolution_3x3_winograd_int8.h:212: warning: ignoring '#pragma omp parallel' [-Wunknown-pragmas]
  212 |     #pragma omp parallel for num_threads(nT)
/home/mingshi/Project/AI/ernie-image-ncnn-vulkan/third_party/ncnn/src/layer/x86/convolution_3x3_winograd_int8.h:3305: warning: ignoring '#pragma omp parallel' [-Wunknown-pragmas]
 3305 |     #pragma omp parallel for num_threads(opt.num_threads)
/home/mingshi/Project/AI/ernie-image-ncnn-vulkan/third_party/ncnn/src/layer/x86/convolution_3x3_winograd_int8.h:3449: warning: ignoring '#pragma omp parallel' [-Wunknown-pragmas]
 3449 |     #pragma omp parallel for num_threads(nT)
/home/mingshi/Project/AI/ernie-image-ncnn-vulkan/third_party/ncnn/src/layer/x86/convolution_3x3_winograd_int8.h:4383: warning: ignoring '#pragma omp parallel' [-Wunknown-pragmas]
 4383 |         #pragma omp parallel for num_threads(nT)
/home/mingshi/Project/AI/ernie-image-ncnn-vulkan/third_party/ncnn/src/layer/x86/convolution_3x3_winograd_int8.h:4410: warning: ignoring '#pragma omp parallel' [-Wunknown-pragmas]
 4410 |     #pragma omp parallel for num_threads(nT)
/home/mingshi/Project/AI/ernie-image-ncnn-vulkan/third_party/ncnn/src/layer/x86/convolution_3x3_winograd_int8.h:4531: warning: ignoring '#pragma omp parallel' [-Wunknown-pragmas]
 4531 |     #pragma omp parallel for num_threads(opt.num_threads)
/home/mingshi/Project/AI/ernie-image-ncnn-vulkan/third_party/ncnn/src/layer/x86/convolution_3x3_winograd_int8.h:4713: warning: ignoring '#pragma omp parallel' [-Wunknown-pragmas]
 4713 |     #pragma omp parallel for num_threads(nT)
/home/mingshi/Project/AI/ernie-image-ncnn-vulkan/third_party/ncnn/src/layer/x86/convolution_3x3_winograd_int8.h:6227: warning: ignoring '#pragma omp parallel' [-Wunknown-pragmas]
 6227 |         #pragma omp parallel for num_threads(nT)
/home/mingshi/Project/AI/ernie-image-ncnn-vulkan/third_party/ncnn/src/layer/x86/convolution_3x3_winograd_int8.h:6254: warning: ignoring '#pragma omp parallel' [-Wunknown-pragmas]
 6254 |     #pragma omp parallel for num_threads(nT)
/home/mingshi/Project/AI/ernie-image-ncnn-vulkan/third_party/ncnn/src/layer/x86/convolution_3x3_winograd_int8.h: In function 'void ncnn::transpose_pack_B_tile_int8(const Mat&, Mat&, int, int, int, int)':
/home/mingshi/Project/AI/ernie-image-ncnn-vulkan/third_party/ncnn/src/layer/x86/convolution_3x3_winograd_int8.h:210:102: warning: unused parameter 'nT' [-Wunused-parameter]
  210 | static void transpose_pack_B_tile_int8(const Mat& B, Mat& BT, int batch, int max_jj, int max_kk, int nT)
      |                                                                                                  ~~~~^~
/home/mingshi/Project/AI/ernie-image-ncnn-vulkan/third_party/ncnn/src/layer/x86/convolution_3x3_winograd_int8.h: In function 'void ncnn::conv3x3s1_winograd23_transform_input_tile_int8(const Mat&, Mat&, int, int, int, int, int)':
/home/mingshi/Project/AI/ernie-image-ncnn-vulkan/third_party/ncnn/src/layer/x86/convolution_3x3_winograd_int8.h:3326:141: warning: unused parameter 'nT' [-Wunused-parameter]
 3326 | static inline void conv3x3s1_winograd23_transform_input_tile_int8(const Mat& bottom_blob, Mat& B, int j, int max_jj, int k, int max_kk, int nT)
      |                                                                                                                                         ~~~~^~
/home/mingshi/Project/AI/ernie-image-ncnn-vulkan/third_party/ncnn/src/layer/x86/convolution_3x3_winograd_int8.h: In function 'void ncnn::conv3x3s1_winograd43_transform_input_tile_int8(const Mat&, Mat&, int, int, int, int, int)':
/home/mingshi/Project/AI/ernie-image-ncnn-vulkan/third_party/ncnn/src/layer/x86/convolution_3x3_winograd_int8.h:4552:141: warning: unused parameter 'nT' [-Wunused-parameter]
 4552 | static inline void conv3x3s1_winograd43_transform_input_tile_int8(const Mat& bottom_blob, Mat& B, int j, int max_jj, int k, int max_kk, int nT)
      |                                                                                                                                         ~~~~^~
[144/415] Building CXX object ncnn/src/CMakeFiles/ncnn.dir/layer/crop.cpp.obj
/home/mingshi/Project/AI/ernie-image-ncnn-vulkan/third_party/ncnn/src/layer/crop.cpp:179: warning: ignoring '#pragma omp parallel' [-Wunknown-pragmas]
  179 |         #pragma omp parallel for num_threads(opt.num_threads)
/home/mingshi/Project/AI/ernie-image-ncnn-vulkan/third_party/ncnn/src/layer/crop.cpp:217: warning: ignoring '#pragma omp parallel' [-Wunknown-pragmas]
  217 |         #pragma omp parallel for num_threads(opt.num_threads)
/home/mingshi/Project/AI/ernie-image-ncnn-vulkan/third_party/ncnn/src/layer/crop.cpp:331: warning: ignoring '#pragma omp parallel' [-Wunknown-pragmas]
  331 |         #pragma omp parallel for num_threads(opt.num_threads)
/home/mingshi/Project/AI/ernie-image-ncnn-vulkan/third_party/ncnn/src/layer/crop.cpp:369: warning: ignoring '#pragma omp parallel' [-Wunknown-pragmas]
  369 |         #pragma omp parallel for num_threads(opt.num_threads)
[145/415] Building CXX object ncnn/src/CMakeFiles/ncnn.dir/layer/x86/crop_x86.cpp.obj
/home/mingshi/Project/AI/ernie-image-ncnn-vulkan/third_party/ncnn/src/layer/x86/crop_x86.cpp:560: warning: ignoring '#pragma omp parallel' [-Wunknown-pragmas]
  560 |                 #pragma omp parallel for num_threads(opt.num_threads)
/home/mingshi/Project/AI/ernie-image-ncnn-vulkan/third_party/ncnn/src/layer/x86/crop_x86.cpp:602: warning: ignoring '#pragma omp parallel' [-Wunknown-pragmas]
  602 |                 #pragma omp parallel for num_threads(opt.num_threads)
/home/mingshi/Project/AI/ernie-image-ncnn-vulkan/third_party/ncnn/src/layer/x86/crop_x86.cpp:1037: warning: ignoring '#pragma omp parallel' [-Wunknown-pragmas]
 1037 |                 #pragma omp parallel for num_threads(opt.num_threads)
/home/mingshi/Project/AI/ernie-image-ncnn-vulkan/third_party/ncnn/src/layer/x86/crop_x86.cpp:1079: warning: ignoring '#pragma omp parallel' [-Wunknown-pragmas]
 1079 |                 #pragma omp parallel for num_threads(opt.num_threads)
[146/415] Building CXX object ncnn/src/CMakeFiles/ncnn.dir/layer/x86/crop_x86_avx512.cpp.obj
/home/mingshi/Project/AI/ernie-image-ncnn-vulkan/.worktrees/surpass-reference/build-windows-cpu-v1/ncnn/src/layer/x86/crop_x86_avx512.cpp:278: warning: ignoring '#pragma omp parallel' [-Wunknown-pragmas]
  278 |                 #pragma omp parallel for num_threads(opt.num_threads)
/home/mingshi/Project/AI/ernie-image-ncnn-vulkan/.worktrees/surpass-reference/build-windows-cpu-v1/ncnn/src/layer/x86/crop_x86_avx512.cpp:319: warning: ignoring '#pragma omp parallel' [-Wunknown-pragmas]
  319 |                 #pragma omp parallel for num_threads(opt.num_threads)
/home/mingshi/Project/AI/ernie-image-ncnn-vulkan/.worktrees/surpass-reference/build-windows-cpu-v1/ncnn/src/layer/x86/crop_x86_avx512.cpp:419: warning: ignoring '#pragma omp parallel' [-Wunknown-pragmas]
  419 |                 #pragma omp parallel for num_threads(opt.num_threads)
/home/mingshi/Project/AI/ernie-image-ncnn-vulkan/.worktrees/surpass-reference/build-windows-cpu-v1/ncnn/src/layer/x86/crop_x86_avx512.cpp:460: warning: ignoring '#pragma omp parallel' [-Wunknown-pragmas]
  460 |                 #pragma omp parallel for num_threads(opt.num_threads)
/home/mingshi/Project/AI/ernie-image-ncnn-vulkan/.worktrees/surpass-reference/build-windows-cpu-v1/ncnn/src/layer/x86/crop_x86_avx512.cpp:560: warning: ignoring '#pragma omp parallel' [-Wunknown-pragmas]
  560 |                 #pragma omp parallel for num_threads(opt.num_threads)
/home/mingshi/Project/AI/ernie-image-ncnn-vulkan/.worktrees/surpass-reference/build-windows-cpu-v1/ncnn/src/layer/x86/crop_x86_avx512.cpp:602: warning: ignoring '#pragma omp parallel' [-Wunknown-pragmas]
  602 |                 #pragma omp parallel for num_threads(opt.num_threads)
/home/mingshi/Project/AI/ernie-image-ncnn-vulkan/.worktrees/surpass-reference/build-windows-cpu-v1/ncnn/src/layer/x86/crop_x86_avx512.cpp:755: warning: ignoring '#pragma omp parallel' [-Wunknown-pragmas]
  755 |                 #pragma omp parallel for num_threads(opt.num_threads)
/home/mingshi/Project/AI/ernie-image-ncnn-vulkan/.worktrees/surpass-reference/build-windows-cpu-v1/ncnn/src/layer/x86/crop_x86_avx512.cpp:796: warning: ignoring '#pragma omp parallel' [-Wunknown-pragmas]
  796 |                 #pragma omp parallel for num_threads(opt.num_threads)
/home/mingshi/Project/AI/ernie-image-ncnn-vulkan/.worktrees/surpass-reference/build-windows-cpu-v1/ncnn/src/layer/x86/crop_x86_avx512.cpp:896: warning: ignoring '#pragma omp parallel' [-Wunknown-pragmas]
  896 |                 #pragma omp parallel for num_threads(opt.num_threads)
/home/mingshi/Project/AI/ernie-image-ncnn-vulkan/.worktrees/surpass-reference/build-windows-cpu-v1/ncnn/src/layer/x86/crop_x86_avx512.cpp:937: warning: ignoring '#pragma omp parallel' [-Wunknown-pragmas]
  937 |                 #pragma omp parallel for num_threads(opt.num_threads)
/home/mingshi/Project/AI/ernie-image-ncnn-vulkan/.worktrees/surpass-reference/build-windows-cpu-v1/ncnn/src/layer/x86/crop_x86_avx512.cpp:1037: warning: ignoring '#pragma omp parallel' [-Wunknown-pragmas]
 1037 |                 #pragma omp parallel for num_threads(opt.num_threads)
/home/mingshi/Project/AI/ernie-image-ncnn-vulkan/.worktrees/surpass-reference/build-windows-cpu-v1/ncnn/src/layer/x86/crop_x86_avx512.cpp:1079: warning: ignoring '#pragma omp parallel' [-Wunknown-pragmas]
 1079 |                 #pragma omp parallel for num_threads(opt.num_threads)
[147/415] Building CXX object ncnn/src/CMakeFiles/ncnn.dir/layer/x86/convolution_x86_avx2.cpp.obj
In file included from /home/mingshi/Project/AI/ernie-image-ncnn-vulkan/third_party/ncnn/src/layer/x86/convolution_x86_avx2.cpp:13:
/home/mingshi/Project/AI/ernie-image-ncnn-vulkan/third_party/ncnn/src/layer/x86/convolution_packed_int8.h:1689: warning: ignoring '#pragma omp parallel' [-Wunknown-pragmas]
 1689 |     #pragma omp parallel for num_threads(opt.num_threads)
In file included from /home/mingshi/Project/AI/ernie-image-ncnn-vulkan/third_party/ncnn/src/layer/x86/convolution_x86_avx2.cpp:14:
/home/mingshi/Project/AI/ernie-image-ncnn-vulkan/third_party/ncnn/src/layer/x86/convolution_im2col_gemm_int8.h:2711: warning: ignoring '#pragma omp parallel' [-Wunknown-pragmas]
 2711 |     #pragma omp parallel for num_threads(opt.num_threads)
/home/mingshi/Project/AI/ernie-image-ncnn-vulkan/third_party/ncnn/src/layer/x86/convolution_im2col_gemm_int8.h:4577: warning: ignoring '#pragma omp parallel' [-Wunknown-pragmas]
 4577 |     #pragma omp parallel for num_threads(nT)
/home/mingshi/Project/AI/ernie-image-ncnn-vulkan/third_party/ncnn/src/layer/x86/convolution_im2col_gemm_int8.h:4599: warning: ignoring '#pragma omp parallel' [-Wunknown-pragmas]
 4599 |     #pragma omp parallel for num_threads(nT)
In file included from /home/mingshi/Project/AI/ernie-image-ncnn-vulkan/third_party/ncnn/src/layer/x86/convolution_x86_avx2.cpp:15:
/home/mingshi/Project/AI/ernie-image-ncnn-vulkan/third_party/ncnn/src/layer/x86/convolution_3x3_winograd_int8.h:212: warning: ignoring '#pragma omp parallel' [-Wunknown-pragmas]
  212 |     #pragma omp parallel for num_threads(nT)
/home/mingshi/Project/AI/ernie-image-ncnn-vulkan/third_party/ncnn/src/layer/x86/convolution_3x3_winograd_int8.h:3305: warning: ignoring '#pragma omp parallel' [-Wunknown-pragmas]
 3305 |     #pragma omp parallel for num_threads(opt.num_threads)
/home/mingshi/Project/AI/ernie-image-ncnn-vulkan/third_party/ncnn/src/layer/x86/convolution_3x3_winograd_int8.h:3449: warning: ignoring '#pragma omp parallel' [-Wunknown-pragmas]
 3449 |     #pragma omp parallel for num_threads(nT)
/home/mingshi/Project/AI/ernie-image-ncnn-vulkan/third_party/ncnn/src/layer/x86/convolution_3x3_winograd_int8.h:4383: warning: ignoring '#pragma omp parallel' [-Wunknown-pragmas]
 4383 |         #pragma omp parallel for num_threads(nT)
/home/mingshi/Project/AI/ernie-image-ncnn-vulkan/third_party/ncnn/src/layer/x86/convolution_3x3_winograd_int8.h:4410: warning: ignoring '#pragma omp parallel' [-Wunknown-pragmas]
 4410 |     #pragma omp parallel for num_threads(nT)
/home/mingshi/Project/AI/ernie-image-ncnn-vulkan/third_party/ncnn/src/layer/x86/convolution_3x3_winograd_int8.h:4531: warning: ignoring '#pragma omp parallel' [-Wunknown-pragmas]
 4531 |     #pragma omp parallel for num_threads(opt.num_threads)
/home/mingshi/Project/AI/ernie-image-ncnn-vulkan/third_party/ncnn/src/layer/x86/convolution_3x3_winograd_int8.h:4713: warning: ignoring '#pragma omp parallel' [-Wunknown-pragmas]
 4713 |     #pragma omp parallel for num_threads(nT)
/home/mingshi/Project/AI/ernie-image-ncnn-vulkan/third_party/ncnn/src/layer/x86/convolution_3x3_winograd_int8.h:6227: warning: ignoring '#pragma omp parallel' [-Wunknown-pragmas]
 6227 |         #pragma omp parallel for num_threads(nT)
/home/mingshi/Project/AI/ernie-image-ncnn-vulkan/third_party/ncnn/src/layer/x86/convolution_3x3_winograd_int8.h:6254: warning: ignoring '#pragma omp parallel' [-Wunknown-pragmas]
 6254 |     #pragma omp parallel for num_threads(nT)
In file included from /home/mingshi/Project/AI/ernie-image-ncnn-vulkan/third_party/ncnn/src/layer/x86/convolution_x86_avx2.cpp:17:
/home/mingshi/Project/AI/ernie-image-ncnn-vulkan/third_party/ncnn/src/layer/x86/convolution_packed_bf16s.h:1617: warning: ignoring '#pragma omp parallel' [-Wunknown-pragmas]
 1617 |     #pragma omp parallel for num_threads(opt.num_threads)
In file included from /home/mingshi/Project/AI/ernie-image-ncnn-vulkan/third_party/ncnn/src/layer/x86/convolution_x86_avx2.cpp:18:
/home/mingshi/Project/AI/ernie-image-ncnn-vulkan/third_party/ncnn/src/layer/x86/convolution_im2col_gemm_bf16s.h:6286: warning: ignoring '#pragma omp parallel' [-Wunknown-pragmas]
 6286 |     #pragma omp parallel for num_threads(opt.num_threads)
/home/mingshi/Project/AI/ernie-image-ncnn-vulkan/third_party/ncnn/src/layer/x86/convolution_im2col_gemm_bf16s.h:6350: warning: ignoring '#pragma omp parallel' [-Wunknown-pragmas]
 6350 |     #pragma omp parallel for num_threads(nT)
/home/mingshi/Project/AI/ernie-image-ncnn-vulkan/third_party/ncnn/src/layer/x86/convolution_im2col_gemm_bf16s.h:6376: warning: ignoring '#pragma omp parallel' [-Wunknown-pragmas]
 6376 |     #pragma omp parallel for num_threads(nT)
In file included from /home/mingshi/Project/AI/ernie-image-ncnn-vulkan/third_party/ncnn/src/layer/x86/convolution_x86_avx2.cpp:20:
/home/mingshi/Project/AI/ernie-image-ncnn-vulkan/third_party/ncnn/src/layer/x86/convolution_3x3_winograd.h:117: warning: ignoring '#pragma omp parallel' [-Wunknown-pragmas]
  117 |     #pragma omp parallel for num_threads(nT)
/home/mingshi/Project/AI/ernie-image-ncnn-vulkan/third_party/ncnn/src/layer/x86/convolution_3x3_winograd.h:2531: warning: ignoring '#pragma omp parallel' [-Wunknown-pragmas]
 2531 |     #pragma omp parallel for num_threads(opt.num_threads)
/home/mingshi/Project/AI/ernie-image-ncnn-vulkan/third_party/ncnn/src/layer/x86/convolution_3x3_winograd.h:2723: warning: ignoring '#pragma omp parallel' [-Wunknown-pragmas]
 2723 |     #pragma omp parallel for num_threads(nT)
/home/mingshi/Project/AI/ernie-image-ncnn-vulkan/third_party/ncnn/src/layer/x86/convolution_3x3_winograd.h:3757: warning: ignoring '#pragma omp parallel' [-Wunknown-pragmas]
 3757 |         #pragma omp parallel for num_threads(nT)
/home/mingshi/Project/AI/ernie-image-ncnn-vulkan/third_party/ncnn/src/layer/x86/convolution_3x3_winograd.h:3784: warning: ignoring '#pragma omp parallel' [-Wunknown-pragmas]
 3784 |     #pragma omp parallel for num_threads(nT)
/home/mingshi/Project/AI/ernie-image-ncnn-vulkan/third_party/ncnn/src/layer/x86/convolution_3x3_winograd.h:3901: warning: ignoring '#pragma omp parallel' [-Wunknown-pragmas]
 3901 |     #pragma omp parallel for num_threads(opt.num_threads)
/home/mingshi/Project/AI/ernie-image-ncnn-vulkan/third_party/ncnn/src/layer/x86/convolution_3x3_winograd.h:4145: warning: ignoring '#pragma omp parallel' [-Wunknown-pragmas]
 4145 |     #pragma omp parallel for num_threads(nT)
/home/mingshi/Project/AI/ernie-image-ncnn-vulkan/third_party/ncnn/src/layer/x86/convolution_3x3_winograd.h:5627: warning: ignoring '#pragma omp parallel' [-Wunknown-pragmas]
 5627 |         #pragma omp parallel for num_threads(nT)
/home/mingshi/Project/AI/ernie-image-ncnn-vulkan/third_party/ncnn/src/layer/x86/convolution_3x3_winograd.h:5654: warning: ignoring '#pragma omp parallel' [-Wunknown-pragmas]
 5654 |     #pragma omp parallel for num_threads(nT)
/home/mingshi/Project/AI/ernie-image-ncnn-vulkan/third_party/ncnn/src/layer/x86/convolution_3x3_winograd.h:5778: warning: ignoring '#pragma omp parallel' [-Wunknown-pragmas]
 5778 |     #pragma omp parallel for num_threads(opt.num_threads)
/home/mingshi/Project/AI/ernie-image-ncnn-vulkan/third_party/ncnn/src/layer/x86/convolution_3x3_winograd.h:6079: warning: ignoring '#pragma omp parallel' [-Wunknown-pragmas]
 6079 |     #pragma omp parallel for num_threads(nT)
/home/mingshi/Project/AI/ernie-image-ncnn-vulkan/third_party/ncnn/src/layer/x86/convolution_3x3_winograd.h:7945: warning: ignoring '#pragma omp parallel' [-Wunknown-pragmas]
 7945 |         #pragma omp parallel for num_threads(nT)
/home/mingshi/Project/AI/ernie-image-ncnn-vulkan/third_party/ncnn/src/layer/x86/convolution_3x3_winograd.h:7972: warning: ignoring '#pragma omp parallel' [-Wunknown-pragmas]
 7972 |     #pragma omp parallel for num_threads(nT)
In file included from /home/mingshi/Project/AI/ernie-image-ncnn-vulkan/third_party/ncnn/src/layer/x86/convolution_x86_avx2.cpp:21:
/home/mingshi/Project/AI/ernie-image-ncnn-vulkan/third_party/ncnn/src/layer/x86/convolution_3x3_winograd_bf16s.h:199: warning: ignoring '#pragma omp parallel' [-Wunknown-pragmas]
  199 |     #pragma omp parallel for num_threads(nT)
/home/mingshi/Project/AI/ernie-image-ncnn-vulkan/third_party/ncnn/src/layer/x86/convolution_3x3_winograd_bf16s.h:1310: warning: ignoring '#pragma omp parallel' [-Wunknown-pragmas]
 1310 |         #pragma omp parallel for num_threads(nT)
/home/mingshi/Project/AI/ernie-image-ncnn-vulkan/third_party/ncnn/src/layer/x86/convolution_3x3_winograd_bf16s.h:1337: warning: ignoring '#pragma omp parallel' [-Wunknown-pragmas]
 1337 |     #pragma omp parallel for num_threads(nT)
/home/mingshi/Project/AI/ernie-image-ncnn-vulkan/third_party/ncnn/src/layer/x86/convolution_3x3_winograd_bf16s.h:1616: warning: ignoring '#pragma omp parallel' [-Wunknown-pragmas]
 1616 |     #pragma omp parallel for num_threads(nT)
/home/mingshi/Project/AI/ernie-image-ncnn-vulkan/third_party/ncnn/src/layer/x86/convolution_3x3_winograd_bf16s.h:3187: warning: ignoring '#pragma omp parallel' [-Wunknown-pragmas]
 3187 |         #pragma omp parallel for num_threads(nT)
/home/mingshi/Project/AI/ernie-image-ncnn-vulkan/third_party/ncnn/src/layer/x86/convolution_3x3_winograd_bf16s.h:3214: warning: ignoring '#pragma omp parallel' [-Wunknown-pragmas]
 3214 |     #pragma omp parallel for num_threads(nT)
/home/mingshi/Project/AI/ernie-image-ncnn-vulkan/third_party/ncnn/src/layer/x86/convolution_3x3_winograd_bf16s.h:3550: warning: ignoring '#pragma omp parallel' [-Wunknown-pragmas]
 3550 |     #pragma omp parallel for num_threads(nT)
/home/mingshi/Project/AI/ernie-image-ncnn-vulkan/third_party/ncnn/src/layer/x86/convolution_3x3_winograd_bf16s.h:5517: warning: ignoring '#pragma omp parallel' [-Wunknown-pragmas]
 5517 |         #pragma omp parallel for num_threads(nT)
/home/mingshi/Project/AI/ernie-image-ncnn-vulkan/third_party/ncnn/src/layer/x86/convolution_3x3_winograd_bf16s.h:5544: warning: ignoring '#pragma omp parallel' [-Wunknown-pragmas]
 5544 |     #pragma omp parallel for num_threads(nT)
/home/mingshi/Project/AI/ernie-image-ncnn-vulkan/third_party/ncnn/src/layer/x86/convolution_3x3_winograd_int8.h: In function 'void ncnn::transpose_pack_B_tile_int8(const Mat&, Mat&, int, int, int, int)':
/home/mingshi/Project/AI/ernie-image-ncnn-vulkan/third_party/ncnn/src/layer/x86/convolution_3x3_winograd_int8.h:210:102: warning: unused parameter 'nT' [-Wunused-parameter]
  210 | static void transpose_pack_B_tile_int8(const Mat& B, Mat& BT, int batch, int max_jj, int max_kk, int nT)
      |                                                                                                  ~~~~^~
/home/mingshi/Project/AI/ernie-image-ncnn-vulkan/third_party/ncnn/src/layer/x86/convolution_3x3_winograd_int8.h: In function 'void ncnn::conv3x3s1_winograd23_transform_input_tile_int8(const Mat&, Mat&, int, int, int, int, int)':
/home/mingshi/Project/AI/ernie-image-ncnn-vulkan/third_party/ncnn/src/layer/x86/convolution_3x3_winograd_int8.h:3326:141: warning: unused parameter 'nT' [-Wunused-parameter]
 3326 | static inline void conv3x3s1_winograd23_transform_input_tile_int8(const Mat& bottom_blob, Mat& B, int j, int max_jj, int k, int max_kk, int nT)
      |                                                                                                                                         ~~~~^~
/home/mingshi/Project/AI/ernie-image-ncnn-vulkan/third_party/ncnn/src/layer/x86/convolution_3x3_winograd_int8.h: In function 'void ncnn::conv3x3s1_winograd43_transform_input_tile_int8(const Mat&, Mat&, int, int, int, int, int)':
/home/mingshi/Project/AI/ernie-image-ncnn-vulkan/third_party/ncnn/src/layer/x86/convolution_3x3_winograd_int8.h:4552:141: warning: unused parameter 'nT' [-Wunused-parameter]
 4552 | static inline void conv3x3s1_winograd43_transform_input_tile_int8(const Mat& bottom_blob, Mat& B, int j, int max_jj, int k, int max_kk, int nT)
      |                                                                                                                                         ~~~~^~
/home/mingshi/Project/AI/ernie-image-ncnn-vulkan/third_party/ncnn/src/layer/x86/convolution_packed_bf16s.h: In function 'void ncnn::convolution_packed_bf16s(const Mat&, Mat&, const Mat&, const Mat&, int, int, int, int, int, int, int, const Mat&, const Option&)':
/home/mingshi/Project/AI/ernie-image-ncnn-vulkan/third_party/ncnn/src/layer/x86/convolution_packed_bf16s.h:1095:279: warning: unused parameter 'opt' [-Wunused-parameter]
 1095 | static void convolution_packed_bf16s(const Mat& bottom_blob, Mat& top_blob, const Mat& weight_data_tm, const Mat& bias_data, int kernel_w, int kernel_h, int dilation_w, int dilation_h, int stride_w, int stride_h, int activation_type, const Mat& activation_params, const Option& opt)
      |                                                                                                                                                                                                                                                                         ~~~~~~~~~~~~~~^~~
/home/mingshi/Project/AI/ernie-image-ncnn-vulkan/third_party/ncnn/src/layer/x86/convolution_3x3_winograd.h: In function 'void ncnn::transpose_pack_B_tile(const Mat&, Mat&, int, int, int, int)':
/home/mingshi/Project/AI/ernie-image-ncnn-vulkan/third_party/ncnn/src/layer/x86/convolution_3x3_winograd.h:115:97: warning: unused parameter 'nT' [-Wunused-parameter]
  115 | static void transpose_pack_B_tile(const Mat& B, Mat& BT, int batch, int max_jj, int max_kk, int nT)
      |                                                                                             ~~~~^~
/home/mingshi/Project/AI/ernie-image-ncnn-vulkan/third_party/ncnn/src/layer/x86/convolution_3x3_winograd.h: In function 'void ncnn::conv3x3s1_winograd23_transform_input_tile(const Mat&, Mat&, int, int, int, int, int)':
/home/mingshi/Project/AI/ernie-image-ncnn-vulkan/third_party/ncnn/src/layer/x86/convolution_3x3_winograd.h:2552:136: warning: unused parameter 'nT' [-Wunused-parameter]
 2552 | static inline void conv3x3s1_winograd23_transform_input_tile(const Mat& bottom_blob, Mat& B, int j, int max_jj, int k, int max_kk, int nT)
      |                                                                                                                                    ~~~~^~
/home/mingshi/Project/AI/ernie-image-ncnn-vulkan/third_party/ncnn/src/layer/x86/convolution_3x3_winograd.h: In function 'void ncnn::conv3x3s1_winograd43_transform_input_tile(const Mat&, Mat&, int, int, int, int, int)':
/home/mingshi/Project/AI/ernie-image-ncnn-vulkan/third_party/ncnn/src/layer/x86/convolution_3x3_winograd.h:3922:136: warning: unused parameter 'nT' [-Wunused-parameter]
 3922 | static inline void conv3x3s1_winograd43_transform_input_tile(const Mat& bottom_blob, Mat& B, int j, int max_jj, int k, int max_kk, int nT)
      |                                                                                                                                    ~~~~^~
/home/mingshi/Project/AI/ernie-image-ncnn-vulkan/third_party/ncnn/src/layer/x86/convolution_3x3_winograd.h: In function 'void ncnn::conv3x3s1_winograd63_transform_input_tile(const Mat&, Mat&, int, int, int, int, int)':
/home/mingshi/Project/AI/ernie-image-ncnn-vulkan/third_party/ncnn/src/layer/x86/convolution_3x3_winograd.h:5799:136: warning: unused parameter 'nT' [-Wunused-parameter]
 5799 | static inline void conv3x3s1_winograd63_transform_input_tile(const Mat& bottom_blob, Mat& B, int j, int max_jj, int k, int max_kk, int nT)
      |                                                                                                                                    ~~~~^~
/home/mingshi/Project/AI/ernie-image-ncnn-vulkan/third_party/ncnn/src/layer/x86/convolution_3x3_winograd_bf16s.h: In function 'void ncnn::conv3x3s1_winograd23_transform_input_tile_bf16s(const Mat&, Mat&, int, int, int, int, int)':
/home/mingshi/Project/AI/ernie-image-ncnn-vulkan/third_party/ncnn/src/layer/x86/convolution_3x3_winograd_bf16s.h:12:142: warning: unused parameter 'nT' [-Wunused-parameter]
   12 | static inline void conv3x3s1_winograd23_transform_input_tile_bf16s(const Mat& bottom_blob, Mat& B, int j, int max_jj, int k, int max_kk, int nT)
      |                                                                                                                                          ~~~~^~
/home/mingshi/Project/AI/ernie-image-ncnn-vulkan/third_party/ncnn/src/layer/x86/convolution_3x3_winograd_bf16s.h: In function 'void ncnn::conv3x3s1_winograd43_transform_input_tile_bf16s(const Mat&, Mat&, int, int, int, int, int)':
/home/mingshi/Project/AI/ernie-image-ncnn-vulkan/third_party/ncnn/src/layer/x86/convolution_3x3_winograd_bf16s.h:1377:142: warning: unused parameter 'nT' [-Wunused-parameter]
 1377 | static inline void conv3x3s1_winograd43_transform_input_tile_bf16s(const Mat& bottom_blob, Mat& B, int j, int max_jj, int k, int max_kk, int nT)
      |                                                                                                                                          ~~~~^~
/home/mingshi/Project/AI/ernie-image-ncnn-vulkan/third_party/ncnn/src/layer/x86/convolution_3x3_winograd_bf16s.h: In function 'void ncnn::conv3x3s1_winograd63_transform_input_tile_bf16s(const Mat&, Mat&, int, int, int, int, int)':
/home/mingshi/Project/AI/ernie-image-ncnn-vulkan/third_party/ncnn/src/layer/x86/convolution_3x3_winograd_bf16s.h:3254:142: warning: unused parameter 'nT' [-Wunused-parameter]
 3254 | static inline void conv3x3s1_winograd63_transform_input_tile_bf16s(const Mat& bottom_blob, Mat& B, int j, int max_jj, int k, int max_kk, int nT)
      |                                                                                                                                          ~~~~^~
[148/415] Building CXX object ncnn/src/CMakeFiles/ncnn.dir/layer/x86/crop_x86_avx.cpp.obj
/home/mingshi/Project/AI/ernie-image-ncnn-vulkan/.worktrees/surpass-reference/build-windows-cpu-v1/ncnn/src/layer/x86/crop_x86_avx.cpp:419: warning: ignoring '#pragma omp parallel' [-Wunknown-pragmas]
  419 |                 #pragma omp parallel for num_threads(opt.num_threads)
/home/mingshi/Project/AI/ernie-image-ncnn-vulkan/.worktrees/surpass-reference/build-windows-cpu-v1/ncnn/src/layer/x86/crop_x86_avx.cpp:460: warning: ignoring '#pragma omp parallel' [-Wunknown-pragmas]
  460 |                 #pragma omp parallel for num_threads(opt.num_threads)
/home/mingshi/Project/AI/ernie-image-ncnn-vulkan/.worktrees/surpass-reference/build-windows-cpu-v1/ncnn/src/layer/x86/crop_x86_avx.cpp:560: warning: ignoring '#pragma omp parallel' [-Wunknown-pragmas]
  560 |                 #pragma omp parallel for num_threads(opt.num_threads)
/home/mingshi/Project/AI/ernie-image-ncnn-vulkan/.worktrees/surpass-reference/build-windows-cpu-v1/ncnn/src/layer/x86/crop_x86_avx.cpp:602: warning: ignoring '#pragma omp parallel' [-Wunknown-pragmas]
  602 |                 #pragma omp parallel for num_threads(opt.num_threads)
/home/mingshi/Project/AI/ernie-image-ncnn-vulkan/.worktrees/surpass-reference/build-windows-cpu-v1/ncnn/src/layer/x86/crop_x86_avx.cpp:896: warning: ignoring '#pragma omp parallel' [-Wunknown-pragmas]
  896 |                 #pragma omp parallel for num_threads(opt.num_threads)
/home/mingshi/Project/AI/ernie-image-ncnn-vulkan/.worktrees/surpass-reference/build-windows-cpu-v1/ncnn/src/layer/x86/crop_x86_avx.cpp:937: warning: ignoring '#pragma omp parallel' [-Wunknown-pragmas]
  937 |                 #pragma omp parallel for num_threads(opt.num_threads)
/home/mingshi/Project/AI/ernie-image-ncnn-vulkan/.worktrees/surpass-reference/build-windows-cpu-v1/ncnn/src/layer/x86/crop_x86_avx.cpp:1037: warning: ignoring '#pragma omp parallel' [-Wunknown-pragmas]
 1037 |                 #pragma omp parallel for num_threads(opt.num_threads)
/home/mingshi/Project/AI/ernie-image-ncnn-vulkan/.worktrees/surpass-reference/build-windows-cpu-v1/ncnn/src/layer/x86/crop_x86_avx.cpp:1079: warning: ignoring '#pragma omp parallel' [-Wunknown-pragmas]
 1079 |                 #pragma omp parallel for num_threads(opt.num_threads)
[149/415] Building CXX object ncnn/src/CMakeFiles/ncnn.dir/layer/flatten.cpp.obj
/home/mingshi/Project/AI/ernie-image-ncnn-vulkan/third_party/ncnn/src/layer/flatten.cpp:29: warning: ignoring '#pragma omp parallel' [-Wunknown-pragmas]
   29 |     #pragma omp parallel for num_threads(opt.num_threads)
[150/415] Building CXX object ncnn/src/CMakeFiles/ncnn.dir/layer/x86/flatten_x86.cpp.obj
/home/mingshi/Project/AI/ernie-image-ncnn-vulkan/third_party/ncnn/src/layer/x86/flatten_x86.cpp:270: warning: ignoring '#pragma omp parallel' [-Wunknown-pragmas]
  270 |             #pragma omp parallel for num_threads(opt.num_threads)
/home/mingshi/Project/AI/ernie-image-ncnn-vulkan/third_party/ncnn/src/layer/x86/flatten_x86.cpp:491: warning: ignoring '#pragma omp parallel' [-Wunknown-pragmas]
  491 |             #pragma omp parallel for num_threads(opt.num_threads)
/home/mingshi/Project/AI/ernie-image-ncnn-vulkan/third_party/ncnn/src/layer/x86/flatten_x86.cpp:536: warning: ignoring '#pragma omp parallel' [-Wunknown-pragmas]
  536 |             #pragma omp parallel for num_threads(opt.num_threads)
/home/mingshi/Project/AI/ernie-image-ncnn-vulkan/third_party/ncnn/src/layer/x86/flatten_x86.cpp:706: warning: ignoring '#pragma omp parallel' [-Wunknown-pragmas]
  706 |             #pragma omp parallel for num_threads(opt.num_threads)
/home/mingshi/Project/AI/ernie-image-ncnn-vulkan/third_party/ncnn/src/layer/x86/flatten_x86.cpp:816: warning: ignoring '#pragma omp parallel' [-Wunknown-pragmas]
  816 |             #pragma omp parallel for num_threads(opt.num_threads)
/home/mingshi/Project/AI/ernie-image-ncnn-vulkan/third_party/ncnn/src/layer/x86/flatten_x86.cpp:840: warning: ignoring '#pragma omp parallel' [-Wunknown-pragmas]
  840 |             #pragma omp parallel for num_threads(opt.num_threads)
/home/mingshi/Project/AI/ernie-image-ncnn-vulkan/third_party/ncnn/src/layer/x86/flatten_x86.cpp:928: warning: ignoring '#pragma omp parallel' [-Wunknown-pragmas]
  928 |             #pragma omp parallel for num_threads(opt.num_threads)
/home/mingshi/Project/AI/ernie-image-ncnn-vulkan/third_party/ncnn/src/layer/x86/flatten_x86.cpp:963: warning: ignoring '#pragma omp parallel' [-Wunknown-pragmas]
  963 |             #pragma omp parallel for num_threads(opt.num_threads)
/home/mingshi/Project/AI/ernie-image-ncnn-vulkan/third_party/ncnn/src/layer/x86/flatten_x86.cpp:995: warning: ignoring '#pragma omp parallel' [-Wunknown-pragmas]
  995 |             #pragma omp parallel for num_threads(opt.num_threads)
[151/415] Building CXX object ncnn/src/CMakeFiles/ncnn.dir/layer/x86/flatten_x86_avx512.cpp.obj
/home/mingshi/Project/AI/ernie-image-ncnn-vulkan/.worktrees/surpass-reference/build-windows-cpu-v1/ncnn/src/layer/x86/flatten_x86_avx512.cpp:100: warning: ignoring '#pragma omp parallel' [-Wunknown-pragmas]
  100 |             #pragma omp parallel for num_threads(opt.num_threads)
/home/mingshi/Project/AI/ernie-image-ncnn-vulkan/.worktrees/surpass-reference/build-windows-cpu-v1/ncnn/src/layer/x86/flatten_x86_avx512.cpp:205: warning: ignoring '#pragma omp parallel' [-Wunknown-pragmas]
  205 |             #pragma omp parallel for num_threads(opt.num_threads)
/home/mingshi/Project/AI/ernie-image-ncnn-vulkan/.worktrees/surpass-reference/build-windows-cpu-v1/ncnn/src/layer/x86/flatten_x86_avx512.cpp:270: warning: ignoring '#pragma omp parallel' [-Wunknown-pragmas]
  270 |             #pragma omp parallel for num_threads(opt.num_threads)
/home/mingshi/Project/AI/ernie-image-ncnn-vulkan/.worktrees/surpass-reference/build-windows-cpu-v1/ncnn/src/layer/x86/flatten_x86_avx512.cpp:321: warning: ignoring '#pragma omp parallel' [-Wunknown-pragmas]
  321 |             #pragma omp parallel for num_threads(opt.num_threads)
/home/mingshi/Project/AI/ernie-image-ncnn-vulkan/.worktrees/surpass-reference/build-windows-cpu-v1/ncnn/src/layer/x86/flatten_x86_avx512.cpp:426: warning: ignoring '#pragma omp parallel' [-Wunknown-pragmas]
  426 |             #pragma omp parallel for num_threads(opt.num_threads)
/home/mingshi/Project/AI/ernie-image-ncnn-vulkan/.worktrees/surpass-reference/build-windows-cpu-v1/ncnn/src/layer/x86/flatten_x86_avx512.cpp:491: warning: ignoring '#pragma omp parallel' [-Wunknown-pragmas]
  491 |             #pragma omp parallel for num_threads(opt.num_threads)
/home/mingshi/Project/AI/ernie-image-ncnn-vulkan/.worktrees/surpass-reference/build-windows-cpu-v1/ncnn/src/layer/x86/flatten_x86_avx512.cpp:536: warning: ignoring '#pragma omp parallel' [-Wunknown-pragmas]
  536 |             #pragma omp parallel for num_threads(opt.num_threads)
/home/mingshi/Project/AI/ernie-image-ncnn-vulkan/.worktrees/surpass-reference/build-windows-cpu-v1/ncnn/src/layer/x86/flatten_x86_avx512.cpp:626: warning: ignoring '#pragma omp parallel' [-Wunknown-pragmas]
  626 |             #pragma omp parallel for num_threads(opt.num_threads)
/home/mingshi/Project/AI/ernie-image-ncnn-vulkan/.worktrees/surpass-reference/build-windows-cpu-v1/ncnn/src/layer/x86/flatten_x86_avx512.cpp:674: warning: ignoring '#pragma omp parallel' [-Wunknown-pragmas]
  674 |             #pragma omp parallel for num_threads(opt.num_threads)
/home/mingshi/Project/AI/ernie-image-ncnn-vulkan/.worktrees/surpass-reference/build-windows-cpu-v1/ncnn/src/layer/x86/flatten_x86_avx512.cpp:706: warning: ignoring '#pragma omp parallel' [-Wunknown-pragmas]
  706 |             #pragma omp parallel for num_threads(opt.num_threads)
/home/mingshi/Project/AI/ernie-image-ncnn-vulkan/.worktrees/surpass-reference/build-windows-cpu-v1/ncnn/src/layer/x86/flatten_x86_avx512.cpp:736: warning: ignoring '#pragma omp parallel' [-Wunknown-pragmas]
  736 |             #pragma omp parallel for num_threads(opt.num_threads)
/home/mingshi/Project/AI/ernie-image-ncnn-vulkan/.worktrees/surpass-reference/build-windows-cpu-v1/ncnn/src/layer/x86/flatten_x86_avx512.cpp:784: warning: ignoring '#pragma omp parallel' [-Wunknown-pragmas]
  784 |             #pragma omp parallel for num_threads(opt.num_threads)
/home/mingshi/Project/AI/ernie-image-ncnn-vulkan/.worktrees/surpass-reference/build-windows-cpu-v1/ncnn/src/layer/x86/flatten_x86_avx512.cpp:816: warning: ignoring '#pragma omp parallel' [-Wunknown-pragmas]
  816 |             #pragma omp parallel for num_threads(opt.num_threads)
/home/mingshi/Project/AI/ernie-image-ncnn-vulkan/.worktrees/surpass-reference/build-windows-cpu-v1/ncnn/src/layer/x86/flatten_x86_avx512.cpp:840: warning: ignoring '#pragma omp parallel' [-Wunknown-pragmas]
  840 |             #pragma omp parallel for num_threads(opt.num_threads)
/home/mingshi/Project/AI/ernie-image-ncnn-vulkan/.worktrees/surpass-reference/build-windows-cpu-v1/ncnn/src/layer/x86/flatten_x86_avx512.cpp:928: warning: ignoring '#pragma omp parallel' [-Wunknown-pragmas]
  928 |             #pragma omp parallel for num_threads(opt.num_threads)
/home/mingshi/Project/AI/ernie-image-ncnn-vulkan/.worktrees/surpass-reference/build-windows-cpu-v1/ncnn/src/layer/x86/flatten_x86_avx512.cpp:963: warning: ignoring '#pragma omp parallel' [-Wunknown-pragmas]
  963 |             #pragma omp parallel for num_threads(opt.num_threads)
/home/mingshi/Project/AI/ernie-image-ncnn-vulkan/.worktrees/surpass-reference/build-windows-cpu-v1/ncnn/src/layer/x86/flatten_x86_avx512.cpp:995: warning: ignoring '#pragma omp parallel' [-Wunknown-pragmas]
  995 |             #pragma omp parallel for num_threads(opt.num_threads)
[152/415] Building CXX object ncnn/src/CMakeFiles/ncnn.dir/layer/x86/flatten_x86_avx.cpp.obj
/home/mingshi/Project/AI/ernie-image-ncnn-vulkan/.worktrees/surpass-reference/build-windows-cpu-v1/ncnn/src/layer/x86/flatten_x86_avx.cpp:205: warning: ignoring '#pragma omp parallel' [-Wunknown-pragmas]
  205 |             #pragma omp parallel for num_threads(opt.num_threads)
/home/mingshi/Project/AI/ernie-image-ncnn-vulkan/.worktrees/surpass-reference/build-windows-cpu-v1/ncnn/src/layer/x86/flatten_x86_avx.cpp:270: warning: ignoring '#pragma omp parallel' [-Wunknown-pragmas]
  270 |             #pragma omp parallel for num_threads(opt.num_threads)
/home/mingshi/Project/AI/ernie-image-ncnn-vulkan/.worktrees/surpass-reference/build-windows-cpu-v1/ncnn/src/layer/x86/flatten_x86_avx.cpp:426: warning: ignoring '#pragma omp parallel' [-Wunknown-pragmas]
  426 |             #pragma omp parallel for num_threads(opt.num_threads)
/home/mingshi/Project/AI/ernie-image-ncnn-vulkan/.worktrees/surpass-reference/build-windows-cpu-v1/ncnn/src/layer/x86/flatten_x86_avx.cpp:491: warning: ignoring '#pragma omp parallel' [-Wunknown-pragmas]
  491 |             #pragma omp parallel for num_threads(opt.num_threads)
/home/mingshi/Project/AI/ernie-image-ncnn-vulkan/.worktrees/surpass-reference/build-windows-cpu-v1/ncnn/src/layer/x86/flatten_x86_avx.cpp:536: warning: ignoring '#pragma omp parallel' [-Wunknown-pragmas]
  536 |             #pragma omp parallel for num_threads(opt.num_threads)
/home/mingshi/Project/AI/ernie-image-ncnn-vulkan/.worktrees/surpass-reference/build-windows-cpu-v1/ncnn/src/layer/x86/flatten_x86_avx.cpp:674: warning: ignoring '#pragma omp parallel' [-Wunknown-pragmas]
  674 |             #pragma omp parallel for num_threads(opt.num_threads)
/home/mingshi/Project/AI/ernie-image-ncnn-vulkan/.worktrees/surpass-reference/build-windows-cpu-v1/ncnn/src/layer/x86/flatten_x86_avx.cpp:706: warning: ignoring '#pragma omp parallel' [-Wunknown-pragmas]
  706 |             #pragma omp parallel for num_threads(opt.num_threads)
/home/mingshi/Project/AI/ernie-image-ncnn-vulkan/.worktrees/surpass-reference/build-windows-cpu-v1/ncnn/src/layer/x86/flatten_x86_avx.cpp:784: warning: ignoring '#pragma omp parallel' [-Wunknown-pragmas]
  784 |             #pragma omp parallel for num_threads(opt.num_threads)
/home/mingshi/Project/AI/ernie-image-ncnn-vulkan/.worktrees/surpass-reference/build-windows-cpu-v1/ncnn/src/layer/x86/flatten_x86_avx.cpp:816: warning: ignoring '#pragma omp parallel' [-Wunknown-pragmas]
  816 |             #pragma omp parallel for num_threads(opt.num_threads)
/home/mingshi/Project/AI/ernie-image-ncnn-vulkan/.worktrees/surpass-reference/build-windows-cpu-v1/ncnn/src/layer/x86/flatten_x86_avx.cpp:840: warning: ignoring '#pragma omp parallel' [-Wunknown-pragmas]
  840 |             #pragma omp parallel for num_threads(opt.num_threads)
/home/mingshi/Project/AI/ernie-image-ncnn-vulkan/.worktrees/surpass-reference/build-windows-cpu-v1/ncnn/src/layer/x86/flatten_x86_avx.cpp:928: warning: ignoring '#pragma omp parallel' [-Wunknown-pragmas]
  928 |             #pragma omp parallel for num_threads(opt.num_threads)
/home/mingshi/Project/AI/ernie-image-ncnn-vulkan/.worktrees/surpass-reference/build-windows-cpu-v1/ncnn/src/layer/x86/flatten_x86_avx.cpp:963: warning: ignoring '#pragma omp parallel' [-Wunknown-pragmas]
  963 |             #pragma omp parallel for num_threads(opt.num_threads)
/home/mingshi/Project/AI/ernie-image-ncnn-vulkan/.worktrees/surpass-reference/build-windows-cpu-v1/ncnn/src/layer/x86/flatten_x86_avx.cpp:995: warning: ignoring '#pragma omp parallel' [-Wunknown-pragmas]
  995 |             #pragma omp parallel for num_threads(opt.num_threads)
[153/415] Building CXX object ncnn/src/CMakeFiles/ncnn.dir/layer/innerproduct.cpp.obj
/home/mingshi/Project/AI/ernie-image-ncnn-vulkan/third_party/ncnn/src/layer/innerproduct.cpp:109: warning: ignoring '#pragma omp parallel' [-Wunknown-pragmas]
  109 |         #pragma omp parallel for num_threads(opt.num_threads)
/home/mingshi/Project/AI/ernie-image-ncnn-vulkan/third_party/ncnn/src/layer/innerproduct.cpp:141: warning: ignoring '#pragma omp parallel' [-Wunknown-pragmas]
  141 |     #pragma omp parallel for num_threads(opt.num_threads)
[154/415] Building CXX object ncnn/src/CMakeFiles/ncnn.dir/layer/x86/innerproduct_x86.cpp.obj
In file included from /home/mingshi/Project/AI/ernie-image-ncnn-vulkan/third_party/ncnn/src/layer/x86/innerproduct_x86.cpp:22:
/home/mingshi/Project/AI/ernie-image-ncnn-vulkan/third_party/ncnn/src/layer/x86/innerproduct_fp.h:338: warning: ignoring '#pragma omp parallel' [-Wunknown-pragmas]
  338 |         #pragma omp parallel for num_threads(opt.num_threads)
/home/mingshi/Project/AI/ernie-image-ncnn-vulkan/third_party/ncnn/src/layer/x86/innerproduct_fp.h:642: warning: ignoring '#pragma omp parallel' [-Wunknown-pragmas]
  642 |         #pragma omp parallel for num_threads(opt.num_threads)
/home/mingshi/Project/AI/ernie-image-ncnn-vulkan/third_party/ncnn/src/layer/x86/innerproduct_fp.h:782: warning: ignoring '#pragma omp parallel' [-Wunknown-pragmas]
  782 |         #pragma omp parallel for num_threads(opt.num_threads)
In file included from /home/mingshi/Project/AI/ernie-image-ncnn-vulkan/third_party/ncnn/src/layer/x86/innerproduct_x86.cpp:23:
/home/mingshi/Project/AI/ernie-image-ncnn-vulkan/third_party/ncnn/src/layer/x86/innerproduct_gemm_fp.h:75: warning: ignoring '#pragma omp parallel' [-Wunknown-pragmas]
   75 |     #pragma omp parallel for num_threads(opt.num_threads)
In file included from /home/mingshi/Project/AI/ernie-image-ncnn-vulkan/third_party/ncnn/src/layer/x86/innerproduct_x86.cpp:33:
/home/mingshi/Project/AI/ernie-image-ncnn-vulkan/third_party/ncnn/src/layer/x86/innerproduct_bf16s.h:273: warning: ignoring '#pragma omp parallel' [-Wunknown-pragmas]
  273 |         #pragma omp parallel for num_threads(opt.num_threads)
/home/mingshi/Project/AI/ernie-image-ncnn-vulkan/third_party/ncnn/src/layer/x86/innerproduct_bf16s.h:519: warning: ignoring '#pragma omp parallel' [-Wunknown-pragmas]
  519 |         #pragma omp parallel for num_threads(opt.num_threads)
/home/mingshi/Project/AI/ernie-image-ncnn-vulkan/third_party/ncnn/src/layer/x86/innerproduct_bf16s.h:631: warning: ignoring '#pragma omp parallel' [-Wunknown-pragmas]
  631 |         #pragma omp parallel for num_threads(opt.num_threads)
In file included from /home/mingshi/Project/AI/ernie-image-ncnn-vulkan/third_party/ncnn/src/layer/x86/innerproduct_x86.cpp:34:
/home/mingshi/Project/AI/ernie-image-ncnn-vulkan/third_party/ncnn/src/layer/x86/innerproduct_gemm_bf16s.h:73: warning: ignoring '#pragma omp parallel' [-Wunknown-pragmas]
   73 |     #pragma omp parallel for num_threads(opt.num_threads)
/home/mingshi/Project/AI/ernie-image-ncnn-vulkan/third_party/ncnn/src/layer/x86/innerproduct_fp.h: In function 'void ncnn::innerproduct(const Mat&, Mat&, const Mat&, const Mat&, int, const Mat&, const Option&)':
/home/mingshi/Project/AI/ernie-image-ncnn-vulkan/third_party/ncnn/src/layer/x86/innerproduct_fp.h:22:179: warning: unused parameter 'opt' [-Wunused-parameter]
   22 | static void innerproduct(const Mat& bottom_blob, Mat& top_blob, const Mat& weight_data_tm, const Mat& bias_data, int activation_type, const Mat& activation_params, const Option& opt)
      |                                                                                                                                                                     ~~~~~~~~~~~~~~^~~
/home/mingshi/Project/AI/ernie-image-ncnn-vulkan/third_party/ncnn/src/layer/x86/innerproduct_bf16s.h: In function 'void ncnn::innerproduct_bf16s(const Mat&, Mat&, const Mat&, const Mat&, int, const Mat&, const Option&)':
/home/mingshi/Project/AI/ernie-image-ncnn-vulkan/third_party/ncnn/src/layer/x86/innerproduct_bf16s.h:21:185: warning: unused parameter 'opt' [-Wunused-parameter]
   21 | static void innerproduct_bf16s(const Mat& bottom_blob, Mat& top_blob, const Mat& weight_data_tm, const Mat& bias_data, int activation_type, const Mat& activation_params, const Option& opt)
      |                                                                                                                                                                           ~~~~~~~~~~~~~~^~~
[155/415] Building CXX object ncnn/src/CMakeFiles/ncnn.dir/layer/x86/innerproduct_x86_fma.cpp.obj
In file included from /home/mingshi/Project/AI/ernie-image-ncnn-vulkan/third_party/ncnn/src/layer/x86/innerproduct_x86_fma.cpp:14:
/home/mingshi/Project/AI/ernie-image-ncnn-vulkan/third_party/ncnn/src/layer/x86/innerproduct_fp.h:202: warning: ignoring '#pragma omp parallel' [-Wunknown-pragmas]
  202 |         #pragma omp parallel for num_threads(opt.num_threads)
/home/mingshi/Project/AI/ernie-image-ncnn-vulkan/third_party/ncnn/src/layer/x86/innerproduct_fp.h:338: warning: ignoring '#pragma omp parallel' [-Wunknown-pragmas]
  338 |         #pragma omp parallel for num_threads(opt.num_threads)
/home/mingshi/Project/AI/ernie-image-ncnn-vulkan/third_party/ncnn/src/layer/x86/innerproduct_fp.h:490: warning: ignoring '#pragma omp parallel' [-Wunknown-pragmas]
  490 |         #pragma omp parallel for num_threads(opt.num_threads)
/home/mingshi/Project/AI/ernie-image-ncnn-vulkan/third_party/ncnn/src/layer/x86/innerproduct_fp.h:642: warning: ignoring '#pragma omp parallel' [-Wunknown-pragmas]
  642 |         #pragma omp parallel for num_threads(opt.num_threads)
/home/mingshi/Project/AI/ernie-image-ncnn-vulkan/third_party/ncnn/src/layer/x86/innerproduct_fp.h:782: warning: ignoring '#pragma omp parallel' [-Wunknown-pragmas]
  782 |         #pragma omp parallel for num_threads(opt.num_threads)
In file included from /home/mingshi/Project/AI/ernie-image-ncnn-vulkan/third_party/ncnn/src/layer/x86/innerproduct_x86_fma.cpp:15:
/home/mingshi/Project/AI/ernie-image-ncnn-vulkan/third_party/ncnn/src/layer/x86/innerproduct_gemm_fp.h:75: warning: ignoring '#pragma omp parallel' [-Wunknown-pragmas]
   75 |     #pragma omp parallel for num_threads(opt.num_threads)
In file included from /home/mingshi/Project/AI/ernie-image-ncnn-vulkan/third_party/ncnn/src/layer/x86/innerproduct_x86_fma.cpp:18:
/home/mingshi/Project/AI/ernie-image-ncnn-vulkan/third_party/ncnn/src/layer/x86/innerproduct_fp.h:202: warning: ignoring '#pragma omp parallel' [-Wunknown-pragmas]
  202 |         #pragma omp parallel for num_threads(opt.num_threads)
/home/mingshi/Project/AI/ernie-image-ncnn-vulkan/third_party/ncnn/src/layer/x86/innerproduct_fp.h:338: warning: ignoring '#pragma omp parallel' [-Wunknown-pragmas]
  338 |         #pragma omp parallel for num_threads(opt.num_threads)
/home/mingshi/Project/AI/ernie-image-ncnn-vulkan/third_party/ncnn/src/layer/x86/innerproduct_fp.h:490: warning: ignoring '#pragma omp parallel' [-Wunknown-pragmas]
  490 |         #pragma omp parallel for num_threads(opt.num_threads)
/home/mingshi/Project/AI/ernie-image-ncnn-vulkan/third_party/ncnn/src/layer/x86/innerproduct_fp.h:642: warning: ignoring '#pragma omp parallel' [-Wunknown-pragmas]
  642 |         #pragma omp parallel for num_threads(opt.num_threads)
/home/mingshi/Project/AI/ernie-image-ncnn-vulkan/third_party/ncnn/src/layer/x86/innerproduct_fp.h:782: warning: ignoring '#pragma omp parallel' [-Wunknown-pragmas]
  782 |         #pragma omp parallel for num_threads(opt.num_threads)
In file included from /home/mingshi/Project/AI/ernie-image-ncnn-vulkan/third_party/ncnn/src/layer/x86/innerproduct_x86_fma.cpp:19:
/home/mingshi/Project/AI/ernie-image-ncnn-vulkan/third_party/ncnn/src/layer/x86/innerproduct_gemm_fp.h:75: warning: ignoring '#pragma omp parallel' [-Wunknown-pragmas]
   75 |     #pragma omp parallel for num_threads(opt.num_threads)
In file included from /home/mingshi/Project/AI/ernie-image-ncnn-vulkan/third_party/ncnn/src/layer/x86/innerproduct_x86_fma.cpp:23:
/home/mingshi/Project/AI/ernie-image-ncnn-vulkan/third_party/ncnn/src/layer/x86/innerproduct_bf16s.h:169: warning: ignoring '#pragma omp parallel' [-Wunknown-pragmas]
  169 |         #pragma omp parallel for num_threads(opt.num_threads)
/home/mingshi/Project/AI/ernie-image-ncnn-vulkan/third_party/ncnn/src/layer/x86/innerproduct_bf16s.h:273: warning: ignoring '#pragma omp parallel' [-Wunknown-pragmas]
  273 |         #pragma omp parallel for num_threads(opt.num_threads)
/home/mingshi/Project/AI/ernie-image-ncnn-vulkan/third_party/ncnn/src/layer/x86/innerproduct_bf16s.h:402: warning: ignoring '#pragma omp parallel' [-Wunknown-pragmas]
  402 |         #pragma omp parallel for num_threads(opt.num_threads)
/home/mingshi/Project/AI/ernie-image-ncnn-vulkan/third_party/ncnn/src/layer/x86/innerproduct_bf16s.h:519: warning: ignoring '#pragma omp parallel' [-Wunknown-pragmas]
  519 |         #pragma omp parallel for num_threads(opt.num_threads)
/home/mingshi/Project/AI/ernie-image-ncnn-vulkan/third_party/ncnn/src/layer/x86/innerproduct_bf16s.h:631: warning: ignoring '#pragma omp parallel' [-Wunknown-pragmas]
  631 |         #pragma omp parallel for num_threads(opt.num_threads)
In file included from /home/mingshi/Project/AI/ernie-image-ncnn-vulkan/third_party/ncnn/src/layer/x86/innerproduct_x86_fma.cpp:24:
/home/mingshi/Project/AI/ernie-image-ncnn-vulkan/third_party/ncnn/src/layer/x86/innerproduct_gemm_bf16s.h:73: warning: ignoring '#pragma omp parallel' [-Wunknown-pragmas]
   73 |     #pragma omp parallel for num_threads(opt.num_threads)
/home/mingshi/Project/AI/ernie-image-ncnn-vulkan/third_party/ncnn/src/layer/x86/innerproduct_fp.h: In function 'void ncnn::innerproduct(const Mat&, Mat&, const Mat&, const Mat&, int, const Mat&, const Option&)':
/home/mingshi/Project/AI/ernie-image-ncnn-vulkan/third_party/ncnn/src/layer/x86/innerproduct_fp.h:22:179: warning: unused parameter 'opt' [-Wunused-parameter]
   22 | static void innerproduct(const Mat& bottom_blob, Mat& top_blob, const Mat& weight_data_tm, const Mat& bias_data, int activation_type, const Mat& activation_params, const Option& opt)
      |                                                                                                                                                                     ~~~~~~~~~~~~~~^~~
/home/mingshi/Project/AI/ernie-image-ncnn-vulkan/third_party/ncnn/src/layer/x86/innerproduct_fp.h: In function 'void ncnn::innerproduct_fp16s(const Mat&, Mat&, const Mat&, const Mat&, int, const Mat&, const Option&)':
/home/mingshi/Project/AI/ernie-image-ncnn-vulkan/third_party/ncnn/src/layer/x86/innerproduct_fp.h:20:185: warning: unused parameter 'opt' [-Wunused-parameter]
   20 | static void innerproduct_fp16s(const Mat& bottom_blob, Mat& top_blob, const Mat& weight_data_tm, const Mat& bias_data, int activation_type, const Mat& activation_params, const Option& opt)
      |                                                                                                                                                                           ~~~~~~~~~~~~~~^~~
[156/415] Building CXX object ncnn/src/CMakeFiles/ncnn.dir/layer/x86/innerproduct_x86_fma4.cpp.obj
In file included from /home/mingshi/Project/AI/ernie-image-ncnn-vulkan/third_party/ncnn/src/layer/x86/innerproduct_x86_fma4.cpp:14:
/home/mingshi/Project/AI/ernie-image-ncnn-vulkan/third_party/ncnn/src/layer/x86/innerproduct_fp.h:202: warning: ignoring '#pragma omp parallel' [-Wunknown-pragmas]
  202 |         #pragma omp parallel for num_threads(opt.num_threads)
/home/mingshi/Project/AI/ernie-image-ncnn-vulkan/third_party/ncnn/src/layer/x86/innerproduct_fp.h:338: warning: ignoring '#pragma omp parallel' [-Wunknown-pragmas]
  338 |         #pragma omp parallel for num_threads(opt.num_threads)
/home/mingshi/Project/AI/ernie-image-ncnn-vulkan/third_party/ncnn/src/layer/x86/innerproduct_fp.h:490: warning: ignoring '#pragma omp parallel' [-Wunknown-pragmas]
  490 |         #pragma omp parallel for num_threads(opt.num_threads)
/home/mingshi/Project/AI/ernie-image-ncnn-vulkan/third_party/ncnn/src/layer/x86/innerproduct_fp.h:642: warning: ignoring '#pragma omp parallel' [-Wunknown-pragmas]
  642 |         #pragma omp parallel for num_threads(opt.num_threads)
/home/mingshi/Project/AI/ernie-image-ncnn-vulkan/third_party/ncnn/src/layer/x86/innerproduct_fp.h:782: warning: ignoring '#pragma omp parallel' [-Wunknown-pragmas]
  782 |         #pragma omp parallel for num_threads(opt.num_threads)
In file included from /home/mingshi/Project/AI/ernie-image-ncnn-vulkan/third_party/ncnn/src/layer/x86/innerproduct_x86_fma4.cpp:15:
/home/mingshi/Project/AI/ernie-image-ncnn-vulkan/third_party/ncnn/src/layer/x86/innerproduct_gemm_fp.h:75: warning: ignoring '#pragma omp parallel' [-Wunknown-pragmas]
   75 |     #pragma omp parallel for num_threads(opt.num_threads)
In file included from /home/mingshi/Project/AI/ernie-image-ncnn-vulkan/third_party/ncnn/src/layer/x86/innerproduct_x86_fma4.cpp:17:
/home/mingshi/Project/AI/ernie-image-ncnn-vulkan/third_party/ncnn/src/layer/x86/innerproduct_bf16s.h:169: warning: ignoring '#pragma omp parallel' [-Wunknown-pragmas]
  169 |         #pragma omp parallel for num_threads(opt.num_threads)
/home/mingshi/Project/AI/ernie-image-ncnn-vulkan/third_party/ncnn/src/layer/x86/innerproduct_bf16s.h:273: warning: ignoring '#pragma omp parallel' [-Wunknown-pragmas]
  273 |         #pragma omp parallel for num_threads(opt.num_threads)
/home/mingshi/Project/AI/ernie-image-ncnn-vulkan/third_party/ncnn/src/layer/x86/innerproduct_bf16s.h:402: warning: ignoring '#pragma omp parallel' [-Wunknown-pragmas]
  402 |         #pragma omp parallel for num_threads(opt.num_threads)
/home/mingshi/Project/AI/ernie-image-ncnn-vulkan/third_party/ncnn/src/layer/x86/innerproduct_bf16s.h:519: warning: ignoring '#pragma omp parallel' [-Wunknown-pragmas]
  519 |         #pragma omp parallel for num_threads(opt.num_threads)
/home/mingshi/Project/AI/ernie-image-ncnn-vulkan/third_party/ncnn/src/layer/x86/innerproduct_bf16s.h:631: warning: ignoring '#pragma omp parallel' [-Wunknown-pragmas]
  631 |         #pragma omp parallel for num_threads(opt.num_threads)
In file included from /home/mingshi/Project/AI/ernie-image-ncnn-vulkan/third_party/ncnn/src/layer/x86/innerproduct_x86_fma4.cpp:18:
/home/mingshi/Project/AI/ernie-image-ncnn-vulkan/third_party/ncnn/src/layer/x86/innerproduct_gemm_bf16s.h:73: warning: ignoring '#pragma omp parallel' [-Wunknown-pragmas]
   73 |     #pragma omp parallel for num_threads(opt.num_threads)
/home/mingshi/Project/AI/ernie-image-ncnn-vulkan/third_party/ncnn/src/layer/x86/innerproduct_fp.h: In function 'void ncnn::innerproduct(const Mat&, Mat&, const Mat&, const Mat&, int, const Mat&, const Option&)':
/home/mingshi/Project/AI/ernie-image-ncnn-vulkan/third_party/ncnn/src/layer/x86/innerproduct_fp.h:22:179: warning: unused parameter 'opt' [-Wunused-parameter]
   22 | static void innerproduct(const Mat& bottom_blob, Mat& top_blob, const Mat& weight_data_tm, const Mat& bias_data, int activation_type, const Mat& activation_params, const Option& opt)
      |                                                                                                                                                                     ~~~~~~~~~~~~~~^~~
[157/415] Building CXX object ncnn/src/CMakeFiles/ncnn.dir/layer/x86/innerproduct_x86_avx512.cpp.obj
In file included from /home/mingshi/Project/AI/ernie-image-ncnn-vulkan/.worktrees/surpass-reference/build-windows-cpu-v1/ncnn/src/layer/x86/innerproduct_x86_avx512.cpp:22:
/home/mingshi/Project/AI/ernie-image-ncnn-vulkan/third_party/ncnn/src/layer/x86/innerproduct_fp.h:66: warning: ignoring '#pragma omp parallel' [-Wunknown-pragmas]
   66 |         #pragma omp parallel for num_threads(opt.num_threads)
/home/mingshi/Project/AI/ernie-image-ncnn-vulkan/third_party/ncnn/src/layer/x86/innerproduct_fp.h:202: warning: ignoring '#pragma omp parallel' [-Wunknown-pragmas]
  202 |         #pragma omp parallel for num_threads(opt.num_threads)
/home/mingshi/Project/AI/ernie-image-ncnn-vulkan/third_party/ncnn/src/layer/x86/innerproduct_fp.h:338: warning: ignoring '#pragma omp parallel' [-Wunknown-pragmas]
  338 |         #pragma omp parallel for num_threads(opt.num_threads)
/home/mingshi/Project/AI/ernie-image-ncnn-vulkan/third_party/ncnn/src/layer/x86/innerproduct_fp.h:490: warning: ignoring '#pragma omp parallel' [-Wunknown-pragmas]
  490 |         #pragma omp parallel for num_threads(opt.num_threads)
/home/mingshi/Project/AI/ernie-image-ncnn-vulkan/third_party/ncnn/src/layer/x86/innerproduct_fp.h:642: warning: ignoring '#pragma omp parallel' [-Wunknown-pragmas]
  642 |         #pragma omp parallel for num_threads(opt.num_threads)
/home/mingshi/Project/AI/ernie-image-ncnn-vulkan/third_party/ncnn/src/layer/x86/innerproduct_fp.h:782: warning: ignoring '#pragma omp parallel' [-Wunknown-pragmas]
  782 |         #pragma omp parallel for num_threads(opt.num_threads)
In file included from /home/mingshi/Project/AI/ernie-image-ncnn-vulkan/.worktrees/surpass-reference/build-windows-cpu-v1/ncnn/src/layer/x86/innerproduct_x86_avx512.cpp:23:
/home/mingshi/Project/AI/ernie-image-ncnn-vulkan/third_party/ncnn/src/layer/x86/innerproduct_gemm_fp.h:75: warning: ignoring '#pragma omp parallel' [-Wunknown-pragmas]
   75 |     #pragma omp parallel for num_threads(opt.num_threads)
In file included from /home/mingshi/Project/AI/ernie-image-ncnn-vulkan/.worktrees/surpass-reference/build-windows-cpu-v1/ncnn/src/layer/x86/innerproduct_x86_avx512.cpp:27:
/home/mingshi/Project/AI/ernie-image-ncnn-vulkan/third_party/ncnn/src/layer/x86/innerproduct_fp.h:66: warning: ignoring '#pragma omp parallel' [-Wunknown-pragmas]
   66 |         #pragma omp parallel for num_threads(opt.num_threads)
/home/mingshi/Project/AI/ernie-image-ncnn-vulkan/third_party/ncnn/src/layer/x86/innerproduct_fp.h:202: warning: ignoring '#pragma omp parallel' [-Wunknown-pragmas]
  202 |         #pragma omp parallel for num_threads(opt.num_threads)
/home/mingshi/Project/AI/ernie-image-ncnn-vulkan/third_party/ncnn/src/layer/x86/innerproduct_fp.h:338: warning: ignoring '#pragma omp parallel' [-Wunknown-pragmas]
  338 |         #pragma omp parallel for num_threads(opt.num_threads)
/home/mingshi/Project/AI/ernie-image-ncnn-vulkan/third_party/ncnn/src/layer/x86/innerproduct_fp.h:490: warning: ignoring '#pragma omp parallel' [-Wunknown-pragmas]
  490 |         #pragma omp parallel for num_threads(opt.num_threads)
/home/mingshi/Project/AI/ernie-image-ncnn-vulkan/third_party/ncnn/src/layer/x86/innerproduct_fp.h:642: warning: ignoring '#pragma omp parallel' [-Wunknown-pragmas]
  642 |         #pragma omp parallel for num_threads(opt.num_threads)
/home/mingshi/Project/AI/ernie-image-ncnn-vulkan/third_party/ncnn/src/layer/x86/innerproduct_fp.h:782: warning: ignoring '#pragma omp parallel' [-Wunknown-pragmas]
  782 |         #pragma omp parallel for num_threads(opt.num_threads)
In file included from /home/mingshi/Project/AI/ernie-image-ncnn-vulkan/.worktrees/surpass-reference/build-windows-cpu-v1/ncnn/src/layer/x86/innerproduct_x86_avx512.cpp:28:
/home/mingshi/Project/AI/ernie-image-ncnn-vulkan/third_party/ncnn/src/layer/x86/innerproduct_gemm_fp.h:75: warning: ignoring '#pragma omp parallel' [-Wunknown-pragmas]
   75 |     #pragma omp parallel for num_threads(opt.num_threads)
In file included from /home/mingshi/Project/AI/ernie-image-ncnn-vulkan/.worktrees/surpass-reference/build-windows-cpu-v1/ncnn/src/layer/x86/innerproduct_x86_avx512.cpp:33:
/home/mingshi/Project/AI/ernie-image-ncnn-vulkan/third_party/ncnn/src/layer/x86/innerproduct_bf16s.h:65: warning: ignoring '#pragma omp parallel' [-Wunknown-pragmas]
   65 |         #pragma omp parallel for num_threads(opt.num_threads)
/home/mingshi/Project/AI/ernie-image-ncnn-vulkan/third_party/ncnn/src/layer/x86/innerproduct_bf16s.h:169: warning: ignoring '#pragma omp parallel' [-Wunknown-pragmas]
  169 |         #pragma omp parallel for num_threads(opt.num_threads)
/home/mingshi/Project/AI/ernie-image-ncnn-vulkan/third_party/ncnn/src/layer/x86/innerproduct_bf16s.h:273: warning: ignoring '#pragma omp parallel' [-Wunknown-pragmas]
  273 |         #pragma omp parallel for num_threads(opt.num_threads)
/home/mingshi/Project/AI/ernie-image-ncnn-vulkan/third_party/ncnn/src/layer/x86/innerproduct_bf16s.h:402: warning: ignoring '#pragma omp parallel' [-Wunknown-pragmas]
  402 |         #pragma omp parallel for num_threads(opt.num_threads)
/home/mingshi/Project/AI/ernie-image-ncnn-vulkan/third_party/ncnn/src/layer/x86/innerproduct_bf16s.h:519: warning: ignoring '#pragma omp parallel' [-Wunknown-pragmas]
  519 |         #pragma omp parallel for num_threads(opt.num_threads)
/home/mingshi/Project/AI/ernie-image-ncnn-vulkan/third_party/ncnn/src/layer/x86/innerproduct_bf16s.h:631: warning: ignoring '#pragma omp parallel' [-Wunknown-pragmas]
  631 |         #pragma omp parallel for num_threads(opt.num_threads)
In file included from /home/mingshi/Project/AI/ernie-image-ncnn-vulkan/.worktrees/surpass-reference/build-windows-cpu-v1/ncnn/src/layer/x86/innerproduct_x86_avx512.cpp:34:
/home/mingshi/Project/AI/ernie-image-ncnn-vulkan/third_party/ncnn/src/layer/x86/innerproduct_gemm_bf16s.h:73: warning: ignoring '#pragma omp parallel' [-Wunknown-pragmas]
   73 |     #pragma omp parallel for num_threads(opt.num_threads)
/home/mingshi/Project/AI/ernie-image-ncnn-vulkan/third_party/ncnn/src/layer/x86/innerproduct_fp.h: In function 'void ncnn::innerproduct(const Mat&, Mat&, const Mat&, const Mat&, int, const Mat&, const Option&)':
/home/mingshi/Project/AI/ernie-image-ncnn-vulkan/third_party/ncnn/src/layer/x86/innerproduct_fp.h:22:179: warning: unused parameter 'opt' [-Wunused-parameter]
   22 | static void innerproduct(const Mat& bottom_blob, Mat& top_blob, const Mat& weight_data_tm, const Mat& bias_data, int activation_type, const Mat& activation_params, const Option& opt)
      |                                                                                                                                                                     ~~~~~~~~~~~~~~^~~
/home/mingshi/Project/AI/ernie-image-ncnn-vulkan/third_party/ncnn/src/layer/x86/innerproduct_fp.h: In function 'void ncnn::innerproduct_fp16s(const Mat&, Mat&, const Mat&, const Mat&, int, const Mat&, const Option&)':
/home/mingshi/Project/AI/ernie-image-ncnn-vulkan/third_party/ncnn/src/layer/x86/innerproduct_fp.h:20:185: warning: unused parameter 'opt' [-Wunused-parameter]
   20 | static void innerproduct_fp16s(const Mat& bottom_blob, Mat& top_blob, const Mat& weight_data_tm, const Mat& bias_data, int activation_type, const Mat& activation_params, const Option& opt)
      |                                                                                                                                                                           ~~~~~~~~~~~~~~^~~
[158/415] Building CXX object ncnn/src/CMakeFiles/ncnn.dir/layer/x86/innerproduct_x86_avx.cpp.obj
In file included from /home/mingshi/Project/AI/ernie-image-ncnn-vulkan/.worktrees/surpass-reference/build-windows-cpu-v1/ncnn/src/layer/x86/innerproduct_x86_avx.cpp:22:
/home/mingshi/Project/AI/ernie-image-ncnn-vulkan/third_party/ncnn/src/layer/x86/innerproduct_fp.h:202: warning: ignoring '#pragma omp parallel' [-Wunknown-pragmas]
  202 |         #pragma omp parallel for num_threads(opt.num_threads)
/home/mingshi/Project/AI/ernie-image-ncnn-vulkan/third_party/ncnn/src/layer/x86/innerproduct_fp.h:338: warning: ignoring '#pragma omp parallel' [-Wunknown-pragmas]
  338 |         #pragma omp parallel for num_threads(opt.num_threads)
/home/mingshi/Project/AI/ernie-image-ncnn-vulkan/third_party/ncnn/src/layer/x86/innerproduct_fp.h:490: warning: ignoring '#pragma omp parallel' [-Wunknown-pragmas]
  490 |         #pragma omp parallel for num_threads(opt.num_threads)
/home/mingshi/Project/AI/ernie-image-ncnn-vulkan/third_party/ncnn/src/layer/x86/innerproduct_fp.h:642: warning: ignoring '#pragma omp parallel' [-Wunknown-pragmas]
  642 |         #pragma omp parallel for num_threads(opt.num_threads)
/home/mingshi/Project/AI/ernie-image-ncnn-vulkan/third_party/ncnn/src/layer/x86/innerproduct_fp.h:782: warning: ignoring '#pragma omp parallel' [-Wunknown-pragmas]
  782 |         #pragma omp parallel for num_threads(opt.num_threads)
In file included from /home/mingshi/Project/AI/ernie-image-ncnn-vulkan/.worktrees/surpass-reference/build-windows-cpu-v1/ncnn/src/layer/x86/innerproduct_x86_avx.cpp:23:
/home/mingshi/Project/AI/ernie-image-ncnn-vulkan/third_party/ncnn/src/layer/x86/innerproduct_gemm_fp.h:75: warning: ignoring '#pragma omp parallel' [-Wunknown-pragmas]
   75 |     #pragma omp parallel for num_threads(opt.num_threads)
In file included from /home/mingshi/Project/AI/ernie-image-ncnn-vulkan/.worktrees/surpass-reference/build-windows-cpu-v1/ncnn/src/layer/x86/innerproduct_x86_avx.cpp:33:
/home/mingshi/Project/AI/ernie-image-ncnn-vulkan/third_party/ncnn/src/layer/x86/innerproduct_bf16s.h:169: warning: ignoring '#pragma omp parallel' [-Wunknown-pragmas]
  169 |         #pragma omp parallel for num_threads(opt.num_threads)
/home/mingshi/Project/AI/ernie-image-ncnn-vulkan/third_party/ncnn/src/layer/x86/innerproduct_bf16s.h:273: warning: ignoring '#pragma omp parallel' [-Wunknown-pragmas]
  273 |         #pragma omp parallel for num_threads(opt.num_threads)
/home/mingshi/Project/AI/ernie-image-ncnn-vulkan/third_party/ncnn/src/layer/x86/innerproduct_bf16s.h:402: warning: ignoring '#pragma omp parallel' [-Wunknown-pragmas]
  402 |         #pragma omp parallel for num_threads(opt.num_threads)
/home/mingshi/Project/AI/ernie-image-ncnn-vulkan/third_party/ncnn/src/layer/x86/innerproduct_bf16s.h:519: warning: ignoring '#pragma omp parallel' [-Wunknown-pragmas]
  519 |         #pragma omp parallel for num_threads(opt.num_threads)
/home/mingshi/Project/AI/ernie-image-ncnn-vulkan/third_party/ncnn/src/layer/x86/innerproduct_bf16s.h:631: warning: ignoring '#pragma omp parallel' [-Wunknown-pragmas]
  631 |         #pragma omp parallel for num_threads(opt.num_threads)
In file included from /home/mingshi/Project/AI/ernie-image-ncnn-vulkan/.worktrees/surpass-reference/build-windows-cpu-v1/ncnn/src/layer/x86/innerproduct_x86_avx.cpp:34:
/home/mingshi/Project/AI/ernie-image-ncnn-vulkan/third_party/ncnn/src/layer/x86/innerproduct_gemm_bf16s.h:73: warning: ignoring '#pragma omp parallel' [-Wunknown-pragmas]
   73 |     #pragma omp parallel for num_threads(opt.num_threads)
[159/415] Building CXX object ncnn/src/CMakeFiles/ncnn.dir/layer/x86/innerproduct_x86_avx512bf16.cpp.obj
In file included from /home/mingshi/Project/AI/ernie-image-ncnn-vulkan/third_party/ncnn/src/layer/x86/innerproduct_x86_avx512bf16.cpp:18:
/home/mingshi/Project/AI/ernie-image-ncnn-vulkan/third_party/ncnn/src/layer/x86/innerproduct_bf16s.h:65: warning: ignoring '#pragma omp parallel' [-Wunknown-pragmas]
   65 |         #pragma omp parallel for num_threads(opt.num_threads)
/home/mingshi/Project/AI/ernie-image-ncnn-vulkan/third_party/ncnn/src/layer/x86/innerproduct_bf16s.h:169: warning: ignoring '#pragma omp parallel' [-Wunknown-pragmas]
  169 |         #pragma omp parallel for num_threads(opt.num_threads)
/home/mingshi/Project/AI/ernie-image-ncnn-vulkan/third_party/ncnn/src/layer/x86/innerproduct_bf16s.h:273: warning: ignoring '#pragma omp parallel' [-Wunknown-pragmas]
  273 |         #pragma omp parallel for num_threads(opt.num_threads)
/home/mingshi/Project/AI/ernie-image-ncnn-vulkan/third_party/ncnn/src/layer/x86/innerproduct_bf16s.h:402: warning: ignoring '#pragma omp parallel' [-Wunknown-pragmas]
  402 |         #pragma omp parallel for num_threads(opt.num_threads)
/home/mingshi/Project/AI/ernie-image-ncnn-vulkan/third_party/ncnn/src/layer/x86/innerproduct_bf16s.h:519: warning: ignoring '#pragma omp parallel' [-Wunknown-pragmas]
  519 |         #pragma omp parallel for num_threads(opt.num_threads)
/home/mingshi/Project/AI/ernie-image-ncnn-vulkan/third_party/ncnn/src/layer/x86/innerproduct_bf16s.h:631: warning: ignoring '#pragma omp parallel' [-Wunknown-pragmas]
  631 |         #pragma omp parallel for num_threads(opt.num_threads)
In file included from /home/mingshi/Project/AI/ernie-image-ncnn-vulkan/third_party/ncnn/src/layer/x86/innerproduct_x86_avx512bf16.cpp:19:
/home/mingshi/Project/AI/ernie-image-ncnn-vulkan/third_party/ncnn/src/layer/x86/innerproduct_gemm_bf16s.h:73: warning: ignoring '#pragma omp parallel' [-Wunknown-pragmas]
   73 |     #pragma omp parallel for num_threads(opt.num_threads)
/home/mingshi/Project/AI/ernie-image-ncnn-vulkan/third_party/ncnn/src/layer/x86/innerproduct_bf16s.h: In function 'void ncnn::innerproduct_bf16s(const Mat&, Mat&, const Mat&, const Mat&, int, const Mat&, const Option&)':
/home/mingshi/Project/AI/ernie-image-ncnn-vulkan/third_party/ncnn/src/layer/x86/innerproduct_bf16s.h:21:185: warning: unused parameter 'opt' [-Wunused-parameter]
   21 | static void innerproduct_bf16s(const Mat& bottom_blob, Mat& top_blob, const Mat& weight_data_tm, const Mat& bias_data, int activation_type, const Mat& activation_params, const Option& opt)
      |                                                                                                                                                                           ~~~~~~~~~~~~~~^~~
[160/415] Building CXX object ncnn/src/CMakeFiles/ncnn.dir/layer/x86/innerproduct_x86_avx2.cpp.obj
In file included from /home/mingshi/Project/AI/ernie-image-ncnn-vulkan/third_party/ncnn/src/layer/x86/innerproduct_x86_avx2.cpp:18:
/home/mingshi/Project/AI/ernie-image-ncnn-vulkan/third_party/ncnn/src/layer/x86/innerproduct_bf16s.h:169: warning: ignoring '#pragma omp parallel' [-Wunknown-pragmas]
  169 |         #pragma omp parallel for num_threads(opt.num_threads)
/home/mingshi/Project/AI/ernie-image-ncnn-vulkan/third_party/ncnn/src/layer/x86/innerproduct_bf16s.h:273: warning: ignoring '#pragma omp parallel' [-Wunknown-pragmas]
  273 |         #pragma omp parallel for num_threads(opt.num_threads)
/home/mingshi/Project/AI/ernie-image-ncnn-vulkan/third_party/ncnn/src/layer/x86/innerproduct_bf16s.h:402: warning: ignoring '#pragma omp parallel' [-Wunknown-pragmas]
  402 |         #pragma omp parallel for num_threads(opt.num_threads)
/home/mingshi/Project/AI/ernie-image-ncnn-vulkan/third_party/ncnn/src/layer/x86/innerproduct_bf16s.h:519: warning: ignoring '#pragma omp parallel' [-Wunknown-pragmas]
  519 |         #pragma omp parallel for num_threads(opt.num_threads)
/home/mingshi/Project/AI/ernie-image-ncnn-vulkan/third_party/ncnn/src/layer/x86/innerproduct_bf16s.h:631: warning: ignoring '#pragma omp parallel' [-Wunknown-pragmas]
  631 |         #pragma omp parallel for num_threads(opt.num_threads)
In file included from /home/mingshi/Project/AI/ernie-image-ncnn-vulkan/third_party/ncnn/src/layer/x86/innerproduct_x86_avx2.cpp:19:
/home/mingshi/Project/AI/ernie-image-ncnn-vulkan/third_party/ncnn/src/layer/x86/innerproduct_gemm_bf16s.h:73: warning: ignoring '#pragma omp parallel' [-Wunknown-pragmas]
   73 |     #pragma omp parallel for num_threads(opt.num_threads)
/home/mingshi/Project/AI/ernie-image-ncnn-vulkan/third_party/ncnn/src/layer/x86/innerproduct_bf16s.h: In function 'void ncnn::innerproduct_bf16s(const Mat&, Mat&, const Mat&, const Mat&, int, const Mat&, const Option&)':
/home/mingshi/Project/AI/ernie-image-ncnn-vulkan/third_party/ncnn/src/layer/x86/innerproduct_bf16s.h:21:185: warning: unused parameter 'opt' [-Wunused-parameter]
   21 | static void innerproduct_bf16s(const Mat& bottom_blob, Mat& top_blob, const Mat& weight_data_tm, const Mat& bias_data, int activation_type, const Mat& activation_params, const Option& opt)
      |                                                                                                                                                                           ~~~~~~~~~~~~~~^~~
[161/415] Building CXX object ncnn/src/CMakeFiles/ncnn.dir/layer/input.cpp.obj
[162/415] Building CXX object ncnn/src/CMakeFiles/ncnn.dir/layer/x86/innerproduct_x86_f16c.cpp.obj
In file included from /home/mingshi/Project/AI/ernie-image-ncnn-vulkan/third_party/ncnn/src/layer/x86/innerproduct_x86_f16c.cpp:19:
/home/mingshi/Project/AI/ernie-image-ncnn-vulkan/third_party/ncnn/src/layer/x86/innerproduct_fp.h:202: warning: ignoring '#pragma omp parallel' [-Wunknown-pragmas]
  202 |         #pragma omp parallel for num_threads(opt.num_threads)
/home/mingshi/Project/AI/ernie-image-ncnn-vulkan/third_party/ncnn/src/layer/x86/innerproduct_fp.h:338: warning: ignoring '#pragma omp parallel' [-Wunknown-pragmas]
  338 |         #pragma omp parallel for num_threads(opt.num_threads)
/home/mingshi/Project/AI/ernie-image-ncnn-vulkan/third_party/ncnn/src/layer/x86/innerproduct_fp.h:490: warning: ignoring '#pragma omp parallel' [-Wunknown-pragmas]
  490 |         #pragma omp parallel for num_threads(opt.num_threads)
/home/mingshi/Project/AI/ernie-image-ncnn-vulkan/third_party/ncnn/src/layer/x86/innerproduct_fp.h:642: warning: ignoring '#pragma omp parallel' [-Wunknown-pragmas]
  642 |         #pragma omp parallel for num_threads(opt.num_threads)
/home/mingshi/Project/AI/ernie-image-ncnn-vulkan/third_party/ncnn/src/layer/x86/innerproduct_fp.h:782: warning: ignoring '#pragma omp parallel' [-Wunknown-pragmas]
  782 |         #pragma omp parallel for num_threads(opt.num_threads)
In file included from /home/mingshi/Project/AI/ernie-image-ncnn-vulkan/third_party/ncnn/src/layer/x86/innerproduct_x86_f16c.cpp:20:
/home/mingshi/Project/AI/ernie-image-ncnn-vulkan/third_party/ncnn/src/layer/x86/innerproduct_gemm_fp.h:75: warning: ignoring '#pragma omp parallel' [-Wunknown-pragmas]
   75 |     #pragma omp parallel for num_threads(opt.num_threads)
/home/mingshi/Project/AI/ernie-image-ncnn-vulkan/third_party/ncnn/src/layer/x86/innerproduct_fp.h: In function 'void ncnn::innerproduct_fp16s(const Mat&, Mat&, const Mat&, const Mat&, int, const Mat&, const Option&)':
/home/mingshi/Project/AI/ernie-image-ncnn-vulkan/third_party/ncnn/src/layer/x86/innerproduct_fp.h:20:185: warning: unused parameter 'opt' [-Wunused-parameter]
   20 | static void innerproduct_fp16s(const Mat& bottom_blob, Mat& top_blob, const Mat& weight_data_tm, const Mat& bias_data, int activation_type, const Mat& activation_params, const Option& opt)
      |                                                                                                                                                                           ~~~~~~~~~~~~~~^~~
[163/415] Building CXX object ncnn/src/CMakeFiles/ncnn.dir/layer/memorydata.cpp.obj
[164/415] Building CXX object ncnn/src/CMakeFiles/ncnn.dir/layer/reduction.cpp.obj
/home/mingshi/Project/AI/ernie-image-ncnn-vulkan/third_party/ncnn/src/layer/reduction.cpp:297: warning: ignoring '#pragma omp parallel' [-Wunknown-pragmas]
  297 |             #pragma omp parallel for num_threads(opt.num_threads)
/home/mingshi/Project/AI/ernie-image-ncnn-vulkan/third_party/ncnn/src/layer/reduction.cpp:311: warning: ignoring '#pragma omp parallel' [-Wunknown-pragmas]
  311 |             #pragma omp parallel for num_threads(opt.num_threads)
/home/mingshi/Project/AI/ernie-image-ncnn-vulkan/third_party/ncnn/src/layer/reduction.cpp:323: warning: ignoring '#pragma omp parallel' [-Wunknown-pragmas]
  323 |             #pragma omp parallel for num_threads(opt.num_threads)
/home/mingshi/Project/AI/ernie-image-ncnn-vulkan/third_party/ncnn/src/layer/reduction.cpp:345: warning: ignoring '#pragma omp parallel' [-Wunknown-pragmas]
  345 |             #pragma omp parallel for num_threads(opt.num_threads)
/home/mingshi/Project/AI/ernie-image-ncnn-vulkan/third_party/ncnn/src/layer/reduction.cpp:359: warning: ignoring '#pragma omp parallel' [-Wunknown-pragmas]
  359 |             #pragma omp parallel for num_threads(opt.num_threads)
/home/mingshi/Project/AI/ernie-image-ncnn-vulkan/third_party/ncnn/src/layer/reduction.cpp:372: warning: ignoring '#pragma omp parallel' [-Wunknown-pragmas]
  372 |             #pragma omp parallel for num_threads(opt.num_threads)
/home/mingshi/Project/AI/ernie-image-ncnn-vulkan/third_party/ncnn/src/layer/reduction.cpp:382: warning: ignoring '#pragma omp parallel' [-Wunknown-pragmas]
  382 |             #pragma omp parallel for num_threads(opt.num_threads)
/home/mingshi/Project/AI/ernie-image-ncnn-vulkan/third_party/ncnn/src/layer/reduction.cpp:392: warning: ignoring '#pragma omp parallel' [-Wunknown-pragmas]
  392 |             #pragma omp parallel for num_threads(opt.num_threads)
/home/mingshi/Project/AI/ernie-image-ncnn-vulkan/third_party/ncnn/src/layer/reduction.cpp:409: warning: ignoring '#pragma omp parallel' [-Wunknown-pragmas]
  409 |             #pragma omp parallel for num_threads(opt.num_threads)
/home/mingshi/Project/AI/ernie-image-ncnn-vulkan/third_party/ncnn/src/layer/reduction.cpp:419: warning: ignoring '#pragma omp parallel' [-Wunknown-pragmas]
  419 |             #pragma omp parallel for num_threads(opt.num_threads)
/home/mingshi/Project/AI/ernie-image-ncnn-vulkan/third_party/ncnn/src/layer/reduction.cpp:448: warning: ignoring '#pragma omp parallel' [-Wunknown-pragmas]
  448 |             #pragma omp parallel for num_threads(opt.num_threads)
/home/mingshi/Project/AI/ernie-image-ncnn-vulkan/third_party/ncnn/src/layer/reduction.cpp:462: warning: ignoring '#pragma omp parallel' [-Wunknown-pragmas]
  462 |             #pragma omp parallel for num_threads(opt.num_threads)
/home/mingshi/Project/AI/ernie-image-ncnn-vulkan/third_party/ncnn/src/layer/reduction.cpp:475: warning: ignoring '#pragma omp parallel' [-Wunknown-pragmas]
  475 |             #pragma omp parallel for num_threads(opt.num_threads)
/home/mingshi/Project/AI/ernie-image-ncnn-vulkan/third_party/ncnn/src/layer/reduction.cpp:489: warning: ignoring '#pragma omp parallel' [-Wunknown-pragmas]
  489 |             #pragma omp parallel for num_threads(opt.num_threads)
/home/mingshi/Project/AI/ernie-image-ncnn-vulkan/third_party/ncnn/src/layer/reduction.cpp:502: warning: ignoring '#pragma omp parallel' [-Wunknown-pragmas]
  502 |             #pragma omp parallel for num_threads(opt.num_threads)
/home/mingshi/Project/AI/ernie-image-ncnn-vulkan/third_party/ncnn/src/layer/reduction.cpp:512: warning: ignoring '#pragma omp parallel' [-Wunknown-pragmas]
  512 |             #pragma omp parallel for num_threads(opt.num_threads)
/home/mingshi/Project/AI/ernie-image-ncnn-vulkan/third_party/ncnn/src/layer/reduction.cpp:522: warning: ignoring '#pragma omp parallel' [-Wunknown-pragmas]
  522 |             #pragma omp parallel for num_threads(opt.num_threads)
/home/mingshi/Project/AI/ernie-image-ncnn-vulkan/third_party/ncnn/src/layer/reduction.cpp:539: warning: ignoring '#pragma omp parallel' [-Wunknown-pragmas]
  539 |             #pragma omp parallel for num_threads(opt.num_threads)
/home/mingshi/Project/AI/ernie-image-ncnn-vulkan/third_party/ncnn/src/layer/reduction.cpp:554: warning: ignoring '#pragma omp parallel' [-Wunknown-pragmas]
  554 |             #pragma omp parallel for num_threads(opt.num_threads)
/home/mingshi/Project/AI/ernie-image-ncnn-vulkan/third_party/ncnn/src/layer/reduction.cpp:569: warning: ignoring '#pragma omp parallel' [-Wunknown-pragmas]
  569 |             #pragma omp parallel for num_threads(opt.num_threads)
/home/mingshi/Project/AI/ernie-image-ncnn-vulkan/third_party/ncnn/src/layer/reduction.cpp:586: warning: ignoring '#pragma omp parallel' [-Wunknown-pragmas]
  586 |             #pragma omp parallel for num_threads(opt.num_threads)
/home/mingshi/Project/AI/ernie-image-ncnn-vulkan/third_party/ncnn/src/layer/reduction.cpp:601: warning: ignoring '#pragma omp parallel' [-Wunknown-pragmas]
  601 |             #pragma omp parallel for num_threads(opt.num_threads)
/home/mingshi/Project/AI/ernie-image-ncnn-vulkan/third_party/ncnn/src/layer/reduction.cpp:617: warning: ignoring '#pragma omp parallel' [-Wunknown-pragmas]
  617 |             #pragma omp parallel for num_threads(opt.num_threads)
/home/mingshi/Project/AI/ernie-image-ncnn-vulkan/third_party/ncnn/src/layer/reduction.cpp:634: warning: ignoring '#pragma omp parallel' [-Wunknown-pragmas]
  634 |             #pragma omp parallel for num_threads(opt.num_threads)
/home/mingshi/Project/AI/ernie-image-ncnn-vulkan/third_party/ncnn/src/layer/reduction.cpp:649: warning: ignoring '#pragma omp parallel' [-Wunknown-pragmas]
  649 |             #pragma omp parallel for num_threads(opt.num_threads)
/home/mingshi/Project/AI/ernie-image-ncnn-vulkan/third_party/ncnn/src/layer/reduction.cpp:670: warning: ignoring '#pragma omp parallel' [-Wunknown-pragmas]
  670 |             #pragma omp parallel for num_threads(opt.num_threads)
/home/mingshi/Project/AI/ernie-image-ncnn-vulkan/third_party/ncnn/src/layer/reduction.cpp:688: warning: ignoring '#pragma omp parallel' [-Wunknown-pragmas]
  688 |         #pragma omp parallel for num_threads(opt.num_threads)
/home/mingshi/Project/AI/ernie-image-ncnn-vulkan/third_party/ncnn/src/layer/reduction.cpp:699: warning: ignoring '#pragma omp parallel' [-Wunknown-pragmas]
  699 |         #pragma omp parallel for num_threads(opt.num_threads)
/home/mingshi/Project/AI/ernie-image-ncnn-vulkan/third_party/ncnn/src/layer/reduction.cpp:743: warning: ignoring '#pragma omp parallel' [-Wunknown-pragmas]
  743 |         #pragma omp parallel for num_threads(opt.num_threads)
[165/415] Building CXX object ncnn/src/CMakeFiles/ncnn.dir/layer/reshape.cpp.obj
/home/mingshi/Project/AI/ernie-image-ncnn-vulkan/third_party/ncnn/src/layer/reshape.cpp:413: warning: ignoring '#pragma omp parallel' [-Wunknown-pragmas]
  413 |         #pragma omp parallel for num_threads(opt.num_threads)
/home/mingshi/Project/AI/ernie-image-ncnn-vulkan/third_party/ncnn/src/layer/reshape.cpp: In member function 'void ncnn::Reshape::copy_batch_reshape(const ncnn::Mat&, ncnn::Mat&, const ncnn::Mat&, int, const ncnn::Mat&, int, size_t, size_t, const ncnn::Option&) const':
/home/mingshi/Project/AI/ernie-image-ncnn-vulkan/third_party/ncnn/src/layer/reshape.cpp:405:48: warning: unused parameter 'opt' [-Wunused-parameter]
  405 |                                  const Option& opt) const
      |                                  ~~~~~~~~~~~~~~^~~
[166/415] Building CXX object ncnn/src/CMakeFiles/ncnn.dir/layer/x86/reshape_x86.cpp.obj
/home/mingshi/Project/AI/ernie-image-ncnn-vulkan/third_party/ncnn/src/layer/x86/reshape_x86.cpp:316: warning: ignoring '#pragma omp parallel' [-Wunknown-pragmas]
  316 |             #pragma omp parallel for num_threads(opt.num_threads)
/home/mingshi/Project/AI/ernie-image-ncnn-vulkan/third_party/ncnn/src/layer/x86/reshape_x86.cpp:625: warning: ignoring '#pragma omp parallel' [-Wunknown-pragmas]
  625 |             #pragma omp parallel for num_threads(opt.num_threads)
/home/mingshi/Project/AI/ernie-image-ncnn-vulkan/third_party/ncnn/src/layer/x86/reshape_x86.cpp:670: warning: ignoring '#pragma omp parallel' [-Wunknown-pragmas]
  670 |             #pragma omp parallel for num_threads(opt.num_threads)
/home/mingshi/Project/AI/ernie-image-ncnn-vulkan/third_party/ncnn/src/layer/x86/reshape_x86.cpp:895: warning: ignoring '#pragma omp parallel' [-Wunknown-pragmas]
  895 |             #pragma omp parallel for num_threads(opt.num_threads)
/home/mingshi/Project/AI/ernie-image-ncnn-vulkan/third_party/ncnn/src/layer/x86/reshape_x86.cpp:1093: warning: ignoring '#pragma omp parallel' [-Wunknown-pragmas]
 1093 |             #pragma omp parallel for num_threads(opt.num_threads)
/home/mingshi/Project/AI/ernie-image-ncnn-vulkan/third_party/ncnn/src/layer/x86/reshape_x86.cpp:1117: warning: ignoring '#pragma omp parallel' [-Wunknown-pragmas]
 1117 |             #pragma omp parallel for num_threads(opt.num_threads)
/home/mingshi/Project/AI/ernie-image-ncnn-vulkan/third_party/ncnn/src/layer/x86/reshape_x86.cpp:1231: warning: ignoring '#pragma omp parallel' [-Wunknown-pragmas]
 1231 |                     #pragma omp parallel for num_threads(opt.num_threads)
/home/mingshi/Project/AI/ernie-image-ncnn-vulkan/third_party/ncnn/src/layer/x86/reshape_x86.cpp:1243: warning: ignoring '#pragma omp parallel' [-Wunknown-pragmas]
 1243 |                     #pragma omp parallel for num_threads(opt.num_threads)
/home/mingshi/Project/AI/ernie-image-ncnn-vulkan/third_party/ncnn/src/layer/x86/reshape_x86.cpp:1255: warning: ignoring '#pragma omp parallel' [-Wunknown-pragmas]
 1255 |                     #pragma omp parallel for num_threads(opt.num_threads)
/home/mingshi/Project/AI/ernie-image-ncnn-vulkan/third_party/ncnn/src/layer/x86/reshape_x86.cpp:1272: warning: ignoring '#pragma omp parallel' [-Wunknown-pragmas]
 1272 |                     #pragma omp parallel for num_threads(opt.num_threads)
/home/mingshi/Project/AI/ernie-image-ncnn-vulkan/third_party/ncnn/src/layer/x86/reshape_x86.cpp:1284: warning: ignoring '#pragma omp parallel' [-Wunknown-pragmas]
 1284 |                     #pragma omp parallel for num_threads(opt.num_threads)
/home/mingshi/Project/AI/ernie-image-ncnn-vulkan/third_party/ncnn/src/layer/x86/reshape_x86.cpp:1296: warning: ignoring '#pragma omp parallel' [-Wunknown-pragmas]
 1296 |                     #pragma omp parallel for num_threads(opt.num_threads)
/home/mingshi/Project/AI/ernie-image-ncnn-vulkan/third_party/ncnn/src/layer/x86/reshape_x86.cpp:1314: warning: ignoring '#pragma omp parallel' [-Wunknown-pragmas]
 1314 |                 #pragma omp parallel for num_threads(opt.num_threads)
/home/mingshi/Project/AI/ernie-image-ncnn-vulkan/third_party/ncnn/src/layer/x86/reshape_x86.cpp:1328: warning: ignoring '#pragma omp parallel' [-Wunknown-pragmas]
 1328 |                 #pragma omp parallel for num_threads(opt.num_threads)
/home/mingshi/Project/AI/ernie-image-ncnn-vulkan/third_party/ncnn/src/layer/x86/reshape_x86.cpp:1345: warning: ignoring '#pragma omp parallel' [-Wunknown-pragmas]
 1345 |                 #pragma omp parallel for num_threads(opt.num_threads)
/home/mingshi/Project/AI/ernie-image-ncnn-vulkan/third_party/ncnn/src/layer/x86/reshape_x86.cpp:1359: warning: ignoring '#pragma omp parallel' [-Wunknown-pragmas]
 1359 |                 #pragma omp parallel for num_threads(opt.num_threads)
[167/415] Building CXX object ncnn/src/CMakeFiles/ncnn.dir/layer/x86/reshape_x86_avx512.cpp.obj
/home/mingshi/Project/AI/ernie-image-ncnn-vulkan/.worktrees/surpass-reference/build-windows-cpu-v1/ncnn/src/layer/x86/reshape_x86_avx512.cpp:146: warning: ignoring '#pragma omp parallel' [-Wunknown-pragmas]
  146 |             #pragma omp parallel for num_threads(opt.num_threads)
/home/mingshi/Project/AI/ernie-image-ncnn-vulkan/.worktrees/surpass-reference/build-windows-cpu-v1/ncnn/src/layer/x86/reshape_x86_avx512.cpp:251: warning: ignoring '#pragma omp parallel' [-Wunknown-pragmas]
  251 |             #pragma omp parallel for num_threads(opt.num_threads)
/home/mingshi/Project/AI/ernie-image-ncnn-vulkan/.worktrees/surpass-reference/build-windows-cpu-v1/ncnn/src/layer/x86/reshape_x86_avx512.cpp:316: warning: ignoring '#pragma omp parallel' [-Wunknown-pragmas]
  316 |             #pragma omp parallel for num_threads(opt.num_threads)
/home/mingshi/Project/AI/ernie-image-ncnn-vulkan/.worktrees/surpass-reference/build-windows-cpu-v1/ncnn/src/layer/x86/reshape_x86_avx512.cpp:455: warning: ignoring '#pragma omp parallel' [-Wunknown-pragmas]
  455 |             #pragma omp parallel for num_threads(opt.num_threads)
/home/mingshi/Project/AI/ernie-image-ncnn-vulkan/.worktrees/surpass-reference/build-windows-cpu-v1/ncnn/src/layer/x86/reshape_x86_avx512.cpp:560: warning: ignoring '#pragma omp parallel' [-Wunknown-pragmas]
  560 |             #pragma omp parallel for num_threads(opt.num_threads)
/home/mingshi/Project/AI/ernie-image-ncnn-vulkan/.worktrees/surpass-reference/build-windows-cpu-v1/ncnn/src/layer/x86/reshape_x86_avx512.cpp:625: warning: ignoring '#pragma omp parallel' [-Wunknown-pragmas]
  625 |             #pragma omp parallel for num_threads(opt.num_threads)
/home/mingshi/Project/AI/ernie-image-ncnn-vulkan/.worktrees/surpass-reference/build-windows-cpu-v1/ncnn/src/layer/x86/reshape_x86_avx512.cpp:670: warning: ignoring '#pragma omp parallel' [-Wunknown-pragmas]
  670 |             #pragma omp parallel for num_threads(opt.num_threads)
/home/mingshi/Project/AI/ernie-image-ncnn-vulkan/.worktrees/surpass-reference/build-windows-cpu-v1/ncnn/src/layer/x86/reshape_x86_avx512.cpp:815: warning: ignoring '#pragma omp parallel' [-Wunknown-pragmas]
  815 |             #pragma omp parallel for num_threads(opt.num_threads)
/home/mingshi/Project/AI/ernie-image-ncnn-vulkan/.worktrees/surpass-reference/build-windows-cpu-v1/ncnn/src/layer/x86/reshape_x86_avx512.cpp:863: warning: ignoring '#pragma omp parallel' [-Wunknown-pragmas]
  863 |             #pragma omp parallel for num_threads(opt.num_threads)
/home/mingshi/Project/AI/ernie-image-ncnn-vulkan/.worktrees/surpass-reference/build-windows-cpu-v1/ncnn/src/layer/x86/reshape_x86_avx512.cpp:895: warning: ignoring '#pragma omp parallel' [-Wunknown-pragmas]
  895 |             #pragma omp parallel for num_threads(opt.num_threads)
/home/mingshi/Project/AI/ernie-image-ncnn-vulkan/.worktrees/surpass-reference/build-windows-cpu-v1/ncnn/src/layer/x86/reshape_x86_avx512.cpp:1013: warning: ignoring '#pragma omp parallel' [-Wunknown-pragmas]
 1013 |             #pragma omp parallel for num_threads(opt.num_threads)
/home/mingshi/Project/AI/ernie-image-ncnn-vulkan/.worktrees/surpass-reference/build-windows-cpu-v1/ncnn/src/layer/x86/reshape_x86_avx512.cpp:1061: warning: ignoring '#pragma omp parallel' [-Wunknown-pragmas]
 1061 |             #pragma omp parallel for num_threads(opt.num_threads)
/home/mingshi/Project/AI/ernie-image-ncnn-vulkan/.worktrees/surpass-reference/build-windows-cpu-v1/ncnn/src/layer/x86/reshape_x86_avx512.cpp:1093: warning: ignoring '#pragma omp parallel' [-Wunknown-pragmas]
 1093 |             #pragma omp parallel for num_threads(opt.num_threads)
/home/mingshi/Project/AI/ernie-image-ncnn-vulkan/.worktrees/surpass-reference/build-windows-cpu-v1/ncnn/src/layer/x86/reshape_x86_avx512.cpp:1117: warning: ignoring '#pragma omp parallel' [-Wunknown-pragmas]
 1117 |             #pragma omp parallel for num_threads(opt.num_threads)
/home/mingshi/Project/AI/ernie-image-ncnn-vulkan/.worktrees/surpass-reference/build-windows-cpu-v1/ncnn/src/layer/x86/reshape_x86_avx512.cpp:1231: warning: ignoring '#pragma omp parallel' [-Wunknown-pragmas]
 1231 |                     #pragma omp parallel for num_threads(opt.num_threads)
/home/mingshi/Project/AI/ernie-image-ncnn-vulkan/.worktrees/surpass-reference/build-windows-cpu-v1/ncnn/src/layer/x86/reshape_x86_avx512.cpp:1243: warning: ignoring '#pragma omp parallel' [-Wunknown-pragmas]
 1243 |                     #pragma omp parallel for num_threads(opt.num_threads)
/home/mingshi/Project/AI/ernie-image-ncnn-vulkan/.worktrees/surpass-reference/build-windows-cpu-v1/ncnn/src/layer/x86/reshape_x86_avx512.cpp:1255: warning: ignoring '#pragma omp parallel' [-Wunknown-pragmas]
 1255 |                     #pragma omp parallel for num_threads(opt.num_threads)
/home/mingshi/Project/AI/ernie-image-ncnn-vulkan/.worktrees/surpass-reference/build-windows-cpu-v1/ncnn/src/layer/x86/reshape_x86_avx512.cpp:1272: warning: ignoring '#pragma omp parallel' [-Wunknown-pragmas]
 1272 |                     #pragma omp parallel for num_threads(opt.num_threads)
/home/mingshi/Project/AI/ernie-image-ncnn-vulkan/.worktrees/surpass-reference/build-windows-cpu-v1/ncnn/src/layer/x86/reshape_x86_avx512.cpp:1284: warning: ignoring '#pragma omp parallel' [-Wunknown-pragmas]
 1284 |                     #pragma omp parallel for num_threads(opt.num_threads)
/home/mingshi/Project/AI/ernie-image-ncnn-vulkan/.worktrees/surpass-reference/build-windows-cpu-v1/ncnn/src/layer/x86/reshape_x86_avx512.cpp:1296: warning: ignoring '#pragma omp parallel' [-Wunknown-pragmas]
 1296 |                     #pragma omp parallel for num_threads(opt.num_threads)
/home/mingshi/Project/AI/ernie-image-ncnn-vulkan/.worktrees/surpass-reference/build-windows-cpu-v1/ncnn/src/layer/x86/reshape_x86_avx512.cpp:1314: warning: ignoring '#pragma omp parallel' [-Wunknown-pragmas]
 1314 |                 #pragma omp parallel for num_threads(opt.num_threads)
/home/mingshi/Project/AI/ernie-image-ncnn-vulkan/.worktrees/surpass-reference/build-windows-cpu-v1/ncnn/src/layer/x86/reshape_x86_avx512.cpp:1328: warning: ignoring '#pragma omp parallel' [-Wunknown-pragmas]
 1328 |                 #pragma omp parallel for num_threads(opt.num_threads)
/home/mingshi/Project/AI/ernie-image-ncnn-vulkan/.worktrees/surpass-reference/build-windows-cpu-v1/ncnn/src/layer/x86/reshape_x86_avx512.cpp:1345: warning: ignoring '#pragma omp parallel' [-Wunknown-pragmas]
 1345 |                 #pragma omp parallel for num_threads(opt.num_threads)
/home/mingshi/Project/AI/ernie-image-ncnn-vulkan/.worktrees/surpass-reference/build-windows-cpu-v1/ncnn/src/layer/x86/reshape_x86_avx512.cpp:1359: warning: ignoring '#pragma omp parallel' [-Wunknown-pragmas]
 1359 |                 #pragma omp parallel for num_threads(opt.num_threads)
[168/415] Building CXX object ncnn/src/CMakeFiles/ncnn.dir/layer/x86/reshape_x86_avx.cpp.obj
/home/mingshi/Project/AI/ernie-image-ncnn-vulkan/.worktrees/surpass-reference/build-windows-cpu-v1/ncnn/src/layer/x86/reshape_x86_avx.cpp:251: warning: ignoring '#pragma omp parallel' [-Wunknown-pragmas]
  251 |             #pragma omp parallel for num_threads(opt.num_threads)
/home/mingshi/Project/AI/ernie-image-ncnn-vulkan/.worktrees/surpass-reference/build-windows-cpu-v1/ncnn/src/layer/x86/reshape_x86_avx.cpp:316: warning: ignoring '#pragma omp parallel' [-Wunknown-pragmas]
  316 |             #pragma omp parallel for num_threads(opt.num_threads)
/home/mingshi/Project/AI/ernie-image-ncnn-vulkan/.worktrees/surpass-reference/build-windows-cpu-v1/ncnn/src/layer/x86/reshape_x86_avx.cpp:560: warning: ignoring '#pragma omp parallel' [-Wunknown-pragmas]
  560 |             #pragma omp parallel for num_threads(opt.num_threads)
/home/mingshi/Project/AI/ernie-image-ncnn-vulkan/.worktrees/surpass-reference/build-windows-cpu-v1/ncnn/src/layer/x86/reshape_x86_avx.cpp:625: warning: ignoring '#pragma omp parallel' [-Wunknown-pragmas]
  625 |             #pragma omp parallel for num_threads(opt.num_threads)
/home/mingshi/Project/AI/ernie-image-ncnn-vulkan/.worktrees/surpass-reference/build-windows-cpu-v1/ncnn/src/layer/x86/reshape_x86_avx.cpp:670: warning: ignoring '#pragma omp parallel' [-Wunknown-pragmas]
  670 |             #pragma omp parallel for num_threads(opt.num_threads)
/home/mingshi/Project/AI/ernie-image-ncnn-vulkan/.worktrees/surpass-reference/build-windows-cpu-v1/ncnn/src/layer/x86/reshape_x86_avx.cpp:863: warning: ignoring '#pragma omp parallel' [-Wunknown-pragmas]
  863 |             #pragma omp parallel for num_threads(opt.num_threads)
/home/mingshi/Project/AI/ernie-image-ncnn-vulkan/.worktrees/surpass-reference/build-windows-cpu-v1/ncnn/src/layer/x86/reshape_x86_avx.cpp:895: warning: ignoring '#pragma omp parallel' [-Wunknown-pragmas]
  895 |             #pragma omp parallel for num_threads(opt.num_threads)
/home/mingshi/Project/AI/ernie-image-ncnn-vulkan/.worktrees/surpass-reference/build-windows-cpu-v1/ncnn/src/layer/x86/reshape_x86_avx.cpp:1061: warning: ignoring '#pragma omp parallel' [-Wunknown-pragmas]
 1061 |             #pragma omp parallel for num_threads(opt.num_threads)
/home/mingshi/Project/AI/ernie-image-ncnn-vulkan/.worktrees/surpass-reference/build-windows-cpu-v1/ncnn/src/layer/x86/reshape_x86_avx.cpp:1093: warning: ignoring '#pragma omp parallel' [-Wunknown-pragmas]
 1093 |             #pragma omp parallel for num_threads(opt.num_threads)
/home/mingshi/Project/AI/ernie-image-ncnn-vulkan/.worktrees/surpass-reference/build-windows-cpu-v1/ncnn/src/layer/x86/reshape_x86_avx.cpp:1117: warning: ignoring '#pragma omp parallel' [-Wunknown-pragmas]
 1117 |             #pragma omp parallel for num_threads(opt.num_threads)
/home/mingshi/Project/AI/ernie-image-ncnn-vulkan/.worktrees/surpass-reference/build-windows-cpu-v1/ncnn/src/layer/x86/reshape_x86_avx.cpp:1231: warning: ignoring '#pragma omp parallel' [-Wunknown-pragmas]
 1231 |                     #pragma omp parallel for num_threads(opt.num_threads)
/home/mingshi/Project/AI/ernie-image-ncnn-vulkan/.worktrees/surpass-reference/build-windows-cpu-v1/ncnn/src/layer/x86/reshape_x86_avx.cpp:1243: warning: ignoring '#pragma omp parallel' [-Wunknown-pragmas]
 1243 |                     #pragma omp parallel for num_threads(opt.num_threads)
/home/mingshi/Project/AI/ernie-image-ncnn-vulkan/.worktrees/surpass-reference/build-windows-cpu-v1/ncnn/src/layer/x86/reshape_x86_avx.cpp:1255: warning: ignoring '#pragma omp parallel' [-Wunknown-pragmas]
 1255 |                     #pragma omp parallel for num_threads(opt.num_threads)
/home/mingshi/Project/AI/ernie-image-ncnn-vulkan/.worktrees/surpass-reference/build-windows-cpu-v1/ncnn/src/layer/x86/reshape_x86_avx.cpp:1272: warning: ignoring '#pragma omp parallel' [-Wunknown-pragmas]
 1272 |                     #pragma omp parallel for num_threads(opt.num_threads)
/home/mingshi/Project/AI/ernie-image-ncnn-vulkan/.worktrees/surpass-reference/build-windows-cpu-v1/ncnn/src/layer/x86/reshape_x86_avx.cpp:1284: warning: ignoring '#pragma omp parallel' [-Wunknown-pragmas]
 1284 |                     #pragma omp parallel for num_threads(opt.num_threads)
/home/mingshi/Project/AI/ernie-image-ncnn-vulkan/.worktrees/surpass-reference/build-windows-cpu-v1/ncnn/src/layer/x86/reshape_x86_avx.cpp:1296: warning: ignoring '#pragma omp parallel' [-Wunknown-pragmas]
 1296 |                     #pragma omp parallel for num_threads(opt.num_threads)
/home/mingshi/Project/AI/ernie-image-ncnn-vulkan/.worktrees/surpass-reference/build-windows-cpu-v1/ncnn/src/layer/x86/reshape_x86_avx.cpp:1314: warning: ignoring '#pragma omp parallel' [-Wunknown-pragmas]
 1314 |                 #pragma omp parallel for num_threads(opt.num_threads)
/home/mingshi/Project/AI/ernie-image-ncnn-vulkan/.worktrees/surpass-reference/build-windows-cpu-v1/ncnn/src/layer/x86/reshape_x86_avx.cpp:1328: warning: ignoring '#pragma omp parallel' [-Wunknown-pragmas]
 1328 |                 #pragma omp parallel for num_threads(opt.num_threads)
/home/mingshi/Project/AI/ernie-image-ncnn-vulkan/.worktrees/surpass-reference/build-windows-cpu-v1/ncnn/src/layer/x86/reshape_x86_avx.cpp:1345: warning: ignoring '#pragma omp parallel' [-Wunknown-pragmas]
 1345 |                 #pragma omp parallel for num_threads(opt.num_threads)
/home/mingshi/Project/AI/ernie-image-ncnn-vulkan/.worktrees/surpass-reference/build-windows-cpu-v1/ncnn/src/layer/x86/reshape_x86_avx.cpp:1359: warning: ignoring '#pragma omp parallel' [-Wunknown-pragmas]
 1359 |                 #pragma omp parallel for num_threads(opt.num_threads)
[169/415] Building CXX object ncnn/src/CMakeFiles/ncnn.dir/layer/slice.cpp.obj
/home/mingshi/Project/AI/ernie-image-ncnn-vulkan/third_party/ncnn/src/layer/slice.cpp:159: warning: ignoring '#pragma omp parallel' [-Wunknown-pragmas]
  159 |             #pragma omp parallel for num_threads(opt.num_threads)
/home/mingshi/Project/AI/ernie-image-ncnn-vulkan/third_party/ncnn/src/layer/slice.cpp:265: warning: ignoring '#pragma omp parallel' [-Wunknown-pragmas]
  265 |             #pragma omp parallel for num_threads(opt.num_threads)
/home/mingshi/Project/AI/ernie-image-ncnn-vulkan/third_party/ncnn/src/layer/slice.cpp:324: warning: ignoring '#pragma omp parallel' [-Wunknown-pragmas]
  324 |             #pragma omp parallel for num_threads(opt.num_threads)
/home/mingshi/Project/AI/ernie-image-ncnn-vulkan/third_party/ncnn/src/layer/slice.cpp:386: warning: ignoring '#pragma omp parallel' [-Wunknown-pragmas]
  386 |             #pragma omp parallel for num_threads(opt.num_threads)
[170/415] Building CXX object ncnn/src/CMakeFiles/ncnn.dir/layer/x86/slice_x86.cpp.obj
/home/mingshi/Project/AI/ernie-image-ncnn-vulkan/third_party/ncnn/src/layer/x86/slice_x86.cpp:442: warning: ignoring '#pragma omp parallel' [-Wunknown-pragmas]
  442 |         #pragma omp parallel for num_threads(opt.num_threads)
/home/mingshi/Project/AI/ernie-image-ncnn-vulkan/third_party/ncnn/src/layer/x86/slice_x86.cpp:822: warning: ignoring '#pragma omp parallel' [-Wunknown-pragmas]
  822 |         #pragma omp parallel for num_threads(opt.num_threads)
/home/mingshi/Project/AI/ernie-image-ncnn-vulkan/third_party/ncnn/src/layer/x86/slice_x86.cpp:888: warning: ignoring '#pragma omp parallel' [-Wunknown-pragmas]
  888 |         #pragma omp parallel for num_threads(opt.num_threads)
/home/mingshi/Project/AI/ernie-image-ncnn-vulkan/third_party/ncnn/src/layer/x86/slice_x86.cpp:952: warning: ignoring '#pragma omp parallel' [-Wunknown-pragmas]
  952 |         #pragma omp parallel for num_threads(opt.num_threads)
/home/mingshi/Project/AI/ernie-image-ncnn-vulkan/third_party/ncnn/src/layer/x86/slice_x86.cpp:1385: warning: ignoring '#pragma omp parallel' [-Wunknown-pragmas]
 1385 |         #pragma omp parallel for num_threads(opt.num_threads)
/home/mingshi/Project/AI/ernie-image-ncnn-vulkan/third_party/ncnn/src/layer/x86/slice_x86.cpp:1765: warning: ignoring '#pragma omp parallel' [-Wunknown-pragmas]
 1765 |         #pragma omp parallel for num_threads(opt.num_threads)
/home/mingshi/Project/AI/ernie-image-ncnn-vulkan/third_party/ncnn/src/layer/x86/slice_x86.cpp:1831: warning: ignoring '#pragma omp parallel' [-Wunknown-pragmas]
 1831 |         #pragma omp parallel for num_threads(opt.num_threads)
/home/mingshi/Project/AI/ernie-image-ncnn-vulkan/third_party/ncnn/src/layer/x86/slice_x86.cpp:1895: warning: ignoring '#pragma omp parallel' [-Wunknown-pragmas]
 1895 |         #pragma omp parallel for num_threads(opt.num_threads)
[171/415] Building CXX object ncnn/src/CMakeFiles/ncnn.dir/layer/x86/slice_x86_avx512.cpp.obj
/home/mingshi/Project/AI/ernie-image-ncnn-vulkan/.worktrees/surpass-reference/build-windows-cpu-v1/ncnn/src/layer/x86/slice_x86_avx512.cpp:442: warning: ignoring '#pragma omp parallel' [-Wunknown-pragmas]
  442 |         #pragma omp parallel for num_threads(opt.num_threads)
/home/mingshi/Project/AI/ernie-image-ncnn-vulkan/.worktrees/surpass-reference/build-windows-cpu-v1/ncnn/src/layer/x86/slice_x86_avx512.cpp:822: warning: ignoring '#pragma omp parallel' [-Wunknown-pragmas]
  822 |         #pragma omp parallel for num_threads(opt.num_threads)
/home/mingshi/Project/AI/ernie-image-ncnn-vulkan/.worktrees/surpass-reference/build-windows-cpu-v1/ncnn/src/layer/x86/slice_x86_avx512.cpp:888: warning: ignoring '#pragma omp parallel' [-Wunknown-pragmas]
  888 |         #pragma omp parallel for num_threads(opt.num_threads)
/home/mingshi/Project/AI/ernie-image-ncnn-vulkan/.worktrees/surpass-reference/build-windows-cpu-v1/ncnn/src/layer/x86/slice_x86_avx512.cpp:952: warning: ignoring '#pragma omp parallel' [-Wunknown-pragmas]
  952 |         #pragma omp parallel for num_threads(opt.num_threads)
/home/mingshi/Project/AI/ernie-image-ncnn-vulkan/.worktrees/surpass-reference/build-windows-cpu-v1/ncnn/src/layer/x86/slice_x86_avx512.cpp:1385: warning: ignoring '#pragma omp parallel' [-Wunknown-pragmas]
 1385 |         #pragma omp parallel for num_threads(opt.num_threads)
/home/mingshi/Project/AI/ernie-image-ncnn-vulkan/.worktrees/surpass-reference/build-windows-cpu-v1/ncnn/src/layer/x86/slice_x86_avx512.cpp:1765: warning: ignoring '#pragma omp parallel' [-Wunknown-pragmas]
 1765 |         #pragma omp parallel for num_threads(opt.num_threads)
/home/mingshi/Project/AI/ernie-image-ncnn-vulkan/.worktrees/surpass-reference/build-windows-cpu-v1/ncnn/src/layer/x86/slice_x86_avx512.cpp:1831: warning: ignoring '#pragma omp parallel' [-Wunknown-pragmas]
 1831 |         #pragma omp parallel for num_threads(opt.num_threads)
/home/mingshi/Project/AI/ernie-image-ncnn-vulkan/.worktrees/surpass-reference/build-windows-cpu-v1/ncnn/src/layer/x86/slice_x86_avx512.cpp:1895: warning: ignoring '#pragma omp parallel' [-Wunknown-pragmas]
 1895 |         #pragma omp parallel for num_threads(opt.num_threads)
[172/415] Building CXX object ncnn/src/CMakeFiles/ncnn.dir/layer/x86/slice_x86_avx.cpp.obj
/home/mingshi/Project/AI/ernie-image-ncnn-vulkan/.worktrees/surpass-reference/build-windows-cpu-v1/ncnn/src/layer/x86/slice_x86_avx.cpp:442: warning: ignoring '#pragma omp parallel' [-Wunknown-pragmas]
  442 |         #pragma omp parallel for num_threads(opt.num_threads)
/home/mingshi/Project/AI/ernie-image-ncnn-vulkan/.worktrees/surpass-reference/build-windows-cpu-v1/ncnn/src/layer/x86/slice_x86_avx.cpp:822: warning: ignoring '#pragma omp parallel' [-Wunknown-pragmas]
  822 |         #pragma omp parallel for num_threads(opt.num_threads)
/home/mingshi/Project/AI/ernie-image-ncnn-vulkan/.worktrees/surpass-reference/build-windows-cpu-v1/ncnn/src/layer/x86/slice_x86_avx.cpp:888: warning: ignoring '#pragma omp parallel' [-Wunknown-pragmas]
  888 |         #pragma omp parallel for num_threads(opt.num_threads)
/home/mingshi/Project/AI/ernie-image-ncnn-vulkan/.worktrees/surpass-reference/build-windows-cpu-v1/ncnn/src/layer/x86/slice_x86_avx.cpp:952: warning: ignoring '#pragma omp parallel' [-Wunknown-pragmas]
  952 |         #pragma omp parallel for num_threads(opt.num_threads)
/home/mingshi/Project/AI/ernie-image-ncnn-vulkan/.worktrees/surpass-reference/build-windows-cpu-v1/ncnn/src/layer/x86/slice_x86_avx.cpp:1385: warning: ignoring '#pragma omp parallel' [-Wunknown-pragmas]
 1385 |         #pragma omp parallel for num_threads(opt.num_threads)
/home/mingshi/Project/AI/ernie-image-ncnn-vulkan/.worktrees/surpass-reference/build-windows-cpu-v1/ncnn/src/layer/x86/slice_x86_avx.cpp:1765: warning: ignoring '#pragma omp parallel' [-Wunknown-pragmas]
 1765 |         #pragma omp parallel for num_threads(opt.num_threads)
/home/mingshi/Project/AI/ernie-image-ncnn-vulkan/.worktrees/surpass-reference/build-windows-cpu-v1/ncnn/src/layer/x86/slice_x86_avx.cpp:1831: warning: ignoring '#pragma omp parallel' [-Wunknown-pragmas]
 1831 |         #pragma omp parallel for num_threads(opt.num_threads)
/home/mingshi/Project/AI/ernie-image-ncnn-vulkan/.worktrees/surpass-reference/build-windows-cpu-v1/ncnn/src/layer/x86/slice_x86_avx.cpp:1895: warning: ignoring '#pragma omp parallel' [-Wunknown-pragmas]
 1895 |         #pragma omp parallel for num_threads(opt.num_threads)
[173/415] Building CXX object ncnn/src/CMakeFiles/ncnn.dir/layer/softmax.cpp.obj
/home/mingshi/Project/AI/ernie-image-ncnn-vulkan/third_party/ncnn/src/layer/softmax.cpp:124: warning: ignoring '#pragma omp parallel' [-Wunknown-pragmas]
  124 |         #pragma omp parallel for num_threads(opt.num_threads)
/home/mingshi/Project/AI/ernie-image-ncnn-vulkan/third_party/ncnn/src/layer/softmax.cpp:135: warning: ignoring '#pragma omp parallel' [-Wunknown-pragmas]
  135 |         #pragma omp parallel for num_threads(opt.num_threads)
/home/mingshi/Project/AI/ernie-image-ncnn-vulkan/third_party/ncnn/src/layer/softmax.cpp:148: warning: ignoring '#pragma omp parallel' [-Wunknown-pragmas]
  148 |         #pragma omp parallel for num_threads(opt.num_threads)
/home/mingshi/Project/AI/ernie-image-ncnn-vulkan/third_party/ncnn/src/layer/softmax.cpp:159: warning: ignoring '#pragma omp parallel' [-Wunknown-pragmas]
  159 |         #pragma omp parallel for num_threads(opt.num_threads)
/home/mingshi/Project/AI/ernie-image-ncnn-vulkan/third_party/ncnn/src/layer/softmax.cpp:174: warning: ignoring '#pragma omp parallel' [-Wunknown-pragmas]
  174 |         #pragma omp parallel for num_threads(opt.num_threads)
/home/mingshi/Project/AI/ernie-image-ncnn-vulkan/third_party/ncnn/src/layer/softmax.cpp:191: warning: ignoring '#pragma omp parallel' [-Wunknown-pragmas]
  191 |         #pragma omp parallel for num_threads(opt.num_threads)
/home/mingshi/Project/AI/ernie-image-ncnn-vulkan/third_party/ncnn/src/layer/softmax.cpp:202: warning: ignoring '#pragma omp parallel' [-Wunknown-pragmas]
  202 |         #pragma omp parallel for num_threads(opt.num_threads)
/home/mingshi/Project/AI/ernie-image-ncnn-vulkan/third_party/ncnn/src/layer/softmax.cpp:217: warning: ignoring '#pragma omp parallel' [-Wunknown-pragmas]
  217 |         #pragma omp parallel for num_threads(opt.num_threads)
/home/mingshi/Project/AI/ernie-image-ncnn-vulkan/third_party/ncnn/src/layer/softmax.cpp:235: warning: ignoring '#pragma omp parallel' [-Wunknown-pragmas]
  235 |         #pragma omp parallel for num_threads(opt.num_threads)
/home/mingshi/Project/AI/ernie-image-ncnn-vulkan/third_party/ncnn/src/layer/softmax.cpp: In member function 'virtual int ncnn::Softmax::forward_inplace(ncnn::Mat&, const ncnn::Option&) const':
/home/mingshi/Project/AI/ernie-image-ncnn-vulkan/third_party/ncnn/src/layer/softmax.cpp:102:66: warning: unused parameter 'opt' [-Wunused-parameter]
  102 | int Softmax::forward_inplace(Mat& bottom_top_blob, const Option& opt) const
      |                                                    ~~~~~~~~~~~~~~^~~
[174/415] Building CXX object ncnn/src/CMakeFiles/ncnn.dir/layer/x86/softmax_x86.cpp.obj
/home/mingshi/Project/AI/ernie-image-ncnn-vulkan/third_party/ncnn/src/layer/x86/softmax_x86.cpp:76: warning: ignoring '#pragma omp parallel' [-Wunknown-pragmas]
   76 |         #pragma omp parallel for num_threads(opt.num_threads)
/home/mingshi/Project/AI/ernie-image-ncnn-vulkan/third_party/ncnn/src/layer/x86/softmax_x86.cpp:94: warning: ignoring '#pragma omp parallel' [-Wunknown-pragmas]
   94 |         #pragma omp parallel for num_threads(opt.num_threads)
/home/mingshi/Project/AI/ernie-image-ncnn-vulkan/third_party/ncnn/src/layer/x86/softmax_x86.cpp:114: warning: ignoring '#pragma omp parallel' [-Wunknown-pragmas]
  114 |         #pragma omp parallel for num_threads(opt.num_threads)
/home/mingshi/Project/AI/ernie-image-ncnn-vulkan/third_party/ncnn/src/layer/x86/softmax_x86.cpp:138: warning: ignoring '#pragma omp parallel' [-Wunknown-pragmas]
  138 |         #pragma omp parallel for num_threads(opt.num_threads)
/home/mingshi/Project/AI/ernie-image-ncnn-vulkan/third_party/ncnn/src/layer/x86/softmax_x86.cpp:156: warning: ignoring '#pragma omp parallel' [-Wunknown-pragmas]
  156 |         #pragma omp parallel for num_threads(opt.num_threads)
/home/mingshi/Project/AI/ernie-image-ncnn-vulkan/third_party/ncnn/src/layer/x86/softmax_x86.cpp:177: warning: ignoring '#pragma omp parallel' [-Wunknown-pragmas]
  177 |         #pragma omp parallel for num_threads(opt.num_threads)
/home/mingshi/Project/AI/ernie-image-ncnn-vulkan/third_party/ncnn/src/layer/x86/softmax_x86.cpp:192: warning: ignoring '#pragma omp parallel' [-Wunknown-pragmas]
  192 |         #pragma omp parallel for num_threads(opt.num_threads)
/home/mingshi/Project/AI/ernie-image-ncnn-vulkan/third_party/ncnn/src/layer/x86/softmax_x86.cpp:242: warning: ignoring '#pragma omp parallel' [-Wunknown-pragmas]
  242 |         #pragma omp parallel for num_threads(opt.num_threads)
/home/mingshi/Project/AI/ernie-image-ncnn-vulkan/third_party/ncnn/src/layer/x86/softmax_x86.cpp:260: warning: ignoring '#pragma omp parallel' [-Wunknown-pragmas]
  260 |         #pragma omp parallel for num_threads(opt.num_threads)
/home/mingshi/Project/AI/ernie-image-ncnn-vulkan/third_party/ncnn/src/layer/x86/softmax_x86.cpp:280: warning: ignoring '#pragma omp parallel' [-Wunknown-pragmas]
  280 |         #pragma omp parallel for num_threads(opt.num_threads)
/home/mingshi/Project/AI/ernie-image-ncnn-vulkan/third_party/ncnn/src/layer/x86/softmax_x86.cpp:304: warning: ignoring '#pragma omp parallel' [-Wunknown-pragmas]
  304 |         #pragma omp parallel for num_threads(opt.num_threads)
/home/mingshi/Project/AI/ernie-image-ncnn-vulkan/third_party/ncnn/src/layer/x86/softmax_x86.cpp:322: warning: ignoring '#pragma omp parallel' [-Wunknown-pragmas]
  322 |         #pragma omp parallel for num_threads(opt.num_threads)
/home/mingshi/Project/AI/ernie-image-ncnn-vulkan/third_party/ncnn/src/layer/x86/softmax_x86.cpp:343: warning: ignoring '#pragma omp parallel' [-Wunknown-pragmas]
  343 |         #pragma omp parallel for num_threads(opt.num_threads)
/home/mingshi/Project/AI/ernie-image-ncnn-vulkan/third_party/ncnn/src/layer/x86/softmax_x86.cpp:358: warning: ignoring '#pragma omp parallel' [-Wunknown-pragmas]
  358 |         #pragma omp parallel for num_threads(opt.num_threads)
[175/415] Building CXX object ncnn/src/CMakeFiles/ncnn.dir/layer/x86/softmax_x86_avx512.cpp.obj
/home/mingshi/Project/AI/ernie-image-ncnn-vulkan/.worktrees/surpass-reference/build-windows-cpu-v1/ncnn/src/layer/x86/softmax_x86_avx512.cpp:76: warning: ignoring '#pragma omp parallel' [-Wunknown-pragmas]
   76 |         #pragma omp parallel for num_threads(opt.num_threads)
/home/mingshi/Project/AI/ernie-image-ncnn-vulkan/.worktrees/surpass-reference/build-windows-cpu-v1/ncnn/src/layer/x86/softmax_x86_avx512.cpp:94: warning: ignoring '#pragma omp parallel' [-Wunknown-pragmas]
   94 |         #pragma omp parallel for num_threads(opt.num_threads)
/home/mingshi/Project/AI/ernie-image-ncnn-vulkan/.worktrees/surpass-reference/build-windows-cpu-v1/ncnn/src/layer/x86/softmax_x86_avx512.cpp:114: warning: ignoring '#pragma omp parallel' [-Wunknown-pragmas]
  114 |         #pragma omp parallel for num_threads(opt.num_threads)
/home/mingshi/Project/AI/ernie-image-ncnn-vulkan/.worktrees/surpass-reference/build-windows-cpu-v1/ncnn/src/layer/x86/softmax_x86_avx512.cpp:138: warning: ignoring '#pragma omp parallel' [-Wunknown-pragmas]
  138 |         #pragma omp parallel for num_threads(opt.num_threads)
/home/mingshi/Project/AI/ernie-image-ncnn-vulkan/.worktrees/surpass-reference/build-windows-cpu-v1/ncnn/src/layer/x86/softmax_x86_avx512.cpp:156: warning: ignoring '#pragma omp parallel' [-Wunknown-pragmas]
  156 |         #pragma omp parallel for num_threads(opt.num_threads)
/home/mingshi/Project/AI/ernie-image-ncnn-vulkan/.worktrees/surpass-reference/build-windows-cpu-v1/ncnn/src/layer/x86/softmax_x86_avx512.cpp:177: warning: ignoring '#pragma omp parallel' [-Wunknown-pragmas]
  177 |         #pragma omp parallel for num_threads(opt.num_threads)
/home/mingshi/Project/AI/ernie-image-ncnn-vulkan/.worktrees/surpass-reference/build-windows-cpu-v1/ncnn/src/layer/x86/softmax_x86_avx512.cpp:192: warning: ignoring '#pragma omp parallel' [-Wunknown-pragmas]
  192 |         #pragma omp parallel for num_threads(opt.num_threads)
/home/mingshi/Project/AI/ernie-image-ncnn-vulkan/.worktrees/surpass-reference/build-windows-cpu-v1/ncnn/src/layer/x86/softmax_x86_avx512.cpp:242: warning: ignoring '#pragma omp parallel' [-Wunknown-pragmas]
  242 |         #pragma omp parallel for num_threads(opt.num_threads)
/home/mingshi/Project/AI/ernie-image-ncnn-vulkan/.worktrees/surpass-reference/build-windows-cpu-v1/ncnn/src/layer/x86/softmax_x86_avx512.cpp:260: warning: ignoring '#pragma omp parallel' [-Wunknown-pragmas]
  260 |         #pragma omp parallel for num_threads(opt.num_threads)
/home/mingshi/Project/AI/ernie-image-ncnn-vulkan/.worktrees/surpass-reference/build-windows-cpu-v1/ncnn/src/layer/x86/softmax_x86_avx512.cpp:280: warning: ignoring '#pragma omp parallel' [-Wunknown-pragmas]
  280 |         #pragma omp parallel for num_threads(opt.num_threads)
/home/mingshi/Project/AI/ernie-image-ncnn-vulkan/.worktrees/surpass-reference/build-windows-cpu-v1/ncnn/src/layer/x86/softmax_x86_avx512.cpp:304: warning: ignoring '#pragma omp parallel' [-Wunknown-pragmas]
  304 |         #pragma omp parallel for num_threads(opt.num_threads)
/home/mingshi/Project/AI/ernie-image-ncnn-vulkan/.worktrees/surpass-reference/build-windows-cpu-v1/ncnn/src/layer/x86/softmax_x86_avx512.cpp:322: warning: ignoring '#pragma omp parallel' [-Wunknown-pragmas]
  322 |         #pragma omp parallel for num_threads(opt.num_threads)
/home/mingshi/Project/AI/ernie-image-ncnn-vulkan/.worktrees/surpass-reference/build-windows-cpu-v1/ncnn/src/layer/x86/softmax_x86_avx512.cpp:343: warning: ignoring '#pragma omp parallel' [-Wunknown-pragmas]
  343 |         #pragma omp parallel for num_threads(opt.num_threads)
/home/mingshi/Project/AI/ernie-image-ncnn-vulkan/.worktrees/surpass-reference/build-windows-cpu-v1/ncnn/src/layer/x86/softmax_x86_avx512.cpp:358: warning: ignoring '#pragma omp parallel' [-Wunknown-pragmas]
  358 |         #pragma omp parallel for num_threads(opt.num_threads)
[176/415] Building CXX object ncnn/src/CMakeFiles/ncnn.dir/layer/x86/softmax_x86_fma.cpp.obj
[177/415] Building CXX object ncnn/src/CMakeFiles/ncnn.dir/layer/x86/softmax_x86_fma4.cpp.obj
[178/415] Building CXX object ncnn/src/CMakeFiles/ncnn.dir/layer/x86/softmax_x86_avx.cpp.obj
/home/mingshi/Project/AI/ernie-image-ncnn-vulkan/.worktrees/surpass-reference/build-windows-cpu-v1/ncnn/src/layer/x86/softmax_x86_avx.cpp:76: warning: ignoring '#pragma omp parallel' [-Wunknown-pragmas]
   76 |         #pragma omp parallel for num_threads(opt.num_threads)
/home/mingshi/Project/AI/ernie-image-ncnn-vulkan/.worktrees/surpass-reference/build-windows-cpu-v1/ncnn/src/layer/x86/softmax_x86_avx.cpp:94: warning: ignoring '#pragma omp parallel' [-Wunknown-pragmas]
   94 |         #pragma omp parallel for num_threads(opt.num_threads)
/home/mingshi/Project/AI/ernie-image-ncnn-vulkan/.worktrees/surpass-reference/build-windows-cpu-v1/ncnn/src/layer/x86/softmax_x86_avx.cpp:114: warning: ignoring '#pragma omp parallel' [-Wunknown-pragmas]
  114 |         #pragma omp parallel for num_threads(opt.num_threads)
/home/mingshi/Project/AI/ernie-image-ncnn-vulkan/.worktrees/surpass-reference/build-windows-cpu-v1/ncnn/src/layer/x86/softmax_x86_avx.cpp:138: warning: ignoring '#pragma omp parallel' [-Wunknown-pragmas]
  138 |         #pragma omp parallel for num_threads(opt.num_threads)
/home/mingshi/Project/AI/ernie-image-ncnn-vulkan/.worktrees/surpass-reference/build-windows-cpu-v1/ncnn/src/layer/x86/softmax_x86_avx.cpp:156: warning: ignoring '#pragma omp parallel' [-Wunknown-pragmas]
  156 |         #pragma omp parallel for num_threads(opt.num_threads)
/home/mingshi/Project/AI/ernie-image-ncnn-vulkan/.worktrees/surpass-reference/build-windows-cpu-v1/ncnn/src/layer/x86/softmax_x86_avx.cpp:177: warning: ignoring '#pragma omp parallel' [-Wunknown-pragmas]
  177 |         #pragma omp parallel for num_threads(opt.num_threads)
/home/mingshi/Project/AI/ernie-image-ncnn-vulkan/.worktrees/surpass-reference/build-windows-cpu-v1/ncnn/src/layer/x86/softmax_x86_avx.cpp:192: warning: ignoring '#pragma omp parallel' [-Wunknown-pragmas]
  192 |         #pragma omp parallel for num_threads(opt.num_threads)
/home/mingshi/Project/AI/ernie-image-ncnn-vulkan/.worktrees/surpass-reference/build-windows-cpu-v1/ncnn/src/layer/x86/softmax_x86_avx.cpp:242: warning: ignoring '#pragma omp parallel' [-Wunknown-pragmas]
  242 |         #pragma omp parallel for num_threads(opt.num_threads)
/home/mingshi/Project/AI/ernie-image-ncnn-vulkan/.worktrees/surpass-reference/build-windows-cpu-v1/ncnn/src/layer/x86/softmax_x86_avx.cpp:260: warning: ignoring '#pragma omp parallel' [-Wunknown-pragmas]
  260 |         #pragma omp parallel for num_threads(opt.num_threads)
/home/mingshi/Project/AI/ernie-image-ncnn-vulkan/.worktrees/surpass-reference/build-windows-cpu-v1/ncnn/src/layer/x86/softmax_x86_avx.cpp:280: warning: ignoring '#pragma omp parallel' [-Wunknown-pragmas]
  280 |         #pragma omp parallel for num_threads(opt.num_threads)
/home/mingshi/Project/AI/ernie-image-ncnn-vulkan/.worktrees/surpass-reference/build-windows-cpu-v1/ncnn/src/layer/x86/softmax_x86_avx.cpp:304: warning: ignoring '#pragma omp parallel' [-Wunknown-pragmas]
  304 |         #pragma omp parallel for num_threads(opt.num_threads)
/home/mingshi/Project/AI/ernie-image-ncnn-vulkan/.worktrees/surpass-reference/build-windows-cpu-v1/ncnn/src/layer/x86/softmax_x86_avx.cpp:322: warning: ignoring '#pragma omp parallel' [-Wunknown-pragmas]
  322 |         #pragma omp parallel for num_threads(opt.num_threads)
/home/mingshi/Project/AI/ernie-image-ncnn-vulkan/.worktrees/surpass-reference/build-windows-cpu-v1/ncnn/src/layer/x86/softmax_x86_avx.cpp:343: warning: ignoring '#pragma omp parallel' [-Wunknown-pragmas]
  343 |         #pragma omp parallel for num_threads(opt.num_threads)
/home/mingshi/Project/AI/ernie-image-ncnn-vulkan/.worktrees/surpass-reference/build-windows-cpu-v1/ncnn/src/layer/x86/softmax_x86_avx.cpp:358: warning: ignoring '#pragma omp parallel' [-Wunknown-pragmas]
  358 |         #pragma omp parallel for num_threads(opt.num_threads)
[179/415] Building CXX object ncnn/src/CMakeFiles/ncnn.dir/layer/x86/softmax_x86_avx512bf16.cpp.obj
[180/415] Building CXX object ncnn/src/CMakeFiles/ncnn.dir/layer/split.cpp.obj
[181/415] Building CXX object ncnn/src/CMakeFiles/ncnn.dir/layer/x86/softmax_x86_avx2.cpp.obj
[182/415] Building CXX object ncnn/src/CMakeFiles/ncnn.dir/layer/binaryop.cpp.obj
/home/mingshi/Project/AI/ernie-image-ncnn-vulkan/third_party/ncnn/src/layer/binaryop.cpp:63: warning: ignoring '#pragma omp parallel' [-Wunknown-pragmas]
   63 |         #pragma omp parallel for num_threads(opt.num_threads)
/home/mingshi/Project/AI/ernie-image-ncnn-vulkan/third_party/ncnn/src/layer/binaryop.cpp:84: warning: ignoring '#pragma omp parallel' [-Wunknown-pragmas]
   84 |         #pragma omp parallel for num_threads(opt.num_threads)
/home/mingshi/Project/AI/ernie-image-ncnn-vulkan/third_party/ncnn/src/layer/binaryop.cpp:121: warning: ignoring '#pragma omp parallel' [-Wunknown-pragmas]
  121 |     #pragma omp parallel for num_threads(opt.num_threads)
/home/mingshi/Project/AI/ernie-image-ncnn-vulkan/third_party/ncnn/src/layer/binaryop.cpp: In instantiation of 'void ncnn::binary_op_broadcast(const Mat&, const Mat&, Mat&, const Option&) [with Op = binary_op_add]':
/home/mingshi/Project/AI/ernie-image-ncnn-vulkan/third_party/ncnn/src/layer/binaryop.cpp:289:86:   required from here
  289 |     if (op_type == BinaryOp::Operation_ADD) return binary_op_broadcast<binary_op_add>(a, b, c, opt);
      |                                                    ~~~~~~~~~~~~~~~~~~~~~~~~~~~~~~~~~~^~~~~~~~~~~~~~
/home/mingshi/Project/AI/ernie-image-ncnn-vulkan/third_party/ncnn/src/layer/binaryop.cpp:33:83: warning: unused parameter 'opt' [-Wunused-parameter]
   33 | static void binary_op_broadcast(const Mat& a, const Mat& b, Mat& c, const Option& opt)
      |                                                                     ~~~~~~~~~~~~~~^~~
/home/mingshi/Project/AI/ernie-image-ncnn-vulkan/third_party/ncnn/src/layer/binaryop.cpp: In instantiation of 'void ncnn::binary_op_broadcast(const Mat&, const Mat&, Mat&, const Option&) [with Op = binary_op_sub]':
/home/mingshi/Project/AI/ernie-image-ncnn-vulkan/third_party/ncnn/src/layer/binaryop.cpp:290:86:   required from here
  290 |     if (op_type == BinaryOp::Operation_SUB) return binary_op_broadcast<binary_op_sub>(a, b, c, opt);
      |                                                    ~~~~~~~~~~~~~~~~~~~~~~~~~~~~~~~~~~^~~~~~~~~~~~~~
/home/mingshi/Project/AI/ernie-image-ncnn-vulkan/third_party/ncnn/src/layer/binaryop.cpp:33:83: warning: unused parameter 'opt' [-Wunused-parameter]
   33 | static void binary_op_broadcast(const Mat& a, const Mat& b, Mat& c, const Option& opt)
      |                                                                     ~~~~~~~~~~~~~~^~~
/home/mingshi/Project/AI/ernie-image-ncnn-vulkan/third_party/ncnn/src/layer/binaryop.cpp: In instantiation of 'void ncnn::binary_op_broadcast(const Mat&, const Mat&, Mat&, const Option&) [with Op = binary_op_mul]':
/home/mingshi/Project/AI/ernie-image-ncnn-vulkan/third_party/ncnn/src/layer/binaryop.cpp:291:86:   required from here
  291 |     if (op_type == BinaryOp::Operation_MUL) return binary_op_broadcast<binary_op_mul>(a, b, c, opt);
      |                                                    ~~~~~~~~~~~~~~~~~~~~~~~~~~~~~~~~~~^~~~~~~~~~~~~~
/home/mingshi/Project/AI/ernie-image-ncnn-vulkan/third_party/ncnn/src/layer/binaryop.cpp:33:83: warning: unused parameter 'opt' [-Wunused-parameter]
   33 | static void binary_op_broadcast(const Mat& a, const Mat& b, Mat& c, const Option& opt)
      |                                                                     ~~~~~~~~~~~~~~^~~
/home/mingshi/Project/AI/ernie-image-ncnn-vulkan/third_party/ncnn/src/layer/binaryop.cpp: In instantiation of 'void ncnn::binary_op_broadcast(const Mat&, const Mat&, Mat&, const Option&) [with Op = binary_op_div]':
/home/mingshi/Project/AI/ernie-image-ncnn-vulkan/third_party/ncnn/src/layer/binaryop.cpp:292:86:   required from here
  292 |     if (op_type == BinaryOp::Operation_DIV) return binary_op_broadcast<binary_op_div>(a, b, c, opt);
      |                                                    ~~~~~~~~~~~~~~~~~~~~~~~~~~~~~~~~~~^~~~~~~~~~~~~~
/home/mingshi/Project/AI/ernie-image-ncnn-vulkan/third_party/ncnn/src/layer/binaryop.cpp:33:83: warning: unused parameter 'opt' [-Wunused-parameter]
   33 | static void binary_op_broadcast(const Mat& a, const Mat& b, Mat& c, const Option& opt)
      |                                                                     ~~~~~~~~~~~~~~^~~
/home/mingshi/Project/AI/ernie-image-ncnn-vulkan/third_party/ncnn/src/layer/binaryop.cpp: In instantiation of 'void ncnn::binary_op_broadcast(const Mat&, const Mat&, Mat&, const Option&) [with Op = binary_op_max]':
/home/mingshi/Project/AI/ernie-image-ncnn-vulkan/third_party/ncnn/src/layer/binaryop.cpp:293:86:   required from here
  293 |     if (op_type == BinaryOp::Operation_MAX) return binary_op_broadcast<binary_op_max>(a, b, c, opt);
      |                                                    ~~~~~~~~~~~~~~~~~~~~~~~~~~~~~~~~~~^~~~~~~~~~~~~~
/home/mingshi/Project/AI/ernie-image-ncnn-vulkan/third_party/ncnn/src/layer/binaryop.cpp:33:83: warning: unused parameter 'opt' [-Wunused-parameter]
   33 | static void binary_op_broadcast(const Mat& a, const Mat& b, Mat& c, const Option& opt)
      |                                                                     ~~~~~~~~~~~~~~^~~
/home/mingshi/Project/AI/ernie-image-ncnn-vulkan/third_party/ncnn/src/layer/binaryop.cpp: In instantiation of 'void ncnn::binary_op_broadcast(const Mat&, const Mat&, Mat&, const Option&) [with Op = binary_op_min]':
/home/mingshi/Project/AI/ernie-image-ncnn-vulkan/third_party/ncnn/src/layer/binaryop.cpp:294:86:   required from here
  294 |     if (op_type == BinaryOp::Operation_MIN) return binary_op_broadcast<binary_op_min>(a, b, c, opt);
      |                                                    ~~~~~~~~~~~~~~~~~~~~~~~~~~~~~~~~~~^~~~~~~~~~~~~~
/home/mingshi/Project/AI/ernie-image-ncnn-vulkan/third_party/ncnn/src/layer/binaryop.cpp:33:83: warning: unused parameter 'opt' [-Wunused-parameter]
   33 | static void binary_op_broadcast(const Mat& a, const Mat& b, Mat& c, const Option& opt)
      |                                                                     ~~~~~~~~~~~~~~^~~
/home/mingshi/Project/AI/ernie-image-ncnn-vulkan/third_party/ncnn/src/layer/binaryop.cpp: In instantiation of 'void ncnn::binary_op_broadcast(const Mat&, const Mat&, Mat&, const Option&) [with Op = binary_op_pow]':
/home/mingshi/Project/AI/ernie-image-ncnn-vulkan/third_party/ncnn/src/layer/binaryop.cpp:295:86:   required from here
  295 |     if (op_type == BinaryOp::Operation_POW) return binary_op_broadcast<binary_op_pow>(a, b, c, opt);
      |                                                    ~~~~~~~~~~~~~~~~~~~~~~~~~~~~~~~~~~^~~~~~~~~~~~~~
/home/mingshi/Project/AI/ernie-image-ncnn-vulkan/third_party/ncnn/src/layer/binaryop.cpp:33:83: warning: unused parameter 'opt' [-Wunused-parameter]
   33 | static void binary_op_broadcast(const Mat& a, const Mat& b, Mat& c, const Option& opt)
      |                                                                     ~~~~~~~~~~~~~~^~~
/home/mingshi/Project/AI/ernie-image-ncnn-vulkan/third_party/ncnn/src/layer/binaryop.cpp: In instantiation of 'void ncnn::binary_op_broadcast(const Mat&, const Mat&, Mat&, const Option&) [with Op = binary_op_atan2]':
/home/mingshi/Project/AI/ernie-image-ncnn-vulkan/third_party/ncnn/src/layer/binaryop.cpp:299:90:   required from here
  299 |     if (op_type == BinaryOp::Operation_ATAN2) return binary_op_broadcast<binary_op_atan2>(a, b, c, opt);
      |                                                      ~~~~~~~~~~~~~~~~~~~~~~~~~~~~~~~~~~~~^~~~~~~~~~~~~~
/home/mingshi/Project/AI/ernie-image-ncnn-vulkan/third_party/ncnn/src/layer/binaryop.cpp:33:83: warning: unused parameter 'opt' [-Wunused-parameter]
   33 | static void binary_op_broadcast(const Mat& a, const Mat& b, Mat& c, const Option& opt)
      |                                                                     ~~~~~~~~~~~~~~^~~
/home/mingshi/Project/AI/ernie-image-ncnn-vulkan/third_party/ncnn/src/layer/binaryop.cpp: In instantiation of 'void ncnn::binary_op_broadcast(const Mat&, const Mat&, Mat&, const Option&) [with Op = binary_op_fmod]':
/home/mingshi/Project/AI/ernie-image-ncnn-vulkan/third_party/ncnn/src/layer/binaryop.cpp:301:88:   required from here
  301 |     if (op_type == BinaryOp::Operation_FMOD) return binary_op_broadcast<binary_op_fmod>(a, b, c, opt);
      |                                                     ~~~~~~~~~~~~~~~~~~~~~~~~~~~~~~~~~~~^~~~~~~~~~~~~~
/home/mingshi/Project/AI/ernie-image-ncnn-vulkan/third_party/ncnn/src/layer/binaryop.cpp:33:83: warning: unused parameter 'opt' [-Wunused-parameter]
   33 | static void binary_op_broadcast(const Mat& a, const Mat& b, Mat& c, const Option& opt)
      |                                                                     ~~~~~~~~~~~~~~^~~
/home/mingshi/Project/AI/ernie-image-ncnn-vulkan/third_party/ncnn/src/layer/binaryop.cpp: In instantiation of 'void ncnn::binary_op_broadcast(const Mat&, const Mat&, Mat&, const Option&) [with Op = binary_op_logaddexp]':
/home/mingshi/Project/AI/ernie-image-ncnn-vulkan/third_party/ncnn/src/layer/binaryop.cpp:303:98:   required from here
  303 |     if (op_type == BinaryOp::Operation_LOGADDEXP) return binary_op_broadcast<binary_op_logaddexp>(a, b, c, opt);
      |                                                          ~~~~~~~~~~~~~~~~~~~~~~~~~~~~~~~~~~~~~~~~^~~~~~~~~~~~~~
/home/mingshi/Project/AI/ernie-image-ncnn-vulkan/third_party/ncnn/src/layer/binaryop.cpp:33:83: warning: unused parameter 'opt' [-Wunused-parameter]
   33 | static void binary_op_broadcast(const Mat& a, const Mat& b, Mat& c, const Option& opt)
      |                                                                     ~~~~~~~~~~~~~~^~~
/home/mingshi/Project/AI/ernie-image-ncnn-vulkan/third_party/ncnn/src/layer/binaryop.cpp: In instantiation of 'void ncnn::binary_op_broadcast(const Mat&, const Mat&, Mat&, const Option&) [with Op = binary_op_floor_divide]':
/home/mingshi/Project/AI/ernie-image-ncnn-vulkan/third_party/ncnn/src/layer/binaryop.cpp:304:104:   required from here
  304 |     if (op_type == BinaryOp::Operation_FLOOR_DIVIDE) return binary_op_broadcast<binary_op_floor_divide>(a, b, c, opt);
      |                                                             ~~~~~~~~~~~~~~~~~~~~~~~~~~~~~~~~~~~~~~~~~~~^~~~~~~~~~~~~~
/home/mingshi/Project/AI/ernie-image-ncnn-vulkan/third_party/ncnn/src/layer/binaryop.cpp:33:83: warning: unused parameter 'opt' [-Wunused-parameter]
   33 | static void binary_op_broadcast(const Mat& a, const Mat& b, Mat& c, const Option& opt)
      |                                                                     ~~~~~~~~~~~~~~^~~
/home/mingshi/Project/AI/ernie-image-ncnn-vulkan/third_party/ncnn/src/layer/binaryop.cpp: In instantiation of 'void ncnn::binary_op_broadcast(const Mat&, const Mat&, Mat&, const Option&) [with Op = binary_op_remainder]':
/home/mingshi/Project/AI/ernie-image-ncnn-vulkan/third_party/ncnn/src/layer/binaryop.cpp:306:98:   required from here
  306 |     if (op_type == BinaryOp::Operation_REMAINDER) return binary_op_broadcast<binary_op_remainder>(a, b, c, opt);
      |                                                          ~~~~~~~~~~~~~~~~~~~~~~~~~~~~~~~~~~~~~~~~^~~~~~~~~~~~~~
/home/mingshi/Project/AI/ernie-image-ncnn-vulkan/third_party/ncnn/src/layer/binaryop.cpp:33:83: warning: unused parameter 'opt' [-Wunused-parameter]
   33 | static void binary_op_broadcast(const Mat& a, const Mat& b, Mat& c, const Option& opt)
      |                                                                     ~~~~~~~~~~~~~~^~~
/home/mingshi/Project/AI/ernie-image-ncnn-vulkan/third_party/ncnn/src/layer/binaryop.cpp: In instantiation of 'void ncnn::binary_op_scalar_inplace(Mat&, float, const Option&) [with Op = binary_op_add]':
/home/mingshi/Project/AI/ernie-image-ncnn-vulkan/third_party/ncnn/src/layer/binaryop.cpp:314:91:   required from here
  314 |     if (op_type == BinaryOp::Operation_ADD) return binary_op_scalar_inplace<binary_op_add>(bottom_top_blob, b, opt);
      |                                                    ~~~~~~~~~~~~~~~~~~~~~~~~~~~~~~~~~~~~~~~^~~~~~~~~~~~~~~~~~~~~~~~~
/home/mingshi/Project/AI/ernie-image-ncnn-vulkan/third_party/ncnn/src/layer/binaryop.cpp:114:69: warning: unused parameter 'opt' [-Wunused-parameter]
  114 | static void binary_op_scalar_inplace(Mat& a, float b, const Option& opt)
      |                                                       ~~~~~~~~~~~~~~^~~
/home/mingshi/Project/AI/ernie-image-ncnn-vulkan/third_party/ncnn/src/layer/binaryop.cpp: In instantiation of 'void ncnn::binary_op_scalar_inplace(Mat&, float, const Option&) [with Op = binary_op_sub]':
/home/mingshi/Project/AI/ernie-image-ncnn-vulkan/third_party/ncnn/src/layer/binaryop.cpp:315:91:   required from here
  315 |     if (op_type == BinaryOp::Operation_SUB) return binary_op_scalar_inplace<binary_op_sub>(bottom_top_blob, b, opt);
      |                                                    ~~~~~~~~~~~~~~~~~~~~~~~~~~~~~~~~~~~~~~~^~~~~~~~~~~~~~~~~~~~~~~~~
/home/mingshi/Project/AI/ernie-image-ncnn-vulkan/third_party/ncnn/src/layer/binaryop.cpp:114:69: warning: unused parameter 'opt' [-Wunused-parameter]
  114 | static void binary_op_scalar_inplace(Mat& a, float b, const Option& opt)
      |                                                       ~~~~~~~~~~~~~~^~~
/home/mingshi/Project/AI/ernie-image-ncnn-vulkan/third_party/ncnn/src/layer/binaryop.cpp: In instantiation of 'void ncnn::binary_op_scalar_inplace(Mat&, float, const Option&) [with Op = binary_op_mul]':
/home/mingshi/Project/AI/ernie-image-ncnn-vulkan/third_party/ncnn/src/layer/binaryop.cpp:316:91:   required from here
  316 |     if (op_type == BinaryOp::Operation_MUL) return binary_op_scalar_inplace<binary_op_mul>(bottom_top_blob, b, opt);
      |                                                    ~~~~~~~~~~~~~~~~~~~~~~~~~~~~~~~~~~~~~~~^~~~~~~~~~~~~~~~~~~~~~~~~
/home/mingshi/Project/AI/ernie-image-ncnn-vulkan/third_party/ncnn/src/layer/binaryop.cpp:114:69: warning: unused parameter 'opt' [-Wunused-parameter]
  114 | static void binary_op_scalar_inplace(Mat& a, float b, const Option& opt)
      |                                                       ~~~~~~~~~~~~~~^~~
/home/mingshi/Project/AI/ernie-image-ncnn-vulkan/third_party/ncnn/src/layer/binaryop.cpp: In instantiation of 'void ncnn::binary_op_scalar_inplace(Mat&, float, const Option&) [with Op = binary_op_div]':
/home/mingshi/Project/AI/ernie-image-ncnn-vulkan/third_party/ncnn/src/layer/binaryop.cpp:317:91:   required from here
  317 |     if (op_type == BinaryOp::Operation_DIV) return binary_op_scalar_inplace<binary_op_div>(bottom_top_blob, b, opt);
      |                                                    ~~~~~~~~~~~~~~~~~~~~~~~~~~~~~~~~~~~~~~~^~~~~~~~~~~~~~~~~~~~~~~~~
/home/mingshi/Project/AI/ernie-image-ncnn-vulkan/third_party/ncnn/src/layer/binaryop.cpp:114:69: warning: unused parameter 'opt' [-Wunused-parameter]
  114 | static void binary_op_scalar_inplace(Mat& a, float b, const Option& opt)
      |                                                       ~~~~~~~~~~~~~~^~~
/home/mingshi/Project/AI/ernie-image-ncnn-vulkan/third_party/ncnn/src/layer/binaryop.cpp: In instantiation of 'void ncnn::binary_op_scalar_inplace(Mat&, float, const Option&) [with Op = binary_op_max]':
/home/mingshi/Project/AI/ernie-image-ncnn-vulkan/third_party/ncnn/src/layer/binaryop.cpp:318:91:   required from here
  318 |     if (op_type == BinaryOp::Operation_MAX) return binary_op_scalar_inplace<binary_op_max>(bottom_top_blob, b, opt);
      |                                                    ~~~~~~~~~~~~~~~~~~~~~~~~~~~~~~~~~~~~~~~^~~~~~~~~~~~~~~~~~~~~~~~~
/home/mingshi/Project/AI/ernie-image-ncnn-vulkan/third_party/ncnn/src/layer/binaryop.cpp:114:69: warning: unused parameter 'opt' [-Wunused-parameter]
  114 | static void binary_op_scalar_inplace(Mat& a, float b, const Option& opt)
      |                                                       ~~~~~~~~~~~~~~^~~
/home/mingshi/Project/AI/ernie-image-ncnn-vulkan/third_party/ncnn/src/layer/binaryop.cpp: In instantiation of 'void ncnn::binary_op_scalar_inplace(Mat&, float, const Option&) [with Op = binary_op_min]':
/home/mingshi/Project/AI/ernie-image-ncnn-vulkan/third_party/ncnn/src/layer/binaryop.cpp:319:91:   required from here
  319 |     if (op_type == BinaryOp::Operation_MIN) return binary_op_scalar_inplace<binary_op_min>(bottom_top_blob, b, opt);
      |                                                    ~~~~~~~~~~~~~~~~~~~~~~~~~~~~~~~~~~~~~~~^~~~~~~~~~~~~~~~~~~~~~~~~
/home/mingshi/Project/AI/ernie-image-ncnn-vulkan/third_party/ncnn/src/layer/binaryop.cpp:114:69: warning: unused parameter 'opt' [-Wunused-parameter]
  114 | static void binary_op_scalar_inplace(Mat& a, float b, const Option& opt)
      |                                                       ~~~~~~~~~~~~~~^~~
/home/mingshi/Project/AI/ernie-image-ncnn-vulkan/third_party/ncnn/src/layer/binaryop.cpp: In instantiation of 'void ncnn::binary_op_scalar_inplace(Mat&, float, const Option&) [with Op = binary_op_pow]':
/home/mingshi/Project/AI/ernie-image-ncnn-vulkan/third_party/ncnn/src/layer/binaryop.cpp:320:91:   required from here
  320 |     if (op_type == BinaryOp::Operation_POW) return binary_op_scalar_inplace<binary_op_pow>(bottom_top_blob, b, opt);
      |                                                    ~~~~~~~~~~~~~~~~~~~~~~~~~~~~~~~~~~~~~~~^~~~~~~~~~~~~~~~~~~~~~~~~
/home/mingshi/Project/AI/ernie-image-ncnn-vulkan/third_party/ncnn/src/layer/binaryop.cpp:114:69: warning: unused parameter 'opt' [-Wunused-parameter]
  114 | static void binary_op_scalar_inplace(Mat& a, float b, const Option& opt)
      |                                                       ~~~~~~~~~~~~~~^~~
/home/mingshi/Project/AI/ernie-image-ncnn-vulkan/third_party/ncnn/src/layer/binaryop.cpp: In instantiation of 'void ncnn::binary_op_scalar_inplace(Mat&, float, const Option&) [with Op = binary_op_rsub]':
/home/mingshi/Project/AI/ernie-image-ncnn-vulkan/third_party/ncnn/src/layer/binaryop.cpp:321:93:   required from here
  321 |     if (op_type == BinaryOp::Operation_RSUB) return binary_op_scalar_inplace<binary_op_rsub>(bottom_top_blob, b, opt);
      |                                                     ~~~~~~~~~~~~~~~~~~~~~~~~~~~~~~~~~~~~~~~~^~~~~~~~~~~~~~~~~~~~~~~~~
/home/mingshi/Project/AI/ernie-image-ncnn-vulkan/third_party/ncnn/src/layer/binaryop.cpp:114:69: warning: unused parameter 'opt' [-Wunused-parameter]
  114 | static void binary_op_scalar_inplace(Mat& a, float b, const Option& opt)
      |                                                       ~~~~~~~~~~~~~~^~~
/home/mingshi/Project/AI/ernie-image-ncnn-vulkan/third_party/ncnn/src/layer/binaryop.cpp: In instantiation of 'void ncnn::binary_op_scalar_inplace(Mat&, float, const Option&) [with Op = binary_op_rdiv]':
/home/mingshi/Project/AI/ernie-image-ncnn-vulkan/third_party/ncnn/src/layer/binaryop.cpp:322:93:   required from here
  322 |     if (op_type == BinaryOp::Operation_RDIV) return binary_op_scalar_inplace<binary_op_rdiv>(bottom_top_blob, b, opt);
      |                                                     ~~~~~~~~~~~~~~~~~~~~~~~~~~~~~~~~~~~~~~~~^~~~~~~~~~~~~~~~~~~~~~~~~
/home/mingshi/Project/AI/ernie-image-ncnn-vulkan/third_party/ncnn/src/layer/binaryop.cpp:114:69: warning: unused parameter 'opt' [-Wunused-parameter]
  114 | static void binary_op_scalar_inplace(Mat& a, float b, const Option& opt)
      |                                                       ~~~~~~~~~~~~~~^~~
/home/mingshi/Project/AI/ernie-image-ncnn-vulkan/third_party/ncnn/src/layer/binaryop.cpp: In instantiation of 'void ncnn::binary_op_scalar_inplace(Mat&, float, const Option&) [with Op = binary_op_rpow]':
/home/mingshi/Project/AI/ernie-image-ncnn-vulkan/third_party/ncnn/src/layer/binaryop.cpp:323:93:   required from here
  323 |     if (op_type == BinaryOp::Operation_RPOW) return binary_op_scalar_inplace<binary_op_rpow>(bottom_top_blob, b, opt);
      |                                                     ~~~~~~~~~~~~~~~~~~~~~~~~~~~~~~~~~~~~~~~~^~~~~~~~~~~~~~~~~~~~~~~~~
/home/mingshi/Project/AI/ernie-image-ncnn-vulkan/third_party/ncnn/src/layer/binaryop.cpp:114:69: warning: unused parameter 'opt' [-Wunused-parameter]
  114 | static void binary_op_scalar_inplace(Mat& a, float b, const Option& opt)
      |                                                       ~~~~~~~~~~~~~~^~~
/home/mingshi/Project/AI/ernie-image-ncnn-vulkan/third_party/ncnn/src/layer/binaryop.cpp: In instantiation of 'void ncnn::binary_op_scalar_inplace(Mat&, float, const Option&) [with Op = binary_op_atan2]':
/home/mingshi/Project/AI/ernie-image-ncnn-vulkan/third_party/ncnn/src/layer/binaryop.cpp:324:95:   required from here
  324 |     if (op_type == BinaryOp::Operation_ATAN2) return binary_op_scalar_inplace<binary_op_atan2>(bottom_top_blob, b, opt);
      |                                                      ~~~~~~~~~~~~~~~~~~~~~~~~~~~~~~~~~~~~~~~~~^~~~~~~~~~~~~~~~~~~~~~~~~
/home/mingshi/Project/AI/ernie-image-ncnn-vulkan/third_party/ncnn/src/layer/binaryop.cpp:114:69: warning: unused parameter 'opt' [-Wunused-parameter]
  114 | static void binary_op_scalar_inplace(Mat& a, float b, const Option& opt)
      |                                                       ~~~~~~~~~~~~~~^~~
/home/mingshi/Project/AI/ernie-image-ncnn-vulkan/third_party/ncnn/src/layer/binaryop.cpp: In instantiation of 'void ncnn::binary_op_scalar_inplace(Mat&, float, const Option&) [with Op = binary_op_ratan2]':
/home/mingshi/Project/AI/ernie-image-ncnn-vulkan/third_party/ncnn/src/layer/binaryop.cpp:325:97:   required from here
  325 |     if (op_type == BinaryOp::Operation_RATAN2) return binary_op_scalar_inplace<binary_op_ratan2>(bottom_top_blob, b, opt);
      |                                                       ~~~~~~~~~~~~~~~~~~~~~~~~~~~~~~~~~~~~~~~~~~^~~~~~~~~~~~~~~~~~~~~~~~~
/home/mingshi/Project/AI/ernie-image-ncnn-vulkan/third_party/ncnn/src/layer/binaryop.cpp:114:69: warning: unused parameter 'opt' [-Wunused-parameter]
  114 | static void binary_op_scalar_inplace(Mat& a, float b, const Option& opt)
      |                                                       ~~~~~~~~~~~~~~^~~
/home/mingshi/Project/AI/ernie-image-ncnn-vulkan/third_party/ncnn/src/layer/binaryop.cpp: In instantiation of 'void ncnn::binary_op_scalar_inplace(Mat&, float, const Option&) [with Op = binary_op_fmod]':
/home/mingshi/Project/AI/ernie-image-ncnn-vulkan/third_party/ncnn/src/layer/binaryop.cpp:326:93:   required from here
  326 |     if (op_type == BinaryOp::Operation_FMOD) return binary_op_scalar_inplace<binary_op_fmod>(bottom_top_blob, b, opt);
      |                                                     ~~~~~~~~~~~~~~~~~~~~~~~~~~~~~~~~~~~~~~~~^~~~~~~~~~~~~~~~~~~~~~~~~
/home/mingshi/Project/AI/ernie-image-ncnn-vulkan/third_party/ncnn/src/layer/binaryop.cpp:114:69: warning: unused parameter 'opt' [-Wunused-parameter]
  114 | static void binary_op_scalar_inplace(Mat& a, float b, const Option& opt)
      |                                                       ~~~~~~~~~~~~~~^~~
/home/mingshi/Project/AI/ernie-image-ncnn-vulkan/third_party/ncnn/src/layer/binaryop.cpp: In instantiation of 'void ncnn::binary_op_scalar_inplace(Mat&, float, const Option&) [with Op = binary_op_rfmod]':
/home/mingshi/Project/AI/ernie-image-ncnn-vulkan/third_party/ncnn/src/layer/binaryop.cpp:327:95:   required from here
  327 |     if (op_type == BinaryOp::Operation_RFMOD) return binary_op_scalar_inplace<binary_op_rfmod>(bottom_top_blob, b, opt);
      |                                                      ~~~~~~~~~~~~~~~~~~~~~~~~~~~~~~~~~~~~~~~~~^~~~~~~~~~~~~~~~~~~~~~~~~
/home/mingshi/Project/AI/ernie-image-ncnn-vulkan/third_party/ncnn/src/layer/binaryop.cpp:114:69: warning: unused parameter 'opt' [-Wunused-parameter]
  114 | static void binary_op_scalar_inplace(Mat& a, float b, const Option& opt)
      |                                                       ~~~~~~~~~~~~~~^~~
/home/mingshi/Project/AI/ernie-image-ncnn-vulkan/third_party/ncnn/src/layer/binaryop.cpp: In instantiation of 'void ncnn::binary_op_scalar_inplace(Mat&, float, const Option&) [with Op = binary_op_logaddexp]':
/home/mingshi/Project/AI/ernie-image-ncnn-vulkan/third_party/ncnn/src/layer/binaryop.cpp:328:103:   required from here
  328 |     if (op_type == BinaryOp::Operation_LOGADDEXP) return binary_op_scalar_inplace<binary_op_logaddexp>(bottom_top_blob, b, opt);
      |                                                          ~~~~~~~~~~~~~~~~~~~~~~~~~~~~~~~~~~~~~~~~~~~~~^~~~~~~~~~~~~~~~~~~~~~~~~
/home/mingshi/Project/AI/ernie-image-ncnn-vulkan/third_party/ncnn/src/layer/binaryop.cpp:114:69: warning: unused parameter 'opt' [-Wunused-parameter]
  114 | static void binary_op_scalar_inplace(Mat& a, float b, const Option& opt)
      |                                                       ~~~~~~~~~~~~~~^~~
/home/mingshi/Project/AI/ernie-image-ncnn-vulkan/third_party/ncnn/src/layer/binaryop.cpp: In instantiation of 'void ncnn::binary_op_scalar_inplace(Mat&, float, const Option&) [with Op = binary_op_floor_divide]':
/home/mingshi/Project/AI/ernie-image-ncnn-vulkan/third_party/ncnn/src/layer/binaryop.cpp:329:109:   required from here
  329 |     if (op_type == BinaryOp::Operation_FLOOR_DIVIDE) return binary_op_scalar_inplace<binary_op_floor_divide>(bottom_top_blob, b, opt);
      |                                                             ~~~~~~~~~~~~~~~~~~~~~~~~~~~~~~~~~~~~~~~~~~~~~~~~^~~~~~~~~~~~~~~~~~~~~~~~~
/home/mingshi/Project/AI/ernie-image-ncnn-vulkan/third_party/ncnn/src/layer/binaryop.cpp:114:69: warning: unused parameter 'opt' [-Wunused-parameter]
  114 | static void binary_op_scalar_inplace(Mat& a, float b, const Option& opt)
      |                                                       ~~~~~~~~~~~~~~^~~
/home/mingshi/Project/AI/ernie-image-ncnn-vulkan/third_party/ncnn/src/layer/binaryop.cpp: In instantiation of 'void ncnn::binary_op_scalar_inplace(Mat&, float, const Option&) [with Op = binary_op_rfloor_divide]':
/home/mingshi/Project/AI/ernie-image-ncnn-vulkan/third_party/ncnn/src/layer/binaryop.cpp:330:111:   required from here
  330 |     if (op_type == BinaryOp::Operation_RFLOOR_DIVIDE) return binary_op_scalar_inplace<binary_op_rfloor_divide>(bottom_top_blob, b, opt);
      |                                                              ~~~~~~~~~~~~~~~~~~~~~~~~~~~~~~~~~~~~~~~~~~~~~~~~~^~~~~~~~~~~~~~~~~~~~~~~~~
/home/mingshi/Project/AI/ernie-image-ncnn-vulkan/third_party/ncnn/src/layer/binaryop.cpp:114:69: warning: unused parameter 'opt' [-Wunused-parameter]
  114 | static void binary_op_scalar_inplace(Mat& a, float b, const Option& opt)
      |                                                       ~~~~~~~~~~~~~~^~~
/home/mingshi/Project/AI/ernie-image-ncnn-vulkan/third_party/ncnn/src/layer/binaryop.cpp: In instantiation of 'void ncnn::binary_op_scalar_inplace(Mat&, float, const Option&) [with Op = binary_op_remainder]':
/home/mingshi/Project/AI/ernie-image-ncnn-vulkan/third_party/ncnn/src/layer/binaryop.cpp:331:103:   required from here
  331 |     if (op_type == BinaryOp::Operation_REMAINDER) return binary_op_scalar_inplace<binary_op_remainder>(bottom_top_blob, b, opt);
      |                                                          ~~~~~~~~~~~~~~~~~~~~~~~~~~~~~~~~~~~~~~~~~~~~~^~~~~~~~~~~~~~~~~~~~~~~~~
/home/mingshi/Project/AI/ernie-image-ncnn-vulkan/third_party/ncnn/src/layer/binaryop.cpp:114:69: warning: unused parameter 'opt' [-Wunused-parameter]
  114 | static void binary_op_scalar_inplace(Mat& a, float b, const Option& opt)
      |                                                       ~~~~~~~~~~~~~~^~~
/home/mingshi/Project/AI/ernie-image-ncnn-vulkan/third_party/ncnn/src/layer/binaryop.cpp: In instantiation of 'void ncnn::binary_op_scalar_inplace(Mat&, float, const Option&) [with Op = binary_op_rremainder]':
/home/mingshi/Project/AI/ernie-image-ncnn-vulkan/third_party/ncnn/src/layer/binaryop.cpp:332:105:   required from here
  332 |     if (op_type == BinaryOp::Operation_RREMAINDER) return binary_op_scalar_inplace<binary_op_rremainder>(bottom_top_blob, b, opt);
      |                                                           ~~~~~~~~~~~~~~~~~~~~~~~~~~~~~~~~~~~~~~~~~~~~~~^~~~~~~~~~~~~~~~~~~~~~~~~
/home/mingshi/Project/AI/ernie-image-ncnn-vulkan/third_party/ncnn/src/layer/binaryop.cpp:114:69: warning: unused parameter 'opt' [-Wunused-parameter]
  114 | static void binary_op_scalar_inplace(Mat& a, float b, const Option& opt)
      |                                                       ~~~~~~~~~~~~~~^~~
[183/415] Building CXX object ncnn/src/CMakeFiles/ncnn.dir/layer/x86/binaryop_x86.cpp.obj
/home/mingshi/Project/AI/ernie-image-ncnn-vulkan/third_party/ncnn/src/layer/x86/binaryop_x86.cpp:45: warning: ignoring '#pragma omp parallel' [-Wunknown-pragmas]
   45 |     #pragma omp parallel for num_threads(opt.num_threads)
/home/mingshi/Project/AI/ernie-image-ncnn-vulkan/third_party/ncnn/src/layer/x86/binaryop_x86.cpp:60: warning: ignoring '#pragma omp parallel' [-Wunknown-pragmas]
   60 |     #pragma omp parallel for num_threads(opt.num_threads)
/home/mingshi/Project/AI/ernie-image-ncnn-vulkan/third_party/ncnn/src/layer/x86/binaryop_x86.cpp:89: warning: ignoring '#pragma omp parallel' [-Wunknown-pragmas]
   89 |         #pragma omp parallel for num_threads(opt.num_threads)
/home/mingshi/Project/AI/ernie-image-ncnn-vulkan/third_party/ncnn/src/layer/x86/binaryop_x86.cpp:107: warning: ignoring '#pragma omp parallel' [-Wunknown-pragmas]
  107 |         #pragma omp parallel for num_threads(opt.num_threads)
/home/mingshi/Project/AI/ernie-image-ncnn-vulkan/third_party/ncnn/src/layer/x86/binaryop_x86.cpp:165: warning: ignoring '#pragma omp parallel' [-Wunknown-pragmas]
  165 |     #pragma omp parallel for num_threads(opt.num_threads)
/home/mingshi/Project/AI/ernie-image-ncnn-vulkan/third_party/ncnn/src/layer/x86/binaryop_x86.cpp:436: warning: ignoring '#pragma omp parallel' [-Wunknown-pragmas]
  436 |     #pragma omp parallel for num_threads(opt.num_threads)
/home/mingshi/Project/AI/ernie-image-ncnn-vulkan/third_party/ncnn/src/layer/x86/binaryop_x86.cpp:451: warning: ignoring '#pragma omp parallel' [-Wunknown-pragmas]
  451 |     #pragma omp parallel for num_threads(opt.num_threads)
/home/mingshi/Project/AI/ernie-image-ncnn-vulkan/third_party/ncnn/src/layer/x86/binaryop_x86.cpp:480: warning: ignoring '#pragma omp parallel' [-Wunknown-pragmas]
  480 |         #pragma omp parallel for num_threads(opt.num_threads)
/home/mingshi/Project/AI/ernie-image-ncnn-vulkan/third_party/ncnn/src/layer/x86/binaryop_x86.cpp:498: warning: ignoring '#pragma omp parallel' [-Wunknown-pragmas]
  498 |         #pragma omp parallel for num_threads(opt.num_threads)
/home/mingshi/Project/AI/ernie-image-ncnn-vulkan/third_party/ncnn/src/layer/x86/binaryop_x86.cpp:556: warning: ignoring '#pragma omp parallel' [-Wunknown-pragmas]
  556 |     #pragma omp parallel for num_threads(opt.num_threads)
/home/mingshi/Project/AI/ernie-image-ncnn-vulkan/third_party/ncnn/src/layer/x86/binaryop_x86.cpp: In function 'void ncnn::binary_op_scalar(const Mat&, float, Mat&, int, const Option&)':
/home/mingshi/Project/AI/ernie-image-ncnn-vulkan/third_party/ncnn/src/layer/x86/binaryop_x86.cpp:40:88: warning: unused parameter 'opt' [-Wunused-parameter]
   40 | static void binary_op_scalar(const Mat& a, float b, Mat& c, int op_type, const Option& opt)
      |                                                                          ~~~~~~~~~~~~~~^~~
/home/mingshi/Project/AI/ernie-image-ncnn-vulkan/third_party/ncnn/src/layer/x86/binaryop_x86.cpp: In function 'void ncnn::binary_op_no_broadcast(const Mat&, const Mat&, Mat&, int, const Option&)':
/home/mingshi/Project/AI/ernie-image-ncnn-vulkan/third_party/ncnn/src/layer/x86/binaryop_x86.cpp:55:99: warning: unused parameter 'opt' [-Wunused-parameter]
   55 | static void binary_op_no_broadcast(const Mat& a, const Mat& b, Mat& c, int op_type, const Option& opt)
      |                                                                                     ~~~~~~~~~~~~~~^~~
/home/mingshi/Project/AI/ernie-image-ncnn-vulkan/third_party/ncnn/src/layer/x86/binaryop_x86.cpp: In function 'void ncnn::binary_op_scalar_inplace(Mat&, float, int, const Option&)':
/home/mingshi/Project/AI/ernie-image-ncnn-vulkan/third_party/ncnn/src/layer/x86/binaryop_x86.cpp:160:82: warning: unused parameter 'opt' [-Wunused-parameter]
  160 | static void binary_op_scalar_inplace(Mat& a, float b, int op_type, const Option& opt)
      |                                                                    ~~~~~~~~~~~~~~^~~
/home/mingshi/Project/AI/ernie-image-ncnn-vulkan/third_party/ncnn/src/layer/x86/binaryop_x86.cpp: In function 'void ncnn::binary_op_scalar_bf16s(const Mat&, short unsigned int, Mat&, int, const Option&)':
/home/mingshi/Project/AI/ernie-image-ncnn-vulkan/third_party/ncnn/src/layer/x86/binaryop_x86.cpp:431:103: warning: unused parameter 'opt' [-Wunused-parameter]
  431 | static void binary_op_scalar_bf16s(const Mat& a, unsigned short b, Mat& c, int op_type, const Option& opt)
      |                                                                                         ~~~~~~~~~~~~~~^~~
/home/mingshi/Project/AI/ernie-image-ncnn-vulkan/third_party/ncnn/src/layer/x86/binaryop_x86.cpp: In function 'void ncnn::binary_op_no_broadcast_bf16s(const Mat&, const Mat&, Mat&, int, const Option&)':
/home/mingshi/Project/AI/ernie-image-ncnn-vulkan/third_party/ncnn/src/layer/x86/binaryop_x86.cpp:446:105: warning: unused parameter 'opt' [-Wunused-parameter]
  446 | static void binary_op_no_broadcast_bf16s(const Mat& a, const Mat& b, Mat& c, int op_type, const Option& opt)
      |                                                                                           ~~~~~~~~~~~~~~^~~
/home/mingshi/Project/AI/ernie-image-ncnn-vulkan/third_party/ncnn/src/layer/x86/binaryop_x86.cpp: In function 'void ncnn::binary_op_scalar_inplace_bf16s(Mat&, short unsigned int, int, const Option&)':
/home/mingshi/Project/AI/ernie-image-ncnn-vulkan/third_party/ncnn/src/layer/x86/binaryop_x86.cpp:551:97: warning: unused parameter 'opt' [-Wunused-parameter]
  551 | static void binary_op_scalar_inplace_bf16s(Mat& a, unsigned short b, int op_type, const Option& opt)
      |                                                                                   ~~~~~~~~~~~~~~^~~
[184/415] Building CXX object ncnn/src/CMakeFiles/ncnn.dir/layer/x86/binaryop_x86_avx512.cpp.obj
/home/mingshi/Project/AI/ernie-image-ncnn-vulkan/.worktrees/surpass-reference/build-windows-cpu-v1/ncnn/src/layer/x86/binaryop_x86_avx512.cpp:45: warning: ignoring '#pragma omp parallel' [-Wunknown-pragmas]
   45 |     #pragma omp parallel for num_threads(opt.num_threads)
/home/mingshi/Project/AI/ernie-image-ncnn-vulkan/.worktrees/surpass-reference/build-windows-cpu-v1/ncnn/src/layer/x86/binaryop_x86_avx512.cpp:60: warning: ignoring '#pragma omp parallel' [-Wunknown-pragmas]
   60 |     #pragma omp parallel for num_threads(opt.num_threads)
/home/mingshi/Project/AI/ernie-image-ncnn-vulkan/.worktrees/surpass-reference/build-windows-cpu-v1/ncnn/src/layer/x86/binaryop_x86_avx512.cpp:89: warning: ignoring '#pragma omp parallel' [-Wunknown-pragmas]
   89 |         #pragma omp parallel for num_threads(opt.num_threads)
/home/mingshi/Project/AI/ernie-image-ncnn-vulkan/.worktrees/surpass-reference/build-windows-cpu-v1/ncnn/src/layer/x86/binaryop_x86_avx512.cpp:107: warning: ignoring '#pragma omp parallel' [-Wunknown-pragmas]
  107 |         #pragma omp parallel for num_threads(opt.num_threads)
/home/mingshi/Project/AI/ernie-image-ncnn-vulkan/.worktrees/surpass-reference/build-windows-cpu-v1/ncnn/src/layer/x86/binaryop_x86_avx512.cpp:165: warning: ignoring '#pragma omp parallel' [-Wunknown-pragmas]
  165 |     #pragma omp parallel for num_threads(opt.num_threads)
/home/mingshi/Project/AI/ernie-image-ncnn-vulkan/.worktrees/surpass-reference/build-windows-cpu-v1/ncnn/src/layer/x86/binaryop_x86_avx512.cpp:436: warning: ignoring '#pragma omp parallel' [-Wunknown-pragmas]
  436 |     #pragma omp parallel for num_threads(opt.num_threads)
/home/mingshi/Project/AI/ernie-image-ncnn-vulkan/.worktrees/surpass-reference/build-windows-cpu-v1/ncnn/src/layer/x86/binaryop_x86_avx512.cpp:451: warning: ignoring '#pragma omp parallel' [-Wunknown-pragmas]
  451 |     #pragma omp parallel for num_threads(opt.num_threads)
/home/mingshi/Project/AI/ernie-image-ncnn-vulkan/.worktrees/surpass-reference/build-windows-cpu-v1/ncnn/src/layer/x86/binaryop_x86_avx512.cpp:480: warning: ignoring '#pragma omp parallel' [-Wunknown-pragmas]
  480 |         #pragma omp parallel for num_threads(opt.num_threads)
/home/mingshi/Project/AI/ernie-image-ncnn-vulkan/.worktrees/surpass-reference/build-windows-cpu-v1/ncnn/src/layer/x86/binaryop_x86_avx512.cpp:498: warning: ignoring '#pragma omp parallel' [-Wunknown-pragmas]
  498 |         #pragma omp parallel for num_threads(opt.num_threads)
/home/mingshi/Project/AI/ernie-image-ncnn-vulkan/.worktrees/surpass-reference/build-windows-cpu-v1/ncnn/src/layer/x86/binaryop_x86_avx512.cpp:556: warning: ignoring '#pragma omp parallel' [-Wunknown-pragmas]
  556 |     #pragma omp parallel for num_threads(opt.num_threads)
/home/mingshi/Project/AI/ernie-image-ncnn-vulkan/.worktrees/surpass-reference/build-windows-cpu-v1/ncnn/src/layer/x86/binaryop_x86_avx512.cpp: In function 'void ncnn::binary_op_scalar(const Mat&, float, Mat&, int, const Option&)':
/home/mingshi/Project/AI/ernie-image-ncnn-vulkan/.worktrees/surpass-reference/build-windows-cpu-v1/ncnn/src/layer/x86/binaryop_x86_avx512.cpp:40:88: warning: unused parameter 'opt' [-Wunused-parameter]
   40 | static void binary_op_scalar(const Mat& a, float b, Mat& c, int op_type, const Option& opt)
      |                                                                          ~~~~~~~~~~~~~~^~~
/home/mingshi/Project/AI/ernie-image-ncnn-vulkan/.worktrees/surpass-reference/build-windows-cpu-v1/ncnn/src/layer/x86/binaryop_x86_avx512.cpp: In function 'void ncnn::binary_op_no_broadcast(const Mat&, const Mat&, Mat&, int, const Option&)':
/home/mingshi/Project/AI/ernie-image-ncnn-vulkan/.worktrees/surpass-reference/build-windows-cpu-v1/ncnn/src/layer/x86/binaryop_x86_avx512.cpp:55:99: warning: unused parameter 'opt' [-Wunused-parameter]
   55 | static void binary_op_no_broadcast(const Mat& a, const Mat& b, Mat& c, int op_type, const Option& opt)
      |                                                                                     ~~~~~~~~~~~~~~^~~
/home/mingshi/Project/AI/ernie-image-ncnn-vulkan/.worktrees/surpass-reference/build-windows-cpu-v1/ncnn/src/layer/x86/binaryop_x86_avx512.cpp: In function 'void ncnn::binary_op_scalar_inplace(Mat&, float, int, const Option&)':
/home/mingshi/Project/AI/ernie-image-ncnn-vulkan/.worktrees/surpass-reference/build-windows-cpu-v1/ncnn/src/layer/x86/binaryop_x86_avx512.cpp:160:82: warning: unused parameter 'opt' [-Wunused-parameter]
  160 | static void binary_op_scalar_inplace(Mat& a, float b, int op_type, const Option& opt)
      |                                                                    ~~~~~~~~~~~~~~^~~
/home/mingshi/Project/AI/ernie-image-ncnn-vulkan/.worktrees/surpass-reference/build-windows-cpu-v1/ncnn/src/layer/x86/binaryop_x86_avx512.cpp: In function 'void ncnn::binary_op_scalar_bf16s(const Mat&, short unsigned int, Mat&, int, const Option&)':
/home/mingshi/Project/AI/ernie-image-ncnn-vulkan/.worktrees/surpass-reference/build-windows-cpu-v1/ncnn/src/layer/x86/binaryop_x86_avx512.cpp:431:103: warning: unused parameter 'opt' [-Wunused-parameter]
  431 | static void binary_op_scalar_bf16s(const Mat& a, unsigned short b, Mat& c, int op_type, const Option& opt)
      |                                                                                         ~~~~~~~~~~~~~~^~~
/home/mingshi/Project/AI/ernie-image-ncnn-vulkan/.worktrees/surpass-reference/build-windows-cpu-v1/ncnn/src/layer/x86/binaryop_x86_avx512.cpp: In function 'void ncnn::binary_op_no_broadcast_bf16s(const Mat&, const Mat&, Mat&, int, const Option&)':
/home/mingshi/Project/AI/ernie-image-ncnn-vulkan/.worktrees/surpass-reference/build-windows-cpu-v1/ncnn/src/layer/x86/binaryop_x86_avx512.cpp:446:105: warning: unused parameter 'opt' [-Wunused-parameter]
  446 | static void binary_op_no_broadcast_bf16s(const Mat& a, const Mat& b, Mat& c, int op_type, const Option& opt)
      |                                                                                           ~~~~~~~~~~~~~~^~~
/home/mingshi/Project/AI/ernie-image-ncnn-vulkan/.worktrees/surpass-reference/build-windows-cpu-v1/ncnn/src/layer/x86/binaryop_x86_avx512.cpp: In function 'void ncnn::binary_op_scalar_inplace_bf16s(Mat&, short unsigned int, int, const Option&)':
/home/mingshi/Project/AI/ernie-image-ncnn-vulkan/.worktrees/surpass-reference/build-windows-cpu-v1/ncnn/src/layer/x86/binaryop_x86_avx512.cpp:551:97: warning: unused parameter 'opt' [-Wunused-parameter]
  551 | static void binary_op_scalar_inplace_bf16s(Mat& a, unsigned short b, int op_type, const Option& opt)
      |                                                                                   ~~~~~~~~~~~~~~^~~
[185/415] Building CXX object ncnn/src/CMakeFiles/ncnn.dir/layer/x86/binaryop_x86_fma.cpp.obj
[186/415] Building CXX object ncnn/src/CMakeFiles/ncnn.dir/layer/x86/binaryop_x86_fma4.cpp.obj
[187/415] Building CXX object ncnn/src/CMakeFiles/ncnn.dir/layer/x86/binaryop_x86_avx.cpp.obj
/home/mingshi/Project/AI/ernie-image-ncnn-vulkan/.worktrees/surpass-reference/build-windows-cpu-v1/ncnn/src/layer/x86/binaryop_x86_avx.cpp:45: warning: ignoring '#pragma omp parallel' [-Wunknown-pragmas]
   45 |     #pragma omp parallel for num_threads(opt.num_threads)
/home/mingshi/Project/AI/ernie-image-ncnn-vulkan/.worktrees/surpass-reference/build-windows-cpu-v1/ncnn/src/layer/x86/binaryop_x86_avx.cpp:60: warning: ignoring '#pragma omp parallel' [-Wunknown-pragmas]
   60 |     #pragma omp parallel for num_threads(opt.num_threads)
/home/mingshi/Project/AI/ernie-image-ncnn-vulkan/.worktrees/surpass-reference/build-windows-cpu-v1/ncnn/src/layer/x86/binaryop_x86_avx.cpp:89: warning: ignoring '#pragma omp parallel' [-Wunknown-pragmas]
   89 |         #pragma omp parallel for num_threads(opt.num_threads)
/home/mingshi/Project/AI/ernie-image-ncnn-vulkan/.worktrees/surpass-reference/build-windows-cpu-v1/ncnn/src/layer/x86/binaryop_x86_avx.cpp:107: warning: ignoring '#pragma omp parallel' [-Wunknown-pragmas]
  107 |         #pragma omp parallel for num_threads(opt.num_threads)
/home/mingshi/Project/AI/ernie-image-ncnn-vulkan/.worktrees/surpass-reference/build-windows-cpu-v1/ncnn/src/layer/x86/binaryop_x86_avx.cpp:165: warning: ignoring '#pragma omp parallel' [-Wunknown-pragmas]
  165 |     #pragma omp parallel for num_threads(opt.num_threads)
/home/mingshi/Project/AI/ernie-image-ncnn-vulkan/.worktrees/surpass-reference/build-windows-cpu-v1/ncnn/src/layer/x86/binaryop_x86_avx.cpp:436: warning: ignoring '#pragma omp parallel' [-Wunknown-pragmas]
  436 |     #pragma omp parallel for num_threads(opt.num_threads)
/home/mingshi/Project/AI/ernie-image-ncnn-vulkan/.worktrees/surpass-reference/build-windows-cpu-v1/ncnn/src/layer/x86/binaryop_x86_avx.cpp:451: warning: ignoring '#pragma omp parallel' [-Wunknown-pragmas]
  451 |     #pragma omp parallel for num_threads(opt.num_threads)
/home/mingshi/Project/AI/ernie-image-ncnn-vulkan/.worktrees/surpass-reference/build-windows-cpu-v1/ncnn/src/layer/x86/binaryop_x86_avx.cpp:480: warning: ignoring '#pragma omp parallel' [-Wunknown-pragmas]
  480 |         #pragma omp parallel for num_threads(opt.num_threads)
/home/mingshi/Project/AI/ernie-image-ncnn-vulkan/.worktrees/surpass-reference/build-windows-cpu-v1/ncnn/src/layer/x86/binaryop_x86_avx.cpp:498: warning: ignoring '#pragma omp parallel' [-Wunknown-pragmas]
  498 |         #pragma omp parallel for num_threads(opt.num_threads)
/home/mingshi/Project/AI/ernie-image-ncnn-vulkan/.worktrees/surpass-reference/build-windows-cpu-v1/ncnn/src/layer/x86/binaryop_x86_avx.cpp:556: warning: ignoring '#pragma omp parallel' [-Wunknown-pragmas]
  556 |     #pragma omp parallel for num_threads(opt.num_threads)
/home/mingshi/Project/AI/ernie-image-ncnn-vulkan/.worktrees/surpass-reference/build-windows-cpu-v1/ncnn/src/layer/x86/binaryop_x86_avx.cpp: In function 'void ncnn::binary_op_scalar(const Mat&, float, Mat&, int, const Option&)':
/home/mingshi/Project/AI/ernie-image-ncnn-vulkan/.worktrees/surpass-reference/build-windows-cpu-v1/ncnn/src/layer/x86/binaryop_x86_avx.cpp:40:88: warning: unused parameter 'opt' [-Wunused-parameter]
   40 | static void binary_op_scalar(const Mat& a, float b, Mat& c, int op_type, const Option& opt)
      |                                                                          ~~~~~~~~~~~~~~^~~
/home/mingshi/Project/AI/ernie-image-ncnn-vulkan/.worktrees/surpass-reference/build-windows-cpu-v1/ncnn/src/layer/x86/binaryop_x86_avx.cpp: In function 'void ncnn::binary_op_no_broadcast(const Mat&, const Mat&, Mat&, int, const Option&)':
/home/mingshi/Project/AI/ernie-image-ncnn-vulkan/.worktrees/surpass-reference/build-windows-cpu-v1/ncnn/src/layer/x86/binaryop_x86_avx.cpp:55:99: warning: unused parameter 'opt' [-Wunused-parameter]
   55 | static void binary_op_no_broadcast(const Mat& a, const Mat& b, Mat& c, int op_type, const Option& opt)
      |                                                                                     ~~~~~~~~~~~~~~^~~
/home/mingshi/Project/AI/ernie-image-ncnn-vulkan/.worktrees/surpass-reference/build-windows-cpu-v1/ncnn/src/layer/x86/binaryop_x86_avx.cpp: In function 'void ncnn::binary_op_scalar_inplace(Mat&, float, int, const Option&)':
/home/mingshi/Project/AI/ernie-image-ncnn-vulkan/.worktrees/surpass-reference/build-windows-cpu-v1/ncnn/src/layer/x86/binaryop_x86_avx.cpp:160:82: warning: unused parameter 'opt' [-Wunused-parameter]
  160 | static void binary_op_scalar_inplace(Mat& a, float b, int op_type, const Option& opt)
      |                                                                    ~~~~~~~~~~~~~~^~~
/home/mingshi/Project/AI/ernie-image-ncnn-vulkan/.worktrees/surpass-reference/build-windows-cpu-v1/ncnn/src/layer/x86/binaryop_x86_avx.cpp: In function 'void ncnn::binary_op_scalar_bf16s(const Mat&, short unsigned int, Mat&, int, const Option&)':
/home/mingshi/Project/AI/ernie-image-ncnn-vulkan/.worktrees/surpass-reference/build-windows-cpu-v1/ncnn/src/layer/x86/binaryop_x86_avx.cpp:431:103: warning: unused parameter 'opt' [-Wunused-parameter]
  431 | static void binary_op_scalar_bf16s(const Mat& a, unsigned short b, Mat& c, int op_type, const Option& opt)
      |                                                                                         ~~~~~~~~~~~~~~^~~
/home/mingshi/Project/AI/ernie-image-ncnn-vulkan/.worktrees/surpass-reference/build-windows-cpu-v1/ncnn/src/layer/x86/binaryop_x86_avx.cpp: In function 'void ncnn::binary_op_no_broadcast_bf16s(const Mat&, const Mat&, Mat&, int, const Option&)':
/home/mingshi/Project/AI/ernie-image-ncnn-vulkan/.worktrees/surpass-reference/build-windows-cpu-v1/ncnn/src/layer/x86/binaryop_x86_avx.cpp:446:105: warning: unused parameter 'opt' [-Wunused-parameter]
  446 | static void binary_op_no_broadcast_bf16s(const Mat& a, const Mat& b, Mat& c, int op_type, const Option& opt)
      |                                                                                           ~~~~~~~~~~~~~~^~~
/home/mingshi/Project/AI/ernie-image-ncnn-vulkan/.worktrees/surpass-reference/build-windows-cpu-v1/ncnn/src/layer/x86/binaryop_x86_avx.cpp: In function 'void ncnn::binary_op_scalar_inplace_bf16s(Mat&, short unsigned int, int, const Option&)':
/home/mingshi/Project/AI/ernie-image-ncnn-vulkan/.worktrees/surpass-reference/build-windows-cpu-v1/ncnn/src/layer/x86/binaryop_x86_avx.cpp:551:97: warning: unused parameter 'opt' [-Wunused-parameter]
  551 | static void binary_op_scalar_inplace_bf16s(Mat& a, unsigned short b, int op_type, const Option& opt)
      |                                                                                   ~~~~~~~~~~~~~~^~~
[188/415] Building CXX object ncnn/src/CMakeFiles/ncnn.dir/layer/x86/binaryop_x86_avx512bf16.cpp.obj
[189/415] Building CXX object ncnn/src/CMakeFiles/ncnn.dir/layer/x86/binaryop_x86_avx2.cpp.obj
[190/415] Building CXX object ncnn/src/CMakeFiles/ncnn.dir/layer/unaryop.cpp.obj
/home/mingshi/Project/AI/ernie-image-ncnn-vulkan/third_party/ncnn/src/layer/unaryop.cpp:31: warning: ignoring '#pragma omp parallel' [-Wunknown-pragmas]
   31 |     #pragma omp parallel for num_threads(opt.num_threads)
/home/mingshi/Project/AI/ernie-image-ncnn-vulkan/third_party/ncnn/src/layer/unaryop.cpp: In instantiation of 'int ncnn::unary_op_inplace(Mat&, const Option&) [with Op = unary_op_abs]':
/home/mingshi/Project/AI/ernie-image-ncnn-vulkan/third_party/ncnn/src/layer/unaryop.cpp:267:46:   required from here
  267 |         return unary_op_inplace<unary_op_abs>(bottom_top_blob, opt);
      |                ~~~~~~~~~~~~~~~~~~~~~~~~~~~~~~^~~~~~~~~~~~~~~~~~~~~~
/home/mingshi/Project/AI/ernie-image-ncnn-vulkan/third_party/ncnn/src/layer/unaryop.cpp:25:51: warning: unused parameter 'opt' [-Wunused-parameter]
   25 | static int unary_op_inplace(Mat& a, const Option& opt)
      |                                     ~~~~~~~~~~~~~~^~~
/home/mingshi/Project/AI/ernie-image-ncnn-vulkan/third_party/ncnn/src/layer/unaryop.cpp: In instantiation of 'int ncnn::unary_op_inplace(Mat&, const Option&) [with Op = unary_op_neg]':
/home/mingshi/Project/AI/ernie-image-ncnn-vulkan/third_party/ncnn/src/layer/unaryop.cpp:270:46:   required from here
  270 |         return unary_op_inplace<unary_op_neg>(bottom_top_blob, opt);
      |                ~~~~~~~~~~~~~~~~~~~~~~~~~~~~~~^~~~~~~~~~~~~~~~~~~~~~
/home/mingshi/Project/AI/ernie-image-ncnn-vulkan/third_party/ncnn/src/layer/unaryop.cpp:25:51: warning: unused parameter 'opt' [-Wunused-parameter]
   25 | static int unary_op_inplace(Mat& a, const Option& opt)
      |                                     ~~~~~~~~~~~~~~^~~
/home/mingshi/Project/AI/ernie-image-ncnn-vulkan/third_party/ncnn/src/layer/unaryop.cpp: In instantiation of 'int ncnn::unary_op_inplace(Mat&, const Option&) [with Op = unary_op_floor]':
/home/mingshi/Project/AI/ernie-image-ncnn-vulkan/third_party/ncnn/src/layer/unaryop.cpp:273:48:   required from here
  273 |         return unary_op_inplace<unary_op_floor>(bottom_top_blob, opt);
      |                ~~~~~~~~~~~~~~~~~~~~~~~~~~~~~~~~^~~~~~~~~~~~~~~~~~~~~~
/home/mingshi/Project/AI/ernie-image-ncnn-vulkan/third_party/ncnn/src/layer/unaryop.cpp:25:51: warning: unused parameter 'opt' [-Wunused-parameter]
   25 | static int unary_op_inplace(Mat& a, const Option& opt)
      |                                     ~~~~~~~~~~~~~~^~~
/home/mingshi/Project/AI/ernie-image-ncnn-vulkan/third_party/ncnn/src/layer/unaryop.cpp: In instantiation of 'int ncnn::unary_op_inplace(Mat&, const Option&) [with Op = unary_op_ceil]':
/home/mingshi/Project/AI/ernie-image-ncnn-vulkan/third_party/ncnn/src/layer/unaryop.cpp:276:47:   required from here
  276 |         return unary_op_inplace<unary_op_ceil>(bottom_top_blob, opt);
      |                ~~~~~~~~~~~~~~~~~~~~~~~~~~~~~~~^~~~~~~~~~~~~~~~~~~~~~
/home/mingshi/Project/AI/ernie-image-ncnn-vulkan/third_party/ncnn/src/layer/unaryop.cpp:25:51: warning: unused parameter 'opt' [-Wunused-parameter]
   25 | static int unary_op_inplace(Mat& a, const Option& opt)
      |                                     ~~~~~~~~~~~~~~^~~
/home/mingshi/Project/AI/ernie-image-ncnn-vulkan/third_party/ncnn/src/layer/unaryop.cpp: In instantiation of 'int ncnn::unary_op_inplace(Mat&, const Option&) [with Op = unary_op_square]':
/home/mingshi/Project/AI/ernie-image-ncnn-vulkan/third_party/ncnn/src/layer/unaryop.cpp:279:49:   required from here
  279 |         return unary_op_inplace<unary_op_square>(bottom_top_blob, opt);
      |                ~~~~~~~~~~~~~~~~~~~~~~~~~~~~~~~~~^~~~~~~~~~~~~~~~~~~~~~
/home/mingshi/Project/AI/ernie-image-ncnn-vulkan/third_party/ncnn/src/layer/unaryop.cpp:25:51: warning: unused parameter 'opt' [-Wunused-parameter]
   25 | static int unary_op_inplace(Mat& a, const Option& opt)
      |                                     ~~~~~~~~~~~~~~^~~
/home/mingshi/Project/AI/ernie-image-ncnn-vulkan/third_party/ncnn/src/layer/unaryop.cpp: In instantiation of 'int ncnn::unary_op_inplace(Mat&, const Option&) [with Op = unary_op_sqrt]':
/home/mingshi/Project/AI/ernie-image-ncnn-vulkan/third_party/ncnn/src/layer/unaryop.cpp:282:47:   required from here
  282 |         return unary_op_inplace<unary_op_sqrt>(bottom_top_blob, opt);
      |                ~~~~~~~~~~~~~~~~~~~~~~~~~~~~~~~^~~~~~~~~~~~~~~~~~~~~~
/home/mingshi/Project/AI/ernie-image-ncnn-vulkan/third_party/ncnn/src/layer/unaryop.cpp:25:51: warning: unused parameter 'opt' [-Wunused-parameter]
   25 | static int unary_op_inplace(Mat& a, const Option& opt)
      |                                     ~~~~~~~~~~~~~~^~~
/home/mingshi/Project/AI/ernie-image-ncnn-vulkan/third_party/ncnn/src/layer/unaryop.cpp: In instantiation of 'int ncnn::unary_op_inplace(Mat&, const Option&) [with Op = unary_op_rsqrt]':
/home/mingshi/Project/AI/ernie-image-ncnn-vulkan/third_party/ncnn/src/layer/unaryop.cpp:285:48:   required from here
  285 |         return unary_op_inplace<unary_op_rsqrt>(bottom_top_blob, opt);
      |                ~~~~~~~~~~~~~~~~~~~~~~~~~~~~~~~~^~~~~~~~~~~~~~~~~~~~~~
/home/mingshi/Project/AI/ernie-image-ncnn-vulkan/third_party/ncnn/src/layer/unaryop.cpp:25:51: warning: unused parameter 'opt' [-Wunused-parameter]
   25 | static int unary_op_inplace(Mat& a, const Option& opt)
      |                                     ~~~~~~~~~~~~~~^~~
/home/mingshi/Project/AI/ernie-image-ncnn-vulkan/third_party/ncnn/src/layer/unaryop.cpp: In instantiation of 'int ncnn::unary_op_inplace(Mat&, const Option&) [with Op = unary_op_exp]':
/home/mingshi/Project/AI/ernie-image-ncnn-vulkan/third_party/ncnn/src/layer/unaryop.cpp:288:46:   required from here
  288 |         return unary_op_inplace<unary_op_exp>(bottom_top_blob, opt);
      |                ~~~~~~~~~~~~~~~~~~~~~~~~~~~~~~^~~~~~~~~~~~~~~~~~~~~~
/home/mingshi/Project/AI/ernie-image-ncnn-vulkan/third_party/ncnn/src/layer/unaryop.cpp:25:51: warning: unused parameter 'opt' [-Wunused-parameter]
   25 | static int unary_op_inplace(Mat& a, const Option& opt)
      |                                     ~~~~~~~~~~~~~~^~~
/home/mingshi/Project/AI/ernie-image-ncnn-vulkan/third_party/ncnn/src/layer/unaryop.cpp: In instantiation of 'int ncnn::unary_op_inplace(Mat&, const Option&) [with Op = unary_op_log]':
/home/mingshi/Project/AI/ernie-image-ncnn-vulkan/third_party/ncnn/src/layer/unaryop.cpp:291:46:   required from here
  291 |         return unary_op_inplace<unary_op_log>(bottom_top_blob, opt);
      |                ~~~~~~~~~~~~~~~~~~~~~~~~~~~~~~^~~~~~~~~~~~~~~~~~~~~~
/home/mingshi/Project/AI/ernie-image-ncnn-vulkan/third_party/ncnn/src/layer/unaryop.cpp:25:51: warning: unused parameter 'opt' [-Wunused-parameter]
   25 | static int unary_op_inplace(Mat& a, const Option& opt)
      |                                     ~~~~~~~~~~~~~~^~~
/home/mingshi/Project/AI/ernie-image-ncnn-vulkan/third_party/ncnn/src/layer/unaryop.cpp: In instantiation of 'int ncnn::unary_op_inplace(Mat&, const Option&) [with Op = unary_op_sin]':
/home/mingshi/Project/AI/ernie-image-ncnn-vulkan/third_party/ncnn/src/layer/unaryop.cpp:294:46:   required from here
  294 |         return unary_op_inplace<unary_op_sin>(bottom_top_blob, opt);
      |                ~~~~~~~~~~~~~~~~~~~~~~~~~~~~~~^~~~~~~~~~~~~~~~~~~~~~
/home/mingshi/Project/AI/ernie-image-ncnn-vulkan/third_party/ncnn/src/layer/unaryop.cpp:25:51: warning: unused parameter 'opt' [-Wunused-parameter]
   25 | static int unary_op_inplace(Mat& a, const Option& opt)
      |                                     ~~~~~~~~~~~~~~^~~
/home/mingshi/Project/AI/ernie-image-ncnn-vulkan/third_party/ncnn/src/layer/unaryop.cpp: In instantiation of 'int ncnn::unary_op_inplace(Mat&, const Option&) [with Op = unary_op_cos]':
/home/mingshi/Project/AI/ernie-image-ncnn-vulkan/third_party/ncnn/src/layer/unaryop.cpp:297:46:   required from here
  297 |         return unary_op_inplace<unary_op_cos>(bottom_top_blob, opt);
      |                ~~~~~~~~~~~~~~~~~~~~~~~~~~~~~~^~~~~~~~~~~~~~~~~~~~~~
/home/mingshi/Project/AI/ernie-image-ncnn-vulkan/third_party/ncnn/src/layer/unaryop.cpp:25:51: warning: unused parameter 'opt' [-Wunused-parameter]
   25 | static int unary_op_inplace(Mat& a, const Option& opt)
      |                                     ~~~~~~~~~~~~~~^~~
/home/mingshi/Project/AI/ernie-image-ncnn-vulkan/third_party/ncnn/src/layer/unaryop.cpp: In instantiation of 'int ncnn::unary_op_inplace(Mat&, const Option&) [with Op = unary_op_tan]':
/home/mingshi/Project/AI/ernie-image-ncnn-vulkan/third_party/ncnn/src/layer/unaryop.cpp:300:46:   required from here
  300 |         return unary_op_inplace<unary_op_tan>(bottom_top_blob, opt);
      |                ~~~~~~~~~~~~~~~~~~~~~~~~~~~~~~^~~~~~~~~~~~~~~~~~~~~~
/home/mingshi/Project/AI/ernie-image-ncnn-vulkan/third_party/ncnn/src/layer/unaryop.cpp:25:51: warning: unused parameter 'opt' [-Wunused-parameter]
   25 | static int unary_op_inplace(Mat& a, const Option& opt)
      |                                     ~~~~~~~~~~~~~~^~~
/home/mingshi/Project/AI/ernie-image-ncnn-vulkan/third_party/ncnn/src/layer/unaryop.cpp: In instantiation of 'int ncnn::unary_op_inplace(Mat&, const Option&) [with Op = unary_op_asin]':
/home/mingshi/Project/AI/ernie-image-ncnn-vulkan/third_party/ncnn/src/layer/unaryop.cpp:303:47:   required from here
  303 |         return unary_op_inplace<unary_op_asin>(bottom_top_blob, opt);
      |                ~~~~~~~~~~~~~~~~~~~~~~~~~~~~~~~^~~~~~~~~~~~~~~~~~~~~~
/home/mingshi/Project/AI/ernie-image-ncnn-vulkan/third_party/ncnn/src/layer/unaryop.cpp:25:51: warning: unused parameter 'opt' [-Wunused-parameter]
   25 | static int unary_op_inplace(Mat& a, const Option& opt)
      |                                     ~~~~~~~~~~~~~~^~~
/home/mingshi/Project/AI/ernie-image-ncnn-vulkan/third_party/ncnn/src/layer/unaryop.cpp: In instantiation of 'int ncnn::unary_op_inplace(Mat&, const Option&) [with Op = unary_op_acos]':
/home/mingshi/Project/AI/ernie-image-ncnn-vulkan/third_party/ncnn/src/layer/unaryop.cpp:306:47:   required from here
  306 |         return unary_op_inplace<unary_op_acos>(bottom_top_blob, opt);
      |                ~~~~~~~~~~~~~~~~~~~~~~~~~~~~~~~^~~~~~~~~~~~~~~~~~~~~~
/home/mingshi/Project/AI/ernie-image-ncnn-vulkan/third_party/ncnn/src/layer/unaryop.cpp:25:51: warning: unused parameter 'opt' [-Wunused-parameter]
   25 | static int unary_op_inplace(Mat& a, const Option& opt)
      |                                     ~~~~~~~~~~~~~~^~~
/home/mingshi/Project/AI/ernie-image-ncnn-vulkan/third_party/ncnn/src/layer/unaryop.cpp: In instantiation of 'int ncnn::unary_op_inplace(Mat&, const Option&) [with Op = unary_op_atan]':
/home/mingshi/Project/AI/ernie-image-ncnn-vulkan/third_party/ncnn/src/layer/unaryop.cpp:309:47:   required from here
  309 |         return unary_op_inplace<unary_op_atan>(bottom_top_blob, opt);
      |                ~~~~~~~~~~~~~~~~~~~~~~~~~~~~~~~^~~~~~~~~~~~~~~~~~~~~~
/home/mingshi/Project/AI/ernie-image-ncnn-vulkan/third_party/ncnn/src/layer/unaryop.cpp:25:51: warning: unused parameter 'opt' [-Wunused-parameter]
   25 | static int unary_op_inplace(Mat& a, const Option& opt)
      |                                     ~~~~~~~~~~~~~~^~~
/home/mingshi/Project/AI/ernie-image-ncnn-vulkan/third_party/ncnn/src/layer/unaryop.cpp: In instantiation of 'int ncnn::unary_op_inplace(Mat&, const Option&) [with Op = unary_op_reciprocal]':
/home/mingshi/Project/AI/ernie-image-ncnn-vulkan/third_party/ncnn/src/layer/unaryop.cpp:312:53:   required from here
  312 |         return unary_op_inplace<unary_op_reciprocal>(bottom_top_blob, opt);
      |                ~~~~~~~~~~~~~~~~~~~~~~~~~~~~~~~~~~~~~^~~~~~~~~~~~~~~~~~~~~~
/home/mingshi/Project/AI/ernie-image-ncnn-vulkan/third_party/ncnn/src/layer/unaryop.cpp:25:51: warning: unused parameter 'opt' [-Wunused-parameter]
   25 | static int unary_op_inplace(Mat& a, const Option& opt)
      |                                     ~~~~~~~~~~~~~~^~~
/home/mingshi/Project/AI/ernie-image-ncnn-vulkan/third_party/ncnn/src/layer/unaryop.cpp: In instantiation of 'int ncnn::unary_op_inplace(Mat&, const Option&) [with Op = unary_op_tanh]':
/home/mingshi/Project/AI/ernie-image-ncnn-vulkan/third_party/ncnn/src/layer/unaryop.cpp:315:47:   required from here
  315 |         return unary_op_inplace<unary_op_tanh>(bottom_top_blob, opt);
      |                ~~~~~~~~~~~~~~~~~~~~~~~~~~~~~~~^~~~~~~~~~~~~~~~~~~~~~
/home/mingshi/Project/AI/ernie-image-ncnn-vulkan/third_party/ncnn/src/layer/unaryop.cpp:25:51: warning: unused parameter 'opt' [-Wunused-parameter]
   25 | static int unary_op_inplace(Mat& a, const Option& opt)
      |                                     ~~~~~~~~~~~~~~^~~
/home/mingshi/Project/AI/ernie-image-ncnn-vulkan/third_party/ncnn/src/layer/unaryop.cpp: In instantiation of 'int ncnn::unary_op_inplace(Mat&, const Option&) [with Op = unary_op_log10]':
/home/mingshi/Project/AI/ernie-image-ncnn-vulkan/third_party/ncnn/src/layer/unaryop.cpp:318:48:   required from here
  318 |         return unary_op_inplace<unary_op_log10>(bottom_top_blob, opt);
      |                ~~~~~~~~~~~~~~~~~~~~~~~~~~~~~~~~^~~~~~~~~~~~~~~~~~~~~~
/home/mingshi/Project/AI/ernie-image-ncnn-vulkan/third_party/ncnn/src/layer/unaryop.cpp:25:51: warning: unused parameter 'opt' [-Wunused-parameter]
   25 | static int unary_op_inplace(Mat& a, const Option& opt)
      |                                     ~~~~~~~~~~~~~~^~~
/home/mingshi/Project/AI/ernie-image-ncnn-vulkan/third_party/ncnn/src/layer/unaryop.cpp: In instantiation of 'int ncnn::unary_op_inplace(Mat&, const Option&) [with Op = unary_op_round]':
/home/mingshi/Project/AI/ernie-image-ncnn-vulkan/third_party/ncnn/src/layer/unaryop.cpp:327:51:   required from here
  327 |         int ret = unary_op_inplace<unary_op_round>(bottom_top_blob, opt);
      |                   ~~~~~~~~~~~~~~~~~~~~~~~~~~~~~~~~^~~~~~~~~~~~~~~~~~~~~~
/home/mingshi/Project/AI/ernie-image-ncnn-vulkan/third_party/ncnn/src/layer/unaryop.cpp:25:51: warning: unused parameter 'opt' [-Wunused-parameter]
   25 | static int unary_op_inplace(Mat& a, const Option& opt)
      |                                     ~~~~~~~~~~~~~~^~~
/home/mingshi/Project/AI/ernie-image-ncnn-vulkan/third_party/ncnn/src/layer/unaryop.cpp: In instantiation of 'int ncnn::unary_op_inplace(Mat&, const Option&) [with Op = unary_op_trunc]':
/home/mingshi/Project/AI/ernie-image-ncnn-vulkan/third_party/ncnn/src/layer/unaryop.cpp:335:48:   required from here
  335 |         return unary_op_inplace<unary_op_trunc>(bottom_top_blob, opt);
      |                ~~~~~~~~~~~~~~~~~~~~~~~~~~~~~~~~^~~~~~~~~~~~~~~~~~~~~~
/home/mingshi/Project/AI/ernie-image-ncnn-vulkan/third_party/ncnn/src/layer/unaryop.cpp:25:51: warning: unused parameter 'opt' [-Wunused-parameter]
   25 | static int unary_op_inplace(Mat& a, const Option& opt)
      |                                     ~~~~~~~~~~~~~~^~~
/home/mingshi/Project/AI/ernie-image-ncnn-vulkan/third_party/ncnn/src/layer/unaryop.cpp: In instantiation of 'int ncnn::unary_op_inplace(Mat&, const Option&) [with Op = unary_op_sign]':
/home/mingshi/Project/AI/ernie-image-ncnn-vulkan/third_party/ncnn/src/layer/unaryop.cpp:338:47:   required from here
  338 |         return unary_op_inplace<unary_op_sign>(bottom_top_blob, opt);
      |                ~~~~~~~~~~~~~~~~~~~~~~~~~~~~~~~^~~~~~~~~~~~~~~~~~~~~~
/home/mingshi/Project/AI/ernie-image-ncnn-vulkan/third_party/ncnn/src/layer/unaryop.cpp:25:51: warning: unused parameter 'opt' [-Wunused-parameter]
   25 | static int unary_op_inplace(Mat& a, const Option& opt)
      |                                     ~~~~~~~~~~~~~~^~~
/home/mingshi/Project/AI/ernie-image-ncnn-vulkan/third_party/ncnn/src/layer/unaryop.cpp: In instantiation of 'int ncnn::unary_op_inplace(Mat&, const Option&) [with Op = unary_op_expm1]':
/home/mingshi/Project/AI/ernie-image-ncnn-vulkan/third_party/ncnn/src/layer/unaryop.cpp:341:48:   required from here
  341 |         return unary_op_inplace<unary_op_expm1>(bottom_top_blob, opt);
      |                ~~~~~~~~~~~~~~~~~~~~~~~~~~~~~~~~^~~~~~~~~~~~~~~~~~~~~~
/home/mingshi/Project/AI/ernie-image-ncnn-vulkan/third_party/ncnn/src/layer/unaryop.cpp:25:51: warning: unused parameter 'opt' [-Wunused-parameter]
   25 | static int unary_op_inplace(Mat& a, const Option& opt)
      |                                     ~~~~~~~~~~~~~~^~~
/home/mingshi/Project/AI/ernie-image-ncnn-vulkan/third_party/ncnn/src/layer/unaryop.cpp: In instantiation of 'int ncnn::unary_op_inplace(Mat&, const Option&) [with Op = unary_op_sinh]':
/home/mingshi/Project/AI/ernie-image-ncnn-vulkan/third_party/ncnn/src/layer/unaryop.cpp:344:47:   required from here
  344 |         return unary_op_inplace<unary_op_sinh>(bottom_top_blob, opt);
      |                ~~~~~~~~~~~~~~~~~~~~~~~~~~~~~~~^~~~~~~~~~~~~~~~~~~~~~
/home/mingshi/Project/AI/ernie-image-ncnn-vulkan/third_party/ncnn/src/layer/unaryop.cpp:25:51: warning: unused parameter 'opt' [-Wunused-parameter]
   25 | static int unary_op_inplace(Mat& a, const Option& opt)
      |                                     ~~~~~~~~~~~~~~^~~
/home/mingshi/Project/AI/ernie-image-ncnn-vulkan/third_party/ncnn/src/layer/unaryop.cpp: In instantiation of 'int ncnn::unary_op_inplace(Mat&, const Option&) [with Op = unary_op_asinh]':
/home/mingshi/Project/AI/ernie-image-ncnn-vulkan/third_party/ncnn/src/layer/unaryop.cpp:347:48:   required from here
  347 |         return unary_op_inplace<unary_op_asinh>(bottom_top_blob, opt);
      |                ~~~~~~~~~~~~~~~~~~~~~~~~~~~~~~~~^~~~~~~~~~~~~~~~~~~~~~
/home/mingshi/Project/AI/ernie-image-ncnn-vulkan/third_party/ncnn/src/layer/unaryop.cpp:25:51: warning: unused parameter 'opt' [-Wunused-parameter]
   25 | static int unary_op_inplace(Mat& a, const Option& opt)
      |                                     ~~~~~~~~~~~~~~^~~
/home/mingshi/Project/AI/ernie-image-ncnn-vulkan/third_party/ncnn/src/layer/unaryop.cpp: In instantiation of 'int ncnn::unary_op_inplace(Mat&, const Option&) [with Op = unary_op_cosh]':
/home/mingshi/Project/AI/ernie-image-ncnn-vulkan/third_party/ncnn/src/layer/unaryop.cpp:350:47:   required from here
  350 |         return unary_op_inplace<unary_op_cosh>(bottom_top_blob, opt);
      |                ~~~~~~~~~~~~~~~~~~~~~~~~~~~~~~~^~~~~~~~~~~~~~~~~~~~~~
/home/mingshi/Project/AI/ernie-image-ncnn-vulkan/third_party/ncnn/src/layer/unaryop.cpp:25:51: warning: unused parameter 'opt' [-Wunused-parameter]
   25 | static int unary_op_inplace(Mat& a, const Option& opt)
      |                                     ~~~~~~~~~~~~~~^~~
/home/mingshi/Project/AI/ernie-image-ncnn-vulkan/third_party/ncnn/src/layer/unaryop.cpp: In instantiation of 'int ncnn::unary_op_inplace(Mat&, const Option&) [with Op = unary_op_acosh]':
/home/mingshi/Project/AI/ernie-image-ncnn-vulkan/third_party/ncnn/src/layer/unaryop.cpp:353:48:   required from here
  353 |         return unary_op_inplace<unary_op_acosh>(bottom_top_blob, opt);
      |                ~~~~~~~~~~~~~~~~~~~~~~~~~~~~~~~~^~~~~~~~~~~~~~~~~~~~~~
/home/mingshi/Project/AI/ernie-image-ncnn-vulkan/third_party/ncnn/src/layer/unaryop.cpp:25:51: warning: unused parameter 'opt' [-Wunused-parameter]
   25 | static int unary_op_inplace(Mat& a, const Option& opt)
      |                                     ~~~~~~~~~~~~~~^~~
/home/mingshi/Project/AI/ernie-image-ncnn-vulkan/third_party/ncnn/src/layer/unaryop.cpp: In instantiation of 'int ncnn::unary_op_inplace(Mat&, const Option&) [with Op = unary_op_atanh]':
/home/mingshi/Project/AI/ernie-image-ncnn-vulkan/third_party/ncnn/src/layer/unaryop.cpp:356:48:   required from here
  356 |         return unary_op_inplace<unary_op_atanh>(bottom_top_blob, opt);
      |                ~~~~~~~~~~~~~~~~~~~~~~~~~~~~~~~~^~~~~~~~~~~~~~~~~~~~~~
/home/mingshi/Project/AI/ernie-image-ncnn-vulkan/third_party/ncnn/src/layer/unaryop.cpp:25:51: warning: unused parameter 'opt' [-Wunused-parameter]
   25 | static int unary_op_inplace(Mat& a, const Option& opt)
      |                                     ~~~~~~~~~~~~~~^~~
/home/mingshi/Project/AI/ernie-image-ncnn-vulkan/third_party/ncnn/src/layer/unaryop.cpp: In instantiation of 'int ncnn::unary_op_inplace(Mat&, const Option&) [with Op = unary_op_log1p]':
/home/mingshi/Project/AI/ernie-image-ncnn-vulkan/third_party/ncnn/src/layer/unaryop.cpp:359:48:   required from here
  359 |         return unary_op_inplace<unary_op_log1p>(bottom_top_blob, opt);
      |                ~~~~~~~~~~~~~~~~~~~~~~~~~~~~~~~~^~~~~~~~~~~~~~~~~~~~~~
/home/mingshi/Project/AI/ernie-image-ncnn-vulkan/third_party/ncnn/src/layer/unaryop.cpp:25:51: warning: unused parameter 'opt' [-Wunused-parameter]
   25 | static int unary_op_inplace(Mat& a, const Option& opt)
      |                                     ~~~~~~~~~~~~~~^~~
[191/415] Building CXX object ncnn/src/CMakeFiles/ncnn.dir/layer/x86/unaryop_x86.cpp.obj
In file included from /home/mingshi/Project/AI/ernie-image-ncnn-vulkan/third_party/ncnn/src/layer/x86/unaryop_x86.cpp:29:
/home/mingshi/Project/AI/ernie-image-ncnn-vulkan/third_party/ncnn/src/layer/x86/unaryop_fp32.h:29: warning: ignoring '#pragma omp parallel' [-Wunknown-pragmas]
   29 |     #pragma omp parallel for num_threads(opt.num_threads)
In file included from /home/mingshi/Project/AI/ernie-image-ncnn-vulkan/third_party/ncnn/src/layer/x86/unaryop_x86.cpp:32:
/home/mingshi/Project/AI/ernie-image-ncnn-vulkan/third_party/ncnn/src/layer/x86/unaryop_bf16s.h:16: warning: ignoring '#pragma omp parallel' [-Wunknown-pragmas]
   16 |     #pragma omp parallel for num_threads(opt.num_threads)
/home/mingshi/Project/AI/ernie-image-ncnn-vulkan/third_party/ncnn/src/layer/x86/unaryop_fp32.h: In instantiation of 'int ncnn::unary_op_inplace(Mat&, const Option&) [with Op = unaryop_x86_functor::unary_op_abs]':
/home/mingshi/Project/AI/ernie-image-ncnn-vulkan/third_party/ncnn/src/layer/x86/unaryop_fp32.h:94:46:   required from here
   94 |         return unary_op_inplace<unary_op_abs>(bottom_top_blob, opt);
      |                ~~~~~~~~~~~~~~~~~~~~~~~~~~~~~~^~~~~~~~~~~~~~~~~~~~~~
/home/mingshi/Project/AI/ernie-image-ncnn-vulkan/third_party/ncnn/src/layer/x86/unaryop_fp32.h:18:51: warning: unused parameter 'opt' [-Wunused-parameter]
   18 | static int unary_op_inplace(Mat& a, const Option& opt)
      |                                     ~~~~~~~~~~~~~~^~~
/home/mingshi/Project/AI/ernie-image-ncnn-vulkan/third_party/ncnn/src/layer/x86/unaryop_fp32.h: In instantiation of 'int ncnn::unary_op_inplace(Mat&, const Option&) [with Op = unaryop_x86_functor::unary_op_neg]':
/home/mingshi/Project/AI/ernie-image-ncnn-vulkan/third_party/ncnn/src/layer/x86/unaryop_fp32.h:97:46:   required from here
   97 |         return unary_op_inplace<unary_op_neg>(bottom_top_blob, opt);
      |                ~~~~~~~~~~~~~~~~~~~~~~~~~~~~~~^~~~~~~~~~~~~~~~~~~~~~
/home/mingshi/Project/AI/ernie-image-ncnn-vulkan/third_party/ncnn/src/layer/x86/unaryop_fp32.h:18:51: warning: unused parameter 'opt' [-Wunused-parameter]
   18 | static int unary_op_inplace(Mat& a, const Option& opt)
      |                                     ~~~~~~~~~~~~~~^~~
/home/mingshi/Project/AI/ernie-image-ncnn-vulkan/third_party/ncnn/src/layer/x86/unaryop_fp32.h: In instantiation of 'int ncnn::unary_op_inplace(Mat&, const Option&) [with Op = unaryop_x86_functor::unary_op_floor]':
/home/mingshi/Project/AI/ernie-image-ncnn-vulkan/third_party/ncnn/src/layer/x86/unaryop_fp32.h:100:48:   required from here
  100 |         return unary_op_inplace<unary_op_floor>(bottom_top_blob, opt);
      |                ~~~~~~~~~~~~~~~~~~~~~~~~~~~~~~~~^~~~~~~~~~~~~~~~~~~~~~
/home/mingshi/Project/AI/ernie-image-ncnn-vulkan/third_party/ncnn/src/layer/x86/unaryop_fp32.h:18:51: warning: unused parameter 'opt' [-Wunused-parameter]
   18 | static int unary_op_inplace(Mat& a, const Option& opt)
      |                                     ~~~~~~~~~~~~~~^~~
/home/mingshi/Project/AI/ernie-image-ncnn-vulkan/third_party/ncnn/src/layer/x86/unaryop_fp32.h: In instantiation of 'int ncnn::unary_op_inplace(Mat&, const Option&) [with Op = unaryop_x86_functor::unary_op_ceil]':
/home/mingshi/Project/AI/ernie-image-ncnn-vulkan/third_party/ncnn/src/layer/x86/unaryop_fp32.h:103:47:   required from here
  103 |         return unary_op_inplace<unary_op_ceil>(bottom_top_blob, opt);
      |                ~~~~~~~~~~~~~~~~~~~~~~~~~~~~~~~^~~~~~~~~~~~~~~~~~~~~~
/home/mingshi/Project/AI/ernie-image-ncnn-vulkan/third_party/ncnn/src/layer/x86/unaryop_fp32.h:18:51: warning: unused parameter 'opt' [-Wunused-parameter]
   18 | static int unary_op_inplace(Mat& a, const Option& opt)
      |                                     ~~~~~~~~~~~~~~^~~
/home/mingshi/Project/AI/ernie-image-ncnn-vulkan/third_party/ncnn/src/layer/x86/unaryop_fp32.h: In instantiation of 'int ncnn::unary_op_inplace(Mat&, const Option&) [with Op = unaryop_x86_functor::unary_op_square]':
/home/mingshi/Project/AI/ernie-image-ncnn-vulkan/third_party/ncnn/src/layer/x86/unaryop_fp32.h:106:49:   required from here
  106 |         return unary_op_inplace<unary_op_square>(bottom_top_blob, opt);
      |                ~~~~~~~~~~~~~~~~~~~~~~~~~~~~~~~~~^~~~~~~~~~~~~~~~~~~~~~
/home/mingshi/Project/AI/ernie-image-ncnn-vulkan/third_party/ncnn/src/layer/x86/unaryop_fp32.h:18:51: warning: unused parameter 'opt' [-Wunused-parameter]
   18 | static int unary_op_inplace(Mat& a, const Option& opt)
      |                                     ~~~~~~~~~~~~~~^~~
/home/mingshi/Project/AI/ernie-image-ncnn-vulkan/third_party/ncnn/src/layer/x86/unaryop_fp32.h: In instantiation of 'int ncnn::unary_op_inplace(Mat&, const Option&) [with Op = unaryop_x86_functor::unary_op_sqrt]':
/home/mingshi/Project/AI/ernie-image-ncnn-vulkan/third_party/ncnn/src/layer/x86/unaryop_fp32.h:109:47:   required from here
  109 |         return unary_op_inplace<unary_op_sqrt>(bottom_top_blob, opt);
      |                ~~~~~~~~~~~~~~~~~~~~~~~~~~~~~~~^~~~~~~~~~~~~~~~~~~~~~
/home/mingshi/Project/AI/ernie-image-ncnn-vulkan/third_party/ncnn/src/layer/x86/unaryop_fp32.h:18:51: warning: unused parameter 'opt' [-Wunused-parameter]
   18 | static int unary_op_inplace(Mat& a, const Option& opt)
      |                                     ~~~~~~~~~~~~~~^~~
/home/mingshi/Project/AI/ernie-image-ncnn-vulkan/third_party/ncnn/src/layer/x86/unaryop_fp32.h: In instantiation of 'int ncnn::unary_op_inplace(Mat&, const Option&) [with Op = unaryop_x86_functor::unary_op_rsqrt]':
/home/mingshi/Project/AI/ernie-image-ncnn-vulkan/third_party/ncnn/src/layer/x86/unaryop_fp32.h:112:48:   required from here
  112 |         return unary_op_inplace<unary_op_rsqrt>(bottom_top_blob, opt);
      |                ~~~~~~~~~~~~~~~~~~~~~~~~~~~~~~~~^~~~~~~~~~~~~~~~~~~~~~
/home/mingshi/Project/AI/ernie-image-ncnn-vulkan/third_party/ncnn/src/layer/x86/unaryop_fp32.h:18:51: warning: unused parameter 'opt' [-Wunused-parameter]
   18 | static int unary_op_inplace(Mat& a, const Option& opt)
      |                                     ~~~~~~~~~~~~~~^~~
/home/mingshi/Project/AI/ernie-image-ncnn-vulkan/third_party/ncnn/src/layer/x86/unaryop_fp32.h: In instantiation of 'int ncnn::unary_op_inplace(Mat&, const Option&) [with Op = unaryop_x86_functor::unary_op_exp]':
/home/mingshi/Project/AI/ernie-image-ncnn-vulkan/third_party/ncnn/src/layer/x86/unaryop_fp32.h:115:46:   required from here
  115 |         return unary_op_inplace<unary_op_exp>(bottom_top_blob, opt);
      |                ~~~~~~~~~~~~~~~~~~~~~~~~~~~~~~^~~~~~~~~~~~~~~~~~~~~~
/home/mingshi/Project/AI/ernie-image-ncnn-vulkan/third_party/ncnn/src/layer/x86/unaryop_fp32.h:18:51: warning: unused parameter 'opt' [-Wunused-parameter]
   18 | static int unary_op_inplace(Mat& a, const Option& opt)
      |                                     ~~~~~~~~~~~~~~^~~
/home/mingshi/Project/AI/ernie-image-ncnn-vulkan/third_party/ncnn/src/layer/x86/unaryop_fp32.h: In instantiation of 'int ncnn::unary_op_inplace(Mat&, const Option&) [with Op = unaryop_x86_functor::unary_op_log]':
/home/mingshi/Project/AI/ernie-image-ncnn-vulkan/third_party/ncnn/src/layer/x86/unaryop_fp32.h:118:46:   required from here
  118 |         return unary_op_inplace<unary_op_log>(bottom_top_blob, opt);
      |                ~~~~~~~~~~~~~~~~~~~~~~~~~~~~~~^~~~~~~~~~~~~~~~~~~~~~
/home/mingshi/Project/AI/ernie-image-ncnn-vulkan/third_party/ncnn/src/layer/x86/unaryop_fp32.h:18:51: warning: unused parameter 'opt' [-Wunused-parameter]
   18 | static int unary_op_inplace(Mat& a, const Option& opt)
      |                                     ~~~~~~~~~~~~~~^~~
/home/mingshi/Project/AI/ernie-image-ncnn-vulkan/third_party/ncnn/src/layer/x86/unaryop_fp32.h: In instantiation of 'int ncnn::unary_op_inplace(Mat&, const Option&) [with Op = unaryop_x86_functor::unary_op_sin]':
/home/mingshi/Project/AI/ernie-image-ncnn-vulkan/third_party/ncnn/src/layer/x86/unaryop_fp32.h:121:46:   required from here
  121 |         return unary_op_inplace<unary_op_sin>(bottom_top_blob, opt);
      |                ~~~~~~~~~~~~~~~~~~~~~~~~~~~~~~^~~~~~~~~~~~~~~~~~~~~~
/home/mingshi/Project/AI/ernie-image-ncnn-vulkan/third_party/ncnn/src/layer/x86/unaryop_fp32.h:18:51: warning: unused parameter 'opt' [-Wunused-parameter]
   18 | static int unary_op_inplace(Mat& a, const Option& opt)
      |                                     ~~~~~~~~~~~~~~^~~
/home/mingshi/Project/AI/ernie-image-ncnn-vulkan/third_party/ncnn/src/layer/x86/unaryop_fp32.h: In instantiation of 'int ncnn::unary_op_inplace(Mat&, const Option&) [with Op = unaryop_x86_functor::unary_op_cos]':
/home/mingshi/Project/AI/ernie-image-ncnn-vulkan/third_party/ncnn/src/layer/x86/unaryop_fp32.h:124:46:   required from here
  124 |         return unary_op_inplace<unary_op_cos>(bottom_top_blob, opt);
      |                ~~~~~~~~~~~~~~~~~~~~~~~~~~~~~~^~~~~~~~~~~~~~~~~~~~~~
/home/mingshi/Project/AI/ernie-image-ncnn-vulkan/third_party/ncnn/src/layer/x86/unaryop_fp32.h:18:51: warning: unused parameter 'opt' [-Wunused-parameter]
   18 | static int unary_op_inplace(Mat& a, const Option& opt)
      |                                     ~~~~~~~~~~~~~~^~~
/home/mingshi/Project/AI/ernie-image-ncnn-vulkan/third_party/ncnn/src/layer/x86/unaryop_fp32.h: In instantiation of 'int ncnn::unary_op_inplace(Mat&, const Option&) [with Op = unaryop_x86_functor::unary_op_tan]':
/home/mingshi/Project/AI/ernie-image-ncnn-vulkan/third_party/ncnn/src/layer/x86/unaryop_fp32.h:127:46:   required from here
  127 |         return unary_op_inplace<unary_op_tan>(bottom_top_blob, opt);
      |                ~~~~~~~~~~~~~~~~~~~~~~~~~~~~~~^~~~~~~~~~~~~~~~~~~~~~
/home/mingshi/Project/AI/ernie-image-ncnn-vulkan/third_party/ncnn/src/layer/x86/unaryop_fp32.h:18:51: warning: unused parameter 'opt' [-Wunused-parameter]
   18 | static int unary_op_inplace(Mat& a, const Option& opt)
      |                                     ~~~~~~~~~~~~~~^~~
/home/mingshi/Project/AI/ernie-image-ncnn-vulkan/third_party/ncnn/src/layer/x86/unaryop_fp32.h: In instantiation of 'int ncnn::unary_op_inplace(Mat&, const Option&) [with Op = unaryop_x86_functor::unary_op_asin]':
/home/mingshi/Project/AI/ernie-image-ncnn-vulkan/third_party/ncnn/src/layer/x86/unaryop_fp32.h:130:47:   required from here
  130 |         return unary_op_inplace<unary_op_asin>(bottom_top_blob, opt);
      |                ~~~~~~~~~~~~~~~~~~~~~~~~~~~~~~~^~~~~~~~~~~~~~~~~~~~~~
/home/mingshi/Project/AI/ernie-image-ncnn-vulkan/third_party/ncnn/src/layer/x86/unaryop_fp32.h:18:51: warning: unused parameter 'opt' [-Wunused-parameter]
   18 | static int unary_op_inplace(Mat& a, const Option& opt)
      |                                     ~~~~~~~~~~~~~~^~~
/home/mingshi/Project/AI/ernie-image-ncnn-vulkan/third_party/ncnn/src/layer/x86/unaryop_fp32.h: In instantiation of 'int ncnn::unary_op_inplace(Mat&, const Option&) [with Op = unaryop_x86_functor::unary_op_acos]':
/home/mingshi/Project/AI/ernie-image-ncnn-vulkan/third_party/ncnn/src/layer/x86/unaryop_fp32.h:133:47:   required from here
  133 |         return unary_op_inplace<unary_op_acos>(bottom_top_blob, opt);
      |                ~~~~~~~~~~~~~~~~~~~~~~~~~~~~~~~^~~~~~~~~~~~~~~~~~~~~~
/home/mingshi/Project/AI/ernie-image-ncnn-vulkan/third_party/ncnn/src/layer/x86/unaryop_fp32.h:18:51: warning: unused parameter 'opt' [-Wunused-parameter]
   18 | static int unary_op_inplace(Mat& a, const Option& opt)
      |                                     ~~~~~~~~~~~~~~^~~
/home/mingshi/Project/AI/ernie-image-ncnn-vulkan/third_party/ncnn/src/layer/x86/unaryop_fp32.h: In instantiation of 'int ncnn::unary_op_inplace(Mat&, const Option&) [with Op = unaryop_x86_functor::unary_op_atan]':
/home/mingshi/Project/AI/ernie-image-ncnn-vulkan/third_party/ncnn/src/layer/x86/unaryop_fp32.h:136:47:   required from here
  136 |         return unary_op_inplace<unary_op_atan>(bottom_top_blob, opt);
      |                ~~~~~~~~~~~~~~~~~~~~~~~~~~~~~~~^~~~~~~~~~~~~~~~~~~~~~
/home/mingshi/Project/AI/ernie-image-ncnn-vulkan/third_party/ncnn/src/layer/x86/unaryop_fp32.h:18:51: warning: unused parameter 'opt' [-Wunused-parameter]
   18 | static int unary_op_inplace(Mat& a, const Option& opt)
      |                                     ~~~~~~~~~~~~~~^~~
/home/mingshi/Project/AI/ernie-image-ncnn-vulkan/third_party/ncnn/src/layer/x86/unaryop_fp32.h: In instantiation of 'int ncnn::unary_op_inplace(Mat&, const Option&) [with Op = unaryop_x86_functor::unary_op_reciprocal]':
/home/mingshi/Project/AI/ernie-image-ncnn-vulkan/third_party/ncnn/src/layer/x86/unaryop_fp32.h:139:53:   required from here
  139 |         return unary_op_inplace<unary_op_reciprocal>(bottom_top_blob, opt);
      |                ~~~~~~~~~~~~~~~~~~~~~~~~~~~~~~~~~~~~~^~~~~~~~~~~~~~~~~~~~~~
/home/mingshi/Project/AI/ernie-image-ncnn-vulkan/third_party/ncnn/src/layer/x86/unaryop_fp32.h:18:51: warning: unused parameter 'opt' [-Wunused-parameter]
   18 | static int unary_op_inplace(Mat& a, const Option& opt)
      |                                     ~~~~~~~~~~~~~~^~~
/home/mingshi/Project/AI/ernie-image-ncnn-vulkan/third_party/ncnn/src/layer/x86/unaryop_fp32.h: In instantiation of 'int ncnn::unary_op_inplace(Mat&, const Option&) [with Op = unaryop_x86_functor::unary_op_tanh]':
/home/mingshi/Project/AI/ernie-image-ncnn-vulkan/third_party/ncnn/src/layer/x86/unaryop_fp32.h:142:47:   required from here
  142 |         return unary_op_inplace<unary_op_tanh>(bottom_top_blob, opt);
      |                ~~~~~~~~~~~~~~~~~~~~~~~~~~~~~~~^~~~~~~~~~~~~~~~~~~~~~
/home/mingshi/Project/AI/ernie-image-ncnn-vulkan/third_party/ncnn/src/layer/x86/unaryop_fp32.h:18:51: warning: unused parameter 'opt' [-Wunused-parameter]
   18 | static int unary_op_inplace(Mat& a, const Option& opt)
      |                                     ~~~~~~~~~~~~~~^~~
/home/mingshi/Project/AI/ernie-image-ncnn-vulkan/third_party/ncnn/src/layer/x86/unaryop_fp32.h: In instantiation of 'int ncnn::unary_op_inplace(Mat&, const Option&) [with Op = unaryop_x86_functor::unary_op_log10]':
/home/mingshi/Project/AI/ernie-image-ncnn-vulkan/third_party/ncnn/src/layer/x86/unaryop_fp32.h:145:48:   required from here
  145 |         return unary_op_inplace<unary_op_log10>(bottom_top_blob, opt);
      |                ~~~~~~~~~~~~~~~~~~~~~~~~~~~~~~~~^~~~~~~~~~~~~~~~~~~~~~
/home/mingshi/Project/AI/ernie-image-ncnn-vulkan/third_party/ncnn/src/layer/x86/unaryop_fp32.h:18:51: warning: unused parameter 'opt' [-Wunused-parameter]
   18 | static int unary_op_inplace(Mat& a, const Option& opt)
      |                                     ~~~~~~~~~~~~~~^~~
/home/mingshi/Project/AI/ernie-image-ncnn-vulkan/third_party/ncnn/src/layer/x86/unaryop_fp32.h: In instantiation of 'int ncnn::unary_op_inplace(Mat&, const Option&) [with Op = unaryop_x86_functor::unary_op_round]':
/home/mingshi/Project/AI/ernie-image-ncnn-vulkan/third_party/ncnn/src/layer/x86/unaryop_fp32.h:154:51:   required from here
  154 |         int ret = unary_op_inplace<unary_op_round>(bottom_top_blob, opt);
      |                   ~~~~~~~~~~~~~~~~~~~~~~~~~~~~~~~~^~~~~~~~~~~~~~~~~~~~~~
/home/mingshi/Project/AI/ernie-image-ncnn-vulkan/third_party/ncnn/src/layer/x86/unaryop_fp32.h:18:51: warning: unused parameter 'opt' [-Wunused-parameter]
   18 | static int unary_op_inplace(Mat& a, const Option& opt)
      |                                     ~~~~~~~~~~~~~~^~~
/home/mingshi/Project/AI/ernie-image-ncnn-vulkan/third_party/ncnn/src/layer/x86/unaryop_fp32.h: In instantiation of 'int ncnn::unary_op_inplace(Mat&, const Option&) [with Op = unaryop_x86_functor::unary_op_trunc]':
/home/mingshi/Project/AI/ernie-image-ncnn-vulkan/third_party/ncnn/src/layer/x86/unaryop_fp32.h:162:48:   required from here
  162 |         return unary_op_inplace<unary_op_trunc>(bottom_top_blob, opt);
      |                ~~~~~~~~~~~~~~~~~~~~~~~~~~~~~~~~^~~~~~~~~~~~~~~~~~~~~~
/home/mingshi/Project/AI/ernie-image-ncnn-vulkan/third_party/ncnn/src/layer/x86/unaryop_fp32.h:18:51: warning: unused parameter 'opt' [-Wunused-parameter]
   18 | static int unary_op_inplace(Mat& a, const Option& opt)
      |                                     ~~~~~~~~~~~~~~^~~
/home/mingshi/Project/AI/ernie-image-ncnn-vulkan/third_party/ncnn/src/layer/x86/unaryop_fp32.h: In instantiation of 'int ncnn::unary_op_inplace(Mat&, const Option&) [with Op = unaryop_x86_functor::unary_op_sign]':
/home/mingshi/Project/AI/ernie-image-ncnn-vulkan/third_party/ncnn/src/layer/x86/unaryop_fp32.h:165:47:   required from here
  165 |         return unary_op_inplace<unary_op_sign>(bottom_top_blob, opt);
      |                ~~~~~~~~~~~~~~~~~~~~~~~~~~~~~~~^~~~~~~~~~~~~~~~~~~~~~
/home/mingshi/Project/AI/ernie-image-ncnn-vulkan/third_party/ncnn/src/layer/x86/unaryop_fp32.h:18:51: warning: unused parameter 'opt' [-Wunused-parameter]
   18 | static int unary_op_inplace(Mat& a, const Option& opt)
      |                                     ~~~~~~~~~~~~~~^~~
/home/mingshi/Project/AI/ernie-image-ncnn-vulkan/third_party/ncnn/src/layer/x86/unaryop_fp32.h: In instantiation of 'int ncnn::unary_op_inplace(Mat&, const Option&) [with Op = unaryop_x86_functor::unary_op_expm1]':
/home/mingshi/Project/AI/ernie-image-ncnn-vulkan/third_party/ncnn/src/layer/x86/unaryop_fp32.h:168:48:   required from here
  168 |         return unary_op_inplace<unary_op_expm1>(bottom_top_blob, opt);
      |                ~~~~~~~~~~~~~~~~~~~~~~~~~~~~~~~~^~~~~~~~~~~~~~~~~~~~~~
/home/mingshi/Project/AI/ernie-image-ncnn-vulkan/third_party/ncnn/src/layer/x86/unaryop_fp32.h:18:51: warning: unused parameter 'opt' [-Wunused-parameter]
   18 | static int unary_op_inplace(Mat& a, const Option& opt)
      |                                     ~~~~~~~~~~~~~~^~~
/home/mingshi/Project/AI/ernie-image-ncnn-vulkan/third_party/ncnn/src/layer/x86/unaryop_fp32.h: In instantiation of 'int ncnn::unary_op_inplace(Mat&, const Option&) [with Op = unaryop_x86_functor::unary_op_sinh]':
/home/mingshi/Project/AI/ernie-image-ncnn-vulkan/third_party/ncnn/src/layer/x86/unaryop_fp32.h:171:47:   required from here
  171 |         return unary_op_inplace<unary_op_sinh>(bottom_top_blob, opt);
      |                ~~~~~~~~~~~~~~~~~~~~~~~~~~~~~~~^~~~~~~~~~~~~~~~~~~~~~
/home/mingshi/Project/AI/ernie-image-ncnn-vulkan/third_party/ncnn/src/layer/x86/unaryop_fp32.h:18:51: warning: unused parameter 'opt' [-Wunused-parameter]
   18 | static int unary_op_inplace(Mat& a, const Option& opt)
      |                                     ~~~~~~~~~~~~~~^~~
/home/mingshi/Project/AI/ernie-image-ncnn-vulkan/third_party/ncnn/src/layer/x86/unaryop_fp32.h: In instantiation of 'int ncnn::unary_op_inplace(Mat&, const Option&) [with Op = unaryop_x86_functor::unary_op_asinh]':
/home/mingshi/Project/AI/ernie-image-ncnn-vulkan/third_party/ncnn/src/layer/x86/unaryop_fp32.h:174:48:   required from here
  174 |         return unary_op_inplace<unary_op_asinh>(bottom_top_blob, opt);
      |                ~~~~~~~~~~~~~~~~~~~~~~~~~~~~~~~~^~~~~~~~~~~~~~~~~~~~~~
/home/mingshi/Project/AI/ernie-image-ncnn-vulkan/third_party/ncnn/src/layer/x86/unaryop_fp32.h:18:51: warning: unused parameter 'opt' [-Wunused-parameter]
   18 | static int unary_op_inplace(Mat& a, const Option& opt)
      |                                     ~~~~~~~~~~~~~~^~~
/home/mingshi/Project/AI/ernie-image-ncnn-vulkan/third_party/ncnn/src/layer/x86/unaryop_fp32.h: In instantiation of 'int ncnn::unary_op_inplace(Mat&, const Option&) [with Op = unaryop_x86_functor::unary_op_cosh]':
/home/mingshi/Project/AI/ernie-image-ncnn-vulkan/third_party/ncnn/src/layer/x86/unaryop_fp32.h:177:47:   required from here
  177 |         return unary_op_inplace<unary_op_cosh>(bottom_top_blob, opt);
      |                ~~~~~~~~~~~~~~~~~~~~~~~~~~~~~~~^~~~~~~~~~~~~~~~~~~~~~
/home/mingshi/Project/AI/ernie-image-ncnn-vulkan/third_party/ncnn/src/layer/x86/unaryop_fp32.h:18:51: warning: unused parameter 'opt' [-Wunused-parameter]
   18 | static int unary_op_inplace(Mat& a, const Option& opt)
      |                                     ~~~~~~~~~~~~~~^~~
/home/mingshi/Project/AI/ernie-image-ncnn-vulkan/third_party/ncnn/src/layer/x86/unaryop_fp32.h: In instantiation of 'int ncnn::unary_op_inplace(Mat&, const Option&) [with Op = unaryop_x86_functor::unary_op_acosh]':
/home/mingshi/Project/AI/ernie-image-ncnn-vulkan/third_party/ncnn/src/layer/x86/unaryop_fp32.h:180:48:   required from here
  180 |         return unary_op_inplace<unary_op_acosh>(bottom_top_blob, opt);
      |                ~~~~~~~~~~~~~~~~~~~~~~~~~~~~~~~~^~~~~~~~~~~~~~~~~~~~~~
/home/mingshi/Project/AI/ernie-image-ncnn-vulkan/third_party/ncnn/src/layer/x86/unaryop_fp32.h:18:51: warning: unused parameter 'opt' [-Wunused-parameter]
   18 | static int unary_op_inplace(Mat& a, const Option& opt)
      |                                     ~~~~~~~~~~~~~~^~~
/home/mingshi/Project/AI/ernie-image-ncnn-vulkan/third_party/ncnn/src/layer/x86/unaryop_fp32.h: In instantiation of 'int ncnn::unary_op_inplace(Mat&, const Option&) [with Op = unaryop_x86_functor::unary_op_atanh]':
/home/mingshi/Project/AI/ernie-image-ncnn-vulkan/third_party/ncnn/src/layer/x86/unaryop_fp32.h:183:48:   required from here
  183 |         return unary_op_inplace<unary_op_atanh>(bottom_top_blob, opt);
      |                ~~~~~~~~~~~~~~~~~~~~~~~~~~~~~~~~^~~~~~~~~~~~~~~~~~~~~~
/home/mingshi/Project/AI/ernie-image-ncnn-vulkan/third_party/ncnn/src/layer/x86/unaryop_fp32.h:18:51: warning: unused parameter 'opt' [-Wunused-parameter]
   18 | static int unary_op_inplace(Mat& a, const Option& opt)
      |                                     ~~~~~~~~~~~~~~^~~
/home/mingshi/Project/AI/ernie-image-ncnn-vulkan/third_party/ncnn/src/layer/x86/unaryop_fp32.h: In instantiation of 'int ncnn::unary_op_inplace(Mat&, const Option&) [with Op = unaryop_x86_functor::unary_op_log1p]':
/home/mingshi/Project/AI/ernie-image-ncnn-vulkan/third_party/ncnn/src/layer/x86/unaryop_fp32.h:186:48:   required from here
  186 |         return unary_op_inplace<unary_op_log1p>(bottom_top_blob, opt);
      |                ~~~~~~~~~~~~~~~~~~~~~~~~~~~~~~~~^~~~~~~~~~~~~~~~~~~~~~
/home/mingshi/Project/AI/ernie-image-ncnn-vulkan/third_party/ncnn/src/layer/x86/unaryop_fp32.h:18:51: warning: unused parameter 'opt' [-Wunused-parameter]
   18 | static int unary_op_inplace(Mat& a, const Option& opt)
      |                                     ~~~~~~~~~~~~~~^~~
/home/mingshi/Project/AI/ernie-image-ncnn-vulkan/third_party/ncnn/src/layer/x86/unaryop_bf16s.h: In instantiation of 'int ncnn::unary_op_inplace_bf16s(Mat&, const Option&) [with Op = unaryop_x86_functor::unary_op_abs]':
/home/mingshi/Project/AI/ernie-image-ncnn-vulkan/third_party/ncnn/src/layer/x86/unaryop_x86.cpp:101:52:   required from here
  101 |         return unary_op_inplace_bf16s<unary_op_abs>(bottom_top_blob, opt);
      |                ~~~~~~~~~~~~~~~~~~~~~~~~~~~~~~~~~~~~^~~~~~~~~~~~~~~~~~~~~~
/home/mingshi/Project/AI/ernie-image-ncnn-vulkan/third_party/ncnn/src/layer/x86/unaryop_bf16s.h:5:57: warning: unused parameter 'opt' [-Wunused-parameter]
    5 | static int unary_op_inplace_bf16s(Mat& a, const Option& opt)
      |                                           ~~~~~~~~~~~~~~^~~
/home/mingshi/Project/AI/ernie-image-ncnn-vulkan/third_party/ncnn/src/layer/x86/unaryop_bf16s.h: In instantiation of 'int ncnn::unary_op_inplace_bf16s(Mat&, const Option&) [with Op = unaryop_x86_functor::unary_op_neg]':
/home/mingshi/Project/AI/ernie-image-ncnn-vulkan/third_party/ncnn/src/layer/x86/unaryop_x86.cpp:104:52:   required from here
  104 |         return unary_op_inplace_bf16s<unary_op_neg>(bottom_top_blob, opt);
      |                ~~~~~~~~~~~~~~~~~~~~~~~~~~~~~~~~~~~~^~~~~~~~~~~~~~~~~~~~~~
/home/mingshi/Project/AI/ernie-image-ncnn-vulkan/third_party/ncnn/src/layer/x86/unaryop_bf16s.h:5:57: warning: unused parameter 'opt' [-Wunused-parameter]
    5 | static int unary_op_inplace_bf16s(Mat& a, const Option& opt)
      |                                           ~~~~~~~~~~~~~~^~~
/home/mingshi/Project/AI/ernie-image-ncnn-vulkan/third_party/ncnn/src/layer/x86/unaryop_bf16s.h: In instantiation of 'int ncnn::unary_op_inplace_bf16s(Mat&, const Option&) [with Op = unaryop_x86_functor::unary_op_floor]':
/home/mingshi/Project/AI/ernie-image-ncnn-vulkan/third_party/ncnn/src/layer/x86/unaryop_x86.cpp:107:54:   required from here
  107 |         return unary_op_inplace_bf16s<unary_op_floor>(bottom_top_blob, opt);
      |                ~~~~~~~~~~~~~~~~~~~~~~~~~~~~~~~~~~~~~~^~~~~~~~~~~~~~~~~~~~~~
/home/mingshi/Project/AI/ernie-image-ncnn-vulkan/third_party/ncnn/src/layer/x86/unaryop_bf16s.h:5:57: warning: unused parameter 'opt' [-Wunused-parameter]
    5 | static int unary_op_inplace_bf16s(Mat& a, const Option& opt)
      |                                           ~~~~~~~~~~~~~~^~~
/home/mingshi/Project/AI/ernie-image-ncnn-vulkan/third_party/ncnn/src/layer/x86/unaryop_bf16s.h: In instantiation of 'int ncnn::unary_op_inplace_bf16s(Mat&, const Option&) [with Op = unaryop_x86_functor::unary_op_ceil]':
/home/mingshi/Project/AI/ernie-image-ncnn-vulkan/third_party/ncnn/src/layer/x86/unaryop_x86.cpp:110:53:   required from here
  110 |         return unary_op_inplace_bf16s<unary_op_ceil>(bottom_top_blob, opt);
      |                ~~~~~~~~~~~~~~~~~~~~~~~~~~~~~~~~~~~~~^~~~~~~~~~~~~~~~~~~~~~
/home/mingshi/Project/AI/ernie-image-ncnn-vulkan/third_party/ncnn/src/layer/x86/unaryop_bf16s.h:5:57: warning: unused parameter 'opt' [-Wunused-parameter]
    5 | static int unary_op_inplace_bf16s(Mat& a, const Option& opt)
      |                                           ~~~~~~~~~~~~~~^~~
/home/mingshi/Project/AI/ernie-image-ncnn-vulkan/third_party/ncnn/src/layer/x86/unaryop_bf16s.h: In instantiation of 'int ncnn::unary_op_inplace_bf16s(Mat&, const Option&) [with Op = unaryop_x86_functor::unary_op_square]':
/home/mingshi/Project/AI/ernie-image-ncnn-vulkan/third_party/ncnn/src/layer/x86/unaryop_x86.cpp:113:55:   required from here
  113 |         return unary_op_inplace_bf16s<unary_op_square>(bottom_top_blob, opt);
      |                ~~~~~~~~~~~~~~~~~~~~~~~~~~~~~~~~~~~~~~~^~~~~~~~~~~~~~~~~~~~~~
/home/mingshi/Project/AI/ernie-image-ncnn-vulkan/third_party/ncnn/src/layer/x86/unaryop_bf16s.h:5:57: warning: unused parameter 'opt' [-Wunused-parameter]
    5 | static int unary_op_inplace_bf16s(Mat& a, const Option& opt)
      |                                           ~~~~~~~~~~~~~~^~~
/home/mingshi/Project/AI/ernie-image-ncnn-vulkan/third_party/ncnn/src/layer/x86/unaryop_bf16s.h: In instantiation of 'int ncnn::unary_op_inplace_bf16s(Mat&, const Option&) [with Op = unaryop_x86_functor::unary_op_sqrt]':
/home/mingshi/Project/AI/ernie-image-ncnn-vulkan/third_party/ncnn/src/layer/x86/unaryop_x86.cpp:116:53:   required from here
  116 |         return unary_op_inplace_bf16s<unary_op_sqrt>(bottom_top_blob, opt);
      |                ~~~~~~~~~~~~~~~~~~~~~~~~~~~~~~~~~~~~~^~~~~~~~~~~~~~~~~~~~~~
/home/mingshi/Project/AI/ernie-image-ncnn-vulkan/third_party/ncnn/src/layer/x86/unaryop_bf16s.h:5:57: warning: unused parameter 'opt' [-Wunused-parameter]
    5 | static int unary_op_inplace_bf16s(Mat& a, const Option& opt)
      |                                           ~~~~~~~~~~~~~~^~~
/home/mingshi/Project/AI/ernie-image-ncnn-vulkan/third_party/ncnn/src/layer/x86/unaryop_bf16s.h: In instantiation of 'int ncnn::unary_op_inplace_bf16s(Mat&, const Option&) [with Op = unaryop_x86_functor::unary_op_rsqrt]':
/home/mingshi/Project/AI/ernie-image-ncnn-vulkan/third_party/ncnn/src/layer/x86/unaryop_x86.cpp:119:54:   required from here
  119 |         return unary_op_inplace_bf16s<unary_op_rsqrt>(bottom_top_blob, opt);
      |                ~~~~~~~~~~~~~~~~~~~~~~~~~~~~~~~~~~~~~~^~~~~~~~~~~~~~~~~~~~~~
/home/mingshi/Project/AI/ernie-image-ncnn-vulkan/third_party/ncnn/src/layer/x86/unaryop_bf16s.h:5:57: warning: unused parameter 'opt' [-Wunused-parameter]
    5 | static int unary_op_inplace_bf16s(Mat& a, const Option& opt)
      |                                           ~~~~~~~~~~~~~~^~~
/home/mingshi/Project/AI/ernie-image-ncnn-vulkan/third_party/ncnn/src/layer/x86/unaryop_bf16s.h: In instantiation of 'int ncnn::unary_op_inplace_bf16s(Mat&, const Option&) [with Op = unaryop_x86_functor::unary_op_exp]':
/home/mingshi/Project/AI/ernie-image-ncnn-vulkan/third_party/ncnn/src/layer/x86/unaryop_x86.cpp:122:52:   required from here
  122 |         return unary_op_inplace_bf16s<unary_op_exp>(bottom_top_blob, opt);
      |                ~~~~~~~~~~~~~~~~~~~~~~~~~~~~~~~~~~~~^~~~~~~~~~~~~~~~~~~~~~
/home/mingshi/Project/AI/ernie-image-ncnn-vulkan/third_party/ncnn/src/layer/x86/unaryop_bf16s.h:5:57: warning: unused parameter 'opt' [-Wunused-parameter]
    5 | static int unary_op_inplace_bf16s(Mat& a, const Option& opt)
      |                                           ~~~~~~~~~~~~~~^~~
/home/mingshi/Project/AI/ernie-image-ncnn-vulkan/third_party/ncnn/src/layer/x86/unaryop_bf16s.h: In instantiation of 'int ncnn::unary_op_inplace_bf16s(Mat&, const Option&) [with Op = unaryop_x86_functor::unary_op_log]':
/home/mingshi/Project/AI/ernie-image-ncnn-vulkan/third_party/ncnn/src/layer/x86/unaryop_x86.cpp:125:52:   required from here
  125 |         return unary_op_inplace_bf16s<unary_op_log>(bottom_top_blob, opt);
      |                ~~~~~~~~~~~~~~~~~~~~~~~~~~~~~~~~~~~~^~~~~~~~~~~~~~~~~~~~~~
/home/mingshi/Project/AI/ernie-image-ncnn-vulkan/third_party/ncnn/src/layer/x86/unaryop_bf16s.h:5:57: warning: unused parameter 'opt' [-Wunused-parameter]
    5 | static int unary_op_inplace_bf16s(Mat& a, const Option& opt)
      |                                           ~~~~~~~~~~~~~~^~~
/home/mingshi/Project/AI/ernie-image-ncnn-vulkan/third_party/ncnn/src/layer/x86/unaryop_bf16s.h: In instantiation of 'int ncnn::unary_op_inplace_bf16s(Mat&, const Option&) [with Op = unaryop_x86_functor::unary_op_sin]':
/home/mingshi/Project/AI/ernie-image-ncnn-vulkan/third_party/ncnn/src/layer/x86/unaryop_x86.cpp:128:52:   required from here
  128 |         return unary_op_inplace_bf16s<unary_op_sin>(bottom_top_blob, opt);
      |                ~~~~~~~~~~~~~~~~~~~~~~~~~~~~~~~~~~~~^~~~~~~~~~~~~~~~~~~~~~
/home/mingshi/Project/AI/ernie-image-ncnn-vulkan/third_party/ncnn/src/layer/x86/unaryop_bf16s.h:5:57: warning: unused parameter 'opt' [-Wunused-parameter]
    5 | static int unary_op_inplace_bf16s(Mat& a, const Option& opt)
      |                                           ~~~~~~~~~~~~~~^~~
/home/mingshi/Project/AI/ernie-image-ncnn-vulkan/third_party/ncnn/src/layer/x86/unaryop_bf16s.h: In instantiation of 'int ncnn::unary_op_inplace_bf16s(Mat&, const Option&) [with Op = unaryop_x86_functor::unary_op_cos]':
/home/mingshi/Project/AI/ernie-image-ncnn-vulkan/third_party/ncnn/src/layer/x86/unaryop_x86.cpp:131:52:   required from here
  131 |         return unary_op_inplace_bf16s<unary_op_cos>(bottom_top_blob, opt);
      |                ~~~~~~~~~~~~~~~~~~~~~~~~~~~~~~~~~~~~^~~~~~~~~~~~~~~~~~~~~~
/home/mingshi/Project/AI/ernie-image-ncnn-vulkan/third_party/ncnn/src/layer/x86/unaryop_bf16s.h:5:57: warning: unused parameter 'opt' [-Wunused-parameter]
    5 | static int unary_op_inplace_bf16s(Mat& a, const Option& opt)
      |                                           ~~~~~~~~~~~~~~^~~
/home/mingshi/Project/AI/ernie-image-ncnn-vulkan/third_party/ncnn/src/layer/x86/unaryop_bf16s.h: In instantiation of 'int ncnn::unary_op_inplace_bf16s(Mat&, const Option&) [with Op = unaryop_x86_functor::unary_op_tan]':
/home/mingshi/Project/AI/ernie-image-ncnn-vulkan/third_party/ncnn/src/layer/x86/unaryop_x86.cpp:134:52:   required from here
  134 |         return unary_op_inplace_bf16s<unary_op_tan>(bottom_top_blob, opt);
      |                ~~~~~~~~~~~~~~~~~~~~~~~~~~~~~~~~~~~~^~~~~~~~~~~~~~~~~~~~~~
/home/mingshi/Project/AI/ernie-image-ncnn-vulkan/third_party/ncnn/src/layer/x86/unaryop_bf16s.h:5:57: warning: unused parameter 'opt' [-Wunused-parameter]
    5 | static int unary_op_inplace_bf16s(Mat& a, const Option& opt)
      |                                           ~~~~~~~~~~~~~~^~~
/home/mingshi/Project/AI/ernie-image-ncnn-vulkan/third_party/ncnn/src/layer/x86/unaryop_bf16s.h: In instantiation of 'int ncnn::unary_op_inplace_bf16s(Mat&, const Option&) [with Op = unaryop_x86_functor::unary_op_asin]':
/home/mingshi/Project/AI/ernie-image-ncnn-vulkan/third_party/ncnn/src/layer/x86/unaryop_x86.cpp:137:53:   required from here
  137 |         return unary_op_inplace_bf16s<unary_op_asin>(bottom_top_blob, opt);
      |                ~~~~~~~~~~~~~~~~~~~~~~~~~~~~~~~~~~~~~^~~~~~~~~~~~~~~~~~~~~~
/home/mingshi/Project/AI/ernie-image-ncnn-vulkan/third_party/ncnn/src/layer/x86/unaryop_bf16s.h:5:57: warning: unused parameter 'opt' [-Wunused-parameter]
    5 | static int unary_op_inplace_bf16s(Mat& a, const Option& opt)
      |                                           ~~~~~~~~~~~~~~^~~
/home/mingshi/Project/AI/ernie-image-ncnn-vulkan/third_party/ncnn/src/layer/x86/unaryop_bf16s.h: In instantiation of 'int ncnn::unary_op_inplace_bf16s(Mat&, const Option&) [with Op = unaryop_x86_functor::unary_op_acos]':
/home/mingshi/Project/AI/ernie-image-ncnn-vulkan/third_party/ncnn/src/layer/x86/unaryop_x86.cpp:140:53:   required from here
  140 |         return unary_op_inplace_bf16s<unary_op_acos>(bottom_top_blob, opt);
      |                ~~~~~~~~~~~~~~~~~~~~~~~~~~~~~~~~~~~~~^~~~~~~~~~~~~~~~~~~~~~
/home/mingshi/Project/AI/ernie-image-ncnn-vulkan/third_party/ncnn/src/layer/x86/unaryop_bf16s.h:5:57: warning: unused parameter 'opt' [-Wunused-parameter]
    5 | static int unary_op_inplace_bf16s(Mat& a, const Option& opt)
      |                                           ~~~~~~~~~~~~~~^~~
/home/mingshi/Project/AI/ernie-image-ncnn-vulkan/third_party/ncnn/src/layer/x86/unaryop_bf16s.h: In instantiation of 'int ncnn::unary_op_inplace_bf16s(Mat&, const Option&) [with Op = unaryop_x86_functor::unary_op_atan]':
/home/mingshi/Project/AI/ernie-image-ncnn-vulkan/third_party/ncnn/src/layer/x86/unaryop_x86.cpp:143:53:   required from here
  143 |         return unary_op_inplace_bf16s<unary_op_atan>(bottom_top_blob, opt);
      |                ~~~~~~~~~~~~~~~~~~~~~~~~~~~~~~~~~~~~~^~~~~~~~~~~~~~~~~~~~~~
/home/mingshi/Project/AI/ernie-image-ncnn-vulkan/third_party/ncnn/src/layer/x86/unaryop_bf16s.h:5:57: warning: unused parameter 'opt' [-Wunused-parameter]
    5 | static int unary_op_inplace_bf16s(Mat& a, const Option& opt)
      |                                           ~~~~~~~~~~~~~~^~~
/home/mingshi/Project/AI/ernie-image-ncnn-vulkan/third_party/ncnn/src/layer/x86/unaryop_bf16s.h: In instantiation of 'int ncnn::unary_op_inplace_bf16s(Mat&, const Option&) [with Op = unaryop_x86_functor::unary_op_reciprocal]':
/home/mingshi/Project/AI/ernie-image-ncnn-vulkan/third_party/ncnn/src/layer/x86/unaryop_x86.cpp:146:59:   required from here
  146 |         return unary_op_inplace_bf16s<unary_op_reciprocal>(bottom_top_blob, opt);
      |                ~~~~~~~~~~~~~~~~~~~~~~~~~~~~~~~~~~~~~~~~~~~^~~~~~~~~~~~~~~~~~~~~~
/home/mingshi/Project/AI/ernie-image-ncnn-vulkan/third_party/ncnn/src/layer/x86/unaryop_bf16s.h:5:57: warning: unused parameter 'opt' [-Wunused-parameter]
    5 | static int unary_op_inplace_bf16s(Mat& a, const Option& opt)
      |                                           ~~~~~~~~~~~~~~^~~
/home/mingshi/Project/AI/ernie-image-ncnn-vulkan/third_party/ncnn/src/layer/x86/unaryop_bf16s.h: In instantiation of 'int ncnn::unary_op_inplace_bf16s(Mat&, const Option&) [with Op = unaryop_x86_functor::unary_op_tanh]':
/home/mingshi/Project/AI/ernie-image-ncnn-vulkan/third_party/ncnn/src/layer/x86/unaryop_x86.cpp:149:53:   required from here
  149 |         return unary_op_inplace_bf16s<unary_op_tanh>(bottom_top_blob, opt);
      |                ~~~~~~~~~~~~~~~~~~~~~~~~~~~~~~~~~~~~~^~~~~~~~~~~~~~~~~~~~~~
/home/mingshi/Project/AI/ernie-image-ncnn-vulkan/third_party/ncnn/src/layer/x86/unaryop_bf16s.h:5:57: warning: unused parameter 'opt' [-Wunused-parameter]
    5 | static int unary_op_inplace_bf16s(Mat& a, const Option& opt)
      |                                           ~~~~~~~~~~~~~~^~~
/home/mingshi/Project/AI/ernie-image-ncnn-vulkan/third_party/ncnn/src/layer/x86/unaryop_bf16s.h: In instantiation of 'int ncnn::unary_op_inplace_bf16s(Mat&, const Option&) [with Op = unaryop_x86_functor::unary_op_log10]':
/home/mingshi/Project/AI/ernie-image-ncnn-vulkan/third_party/ncnn/src/layer/x86/unaryop_x86.cpp:152:54:   required from here
  152 |         return unary_op_inplace_bf16s<unary_op_log10>(bottom_top_blob, opt);
      |                ~~~~~~~~~~~~~~~~~~~~~~~~~~~~~~~~~~~~~~^~~~~~~~~~~~~~~~~~~~~~
/home/mingshi/Project/AI/ernie-image-ncnn-vulkan/third_party/ncnn/src/layer/x86/unaryop_bf16s.h:5:57: warning: unused parameter 'opt' [-Wunused-parameter]
    5 | static int unary_op_inplace_bf16s(Mat& a, const Option& opt)
      |                                           ~~~~~~~~~~~~~~^~~
/home/mingshi/Project/AI/ernie-image-ncnn-vulkan/third_party/ncnn/src/layer/x86/unaryop_bf16s.h: In instantiation of 'int ncnn::unary_op_inplace_bf16s(Mat&, const Option&) [with Op = unaryop_x86_functor::unary_op_round]':
/home/mingshi/Project/AI/ernie-image-ncnn-vulkan/third_party/ncnn/src/layer/x86/unaryop_x86.cpp:161:57:   required from here
  161 |         int ret = unary_op_inplace_bf16s<unary_op_round>(bottom_top_blob, opt);
      |                   ~~~~~~~~~~~~~~~~~~~~~~~~~~~~~~~~~~~~~~^~~~~~~~~~~~~~~~~~~~~~
/home/mingshi/Project/AI/ernie-image-ncnn-vulkan/third_party/ncnn/src/layer/x86/unaryop_bf16s.h:5:57: warning: unused parameter 'opt' [-Wunused-parameter]
    5 | static int unary_op_inplace_bf16s(Mat& a, const Option& opt)
      |                                           ~~~~~~~~~~~~~~^~~
/home/mingshi/Project/AI/ernie-image-ncnn-vulkan/third_party/ncnn/src/layer/x86/unaryop_bf16s.h: In instantiation of 'int ncnn::unary_op_inplace_bf16s(Mat&, const Option&) [with Op = unaryop_x86_functor::unary_op_trunc]':
/home/mingshi/Project/AI/ernie-image-ncnn-vulkan/third_party/ncnn/src/layer/x86/unaryop_x86.cpp:169:54:   required from here
  169 |         return unary_op_inplace_bf16s<unary_op_trunc>(bottom_top_blob, opt);
      |                ~~~~~~~~~~~~~~~~~~~~~~~~~~~~~~~~~~~~~~^~~~~~~~~~~~~~~~~~~~~~
/home/mingshi/Project/AI/ernie-image-ncnn-vulkan/third_party/ncnn/src/layer/x86/unaryop_bf16s.h:5:57: warning: unused parameter 'opt' [-Wunused-parameter]
    5 | static int unary_op_inplace_bf16s(Mat& a, const Option& opt)
      |                                           ~~~~~~~~~~~~~~^~~
/home/mingshi/Project/AI/ernie-image-ncnn-vulkan/third_party/ncnn/src/layer/x86/unaryop_bf16s.h: In instantiation of 'int ncnn::unary_op_inplace_bf16s(Mat&, const Option&) [with Op = unaryop_x86_functor::unary_op_sign]':
/home/mingshi/Project/AI/ernie-image-ncnn-vulkan/third_party/ncnn/src/layer/x86/unaryop_x86.cpp:172:53:   required from here
  172 |         return unary_op_inplace_bf16s<unary_op_sign>(bottom_top_blob, opt);
      |                ~~~~~~~~~~~~~~~~~~~~~~~~~~~~~~~~~~~~~^~~~~~~~~~~~~~~~~~~~~~
/home/mingshi/Project/AI/ernie-image-ncnn-vulkan/third_party/ncnn/src/layer/x86/unaryop_bf16s.h:5:57: warning: unused parameter 'opt' [-Wunused-parameter]
    5 | static int unary_op_inplace_bf16s(Mat& a, const Option& opt)
      |                                           ~~~~~~~~~~~~~~^~~
/home/mingshi/Project/AI/ernie-image-ncnn-vulkan/third_party/ncnn/src/layer/x86/unaryop_bf16s.h: In instantiation of 'int ncnn::unary_op_inplace_bf16s(Mat&, const Option&) [with Op = unaryop_x86_functor::unary_op_expm1]':
/home/mingshi/Project/AI/ernie-image-ncnn-vulkan/third_party/ncnn/src/layer/x86/unaryop_x86.cpp:175:54:   required from here
  175 |         return unary_op_inplace_bf16s<unary_op_expm1>(bottom_top_blob, opt);
      |                ~~~~~~~~~~~~~~~~~~~~~~~~~~~~~~~~~~~~~~^~~~~~~~~~~~~~~~~~~~~~
/home/mingshi/Project/AI/ernie-image-ncnn-vulkan/third_party/ncnn/src/layer/x86/unaryop_bf16s.h:5:57: warning: unused parameter 'opt' [-Wunused-parameter]
    5 | static int unary_op_inplace_bf16s(Mat& a, const Option& opt)
      |                                           ~~~~~~~~~~~~~~^~~
/home/mingshi/Project/AI/ernie-image-ncnn-vulkan/third_party/ncnn/src/layer/x86/unaryop_bf16s.h: In instantiation of 'int ncnn::unary_op_inplace_bf16s(Mat&, const Option&) [with Op = unaryop_x86_functor::unary_op_sinh]':
/home/mingshi/Project/AI/ernie-image-ncnn-vulkan/third_party/ncnn/src/layer/x86/unaryop_x86.cpp:178:53:   required from here
  178 |         return unary_op_inplace_bf16s<unary_op_sinh>(bottom_top_blob, opt);
      |                ~~~~~~~~~~~~~~~~~~~~~~~~~~~~~~~~~~~~~^~~~~~~~~~~~~~~~~~~~~~
/home/mingshi/Project/AI/ernie-image-ncnn-vulkan/third_party/ncnn/src/layer/x86/unaryop_bf16s.h:5:57: warning: unused parameter 'opt' [-Wunused-parameter]
    5 | static int unary_op_inplace_bf16s(Mat& a, const Option& opt)
      |                                           ~~~~~~~~~~~~~~^~~
/home/mingshi/Project/AI/ernie-image-ncnn-vulkan/third_party/ncnn/src/layer/x86/unaryop_bf16s.h: In instantiation of 'int ncnn::unary_op_inplace_bf16s(Mat&, const Option&) [with Op = unaryop_x86_functor::unary_op_asinh]':
/home/mingshi/Project/AI/ernie-image-ncnn-vulkan/third_party/ncnn/src/layer/x86/unaryop_x86.cpp:181:54:   required from here
  181 |         return unary_op_inplace_bf16s<unary_op_asinh>(bottom_top_blob, opt);
      |                ~~~~~~~~~~~~~~~~~~~~~~~~~~~~~~~~~~~~~~^~~~~~~~~~~~~~~~~~~~~~
/home/mingshi/Project/AI/ernie-image-ncnn-vulkan/third_party/ncnn/src/layer/x86/unaryop_bf16s.h:5:57: warning: unused parameter 'opt' [-Wunused-parameter]
    5 | static int unary_op_inplace_bf16s(Mat& a, const Option& opt)
      |                                           ~~~~~~~~~~~~~~^~~
/home/mingshi/Project/AI/ernie-image-ncnn-vulkan/third_party/ncnn/src/layer/x86/unaryop_bf16s.h: In instantiation of 'int ncnn::unary_op_inplace_bf16s(Mat&, const Option&) [with Op = unaryop_x86_functor::unary_op_cosh]':
/home/mingshi/Project/AI/ernie-image-ncnn-vulkan/third_party/ncnn/src/layer/x86/unaryop_x86.cpp:184:53:   required from here
  184 |         return unary_op_inplace_bf16s<unary_op_cosh>(bottom_top_blob, opt);
      |                ~~~~~~~~~~~~~~~~~~~~~~~~~~~~~~~~~~~~~^~~~~~~~~~~~~~~~~~~~~~
/home/mingshi/Project/AI/ernie-image-ncnn-vulkan/third_party/ncnn/src/layer/x86/unaryop_bf16s.h:5:57: warning: unused parameter 'opt' [-Wunused-parameter]
    5 | static int unary_op_inplace_bf16s(Mat& a, const Option& opt)
      |                                           ~~~~~~~~~~~~~~^~~
/home/mingshi/Project/AI/ernie-image-ncnn-vulkan/third_party/ncnn/src/layer/x86/unaryop_bf16s.h: In instantiation of 'int ncnn::unary_op_inplace_bf16s(Mat&, const Option&) [with Op = unaryop_x86_functor::unary_op_acosh]':
/home/mingshi/Project/AI/ernie-image-ncnn-vulkan/third_party/ncnn/src/layer/x86/unaryop_x86.cpp:187:54:   required from here
  187 |         return unary_op_inplace_bf16s<unary_op_acosh>(bottom_top_blob, opt);
      |                ~~~~~~~~~~~~~~~~~~~~~~~~~~~~~~~~~~~~~~^~~~~~~~~~~~~~~~~~~~~~
/home/mingshi/Project/AI/ernie-image-ncnn-vulkan/third_party/ncnn/src/layer/x86/unaryop_bf16s.h:5:57: warning: unused parameter 'opt' [-Wunused-parameter]
    5 | static int unary_op_inplace_bf16s(Mat& a, const Option& opt)
      |                                           ~~~~~~~~~~~~~~^~~
/home/mingshi/Project/AI/ernie-image-ncnn-vulkan/third_party/ncnn/src/layer/x86/unaryop_bf16s.h: In instantiation of 'int ncnn::unary_op_inplace_bf16s(Mat&, const Option&) [with Op = unaryop_x86_functor::unary_op_atanh]':
/home/mingshi/Project/AI/ernie-image-ncnn-vulkan/third_party/ncnn/src/layer/x86/unaryop_x86.cpp:190:54:   required from here
  190 |         return unary_op_inplace_bf16s<unary_op_atanh>(bottom_top_blob, opt);
      |                ~~~~~~~~~~~~~~~~~~~~~~~~~~~~~~~~~~~~~~^~~~~~~~~~~~~~~~~~~~~~
/home/mingshi/Project/AI/ernie-image-ncnn-vulkan/third_party/ncnn/src/layer/x86/unaryop_bf16s.h:5:57: warning: unused parameter 'opt' [-Wunused-parameter]
    5 | static int unary_op_inplace_bf16s(Mat& a, const Option& opt)
      |                                           ~~~~~~~~~~~~~~^~~
/home/mingshi/Project/AI/ernie-image-ncnn-vulkan/third_party/ncnn/src/layer/x86/unaryop_bf16s.h: In instantiation of 'int ncnn::unary_op_inplace_bf16s(Mat&, const Option&) [with Op = unaryop_x86_functor::unary_op_log1p]':
/home/mingshi/Project/AI/ernie-image-ncnn-vulkan/third_party/ncnn/src/layer/x86/unaryop_x86.cpp:193:54:   required from here
  193 |         return unary_op_inplace_bf16s<unary_op_log1p>(bottom_top_blob, opt);
      |                ~~~~~~~~~~~~~~~~~~~~~~~~~~~~~~~~~~~~~~^~~~~~~~~~~~~~~~~~~~~~
/home/mingshi/Project/AI/ernie-image-ncnn-vulkan/third_party/ncnn/src/layer/x86/unaryop_bf16s.h:5:57: warning: unused parameter 'opt' [-Wunused-parameter]
    5 | static int unary_op_inplace_bf16s(Mat& a, const Option& opt)
      |                                           ~~~~~~~~~~~~~~^~~
[192/415] Building CXX object ncnn/src/CMakeFiles/ncnn.dir/layer/x86/unaryop_x86_avx512.cpp.obj
In file included from /home/mingshi/Project/AI/ernie-image-ncnn-vulkan/.worktrees/surpass-reference/build-windows-cpu-v1/ncnn/src/layer/x86/unaryop_x86_avx512.cpp:29:
/home/mingshi/Project/AI/ernie-image-ncnn-vulkan/third_party/ncnn/src/layer/x86/unaryop_fp32.h:29: warning: ignoring '#pragma omp parallel' [-Wunknown-pragmas]
   29 |     #pragma omp parallel for num_threads(opt.num_threads)
In file included from /home/mingshi/Project/AI/ernie-image-ncnn-vulkan/.worktrees/surpass-reference/build-windows-cpu-v1/ncnn/src/layer/x86/unaryop_x86_avx512.cpp:32:
/home/mingshi/Project/AI/ernie-image-ncnn-vulkan/third_party/ncnn/src/layer/x86/unaryop_bf16s.h:16: warning: ignoring '#pragma omp parallel' [-Wunknown-pragmas]
   16 |     #pragma omp parallel for num_threads(opt.num_threads)
/home/mingshi/Project/AI/ernie-image-ncnn-vulkan/third_party/ncnn/src/layer/x86/unaryop_fp32.h: In instantiation of 'int ncnn::unary_op_inplace(Mat&, const Option&) [with Op = unaryop_x86_functor::unary_op_abs]':
/home/mingshi/Project/AI/ernie-image-ncnn-vulkan/third_party/ncnn/src/layer/x86/unaryop_fp32.h:94:46:   required from here
   94 |         return unary_op_inplace<unary_op_abs>(bottom_top_blob, opt);
      |                ~~~~~~~~~~~~~~~~~~~~~~~~~~~~~~^~~~~~~~~~~~~~~~~~~~~~
/home/mingshi/Project/AI/ernie-image-ncnn-vulkan/third_party/ncnn/src/layer/x86/unaryop_fp32.h:18:51: warning: unused parameter 'opt' [-Wunused-parameter]
   18 | static int unary_op_inplace(Mat& a, const Option& opt)
      |                                     ~~~~~~~~~~~~~~^~~
/home/mingshi/Project/AI/ernie-image-ncnn-vulkan/third_party/ncnn/src/layer/x86/unaryop_fp32.h: In instantiation of 'int ncnn::unary_op_inplace(Mat&, const Option&) [with Op = unaryop_x86_functor::unary_op_neg]':
/home/mingshi/Project/AI/ernie-image-ncnn-vulkan/third_party/ncnn/src/layer/x86/unaryop_fp32.h:97:46:   required from here
   97 |         return unary_op_inplace<unary_op_neg>(bottom_top_blob, opt);
      |                ~~~~~~~~~~~~~~~~~~~~~~~~~~~~~~^~~~~~~~~~~~~~~~~~~~~~
/home/mingshi/Project/AI/ernie-image-ncnn-vulkan/third_party/ncnn/src/layer/x86/unaryop_fp32.h:18:51: warning: unused parameter 'opt' [-Wunused-parameter]
   18 | static int unary_op_inplace(Mat& a, const Option& opt)
      |                                     ~~~~~~~~~~~~~~^~~
/home/mingshi/Project/AI/ernie-image-ncnn-vulkan/third_party/ncnn/src/layer/x86/unaryop_fp32.h: In instantiation of 'int ncnn::unary_op_inplace(Mat&, const Option&) [with Op = unaryop_x86_functor::unary_op_floor]':
/home/mingshi/Project/AI/ernie-image-ncnn-vulkan/third_party/ncnn/src/layer/x86/unaryop_fp32.h:100:48:   required from here
  100 |         return unary_op_inplace<unary_op_floor>(bottom_top_blob, opt);
      |                ~~~~~~~~~~~~~~~~~~~~~~~~~~~~~~~~^~~~~~~~~~~~~~~~~~~~~~
/home/mingshi/Project/AI/ernie-image-ncnn-vulkan/third_party/ncnn/src/layer/x86/unaryop_fp32.h:18:51: warning: unused parameter 'opt' [-Wunused-parameter]
   18 | static int unary_op_inplace(Mat& a, const Option& opt)
      |                                     ~~~~~~~~~~~~~~^~~
/home/mingshi/Project/AI/ernie-image-ncnn-vulkan/third_party/ncnn/src/layer/x86/unaryop_fp32.h: In instantiation of 'int ncnn::unary_op_inplace(Mat&, const Option&) [with Op = unaryop_x86_functor::unary_op_ceil]':
/home/mingshi/Project/AI/ernie-image-ncnn-vulkan/third_party/ncnn/src/layer/x86/unaryop_fp32.h:103:47:   required from here
  103 |         return unary_op_inplace<unary_op_ceil>(bottom_top_blob, opt);
      |                ~~~~~~~~~~~~~~~~~~~~~~~~~~~~~~~^~~~~~~~~~~~~~~~~~~~~~
/home/mingshi/Project/AI/ernie-image-ncnn-vulkan/third_party/ncnn/src/layer/x86/unaryop_fp32.h:18:51: warning: unused parameter 'opt' [-Wunused-parameter]
   18 | static int unary_op_inplace(Mat& a, const Option& opt)
      |                                     ~~~~~~~~~~~~~~^~~
/home/mingshi/Project/AI/ernie-image-ncnn-vulkan/third_party/ncnn/src/layer/x86/unaryop_fp32.h: In instantiation of 'int ncnn::unary_op_inplace(Mat&, const Option&) [with Op = unaryop_x86_functor::unary_op_square]':
/home/mingshi/Project/AI/ernie-image-ncnn-vulkan/third_party/ncnn/src/layer/x86/unaryop_fp32.h:106:49:   required from here
  106 |         return unary_op_inplace<unary_op_square>(bottom_top_blob, opt);
      |                ~~~~~~~~~~~~~~~~~~~~~~~~~~~~~~~~~^~~~~~~~~~~~~~~~~~~~~~
/home/mingshi/Project/AI/ernie-image-ncnn-vulkan/third_party/ncnn/src/layer/x86/unaryop_fp32.h:18:51: warning: unused parameter 'opt' [-Wunused-parameter]
   18 | static int unary_op_inplace(Mat& a, const Option& opt)
      |                                     ~~~~~~~~~~~~~~^~~
/home/mingshi/Project/AI/ernie-image-ncnn-vulkan/third_party/ncnn/src/layer/x86/unaryop_fp32.h: In instantiation of 'int ncnn::unary_op_inplace(Mat&, const Option&) [with Op = unaryop_x86_functor::unary_op_sqrt]':
/home/mingshi/Project/AI/ernie-image-ncnn-vulkan/third_party/ncnn/src/layer/x86/unaryop_fp32.h:109:47:   required from here
  109 |         return unary_op_inplace<unary_op_sqrt>(bottom_top_blob, opt);
      |                ~~~~~~~~~~~~~~~~~~~~~~~~~~~~~~~^~~~~~~~~~~~~~~~~~~~~~
/home/mingshi/Project/AI/ernie-image-ncnn-vulkan/third_party/ncnn/src/layer/x86/unaryop_fp32.h:18:51: warning: unused parameter 'opt' [-Wunused-parameter]
   18 | static int unary_op_inplace(Mat& a, const Option& opt)
      |                                     ~~~~~~~~~~~~~~^~~
/home/mingshi/Project/AI/ernie-image-ncnn-vulkan/third_party/ncnn/src/layer/x86/unaryop_fp32.h: In instantiation of 'int ncnn::unary_op_inplace(Mat&, const Option&) [with Op = unaryop_x86_functor::unary_op_rsqrt]':
/home/mingshi/Project/AI/ernie-image-ncnn-vulkan/third_party/ncnn/src/layer/x86/unaryop_fp32.h:112:48:   required from here
  112 |         return unary_op_inplace<unary_op_rsqrt>(bottom_top_blob, opt);
      |                ~~~~~~~~~~~~~~~~~~~~~~~~~~~~~~~~^~~~~~~~~~~~~~~~~~~~~~
/home/mingshi/Project/AI/ernie-image-ncnn-vulkan/third_party/ncnn/src/layer/x86/unaryop_fp32.h:18:51: warning: unused parameter 'opt' [-Wunused-parameter]
   18 | static int unary_op_inplace(Mat& a, const Option& opt)
      |                                     ~~~~~~~~~~~~~~^~~
/home/mingshi/Project/AI/ernie-image-ncnn-vulkan/third_party/ncnn/src/layer/x86/unaryop_fp32.h: In instantiation of 'int ncnn::unary_op_inplace(Mat&, const Option&) [with Op = unaryop_x86_functor::unary_op_exp]':
/home/mingshi/Project/AI/ernie-image-ncnn-vulkan/third_party/ncnn/src/layer/x86/unaryop_fp32.h:115:46:   required from here
  115 |         return unary_op_inplace<unary_op_exp>(bottom_top_blob, opt);
      |                ~~~~~~~~~~~~~~~~~~~~~~~~~~~~~~^~~~~~~~~~~~~~~~~~~~~~
/home/mingshi/Project/AI/ernie-image-ncnn-vulkan/third_party/ncnn/src/layer/x86/unaryop_fp32.h:18:51: warning: unused parameter 'opt' [-Wunused-parameter]
   18 | static int unary_op_inplace(Mat& a, const Option& opt)
      |                                     ~~~~~~~~~~~~~~^~~
/home/mingshi/Project/AI/ernie-image-ncnn-vulkan/third_party/ncnn/src/layer/x86/unaryop_fp32.h: In instantiation of 'int ncnn::unary_op_inplace(Mat&, const Option&) [with Op = unaryop_x86_functor::unary_op_log]':
/home/mingshi/Project/AI/ernie-image-ncnn-vulkan/third_party/ncnn/src/layer/x86/unaryop_fp32.h:118:46:   required from here
  118 |         return unary_op_inplace<unary_op_log>(bottom_top_blob, opt);
      |                ~~~~~~~~~~~~~~~~~~~~~~~~~~~~~~^~~~~~~~~~~~~~~~~~~~~~
/home/mingshi/Project/AI/ernie-image-ncnn-vulkan/third_party/ncnn/src/layer/x86/unaryop_fp32.h:18:51: warning: unused parameter 'opt' [-Wunused-parameter]
   18 | static int unary_op_inplace(Mat& a, const Option& opt)
      |                                     ~~~~~~~~~~~~~~^~~
/home/mingshi/Project/AI/ernie-image-ncnn-vulkan/third_party/ncnn/src/layer/x86/unaryop_fp32.h: In instantiation of 'int ncnn::unary_op_inplace(Mat&, const Option&) [with Op = unaryop_x86_functor::unary_op_sin]':
/home/mingshi/Project/AI/ernie-image-ncnn-vulkan/third_party/ncnn/src/layer/x86/unaryop_fp32.h:121:46:   required from here
  121 |         return unary_op_inplace<unary_op_sin>(bottom_top_blob, opt);
      |                ~~~~~~~~~~~~~~~~~~~~~~~~~~~~~~^~~~~~~~~~~~~~~~~~~~~~
/home/mingshi/Project/AI/ernie-image-ncnn-vulkan/third_party/ncnn/src/layer/x86/unaryop_fp32.h:18:51: warning: unused parameter 'opt' [-Wunused-parameter]
   18 | static int unary_op_inplace(Mat& a, const Option& opt)
      |                                     ~~~~~~~~~~~~~~^~~
/home/mingshi/Project/AI/ernie-image-ncnn-vulkan/third_party/ncnn/src/layer/x86/unaryop_fp32.h: In instantiation of 'int ncnn::unary_op_inplace(Mat&, const Option&) [with Op = unaryop_x86_functor::unary_op_cos]':
/home/mingshi/Project/AI/ernie-image-ncnn-vulkan/third_party/ncnn/src/layer/x86/unaryop_fp32.h:124:46:   required from here
  124 |         return unary_op_inplace<unary_op_cos>(bottom_top_blob, opt);
      |                ~~~~~~~~~~~~~~~~~~~~~~~~~~~~~~^~~~~~~~~~~~~~~~~~~~~~
/home/mingshi/Project/AI/ernie-image-ncnn-vulkan/third_party/ncnn/src/layer/x86/unaryop_fp32.h:18:51: warning: unused parameter 'opt' [-Wunused-parameter]
   18 | static int unary_op_inplace(Mat& a, const Option& opt)
      |                                     ~~~~~~~~~~~~~~^~~
/home/mingshi/Project/AI/ernie-image-ncnn-vulkan/third_party/ncnn/src/layer/x86/unaryop_fp32.h: In instantiation of 'int ncnn::unary_op_inplace(Mat&, const Option&) [with Op = unaryop_x86_functor::unary_op_tan]':
/home/mingshi/Project/AI/ernie-image-ncnn-vulkan/third_party/ncnn/src/layer/x86/unaryop_fp32.h:127:46:   required from here
  127 |         return unary_op_inplace<unary_op_tan>(bottom_top_blob, opt);
      |                ~~~~~~~~~~~~~~~~~~~~~~~~~~~~~~^~~~~~~~~~~~~~~~~~~~~~
/home/mingshi/Project/AI/ernie-image-ncnn-vulkan/third_party/ncnn/src/layer/x86/unaryop_fp32.h:18:51: warning: unused parameter 'opt' [-Wunused-parameter]
   18 | static int unary_op_inplace(Mat& a, const Option& opt)
      |                                     ~~~~~~~~~~~~~~^~~
/home/mingshi/Project/AI/ernie-image-ncnn-vulkan/third_party/ncnn/src/layer/x86/unaryop_fp32.h: In instantiation of 'int ncnn::unary_op_inplace(Mat&, const Option&) [with Op = unaryop_x86_functor::unary_op_asin]':
/home/mingshi/Project/AI/ernie-image-ncnn-vulkan/third_party/ncnn/src/layer/x86/unaryop_fp32.h:130:47:   required from here
  130 |         return unary_op_inplace<unary_op_asin>(bottom_top_blob, opt);
      |                ~~~~~~~~~~~~~~~~~~~~~~~~~~~~~~~^~~~~~~~~~~~~~~~~~~~~~
/home/mingshi/Project/AI/ernie-image-ncnn-vulkan/third_party/ncnn/src/layer/x86/unaryop_fp32.h:18:51: warning: unused parameter 'opt' [-Wunused-parameter]
   18 | static int unary_op_inplace(Mat& a, const Option& opt)
      |                                     ~~~~~~~~~~~~~~^~~
/home/mingshi/Project/AI/ernie-image-ncnn-vulkan/third_party/ncnn/src/layer/x86/unaryop_fp32.h: In instantiation of 'int ncnn::unary_op_inplace(Mat&, const Option&) [with Op = unaryop_x86_functor::unary_op_acos]':
/home/mingshi/Project/AI/ernie-image-ncnn-vulkan/third_party/ncnn/src/layer/x86/unaryop_fp32.h:133:47:   required from here
  133 |         return unary_op_inplace<unary_op_acos>(bottom_top_blob, opt);
      |                ~~~~~~~~~~~~~~~~~~~~~~~~~~~~~~~^~~~~~~~~~~~~~~~~~~~~~
/home/mingshi/Project/AI/ernie-image-ncnn-vulkan/third_party/ncnn/src/layer/x86/unaryop_fp32.h:18:51: warning: unused parameter 'opt' [-Wunused-parameter]
   18 | static int unary_op_inplace(Mat& a, const Option& opt)
      |                                     ~~~~~~~~~~~~~~^~~
/home/mingshi/Project/AI/ernie-image-ncnn-vulkan/third_party/ncnn/src/layer/x86/unaryop_fp32.h: In instantiation of 'int ncnn::unary_op_inplace(Mat&, const Option&) [with Op = unaryop_x86_functor::unary_op_atan]':
/home/mingshi/Project/AI/ernie-image-ncnn-vulkan/third_party/ncnn/src/layer/x86/unaryop_fp32.h:136:47:   required from here
  136 |         return unary_op_inplace<unary_op_atan>(bottom_top_blob, opt);
      |                ~~~~~~~~~~~~~~~~~~~~~~~~~~~~~~~^~~~~~~~~~~~~~~~~~~~~~
/home/mingshi/Project/AI/ernie-image-ncnn-vulkan/third_party/ncnn/src/layer/x86/unaryop_fp32.h:18:51: warning: unused parameter 'opt' [-Wunused-parameter]
   18 | static int unary_op_inplace(Mat& a, const Option& opt)
      |                                     ~~~~~~~~~~~~~~^~~
/home/mingshi/Project/AI/ernie-image-ncnn-vulkan/third_party/ncnn/src/layer/x86/unaryop_fp32.h: In instantiation of 'int ncnn::unary_op_inplace(Mat&, const Option&) [with Op = unaryop_x86_functor::unary_op_reciprocal]':
/home/mingshi/Project/AI/ernie-image-ncnn-vulkan/third_party/ncnn/src/layer/x86/unaryop_fp32.h:139:53:   required from here
  139 |         return unary_op_inplace<unary_op_reciprocal>(bottom_top_blob, opt);
      |                ~~~~~~~~~~~~~~~~~~~~~~~~~~~~~~~~~~~~~^~~~~~~~~~~~~~~~~~~~~~
/home/mingshi/Project/AI/ernie-image-ncnn-vulkan/third_party/ncnn/src/layer/x86/unaryop_fp32.h:18:51: warning: unused parameter 'opt' [-Wunused-parameter]
   18 | static int unary_op_inplace(Mat& a, const Option& opt)
      |                                     ~~~~~~~~~~~~~~^~~
/home/mingshi/Project/AI/ernie-image-ncnn-vulkan/third_party/ncnn/src/layer/x86/unaryop_fp32.h: In instantiation of 'int ncnn::unary_op_inplace(Mat&, const Option&) [with Op = unaryop_x86_functor::unary_op_tanh]':
/home/mingshi/Project/AI/ernie-image-ncnn-vulkan/third_party/ncnn/src/layer/x86/unaryop_fp32.h:142:47:   required from here
  142 |         return unary_op_inplace<unary_op_tanh>(bottom_top_blob, opt);
      |                ~~~~~~~~~~~~~~~~~~~~~~~~~~~~~~~^~~~~~~~~~~~~~~~~~~~~~
/home/mingshi/Project/AI/ernie-image-ncnn-vulkan/third_party/ncnn/src/layer/x86/unaryop_fp32.h:18:51: warning: unused parameter 'opt' [-Wunused-parameter]
   18 | static int unary_op_inplace(Mat& a, const Option& opt)
      |                                     ~~~~~~~~~~~~~~^~~
/home/mingshi/Project/AI/ernie-image-ncnn-vulkan/third_party/ncnn/src/layer/x86/unaryop_fp32.h: In instantiation of 'int ncnn::unary_op_inplace(Mat&, const Option&) [with Op = unaryop_x86_functor::unary_op_log10]':
/home/mingshi/Project/AI/ernie-image-ncnn-vulkan/third_party/ncnn/src/layer/x86/unaryop_fp32.h:145:48:   required from here
  145 |         return unary_op_inplace<unary_op_log10>(bottom_top_blob, opt);
      |                ~~~~~~~~~~~~~~~~~~~~~~~~~~~~~~~~^~~~~~~~~~~~~~~~~~~~~~
/home/mingshi/Project/AI/ernie-image-ncnn-vulkan/third_party/ncnn/src/layer/x86/unaryop_fp32.h:18:51: warning: unused parameter 'opt' [-Wunused-parameter]
   18 | static int unary_op_inplace(Mat& a, const Option& opt)
      |                                     ~~~~~~~~~~~~~~^~~
/home/mingshi/Project/AI/ernie-image-ncnn-vulkan/third_party/ncnn/src/layer/x86/unaryop_fp32.h: In instantiation of 'int ncnn::unary_op_inplace(Mat&, const Option&) [with Op = unaryop_x86_functor::unary_op_round]':
/home/mingshi/Project/AI/ernie-image-ncnn-vulkan/third_party/ncnn/src/layer/x86/unaryop_fp32.h:154:51:   required from here
  154 |         int ret = unary_op_inplace<unary_op_round>(bottom_top_blob, opt);
      |                   ~~~~~~~~~~~~~~~~~~~~~~~~~~~~~~~~^~~~~~~~~~~~~~~~~~~~~~
/home/mingshi/Project/AI/ernie-image-ncnn-vulkan/third_party/ncnn/src/layer/x86/unaryop_fp32.h:18:51: warning: unused parameter 'opt' [-Wunused-parameter]
   18 | static int unary_op_inplace(Mat& a, const Option& opt)
      |                                     ~~~~~~~~~~~~~~^~~
/home/mingshi/Project/AI/ernie-image-ncnn-vulkan/third_party/ncnn/src/layer/x86/unaryop_fp32.h: In instantiation of 'int ncnn::unary_op_inplace(Mat&, const Option&) [with Op = unaryop_x86_functor::unary_op_trunc]':
/home/mingshi/Project/AI/ernie-image-ncnn-vulkan/third_party/ncnn/src/layer/x86/unaryop_fp32.h:162:48:   required from here
  162 |         return unary_op_inplace<unary_op_trunc>(bottom_top_blob, opt);
      |                ~~~~~~~~~~~~~~~~~~~~~~~~~~~~~~~~^~~~~~~~~~~~~~~~~~~~~~
/home/mingshi/Project/AI/ernie-image-ncnn-vulkan/third_party/ncnn/src/layer/x86/unaryop_fp32.h:18:51: warning: unused parameter 'opt' [-Wunused-parameter]
   18 | static int unary_op_inplace(Mat& a, const Option& opt)
      |                                     ~~~~~~~~~~~~~~^~~
/home/mingshi/Project/AI/ernie-image-ncnn-vulkan/third_party/ncnn/src/layer/x86/unaryop_fp32.h: In instantiation of 'int ncnn::unary_op_inplace(Mat&, const Option&) [with Op = unaryop_x86_functor::unary_op_sign]':
/home/mingshi/Project/AI/ernie-image-ncnn-vulkan/third_party/ncnn/src/layer/x86/unaryop_fp32.h:165:47:   required from here
  165 |         return unary_op_inplace<unary_op_sign>(bottom_top_blob, opt);
      |                ~~~~~~~~~~~~~~~~~~~~~~~~~~~~~~~^~~~~~~~~~~~~~~~~~~~~~
/home/mingshi/Project/AI/ernie-image-ncnn-vulkan/third_party/ncnn/src/layer/x86/unaryop_fp32.h:18:51: warning: unused parameter 'opt' [-Wunused-parameter]
   18 | static int unary_op_inplace(Mat& a, const Option& opt)
      |                                     ~~~~~~~~~~~~~~^~~
/home/mingshi/Project/AI/ernie-image-ncnn-vulkan/third_party/ncnn/src/layer/x86/unaryop_fp32.h: In instantiation of 'int ncnn::unary_op_inplace(Mat&, const Option&) [with Op = unaryop_x86_functor::unary_op_expm1]':
/home/mingshi/Project/AI/ernie-image-ncnn-vulkan/third_party/ncnn/src/layer/x86/unaryop_fp32.h:168:48:   required from here
  168 |         return unary_op_inplace<unary_op_expm1>(bottom_top_blob, opt);
      |                ~~~~~~~~~~~~~~~~~~~~~~~~~~~~~~~~^~~~~~~~~~~~~~~~~~~~~~
/home/mingshi/Project/AI/ernie-image-ncnn-vulkan/third_party/ncnn/src/layer/x86/unaryop_fp32.h:18:51: warning: unused parameter 'opt' [-Wunused-parameter]
   18 | static int unary_op_inplace(Mat& a, const Option& opt)
      |                                     ~~~~~~~~~~~~~~^~~
/home/mingshi/Project/AI/ernie-image-ncnn-vulkan/third_party/ncnn/src/layer/x86/unaryop_fp32.h: In instantiation of 'int ncnn::unary_op_inplace(Mat&, const Option&) [with Op = unaryop_x86_functor::unary_op_sinh]':
/home/mingshi/Project/AI/ernie-image-ncnn-vulkan/third_party/ncnn/src/layer/x86/unaryop_fp32.h:171:47:   required from here
  171 |         return unary_op_inplace<unary_op_sinh>(bottom_top_blob, opt);
      |                ~~~~~~~~~~~~~~~~~~~~~~~~~~~~~~~^~~~~~~~~~~~~~~~~~~~~~
/home/mingshi/Project/AI/ernie-image-ncnn-vulkan/third_party/ncnn/src/layer/x86/unaryop_fp32.h:18:51: warning: unused parameter 'opt' [-Wunused-parameter]
   18 | static int unary_op_inplace(Mat& a, const Option& opt)
      |                                     ~~~~~~~~~~~~~~^~~
/home/mingshi/Project/AI/ernie-image-ncnn-vulkan/third_party/ncnn/src/layer/x86/unaryop_fp32.h: In instantiation of 'int ncnn::unary_op_inplace(Mat&, const Option&) [with Op = unaryop_x86_functor::unary_op_asinh]':
/home/mingshi/Project/AI/ernie-image-ncnn-vulkan/third_party/ncnn/src/layer/x86/unaryop_fp32.h:174:48:   required from here
  174 |         return unary_op_inplace<unary_op_asinh>(bottom_top_blob, opt);
      |                ~~~~~~~~~~~~~~~~~~~~~~~~~~~~~~~~^~~~~~~~~~~~~~~~~~~~~~
/home/mingshi/Project/AI/ernie-image-ncnn-vulkan/third_party/ncnn/src/layer/x86/unaryop_fp32.h:18:51: warning: unused parameter 'opt' [-Wunused-parameter]
   18 | static int unary_op_inplace(Mat& a, const Option& opt)
      |                                     ~~~~~~~~~~~~~~^~~
/home/mingshi/Project/AI/ernie-image-ncnn-vulkan/third_party/ncnn/src/layer/x86/unaryop_fp32.h: In instantiation of 'int ncnn::unary_op_inplace(Mat&, const Option&) [with Op = unaryop_x86_functor::unary_op_cosh]':
/home/mingshi/Project/AI/ernie-image-ncnn-vulkan/third_party/ncnn/src/layer/x86/unaryop_fp32.h:177:47:   required from here
  177 |         return unary_op_inplace<unary_op_cosh>(bottom_top_blob, opt);
      |                ~~~~~~~~~~~~~~~~~~~~~~~~~~~~~~~^~~~~~~~~~~~~~~~~~~~~~
/home/mingshi/Project/AI/ernie-image-ncnn-vulkan/third_party/ncnn/src/layer/x86/unaryop_fp32.h:18:51: warning: unused parameter 'opt' [-Wunused-parameter]
   18 | static int unary_op_inplace(Mat& a, const Option& opt)
      |                                     ~~~~~~~~~~~~~~^~~
/home/mingshi/Project/AI/ernie-image-ncnn-vulkan/third_party/ncnn/src/layer/x86/unaryop_fp32.h: In instantiation of 'int ncnn::unary_op_inplace(Mat&, const Option&) [with Op = unaryop_x86_functor::unary_op_acosh]':
/home/mingshi/Project/AI/ernie-image-ncnn-vulkan/third_party/ncnn/src/layer/x86/unaryop_fp32.h:180:48:   required from here
  180 |         return unary_op_inplace<unary_op_acosh>(bottom_top_blob, opt);
      |                ~~~~~~~~~~~~~~~~~~~~~~~~~~~~~~~~^~~~~~~~~~~~~~~~~~~~~~
/home/mingshi/Project/AI/ernie-image-ncnn-vulkan/third_party/ncnn/src/layer/x86/unaryop_fp32.h:18:51: warning: unused parameter 'opt' [-Wunused-parameter]
   18 | static int unary_op_inplace(Mat& a, const Option& opt)
      |                                     ~~~~~~~~~~~~~~^~~
/home/mingshi/Project/AI/ernie-image-ncnn-vulkan/third_party/ncnn/src/layer/x86/unaryop_fp32.h: In instantiation of 'int ncnn::unary_op_inplace(Mat&, const Option&) [with Op = unaryop_x86_functor::unary_op_atanh]':
/home/mingshi/Project/AI/ernie-image-ncnn-vulkan/third_party/ncnn/src/layer/x86/unaryop_fp32.h:183:48:   required from here
  183 |         return unary_op_inplace<unary_op_atanh>(bottom_top_blob, opt);
      |                ~~~~~~~~~~~~~~~~~~~~~~~~~~~~~~~~^~~~~~~~~~~~~~~~~~~~~~
/home/mingshi/Project/AI/ernie-image-ncnn-vulkan/third_party/ncnn/src/layer/x86/unaryop_fp32.h:18:51: warning: unused parameter 'opt' [-Wunused-parameter]
   18 | static int unary_op_inplace(Mat& a, const Option& opt)
      |                                     ~~~~~~~~~~~~~~^~~
/home/mingshi/Project/AI/ernie-image-ncnn-vulkan/third_party/ncnn/src/layer/x86/unaryop_fp32.h: In instantiation of 'int ncnn::unary_op_inplace(Mat&, const Option&) [with Op = unaryop_x86_functor::unary_op_log1p]':
/home/mingshi/Project/AI/ernie-image-ncnn-vulkan/third_party/ncnn/src/layer/x86/unaryop_fp32.h:186:48:   required from here
  186 |         return unary_op_inplace<unary_op_log1p>(bottom_top_blob, opt);
      |                ~~~~~~~~~~~~~~~~~~~~~~~~~~~~~~~~^~~~~~~~~~~~~~~~~~~~~~
/home/mingshi/Project/AI/ernie-image-ncnn-vulkan/third_party/ncnn/src/layer/x86/unaryop_fp32.h:18:51: warning: unused parameter 'opt' [-Wunused-parameter]
   18 | static int unary_op_inplace(Mat& a, const Option& opt)
      |                                     ~~~~~~~~~~~~~~^~~
/home/mingshi/Project/AI/ernie-image-ncnn-vulkan/third_party/ncnn/src/layer/x86/unaryop_bf16s.h: In instantiation of 'int ncnn::unary_op_inplace_bf16s(Mat&, const Option&) [with Op = unaryop_x86_functor::unary_op_abs]':
/home/mingshi/Project/AI/ernie-image-ncnn-vulkan/.worktrees/surpass-reference/build-windows-cpu-v1/ncnn/src/layer/x86/unaryop_x86_avx512.cpp:101:52:   required from here
  101 |         return unary_op_inplace_bf16s<unary_op_abs>(bottom_top_blob, opt);
      |                ~~~~~~~~~~~~~~~~~~~~~~~~~~~~~~~~~~~~^~~~~~~~~~~~~~~~~~~~~~
/home/mingshi/Project/AI/ernie-image-ncnn-vulkan/third_party/ncnn/src/layer/x86/unaryop_bf16s.h:5:57: warning: unused parameter 'opt' [-Wunused-parameter]
    5 | static int unary_op_inplace_bf16s(Mat& a, const Option& opt)
      |                                           ~~~~~~~~~~~~~~^~~
/home/mingshi/Project/AI/ernie-image-ncnn-vulkan/third_party/ncnn/src/layer/x86/unaryop_bf16s.h: In instantiation of 'int ncnn::unary_op_inplace_bf16s(Mat&, const Option&) [with Op = unaryop_x86_functor::unary_op_neg]':
/home/mingshi/Project/AI/ernie-image-ncnn-vulkan/.worktrees/surpass-reference/build-windows-cpu-v1/ncnn/src/layer/x86/unaryop_x86_avx512.cpp:104:52:   required from here
  104 |         return unary_op_inplace_bf16s<unary_op_neg>(bottom_top_blob, opt);
      |                ~~~~~~~~~~~~~~~~~~~~~~~~~~~~~~~~~~~~^~~~~~~~~~~~~~~~~~~~~~
/home/mingshi/Project/AI/ernie-image-ncnn-vulkan/third_party/ncnn/src/layer/x86/unaryop_bf16s.h:5:57: warning: unused parameter 'opt' [-Wunused-parameter]
    5 | static int unary_op_inplace_bf16s(Mat& a, const Option& opt)
      |                                           ~~~~~~~~~~~~~~^~~
/home/mingshi/Project/AI/ernie-image-ncnn-vulkan/third_party/ncnn/src/layer/x86/unaryop_bf16s.h: In instantiation of 'int ncnn::unary_op_inplace_bf16s(Mat&, const Option&) [with Op = unaryop_x86_functor::unary_op_floor]':
/home/mingshi/Project/AI/ernie-image-ncnn-vulkan/.worktrees/surpass-reference/build-windows-cpu-v1/ncnn/src/layer/x86/unaryop_x86_avx512.cpp:107:54:   required from here
  107 |         return unary_op_inplace_bf16s<unary_op_floor>(bottom_top_blob, opt);
      |                ~~~~~~~~~~~~~~~~~~~~~~~~~~~~~~~~~~~~~~^~~~~~~~~~~~~~~~~~~~~~
/home/mingshi/Project/AI/ernie-image-ncnn-vulkan/third_party/ncnn/src/layer/x86/unaryop_bf16s.h:5:57: warning: unused parameter 'opt' [-Wunused-parameter]
    5 | static int unary_op_inplace_bf16s(Mat& a, const Option& opt)
      |                                           ~~~~~~~~~~~~~~^~~
/home/mingshi/Project/AI/ernie-image-ncnn-vulkan/third_party/ncnn/src/layer/x86/unaryop_bf16s.h: In instantiation of 'int ncnn::unary_op_inplace_bf16s(Mat&, const Option&) [with Op = unaryop_x86_functor::unary_op_ceil]':
/home/mingshi/Project/AI/ernie-image-ncnn-vulkan/.worktrees/surpass-reference/build-windows-cpu-v1/ncnn/src/layer/x86/unaryop_x86_avx512.cpp:110:53:   required from here
  110 |         return unary_op_inplace_bf16s<unary_op_ceil>(bottom_top_blob, opt);
      |                ~~~~~~~~~~~~~~~~~~~~~~~~~~~~~~~~~~~~~^~~~~~~~~~~~~~~~~~~~~~
/home/mingshi/Project/AI/ernie-image-ncnn-vulkan/third_party/ncnn/src/layer/x86/unaryop_bf16s.h:5:57: warning: unused parameter 'opt' [-Wunused-parameter]
    5 | static int unary_op_inplace_bf16s(Mat& a, const Option& opt)
      |                                           ~~~~~~~~~~~~~~^~~
/home/mingshi/Project/AI/ernie-image-ncnn-vulkan/third_party/ncnn/src/layer/x86/unaryop_bf16s.h: In instantiation of 'int ncnn::unary_op_inplace_bf16s(Mat&, const Option&) [with Op = unaryop_x86_functor::unary_op_square]':
/home/mingshi/Project/AI/ernie-image-ncnn-vulkan/.worktrees/surpass-reference/build-windows-cpu-v1/ncnn/src/layer/x86/unaryop_x86_avx512.cpp:113:55:   required from here
  113 |         return unary_op_inplace_bf16s<unary_op_square>(bottom_top_blob, opt);
      |                ~~~~~~~~~~~~~~~~~~~~~~~~~~~~~~~~~~~~~~~^~~~~~~~~~~~~~~~~~~~~~
/home/mingshi/Project/AI/ernie-image-ncnn-vulkan/third_party/ncnn/src/layer/x86/unaryop_bf16s.h:5:57: warning: unused parameter 'opt' [-Wunused-parameter]
    5 | static int unary_op_inplace_bf16s(Mat& a, const Option& opt)
      |                                           ~~~~~~~~~~~~~~^~~
/home/mingshi/Project/AI/ernie-image-ncnn-vulkan/third_party/ncnn/src/layer/x86/unaryop_bf16s.h: In instantiation of 'int ncnn::unary_op_inplace_bf16s(Mat&, const Option&) [with Op = unaryop_x86_functor::unary_op_sqrt]':
/home/mingshi/Project/AI/ernie-image-ncnn-vulkan/.worktrees/surpass-reference/build-windows-cpu-v1/ncnn/src/layer/x86/unaryop_x86_avx512.cpp:116:53:   required from here
  116 |         return unary_op_inplace_bf16s<unary_op_sqrt>(bottom_top_blob, opt);
      |                ~~~~~~~~~~~~~~~~~~~~~~~~~~~~~~~~~~~~~^~~~~~~~~~~~~~~~~~~~~~
/home/mingshi/Project/AI/ernie-image-ncnn-vulkan/third_party/ncnn/src/layer/x86/unaryop_bf16s.h:5:57: warning: unused parameter 'opt' [-Wunused-parameter]
    5 | static int unary_op_inplace_bf16s(Mat& a, const Option& opt)
      |                                           ~~~~~~~~~~~~~~^~~
/home/mingshi/Project/AI/ernie-image-ncnn-vulkan/third_party/ncnn/src/layer/x86/unaryop_bf16s.h: In instantiation of 'int ncnn::unary_op_inplace_bf16s(Mat&, const Option&) [with Op = unaryop_x86_functor::unary_op_rsqrt]':
/home/mingshi/Project/AI/ernie-image-ncnn-vulkan/.worktrees/surpass-reference/build-windows-cpu-v1/ncnn/src/layer/x86/unaryop_x86_avx512.cpp:119:54:   required from here
  119 |         return unary_op_inplace_bf16s<unary_op_rsqrt>(bottom_top_blob, opt);
      |                ~~~~~~~~~~~~~~~~~~~~~~~~~~~~~~~~~~~~~~^~~~~~~~~~~~~~~~~~~~~~
/home/mingshi/Project/AI/ernie-image-ncnn-vulkan/third_party/ncnn/src/layer/x86/unaryop_bf16s.h:5:57: warning: unused parameter 'opt' [-Wunused-parameter]
    5 | static int unary_op_inplace_bf16s(Mat& a, const Option& opt)
      |                                           ~~~~~~~~~~~~~~^~~
/home/mingshi/Project/AI/ernie-image-ncnn-vulkan/third_party/ncnn/src/layer/x86/unaryop_bf16s.h: In instantiation of 'int ncnn::unary_op_inplace_bf16s(Mat&, const Option&) [with Op = unaryop_x86_functor::unary_op_exp]':
/home/mingshi/Project/AI/ernie-image-ncnn-vulkan/.worktrees/surpass-reference/build-windows-cpu-v1/ncnn/src/layer/x86/unaryop_x86_avx512.cpp:122:52:   required from here
  122 |         return unary_op_inplace_bf16s<unary_op_exp>(bottom_top_blob, opt);
      |                ~~~~~~~~~~~~~~~~~~~~~~~~~~~~~~~~~~~~^~~~~~~~~~~~~~~~~~~~~~
/home/mingshi/Project/AI/ernie-image-ncnn-vulkan/third_party/ncnn/src/layer/x86/unaryop_bf16s.h:5:57: warning: unused parameter 'opt' [-Wunused-parameter]
    5 | static int unary_op_inplace_bf16s(Mat& a, const Option& opt)
      |                                           ~~~~~~~~~~~~~~^~~
/home/mingshi/Project/AI/ernie-image-ncnn-vulkan/third_party/ncnn/src/layer/x86/unaryop_bf16s.h: In instantiation of 'int ncnn::unary_op_inplace_bf16s(Mat&, const Option&) [with Op = unaryop_x86_functor::unary_op_log]':
/home/mingshi/Project/AI/ernie-image-ncnn-vulkan/.worktrees/surpass-reference/build-windows-cpu-v1/ncnn/src/layer/x86/unaryop_x86_avx512.cpp:125:52:   required from here
  125 |         return unary_op_inplace_bf16s<unary_op_log>(bottom_top_blob, opt);
      |                ~~~~~~~~~~~~~~~~~~~~~~~~~~~~~~~~~~~~^~~~~~~~~~~~~~~~~~~~~~
/home/mingshi/Project/AI/ernie-image-ncnn-vulkan/third_party/ncnn/src/layer/x86/unaryop_bf16s.h:5:57: warning: unused parameter 'opt' [-Wunused-parameter]
    5 | static int unary_op_inplace_bf16s(Mat& a, const Option& opt)
      |                                           ~~~~~~~~~~~~~~^~~
/home/mingshi/Project/AI/ernie-image-ncnn-vulkan/third_party/ncnn/src/layer/x86/unaryop_bf16s.h: In instantiation of 'int ncnn::unary_op_inplace_bf16s(Mat&, const Option&) [with Op = unaryop_x86_functor::unary_op_sin]':
/home/mingshi/Project/AI/ernie-image-ncnn-vulkan/.worktrees/surpass-reference/build-windows-cpu-v1/ncnn/src/layer/x86/unaryop_x86_avx512.cpp:128:52:   required from here
  128 |         return unary_op_inplace_bf16s<unary_op_sin>(bottom_top_blob, opt);
      |                ~~~~~~~~~~~~~~~~~~~~~~~~~~~~~~~~~~~~^~~~~~~~~~~~~~~~~~~~~~
/home/mingshi/Project/AI/ernie-image-ncnn-vulkan/third_party/ncnn/src/layer/x86/unaryop_bf16s.h:5:57: warning: unused parameter 'opt' [-Wunused-parameter]
    5 | static int unary_op_inplace_bf16s(Mat& a, const Option& opt)
      |                                           ~~~~~~~~~~~~~~^~~
/home/mingshi/Project/AI/ernie-image-ncnn-vulkan/third_party/ncnn/src/layer/x86/unaryop_bf16s.h: In instantiation of 'int ncnn::unary_op_inplace_bf16s(Mat&, const Option&) [with Op = unaryop_x86_functor::unary_op_cos]':
/home/mingshi/Project/AI/ernie-image-ncnn-vulkan/.worktrees/surpass-reference/build-windows-cpu-v1/ncnn/src/layer/x86/unaryop_x86_avx512.cpp:131:52:   required from here
  131 |         return unary_op_inplace_bf16s<unary_op_cos>(bottom_top_blob, opt);
      |                ~~~~~~~~~~~~~~~~~~~~~~~~~~~~~~~~~~~~^~~~~~~~~~~~~~~~~~~~~~
/home/mingshi/Project/AI/ernie-image-ncnn-vulkan/third_party/ncnn/src/layer/x86/unaryop_bf16s.h:5:57: warning: unused parameter 'opt' [-Wunused-parameter]
    5 | static int unary_op_inplace_bf16s(Mat& a, const Option& opt)
      |                                           ~~~~~~~~~~~~~~^~~
/home/mingshi/Project/AI/ernie-image-ncnn-vulkan/third_party/ncnn/src/layer/x86/unaryop_bf16s.h: In instantiation of 'int ncnn::unary_op_inplace_bf16s(Mat&, const Option&) [with Op = unaryop_x86_functor::unary_op_tan]':
/home/mingshi/Project/AI/ernie-image-ncnn-vulkan/.worktrees/surpass-reference/build-windows-cpu-v1/ncnn/src/layer/x86/unaryop_x86_avx512.cpp:134:52:   required from here
  134 |         return unary_op_inplace_bf16s<unary_op_tan>(bottom_top_blob, opt);
      |                ~~~~~~~~~~~~~~~~~~~~~~~~~~~~~~~~~~~~^~~~~~~~~~~~~~~~~~~~~~
/home/mingshi/Project/AI/ernie-image-ncnn-vulkan/third_party/ncnn/src/layer/x86/unaryop_bf16s.h:5:57: warning: unused parameter 'opt' [-Wunused-parameter]
    5 | static int unary_op_inplace_bf16s(Mat& a, const Option& opt)
      |                                           ~~~~~~~~~~~~~~^~~
/home/mingshi/Project/AI/ernie-image-ncnn-vulkan/third_party/ncnn/src/layer/x86/unaryop_bf16s.h: In instantiation of 'int ncnn::unary_op_inplace_bf16s(Mat&, const Option&) [with Op = unaryop_x86_functor::unary_op_asin]':
/home/mingshi/Project/AI/ernie-image-ncnn-vulkan/.worktrees/surpass-reference/build-windows-cpu-v1/ncnn/src/layer/x86/unaryop_x86_avx512.cpp:137:53:   required from here
  137 |         return unary_op_inplace_bf16s<unary_op_asin>(bottom_top_blob, opt);
      |                ~~~~~~~~~~~~~~~~~~~~~~~~~~~~~~~~~~~~~^~~~~~~~~~~~~~~~~~~~~~
/home/mingshi/Project/AI/ernie-image-ncnn-vulkan/third_party/ncnn/src/layer/x86/unaryop_bf16s.h:5:57: warning: unused parameter 'opt' [-Wunused-parameter]
    5 | static int unary_op_inplace_bf16s(Mat& a, const Option& opt)
      |                                           ~~~~~~~~~~~~~~^~~
/home/mingshi/Project/AI/ernie-image-ncnn-vulkan/third_party/ncnn/src/layer/x86/unaryop_bf16s.h: In instantiation of 'int ncnn::unary_op_inplace_bf16s(Mat&, const Option&) [with Op = unaryop_x86_functor::unary_op_acos]':
/home/mingshi/Project/AI/ernie-image-ncnn-vulkan/.worktrees/surpass-reference/build-windows-cpu-v1/ncnn/src/layer/x86/unaryop_x86_avx512.cpp:140:53:   required from here
  140 |         return unary_op_inplace_bf16s<unary_op_acos>(bottom_top_blob, opt);
      |                ~~~~~~~~~~~~~~~~~~~~~~~~~~~~~~~~~~~~~^~~~~~~~~~~~~~~~~~~~~~
/home/mingshi/Project/AI/ernie-image-ncnn-vulkan/third_party/ncnn/src/layer/x86/unaryop_bf16s.h:5:57: warning: unused parameter 'opt' [-Wunused-parameter]
    5 | static int unary_op_inplace_bf16s(Mat& a, const Option& opt)
      |                                           ~~~~~~~~~~~~~~^~~
/home/mingshi/Project/AI/ernie-image-ncnn-vulkan/third_party/ncnn/src/layer/x86/unaryop_bf16s.h: In instantiation of 'int ncnn::unary_op_inplace_bf16s(Mat&, const Option&) [with Op = unaryop_x86_functor::unary_op_atan]':
/home/mingshi/Project/AI/ernie-image-ncnn-vulkan/.worktrees/surpass-reference/build-windows-cpu-v1/ncnn/src/layer/x86/unaryop_x86_avx512.cpp:143:53:   required from here
  143 |         return unary_op_inplace_bf16s<unary_op_atan>(bottom_top_blob, opt);
      |                ~~~~~~~~~~~~~~~~~~~~~~~~~~~~~~~~~~~~~^~~~~~~~~~~~~~~~~~~~~~
/home/mingshi/Project/AI/ernie-image-ncnn-vulkan/third_party/ncnn/src/layer/x86/unaryop_bf16s.h:5:57: warning: unused parameter 'opt' [-Wunused-parameter]
    5 | static int unary_op_inplace_bf16s(Mat& a, const Option& opt)
      |                                           ~~~~~~~~~~~~~~^~~
/home/mingshi/Project/AI/ernie-image-ncnn-vulkan/third_party/ncnn/src/layer/x86/unaryop_bf16s.h: In instantiation of 'int ncnn::unary_op_inplace_bf16s(Mat&, const Option&) [with Op = unaryop_x86_functor::unary_op_reciprocal]':
/home/mingshi/Project/AI/ernie-image-ncnn-vulkan/.worktrees/surpass-reference/build-windows-cpu-v1/ncnn/src/layer/x86/unaryop_x86_avx512.cpp:146:59:   required from here
  146 |         return unary_op_inplace_bf16s<unary_op_reciprocal>(bottom_top_blob, opt);
      |                ~~~~~~~~~~~~~~~~~~~~~~~~~~~~~~~~~~~~~~~~~~~^~~~~~~~~~~~~~~~~~~~~~
/home/mingshi/Project/AI/ernie-image-ncnn-vulkan/third_party/ncnn/src/layer/x86/unaryop_bf16s.h:5:57: warning: unused parameter 'opt' [-Wunused-parameter]
    5 | static int unary_op_inplace_bf16s(Mat& a, const Option& opt)
      |                                           ~~~~~~~~~~~~~~^~~
/home/mingshi/Project/AI/ernie-image-ncnn-vulkan/third_party/ncnn/src/layer/x86/unaryop_bf16s.h: In instantiation of 'int ncnn::unary_op_inplace_bf16s(Mat&, const Option&) [with Op = unaryop_x86_functor::unary_op_tanh]':
/home/mingshi/Project/AI/ernie-image-ncnn-vulkan/.worktrees/surpass-reference/build-windows-cpu-v1/ncnn/src/layer/x86/unaryop_x86_avx512.cpp:149:53:   required from here
  149 |         return unary_op_inplace_bf16s<unary_op_tanh>(bottom_top_blob, opt);
      |                ~~~~~~~~~~~~~~~~~~~~~~~~~~~~~~~~~~~~~^~~~~~~~~~~~~~~~~~~~~~
/home/mingshi/Project/AI/ernie-image-ncnn-vulkan/third_party/ncnn/src/layer/x86/unaryop_bf16s.h:5:57: warning: unused parameter 'opt' [-Wunused-parameter]
    5 | static int unary_op_inplace_bf16s(Mat& a, const Option& opt)
      |                                           ~~~~~~~~~~~~~~^~~
/home/mingshi/Project/AI/ernie-image-ncnn-vulkan/third_party/ncnn/src/layer/x86/unaryop_bf16s.h: In instantiation of 'int ncnn::unary_op_inplace_bf16s(Mat&, const Option&) [with Op = unaryop_x86_functor::unary_op_log10]':
/home/mingshi/Project/AI/ernie-image-ncnn-vulkan/.worktrees/surpass-reference/build-windows-cpu-v1/ncnn/src/layer/x86/unaryop_x86_avx512.cpp:152:54:   required from here
  152 |         return unary_op_inplace_bf16s<unary_op_log10>(bottom_top_blob, opt);
      |                ~~~~~~~~~~~~~~~~~~~~~~~~~~~~~~~~~~~~~~^~~~~~~~~~~~~~~~~~~~~~
/home/mingshi/Project/AI/ernie-image-ncnn-vulkan/third_party/ncnn/src/layer/x86/unaryop_bf16s.h:5:57: warning: unused parameter 'opt' [-Wunused-parameter]
    5 | static int unary_op_inplace_bf16s(Mat& a, const Option& opt)
      |                                           ~~~~~~~~~~~~~~^~~
/home/mingshi/Project/AI/ernie-image-ncnn-vulkan/third_party/ncnn/src/layer/x86/unaryop_bf16s.h: In instantiation of 'int ncnn::unary_op_inplace_bf16s(Mat&, const Option&) [with Op = unaryop_x86_functor::unary_op_round]':
/home/mingshi/Project/AI/ernie-image-ncnn-vulkan/.worktrees/surpass-reference/build-windows-cpu-v1/ncnn/src/layer/x86/unaryop_x86_avx512.cpp:161:57:   required from here
  161 |         int ret = unary_op_inplace_bf16s<unary_op_round>(bottom_top_blob, opt);
      |                   ~~~~~~~~~~~~~~~~~~~~~~~~~~~~~~~~~~~~~~^~~~~~~~~~~~~~~~~~~~~~
/home/mingshi/Project/AI/ernie-image-ncnn-vulkan/third_party/ncnn/src/layer/x86/unaryop_bf16s.h:5:57: warning: unused parameter 'opt' [-Wunused-parameter]
    5 | static int unary_op_inplace_bf16s(Mat& a, const Option& opt)
      |                                           ~~~~~~~~~~~~~~^~~
/home/mingshi/Project/AI/ernie-image-ncnn-vulkan/third_party/ncnn/src/layer/x86/unaryop_bf16s.h: In instantiation of 'int ncnn::unary_op_inplace_bf16s(Mat&, const Option&) [with Op = unaryop_x86_functor::unary_op_trunc]':
/home/mingshi/Project/AI/ernie-image-ncnn-vulkan/.worktrees/surpass-reference/build-windows-cpu-v1/ncnn/src/layer/x86/unaryop_x86_avx512.cpp:169:54:   required from here
  169 |         return unary_op_inplace_bf16s<unary_op_trunc>(bottom_top_blob, opt);
      |                ~~~~~~~~~~~~~~~~~~~~~~~~~~~~~~~~~~~~~~^~~~~~~~~~~~~~~~~~~~~~
/home/mingshi/Project/AI/ernie-image-ncnn-vulkan/third_party/ncnn/src/layer/x86/unaryop_bf16s.h:5:57: warning: unused parameter 'opt' [-Wunused-parameter]
    5 | static int unary_op_inplace_bf16s(Mat& a, const Option& opt)
      |                                           ~~~~~~~~~~~~~~^~~
/home/mingshi/Project/AI/ernie-image-ncnn-vulkan/third_party/ncnn/src/layer/x86/unaryop_bf16s.h: In instantiation of 'int ncnn::unary_op_inplace_bf16s(Mat&, const Option&) [with Op = unaryop_x86_functor::unary_op_sign]':
/home/mingshi/Project/AI/ernie-image-ncnn-vulkan/.worktrees/surpass-reference/build-windows-cpu-v1/ncnn/src/layer/x86/unaryop_x86_avx512.cpp:172:53:   required from here
  172 |         return unary_op_inplace_bf16s<unary_op_sign>(bottom_top_blob, opt);
      |                ~~~~~~~~~~~~~~~~~~~~~~~~~~~~~~~~~~~~~^~~~~~~~~~~~~~~~~~~~~~
/home/mingshi/Project/AI/ernie-image-ncnn-vulkan/third_party/ncnn/src/layer/x86/unaryop_bf16s.h:5:57: warning: unused parameter 'opt' [-Wunused-parameter]
    5 | static int unary_op_inplace_bf16s(Mat& a, const Option& opt)
      |                                           ~~~~~~~~~~~~~~^~~
/home/mingshi/Project/AI/ernie-image-ncnn-vulkan/third_party/ncnn/src/layer/x86/unaryop_bf16s.h: In instantiation of 'int ncnn::unary_op_inplace_bf16s(Mat&, const Option&) [with Op = unaryop_x86_functor::unary_op_expm1]':
/home/mingshi/Project/AI/ernie-image-ncnn-vulkan/.worktrees/surpass-reference/build-windows-cpu-v1/ncnn/src/layer/x86/unaryop_x86_avx512.cpp:175:54:   required from here
  175 |         return unary_op_inplace_bf16s<unary_op_expm1>(bottom_top_blob, opt);
      |                ~~~~~~~~~~~~~~~~~~~~~~~~~~~~~~~~~~~~~~^~~~~~~~~~~~~~~~~~~~~~
/home/mingshi/Project/AI/ernie-image-ncnn-vulkan/third_party/ncnn/src/layer/x86/unaryop_bf16s.h:5:57: warning: unused parameter 'opt' [-Wunused-parameter]
    5 | static int unary_op_inplace_bf16s(Mat& a, const Option& opt)
      |                                           ~~~~~~~~~~~~~~^~~
/home/mingshi/Project/AI/ernie-image-ncnn-vulkan/third_party/ncnn/src/layer/x86/unaryop_bf16s.h: In instantiation of 'int ncnn::unary_op_inplace_bf16s(Mat&, const Option&) [with Op = unaryop_x86_functor::unary_op_sinh]':
/home/mingshi/Project/AI/ernie-image-ncnn-vulkan/.worktrees/surpass-reference/build-windows-cpu-v1/ncnn/src/layer/x86/unaryop_x86_avx512.cpp:178:53:   required from here
  178 |         return unary_op_inplace_bf16s<unary_op_sinh>(bottom_top_blob, opt);
      |                ~~~~~~~~~~~~~~~~~~~~~~~~~~~~~~~~~~~~~^~~~~~~~~~~~~~~~~~~~~~
/home/mingshi/Project/AI/ernie-image-ncnn-vulkan/third_party/ncnn/src/layer/x86/unaryop_bf16s.h:5:57: warning: unused parameter 'opt' [-Wunused-parameter]
    5 | static int unary_op_inplace_bf16s(Mat& a, const Option& opt)
      |                                           ~~~~~~~~~~~~~~^~~
/home/mingshi/Project/AI/ernie-image-ncnn-vulkan/third_party/ncnn/src/layer/x86/unaryop_bf16s.h: In instantiation of 'int ncnn::unary_op_inplace_bf16s(Mat&, const Option&) [with Op = unaryop_x86_functor::unary_op_asinh]':
/home/mingshi/Project/AI/ernie-image-ncnn-vulkan/.worktrees/surpass-reference/build-windows-cpu-v1/ncnn/src/layer/x86/unaryop_x86_avx512.cpp:181:54:   required from here
  181 |         return unary_op_inplace_bf16s<unary_op_asinh>(bottom_top_blob, opt);
      |                ~~~~~~~~~~~~~~~~~~~~~~~~~~~~~~~~~~~~~~^~~~~~~~~~~~~~~~~~~~~~
/home/mingshi/Project/AI/ernie-image-ncnn-vulkan/third_party/ncnn/src/layer/x86/unaryop_bf16s.h:5:57: warning: unused parameter 'opt' [-Wunused-parameter]
    5 | static int unary_op_inplace_bf16s(Mat& a, const Option& opt)
      |                                           ~~~~~~~~~~~~~~^~~
/home/mingshi/Project/AI/ernie-image-ncnn-vulkan/third_party/ncnn/src/layer/x86/unaryop_bf16s.h: In instantiation of 'int ncnn::unary_op_inplace_bf16s(Mat&, const Option&) [with Op = unaryop_x86_functor::unary_op_cosh]':
/home/mingshi/Project/AI/ernie-image-ncnn-vulkan/.worktrees/surpass-reference/build-windows-cpu-v1/ncnn/src/layer/x86/unaryop_x86_avx512.cpp:184:53:   required from here
  184 |         return unary_op_inplace_bf16s<unary_op_cosh>(bottom_top_blob, opt);
      |                ~~~~~~~~~~~~~~~~~~~~~~~~~~~~~~~~~~~~~^~~~~~~~~~~~~~~~~~~~~~
/home/mingshi/Project/AI/ernie-image-ncnn-vulkan/third_party/ncnn/src/layer/x86/unaryop_bf16s.h:5:57: warning: unused parameter 'opt' [-Wunused-parameter]
    5 | static int unary_op_inplace_bf16s(Mat& a, const Option& opt)
      |                                           ~~~~~~~~~~~~~~^~~
/home/mingshi/Project/AI/ernie-image-ncnn-vulkan/third_party/ncnn/src/layer/x86/unaryop_bf16s.h: In instantiation of 'int ncnn::unary_op_inplace_bf16s(Mat&, const Option&) [with Op = unaryop_x86_functor::unary_op_acosh]':
/home/mingshi/Project/AI/ernie-image-ncnn-vulkan/.worktrees/surpass-reference/build-windows-cpu-v1/ncnn/src/layer/x86/unaryop_x86_avx512.cpp:187:54:   required from here
  187 |         return unary_op_inplace_bf16s<unary_op_acosh>(bottom_top_blob, opt);
      |                ~~~~~~~~~~~~~~~~~~~~~~~~~~~~~~~~~~~~~~^~~~~~~~~~~~~~~~~~~~~~
/home/mingshi/Project/AI/ernie-image-ncnn-vulkan/third_party/ncnn/src/layer/x86/unaryop_bf16s.h:5:57: warning: unused parameter 'opt' [-Wunused-parameter]
    5 | static int unary_op_inplace_bf16s(Mat& a, const Option& opt)
      |                                           ~~~~~~~~~~~~~~^~~
/home/mingshi/Project/AI/ernie-image-ncnn-vulkan/third_party/ncnn/src/layer/x86/unaryop_bf16s.h: In instantiation of 'int ncnn::unary_op_inplace_bf16s(Mat&, const Option&) [with Op = unaryop_x86_functor::unary_op_atanh]':
/home/mingshi/Project/AI/ernie-image-ncnn-vulkan/.worktrees/surpass-reference/build-windows-cpu-v1/ncnn/src/layer/x86/unaryop_x86_avx512.cpp:190:54:   required from here
  190 |         return unary_op_inplace_bf16s<unary_op_atanh>(bottom_top_blob, opt);
      |                ~~~~~~~~~~~~~~~~~~~~~~~~~~~~~~~~~~~~~~^~~~~~~~~~~~~~~~~~~~~~
/home/mingshi/Project/AI/ernie-image-ncnn-vulkan/third_party/ncnn/src/layer/x86/unaryop_bf16s.h:5:57: warning: unused parameter 'opt' [-Wunused-parameter]
    5 | static int unary_op_inplace_bf16s(Mat& a, const Option& opt)
      |                                           ~~~~~~~~~~~~~~^~~
/home/mingshi/Project/AI/ernie-image-ncnn-vulkan/third_party/ncnn/src/layer/x86/unaryop_bf16s.h: In instantiation of 'int ncnn::unary_op_inplace_bf16s(Mat&, const Option&) [with Op = unaryop_x86_functor::unary_op_log1p]':
/home/mingshi/Project/AI/ernie-image-ncnn-vulkan/.worktrees/surpass-reference/build-windows-cpu-v1/ncnn/src/layer/x86/unaryop_x86_avx512.cpp:193:54:   required from here
  193 |         return unary_op_inplace_bf16s<unary_op_log1p>(bottom_top_blob, opt);
      |                ~~~~~~~~~~~~~~~~~~~~~~~~~~~~~~~~~~~~~~^~~~~~~~~~~~~~~~~~~~~~
/home/mingshi/Project/AI/ernie-image-ncnn-vulkan/third_party/ncnn/src/layer/x86/unaryop_bf16s.h:5:57: warning: unused parameter 'opt' [-Wunused-parameter]
    5 | static int unary_op_inplace_bf16s(Mat& a, const Option& opt)
      |                                           ~~~~~~~~~~~~~~^~~
[193/415] Building CXX object ncnn/src/CMakeFiles/ncnn.dir/layer/x86/unaryop_x86_fma.cpp.obj
In file included from /home/mingshi/Project/AI/ernie-image-ncnn-vulkan/third_party/ncnn/src/layer/x86/unaryop_x86_fma.cpp:15:
/home/mingshi/Project/AI/ernie-image-ncnn-vulkan/third_party/ncnn/src/layer/x86/unaryop_fp32.h:29: warning: ignoring '#pragma omp parallel' [-Wunknown-pragmas]
   29 |     #pragma omp parallel for num_threads(opt.num_threads)
In file included from /home/mingshi/Project/AI/ernie-image-ncnn-vulkan/third_party/ncnn/src/layer/x86/unaryop_x86_fma.cpp:18:
/home/mingshi/Project/AI/ernie-image-ncnn-vulkan/third_party/ncnn/src/layer/x86/unaryop_bf16s.h:16: warning: ignoring '#pragma omp parallel' [-Wunknown-pragmas]
   16 |     #pragma omp parallel for num_threads(opt.num_threads)
/home/mingshi/Project/AI/ernie-image-ncnn-vulkan/third_party/ncnn/src/layer/x86/unaryop_fp32.h: In instantiation of 'int ncnn::unary_op_inplace(Mat&, const Option&) [with Op = unaryop_x86_functor::unary_op_abs]':
/home/mingshi/Project/AI/ernie-image-ncnn-vulkan/third_party/ncnn/src/layer/x86/unaryop_fp32.h:94:46:   required from here
   94 |         return unary_op_inplace<unary_op_abs>(bottom_top_blob, opt);
      |                ~~~~~~~~~~~~~~~~~~~~~~~~~~~~~~^~~~~~~~~~~~~~~~~~~~~~
/home/mingshi/Project/AI/ernie-image-ncnn-vulkan/third_party/ncnn/src/layer/x86/unaryop_fp32.h:18:51: warning: unused parameter 'opt' [-Wunused-parameter]
   18 | static int unary_op_inplace(Mat& a, const Option& opt)
      |                                     ~~~~~~~~~~~~~~^~~
/home/mingshi/Project/AI/ernie-image-ncnn-vulkan/third_party/ncnn/src/layer/x86/unaryop_fp32.h: In instantiation of 'int ncnn::unary_op_inplace(Mat&, const Option&) [with Op = unaryop_x86_functor::unary_op_neg]':
/home/mingshi/Project/AI/ernie-image-ncnn-vulkan/third_party/ncnn/src/layer/x86/unaryop_fp32.h:97:46:   required from here
   97 |         return unary_op_inplace<unary_op_neg>(bottom_top_blob, opt);
      |                ~~~~~~~~~~~~~~~~~~~~~~~~~~~~~~^~~~~~~~~~~~~~~~~~~~~~
/home/mingshi/Project/AI/ernie-image-ncnn-vulkan/third_party/ncnn/src/layer/x86/unaryop_fp32.h:18:51: warning: unused parameter 'opt' [-Wunused-parameter]
   18 | static int unary_op_inplace(Mat& a, const Option& opt)
      |                                     ~~~~~~~~~~~~~~^~~
/home/mingshi/Project/AI/ernie-image-ncnn-vulkan/third_party/ncnn/src/layer/x86/unaryop_fp32.h: In instantiation of 'int ncnn::unary_op_inplace(Mat&, const Option&) [with Op = unaryop_x86_functor::unary_op_floor]':
/home/mingshi/Project/AI/ernie-image-ncnn-vulkan/third_party/ncnn/src/layer/x86/unaryop_fp32.h:100:48:   required from here
  100 |         return unary_op_inplace<unary_op_floor>(bottom_top_blob, opt);
      |                ~~~~~~~~~~~~~~~~~~~~~~~~~~~~~~~~^~~~~~~~~~~~~~~~~~~~~~
/home/mingshi/Project/AI/ernie-image-ncnn-vulkan/third_party/ncnn/src/layer/x86/unaryop_fp32.h:18:51: warning: unused parameter 'opt' [-Wunused-parameter]
   18 | static int unary_op_inplace(Mat& a, const Option& opt)
      |                                     ~~~~~~~~~~~~~~^~~
/home/mingshi/Project/AI/ernie-image-ncnn-vulkan/third_party/ncnn/src/layer/x86/unaryop_fp32.h: In instantiation of 'int ncnn::unary_op_inplace(Mat&, const Option&) [with Op = unaryop_x86_functor::unary_op_ceil]':
/home/mingshi/Project/AI/ernie-image-ncnn-vulkan/third_party/ncnn/src/layer/x86/unaryop_fp32.h:103:47:   required from here
  103 |         return unary_op_inplace<unary_op_ceil>(bottom_top_blob, opt);
      |                ~~~~~~~~~~~~~~~~~~~~~~~~~~~~~~~^~~~~~~~~~~~~~~~~~~~~~
/home/mingshi/Project/AI/ernie-image-ncnn-vulkan/third_party/ncnn/src/layer/x86/unaryop_fp32.h:18:51: warning: unused parameter 'opt' [-Wunused-parameter]
   18 | static int unary_op_inplace(Mat& a, const Option& opt)
      |                                     ~~~~~~~~~~~~~~^~~
/home/mingshi/Project/AI/ernie-image-ncnn-vulkan/third_party/ncnn/src/layer/x86/unaryop_fp32.h: In instantiation of 'int ncnn::unary_op_inplace(Mat&, const Option&) [with Op = unaryop_x86_functor::unary_op_square]':
/home/mingshi/Project/AI/ernie-image-ncnn-vulkan/third_party/ncnn/src/layer/x86/unaryop_fp32.h:106:49:   required from here
  106 |         return unary_op_inplace<unary_op_square>(bottom_top_blob, opt);
      |                ~~~~~~~~~~~~~~~~~~~~~~~~~~~~~~~~~^~~~~~~~~~~~~~~~~~~~~~
/home/mingshi/Project/AI/ernie-image-ncnn-vulkan/third_party/ncnn/src/layer/x86/unaryop_fp32.h:18:51: warning: unused parameter 'opt' [-Wunused-parameter]
   18 | static int unary_op_inplace(Mat& a, const Option& opt)
      |                                     ~~~~~~~~~~~~~~^~~
/home/mingshi/Project/AI/ernie-image-ncnn-vulkan/third_party/ncnn/src/layer/x86/unaryop_fp32.h: In instantiation of 'int ncnn::unary_op_inplace(Mat&, const Option&) [with Op = unaryop_x86_functor::unary_op_sqrt]':
/home/mingshi/Project/AI/ernie-image-ncnn-vulkan/third_party/ncnn/src/layer/x86/unaryop_fp32.h:109:47:   required from here
  109 |         return unary_op_inplace<unary_op_sqrt>(bottom_top_blob, opt);
      |                ~~~~~~~~~~~~~~~~~~~~~~~~~~~~~~~^~~~~~~~~~~~~~~~~~~~~~
/home/mingshi/Project/AI/ernie-image-ncnn-vulkan/third_party/ncnn/src/layer/x86/unaryop_fp32.h:18:51: warning: unused parameter 'opt' [-Wunused-parameter]
   18 | static int unary_op_inplace(Mat& a, const Option& opt)
      |                                     ~~~~~~~~~~~~~~^~~
/home/mingshi/Project/AI/ernie-image-ncnn-vulkan/third_party/ncnn/src/layer/x86/unaryop_fp32.h: In instantiation of 'int ncnn::unary_op_inplace(Mat&, const Option&) [with Op = unaryop_x86_functor::unary_op_rsqrt]':
/home/mingshi/Project/AI/ernie-image-ncnn-vulkan/third_party/ncnn/src/layer/x86/unaryop_fp32.h:112:48:   required from here
  112 |         return unary_op_inplace<unary_op_rsqrt>(bottom_top_blob, opt);
      |                ~~~~~~~~~~~~~~~~~~~~~~~~~~~~~~~~^~~~~~~~~~~~~~~~~~~~~~
/home/mingshi/Project/AI/ernie-image-ncnn-vulkan/third_party/ncnn/src/layer/x86/unaryop_fp32.h:18:51: warning: unused parameter 'opt' [-Wunused-parameter]
   18 | static int unary_op_inplace(Mat& a, const Option& opt)
      |                                     ~~~~~~~~~~~~~~^~~
/home/mingshi/Project/AI/ernie-image-ncnn-vulkan/third_party/ncnn/src/layer/x86/unaryop_fp32.h: In instantiation of 'int ncnn::unary_op_inplace(Mat&, const Option&) [with Op = unaryop_x86_functor::unary_op_exp]':
/home/mingshi/Project/AI/ernie-image-ncnn-vulkan/third_party/ncnn/src/layer/x86/unaryop_fp32.h:115:46:   required from here
  115 |         return unary_op_inplace<unary_op_exp>(bottom_top_blob, opt);
      |                ~~~~~~~~~~~~~~~~~~~~~~~~~~~~~~^~~~~~~~~~~~~~~~~~~~~~
/home/mingshi/Project/AI/ernie-image-ncnn-vulkan/third_party/ncnn/src/layer/x86/unaryop_fp32.h:18:51: warning: unused parameter 'opt' [-Wunused-parameter]
   18 | static int unary_op_inplace(Mat& a, const Option& opt)
      |                                     ~~~~~~~~~~~~~~^~~
/home/mingshi/Project/AI/ernie-image-ncnn-vulkan/third_party/ncnn/src/layer/x86/unaryop_fp32.h: In instantiation of 'int ncnn::unary_op_inplace(Mat&, const Option&) [with Op = unaryop_x86_functor::unary_op_log]':
/home/mingshi/Project/AI/ernie-image-ncnn-vulkan/third_party/ncnn/src/layer/x86/unaryop_fp32.h:118:46:   required from here
  118 |         return unary_op_inplace<unary_op_log>(bottom_top_blob, opt);
      |                ~~~~~~~~~~~~~~~~~~~~~~~~~~~~~~^~~~~~~~~~~~~~~~~~~~~~
/home/mingshi/Project/AI/ernie-image-ncnn-vulkan/third_party/ncnn/src/layer/x86/unaryop_fp32.h:18:51: warning: unused parameter 'opt' [-Wunused-parameter]
   18 | static int unary_op_inplace(Mat& a, const Option& opt)
      |                                     ~~~~~~~~~~~~~~^~~
/home/mingshi/Project/AI/ernie-image-ncnn-vulkan/third_party/ncnn/src/layer/x86/unaryop_fp32.h: In instantiation of 'int ncnn::unary_op_inplace(Mat&, const Option&) [with Op = unaryop_x86_functor::unary_op_sin]':
/home/mingshi/Project/AI/ernie-image-ncnn-vulkan/third_party/ncnn/src/layer/x86/unaryop_fp32.h:121:46:   required from here
  121 |         return unary_op_inplace<unary_op_sin>(bottom_top_blob, opt);
      |                ~~~~~~~~~~~~~~~~~~~~~~~~~~~~~~^~~~~~~~~~~~~~~~~~~~~~
/home/mingshi/Project/AI/ernie-image-ncnn-vulkan/third_party/ncnn/src/layer/x86/unaryop_fp32.h:18:51: warning: unused parameter 'opt' [-Wunused-parameter]
   18 | static int unary_op_inplace(Mat& a, const Option& opt)
      |                                     ~~~~~~~~~~~~~~^~~
/home/mingshi/Project/AI/ernie-image-ncnn-vulkan/third_party/ncnn/src/layer/x86/unaryop_fp32.h: In instantiation of 'int ncnn::unary_op_inplace(Mat&, const Option&) [with Op = unaryop_x86_functor::unary_op_cos]':
/home/mingshi/Project/AI/ernie-image-ncnn-vulkan/third_party/ncnn/src/layer/x86/unaryop_fp32.h:124:46:   required from here
  124 |         return unary_op_inplace<unary_op_cos>(bottom_top_blob, opt);
      |                ~~~~~~~~~~~~~~~~~~~~~~~~~~~~~~^~~~~~~~~~~~~~~~~~~~~~
/home/mingshi/Project/AI/ernie-image-ncnn-vulkan/third_party/ncnn/src/layer/x86/unaryop_fp32.h:18:51: warning: unused parameter 'opt' [-Wunused-parameter]
   18 | static int unary_op_inplace(Mat& a, const Option& opt)
      |                                     ~~~~~~~~~~~~~~^~~
/home/mingshi/Project/AI/ernie-image-ncnn-vulkan/third_party/ncnn/src/layer/x86/unaryop_fp32.h: In instantiation of 'int ncnn::unary_op_inplace(Mat&, const Option&) [with Op = unaryop_x86_functor::unary_op_tan]':
/home/mingshi/Project/AI/ernie-image-ncnn-vulkan/third_party/ncnn/src/layer/x86/unaryop_fp32.h:127:46:   required from here
  127 |         return unary_op_inplace<unary_op_tan>(bottom_top_blob, opt);
      |                ~~~~~~~~~~~~~~~~~~~~~~~~~~~~~~^~~~~~~~~~~~~~~~~~~~~~
/home/mingshi/Project/AI/ernie-image-ncnn-vulkan/third_party/ncnn/src/layer/x86/unaryop_fp32.h:18:51: warning: unused parameter 'opt' [-Wunused-parameter]
   18 | static int unary_op_inplace(Mat& a, const Option& opt)
      |                                     ~~~~~~~~~~~~~~^~~
/home/mingshi/Project/AI/ernie-image-ncnn-vulkan/third_party/ncnn/src/layer/x86/unaryop_fp32.h: In instantiation of 'int ncnn::unary_op_inplace(Mat&, const Option&) [with Op = unaryop_x86_functor::unary_op_asin]':
/home/mingshi/Project/AI/ernie-image-ncnn-vulkan/third_party/ncnn/src/layer/x86/unaryop_fp32.h:130:47:   required from here
  130 |         return unary_op_inplace<unary_op_asin>(bottom_top_blob, opt);
      |                ~~~~~~~~~~~~~~~~~~~~~~~~~~~~~~~^~~~~~~~~~~~~~~~~~~~~~
/home/mingshi/Project/AI/ernie-image-ncnn-vulkan/third_party/ncnn/src/layer/x86/unaryop_fp32.h:18:51: warning: unused parameter 'opt' [-Wunused-parameter]
   18 | static int unary_op_inplace(Mat& a, const Option& opt)
      |                                     ~~~~~~~~~~~~~~^~~
/home/mingshi/Project/AI/ernie-image-ncnn-vulkan/third_party/ncnn/src/layer/x86/unaryop_fp32.h: In instantiation of 'int ncnn::unary_op_inplace(Mat&, const Option&) [with Op = unaryop_x86_functor::unary_op_acos]':
/home/mingshi/Project/AI/ernie-image-ncnn-vulkan/third_party/ncnn/src/layer/x86/unaryop_fp32.h:133:47:   required from here
  133 |         return unary_op_inplace<unary_op_acos>(bottom_top_blob, opt);
      |                ~~~~~~~~~~~~~~~~~~~~~~~~~~~~~~~^~~~~~~~~~~~~~~~~~~~~~
/home/mingshi/Project/AI/ernie-image-ncnn-vulkan/third_party/ncnn/src/layer/x86/unaryop_fp32.h:18:51: warning: unused parameter 'opt' [-Wunused-parameter]
   18 | static int unary_op_inplace(Mat& a, const Option& opt)
      |                                     ~~~~~~~~~~~~~~^~~
/home/mingshi/Project/AI/ernie-image-ncnn-vulkan/third_party/ncnn/src/layer/x86/unaryop_fp32.h: In instantiation of 'int ncnn::unary_op_inplace(Mat&, const Option&) [with Op = unaryop_x86_functor::unary_op_atan]':
/home/mingshi/Project/AI/ernie-image-ncnn-vulkan/third_party/ncnn/src/layer/x86/unaryop_fp32.h:136:47:   required from here
  136 |         return unary_op_inplace<unary_op_atan>(bottom_top_blob, opt);
      |                ~~~~~~~~~~~~~~~~~~~~~~~~~~~~~~~^~~~~~~~~~~~~~~~~~~~~~
/home/mingshi/Project/AI/ernie-image-ncnn-vulkan/third_party/ncnn/src/layer/x86/unaryop_fp32.h:18:51: warning: unused parameter 'opt' [-Wunused-parameter]
   18 | static int unary_op_inplace(Mat& a, const Option& opt)
      |                                     ~~~~~~~~~~~~~~^~~
/home/mingshi/Project/AI/ernie-image-ncnn-vulkan/third_party/ncnn/src/layer/x86/unaryop_fp32.h: In instantiation of 'int ncnn::unary_op_inplace(Mat&, const Option&) [with Op = unaryop_x86_functor::unary_op_reciprocal]':
/home/mingshi/Project/AI/ernie-image-ncnn-vulkan/third_party/ncnn/src/layer/x86/unaryop_fp32.h:139:53:   required from here
  139 |         return unary_op_inplace<unary_op_reciprocal>(bottom_top_blob, opt);
      |                ~~~~~~~~~~~~~~~~~~~~~~~~~~~~~~~~~~~~~^~~~~~~~~~~~~~~~~~~~~~
/home/mingshi/Project/AI/ernie-image-ncnn-vulkan/third_party/ncnn/src/layer/x86/unaryop_fp32.h:18:51: warning: unused parameter 'opt' [-Wunused-parameter]
   18 | static int unary_op_inplace(Mat& a, const Option& opt)
      |                                     ~~~~~~~~~~~~~~^~~
/home/mingshi/Project/AI/ernie-image-ncnn-vulkan/third_party/ncnn/src/layer/x86/unaryop_fp32.h: In instantiation of 'int ncnn::unary_op_inplace(Mat&, const Option&) [with Op = unaryop_x86_functor::unary_op_tanh]':
/home/mingshi/Project/AI/ernie-image-ncnn-vulkan/third_party/ncnn/src/layer/x86/unaryop_fp32.h:142:47:   required from here
  142 |         return unary_op_inplace<unary_op_tanh>(bottom_top_blob, opt);
      |                ~~~~~~~~~~~~~~~~~~~~~~~~~~~~~~~^~~~~~~~~~~~~~~~~~~~~~
/home/mingshi/Project/AI/ernie-image-ncnn-vulkan/third_party/ncnn/src/layer/x86/unaryop_fp32.h:18:51: warning: unused parameter 'opt' [-Wunused-parameter]
   18 | static int unary_op_inplace(Mat& a, const Option& opt)
      |                                     ~~~~~~~~~~~~~~^~~
/home/mingshi/Project/AI/ernie-image-ncnn-vulkan/third_party/ncnn/src/layer/x86/unaryop_fp32.h: In instantiation of 'int ncnn::unary_op_inplace(Mat&, const Option&) [with Op = unaryop_x86_functor::unary_op_log10]':
/home/mingshi/Project/AI/ernie-image-ncnn-vulkan/third_party/ncnn/src/layer/x86/unaryop_fp32.h:145:48:   required from here
  145 |         return unary_op_inplace<unary_op_log10>(bottom_top_blob, opt);
      |                ~~~~~~~~~~~~~~~~~~~~~~~~~~~~~~~~^~~~~~~~~~~~~~~~~~~~~~
/home/mingshi/Project/AI/ernie-image-ncnn-vulkan/third_party/ncnn/src/layer/x86/unaryop_fp32.h:18:51: warning: unused parameter 'opt' [-Wunused-parameter]
   18 | static int unary_op_inplace(Mat& a, const Option& opt)
      |                                     ~~~~~~~~~~~~~~^~~
/home/mingshi/Project/AI/ernie-image-ncnn-vulkan/third_party/ncnn/src/layer/x86/unaryop_fp32.h: In instantiation of 'int ncnn::unary_op_inplace(Mat&, const Option&) [with Op = unaryop_x86_functor::unary_op_round]':
/home/mingshi/Project/AI/ernie-image-ncnn-vulkan/third_party/ncnn/src/layer/x86/unaryop_fp32.h:154:51:   required from here
  154 |         int ret = unary_op_inplace<unary_op_round>(bottom_top_blob, opt);
      |                   ~~~~~~~~~~~~~~~~~~~~~~~~~~~~~~~~^~~~~~~~~~~~~~~~~~~~~~
/home/mingshi/Project/AI/ernie-image-ncnn-vulkan/third_party/ncnn/src/layer/x86/unaryop_fp32.h:18:51: warning: unused parameter 'opt' [-Wunused-parameter]
   18 | static int unary_op_inplace(Mat& a, const Option& opt)
      |                                     ~~~~~~~~~~~~~~^~~
/home/mingshi/Project/AI/ernie-image-ncnn-vulkan/third_party/ncnn/src/layer/x86/unaryop_fp32.h: In instantiation of 'int ncnn::unary_op_inplace(Mat&, const Option&) [with Op = unaryop_x86_functor::unary_op_trunc]':
/home/mingshi/Project/AI/ernie-image-ncnn-vulkan/third_party/ncnn/src/layer/x86/unaryop_fp32.h:162:48:   required from here
  162 |         return unary_op_inplace<unary_op_trunc>(bottom_top_blob, opt);
      |                ~~~~~~~~~~~~~~~~~~~~~~~~~~~~~~~~^~~~~~~~~~~~~~~~~~~~~~
/home/mingshi/Project/AI/ernie-image-ncnn-vulkan/third_party/ncnn/src/layer/x86/unaryop_fp32.h:18:51: warning: unused parameter 'opt' [-Wunused-parameter]
   18 | static int unary_op_inplace(Mat& a, const Option& opt)
      |                                     ~~~~~~~~~~~~~~^~~
/home/mingshi/Project/AI/ernie-image-ncnn-vulkan/third_party/ncnn/src/layer/x86/unaryop_fp32.h: In instantiation of 'int ncnn::unary_op_inplace(Mat&, const Option&) [with Op = unaryop_x86_functor::unary_op_sign]':
/home/mingshi/Project/AI/ernie-image-ncnn-vulkan/third_party/ncnn/src/layer/x86/unaryop_fp32.h:165:47:   required from here
  165 |         return unary_op_inplace<unary_op_sign>(bottom_top_blob, opt);
      |                ~~~~~~~~~~~~~~~~~~~~~~~~~~~~~~~^~~~~~~~~~~~~~~~~~~~~~
/home/mingshi/Project/AI/ernie-image-ncnn-vulkan/third_party/ncnn/src/layer/x86/unaryop_fp32.h:18:51: warning: unused parameter 'opt' [-Wunused-parameter]
   18 | static int unary_op_inplace(Mat& a, const Option& opt)
      |                                     ~~~~~~~~~~~~~~^~~
/home/mingshi/Project/AI/ernie-image-ncnn-vulkan/third_party/ncnn/src/layer/x86/unaryop_fp32.h: In instantiation of 'int ncnn::unary_op_inplace(Mat&, const Option&) [with Op = unaryop_x86_functor::unary_op_expm1]':
/home/mingshi/Project/AI/ernie-image-ncnn-vulkan/third_party/ncnn/src/layer/x86/unaryop_fp32.h:168:48:   required from here
  168 |         return unary_op_inplace<unary_op_expm1>(bottom_top_blob, opt);
      |                ~~~~~~~~~~~~~~~~~~~~~~~~~~~~~~~~^~~~~~~~~~~~~~~~~~~~~~
/home/mingshi/Project/AI/ernie-image-ncnn-vulkan/third_party/ncnn/src/layer/x86/unaryop_fp32.h:18:51: warning: unused parameter 'opt' [-Wunused-parameter]
   18 | static int unary_op_inplace(Mat& a, const Option& opt)
      |                                     ~~~~~~~~~~~~~~^~~
/home/mingshi/Project/AI/ernie-image-ncnn-vulkan/third_party/ncnn/src/layer/x86/unaryop_fp32.h: In instantiation of 'int ncnn::unary_op_inplace(Mat&, const Option&) [with Op = unaryop_x86_functor::unary_op_sinh]':
/home/mingshi/Project/AI/ernie-image-ncnn-vulkan/third_party/ncnn/src/layer/x86/unaryop_fp32.h:171:47:   required from here
  171 |         return unary_op_inplace<unary_op_sinh>(bottom_top_blob, opt);
      |                ~~~~~~~~~~~~~~~~~~~~~~~~~~~~~~~^~~~~~~~~~~~~~~~~~~~~~
/home/mingshi/Project/AI/ernie-image-ncnn-vulkan/third_party/ncnn/src/layer/x86/unaryop_fp32.h:18:51: warning: unused parameter 'opt' [-Wunused-parameter]
   18 | static int unary_op_inplace(Mat& a, const Option& opt)
      |                                     ~~~~~~~~~~~~~~^~~
/home/mingshi/Project/AI/ernie-image-ncnn-vulkan/third_party/ncnn/src/layer/x86/unaryop_fp32.h: In instantiation of 'int ncnn::unary_op_inplace(Mat&, const Option&) [with Op = unaryop_x86_functor::unary_op_asinh]':
/home/mingshi/Project/AI/ernie-image-ncnn-vulkan/third_party/ncnn/src/layer/x86/unaryop_fp32.h:174:48:   required from here
  174 |         return unary_op_inplace<unary_op_asinh>(bottom_top_blob, opt);
      |                ~~~~~~~~~~~~~~~~~~~~~~~~~~~~~~~~^~~~~~~~~~~~~~~~~~~~~~
/home/mingshi/Project/AI/ernie-image-ncnn-vulkan/third_party/ncnn/src/layer/x86/unaryop_fp32.h:18:51: warning: unused parameter 'opt' [-Wunused-parameter]
   18 | static int unary_op_inplace(Mat& a, const Option& opt)
      |                                     ~~~~~~~~~~~~~~^~~
/home/mingshi/Project/AI/ernie-image-ncnn-vulkan/third_party/ncnn/src/layer/x86/unaryop_fp32.h: In instantiation of 'int ncnn::unary_op_inplace(Mat&, const Option&) [with Op = unaryop_x86_functor::unary_op_cosh]':
/home/mingshi/Project/AI/ernie-image-ncnn-vulkan/third_party/ncnn/src/layer/x86/unaryop_fp32.h:177:47:   required from here
  177 |         return unary_op_inplace<unary_op_cosh>(bottom_top_blob, opt);
      |                ~~~~~~~~~~~~~~~~~~~~~~~~~~~~~~~^~~~~~~~~~~~~~~~~~~~~~
/home/mingshi/Project/AI/ernie-image-ncnn-vulkan/third_party/ncnn/src/layer/x86/unaryop_fp32.h:18:51: warning: unused parameter 'opt' [-Wunused-parameter]
   18 | static int unary_op_inplace(Mat& a, const Option& opt)
      |                                     ~~~~~~~~~~~~~~^~~
/home/mingshi/Project/AI/ernie-image-ncnn-vulkan/third_party/ncnn/src/layer/x86/unaryop_fp32.h: In instantiation of 'int ncnn::unary_op_inplace(Mat&, const Option&) [with Op = unaryop_x86_functor::unary_op_acosh]':
/home/mingshi/Project/AI/ernie-image-ncnn-vulkan/third_party/ncnn/src/layer/x86/unaryop_fp32.h:180:48:   required from here
  180 |         return unary_op_inplace<unary_op_acosh>(bottom_top_blob, opt);
      |                ~~~~~~~~~~~~~~~~~~~~~~~~~~~~~~~~^~~~~~~~~~~~~~~~~~~~~~
/home/mingshi/Project/AI/ernie-image-ncnn-vulkan/third_party/ncnn/src/layer/x86/unaryop_fp32.h:18:51: warning: unused parameter 'opt' [-Wunused-parameter]
   18 | static int unary_op_inplace(Mat& a, const Option& opt)
      |                                     ~~~~~~~~~~~~~~^~~
/home/mingshi/Project/AI/ernie-image-ncnn-vulkan/third_party/ncnn/src/layer/x86/unaryop_fp32.h: In instantiation of 'int ncnn::unary_op_inplace(Mat&, const Option&) [with Op = unaryop_x86_functor::unary_op_atanh]':
/home/mingshi/Project/AI/ernie-image-ncnn-vulkan/third_party/ncnn/src/layer/x86/unaryop_fp32.h:183:48:   required from here
  183 |         return unary_op_inplace<unary_op_atanh>(bottom_top_blob, opt);
      |                ~~~~~~~~~~~~~~~~~~~~~~~~~~~~~~~~^~~~~~~~~~~~~~~~~~~~~~
/home/mingshi/Project/AI/ernie-image-ncnn-vulkan/third_party/ncnn/src/layer/x86/unaryop_fp32.h:18:51: warning: unused parameter 'opt' [-Wunused-parameter]
   18 | static int unary_op_inplace(Mat& a, const Option& opt)
      |                                     ~~~~~~~~~~~~~~^~~
/home/mingshi/Project/AI/ernie-image-ncnn-vulkan/third_party/ncnn/src/layer/x86/unaryop_fp32.h: In instantiation of 'int ncnn::unary_op_inplace(Mat&, const Option&) [with Op = unaryop_x86_functor::unary_op_log1p]':
/home/mingshi/Project/AI/ernie-image-ncnn-vulkan/third_party/ncnn/src/layer/x86/unaryop_fp32.h:186:48:   required from here
  186 |         return unary_op_inplace<unary_op_log1p>(bottom_top_blob, opt);
      |                ~~~~~~~~~~~~~~~~~~~~~~~~~~~~~~~~^~~~~~~~~~~~~~~~~~~~~~
/home/mingshi/Project/AI/ernie-image-ncnn-vulkan/third_party/ncnn/src/layer/x86/unaryop_fp32.h:18:51: warning: unused parameter 'opt' [-Wunused-parameter]
   18 | static int unary_op_inplace(Mat& a, const Option& opt)
      |                                     ~~~~~~~~~~~~~~^~~
/home/mingshi/Project/AI/ernie-image-ncnn-vulkan/third_party/ncnn/src/layer/x86/unaryop_bf16s.h: In instantiation of 'int ncnn::unary_op_inplace_bf16s(Mat&, const Option&) [with Op = unaryop_x86_functor::unary_op_abs]':
/home/mingshi/Project/AI/ernie-image-ncnn-vulkan/third_party/ncnn/src/layer/x86/unaryop_x86_fma.cpp:24:52:   required from here
   24 |         return unary_op_inplace_bf16s<unary_op_abs>(bottom_top_blob, opt);
      |                ~~~~~~~~~~~~~~~~~~~~~~~~~~~~~~~~~~~~^~~~~~~~~~~~~~~~~~~~~~
/home/mingshi/Project/AI/ernie-image-ncnn-vulkan/third_party/ncnn/src/layer/x86/unaryop_bf16s.h:5:57: warning: unused parameter 'opt' [-Wunused-parameter]
    5 | static int unary_op_inplace_bf16s(Mat& a, const Option& opt)
      |                                           ~~~~~~~~~~~~~~^~~
/home/mingshi/Project/AI/ernie-image-ncnn-vulkan/third_party/ncnn/src/layer/x86/unaryop_bf16s.h: In instantiation of 'int ncnn::unary_op_inplace_bf16s(Mat&, const Option&) [with Op = unaryop_x86_functor::unary_op_neg]':
/home/mingshi/Project/AI/ernie-image-ncnn-vulkan/third_party/ncnn/src/layer/x86/unaryop_x86_fma.cpp:27:52:   required from here
   27 |         return unary_op_inplace_bf16s<unary_op_neg>(bottom_top_blob, opt);
      |                ~~~~~~~~~~~~~~~~~~~~~~~~~~~~~~~~~~~~^~~~~~~~~~~~~~~~~~~~~~
/home/mingshi/Project/AI/ernie-image-ncnn-vulkan/third_party/ncnn/src/layer/x86/unaryop_bf16s.h:5:57: warning: unused parameter 'opt' [-Wunused-parameter]
    5 | static int unary_op_inplace_bf16s(Mat& a, const Option& opt)
      |                                           ~~~~~~~~~~~~~~^~~
/home/mingshi/Project/AI/ernie-image-ncnn-vulkan/third_party/ncnn/src/layer/x86/unaryop_bf16s.h: In instantiation of 'int ncnn::unary_op_inplace_bf16s(Mat&, const Option&) [with Op = unaryop_x86_functor::unary_op_floor]':
/home/mingshi/Project/AI/ernie-image-ncnn-vulkan/third_party/ncnn/src/layer/x86/unaryop_x86_fma.cpp:30:54:   required from here
   30 |         return unary_op_inplace_bf16s<unary_op_floor>(bottom_top_blob, opt);
      |                ~~~~~~~~~~~~~~~~~~~~~~~~~~~~~~~~~~~~~~^~~~~~~~~~~~~~~~~~~~~~
/home/mingshi/Project/AI/ernie-image-ncnn-vulkan/third_party/ncnn/src/layer/x86/unaryop_bf16s.h:5:57: warning: unused parameter 'opt' [-Wunused-parameter]
    5 | static int unary_op_inplace_bf16s(Mat& a, const Option& opt)
      |                                           ~~~~~~~~~~~~~~^~~
/home/mingshi/Project/AI/ernie-image-ncnn-vulkan/third_party/ncnn/src/layer/x86/unaryop_bf16s.h: In instantiation of 'int ncnn::unary_op_inplace_bf16s(Mat&, const Option&) [with Op = unaryop_x86_functor::unary_op_ceil]':
/home/mingshi/Project/AI/ernie-image-ncnn-vulkan/third_party/ncnn/src/layer/x86/unaryop_x86_fma.cpp:33:53:   required from here
   33 |         return unary_op_inplace_bf16s<unary_op_ceil>(bottom_top_blob, opt);
      |                ~~~~~~~~~~~~~~~~~~~~~~~~~~~~~~~~~~~~~^~~~~~~~~~~~~~~~~~~~~~
/home/mingshi/Project/AI/ernie-image-ncnn-vulkan/third_party/ncnn/src/layer/x86/unaryop_bf16s.h:5:57: warning: unused parameter 'opt' [-Wunused-parameter]
    5 | static int unary_op_inplace_bf16s(Mat& a, const Option& opt)
      |                                           ~~~~~~~~~~~~~~^~~
/home/mingshi/Project/AI/ernie-image-ncnn-vulkan/third_party/ncnn/src/layer/x86/unaryop_bf16s.h: In instantiation of 'int ncnn::unary_op_inplace_bf16s(Mat&, const Option&) [with Op = unaryop_x86_functor::unary_op_square]':
/home/mingshi/Project/AI/ernie-image-ncnn-vulkan/third_party/ncnn/src/layer/x86/unaryop_x86_fma.cpp:36:55:   required from here
   36 |         return unary_op_inplace_bf16s<unary_op_square>(bottom_top_blob, opt);
      |                ~~~~~~~~~~~~~~~~~~~~~~~~~~~~~~~~~~~~~~~^~~~~~~~~~~~~~~~~~~~~~
/home/mingshi/Project/AI/ernie-image-ncnn-vulkan/third_party/ncnn/src/layer/x86/unaryop_bf16s.h:5:57: warning: unused parameter 'opt' [-Wunused-parameter]
    5 | static int unary_op_inplace_bf16s(Mat& a, const Option& opt)
      |                                           ~~~~~~~~~~~~~~^~~
/home/mingshi/Project/AI/ernie-image-ncnn-vulkan/third_party/ncnn/src/layer/x86/unaryop_bf16s.h: In instantiation of 'int ncnn::unary_op_inplace_bf16s(Mat&, const Option&) [with Op = unaryop_x86_functor::unary_op_sqrt]':
/home/mingshi/Project/AI/ernie-image-ncnn-vulkan/third_party/ncnn/src/layer/x86/unaryop_x86_fma.cpp:39:53:   required from here
   39 |         return unary_op_inplace_bf16s<unary_op_sqrt>(bottom_top_blob, opt);
      |                ~~~~~~~~~~~~~~~~~~~~~~~~~~~~~~~~~~~~~^~~~~~~~~~~~~~~~~~~~~~
/home/mingshi/Project/AI/ernie-image-ncnn-vulkan/third_party/ncnn/src/layer/x86/unaryop_bf16s.h:5:57: warning: unused parameter 'opt' [-Wunused-parameter]
    5 | static int unary_op_inplace_bf16s(Mat& a, const Option& opt)
      |                                           ~~~~~~~~~~~~~~^~~
/home/mingshi/Project/AI/ernie-image-ncnn-vulkan/third_party/ncnn/src/layer/x86/unaryop_bf16s.h: In instantiation of 'int ncnn::unary_op_inplace_bf16s(Mat&, const Option&) [with Op = unaryop_x86_functor::unary_op_rsqrt]':
/home/mingshi/Project/AI/ernie-image-ncnn-vulkan/third_party/ncnn/src/layer/x86/unaryop_x86_fma.cpp:42:54:   required from here
   42 |         return unary_op_inplace_bf16s<unary_op_rsqrt>(bottom_top_blob, opt);
      |                ~~~~~~~~~~~~~~~~~~~~~~~~~~~~~~~~~~~~~~^~~~~~~~~~~~~~~~~~~~~~
/home/mingshi/Project/AI/ernie-image-ncnn-vulkan/third_party/ncnn/src/layer/x86/unaryop_bf16s.h:5:57: warning: unused parameter 'opt' [-Wunused-parameter]
    5 | static int unary_op_inplace_bf16s(Mat& a, const Option& opt)
      |                                           ~~~~~~~~~~~~~~^~~
/home/mingshi/Project/AI/ernie-image-ncnn-vulkan/third_party/ncnn/src/layer/x86/unaryop_bf16s.h: In instantiation of 'int ncnn::unary_op_inplace_bf16s(Mat&, const Option&) [with Op = unaryop_x86_functor::unary_op_exp]':
/home/mingshi/Project/AI/ernie-image-ncnn-vulkan/third_party/ncnn/src/layer/x86/unaryop_x86_fma.cpp:45:52:   required from here
   45 |         return unary_op_inplace_bf16s<unary_op_exp>(bottom_top_blob, opt);
      |                ~~~~~~~~~~~~~~~~~~~~~~~~~~~~~~~~~~~~^~~~~~~~~~~~~~~~~~~~~~
/home/mingshi/Project/AI/ernie-image-ncnn-vulkan/third_party/ncnn/src/layer/x86/unaryop_bf16s.h:5:57: warning: unused parameter 'opt' [-Wunused-parameter]
    5 | static int unary_op_inplace_bf16s(Mat& a, const Option& opt)
      |                                           ~~~~~~~~~~~~~~^~~
/home/mingshi/Project/AI/ernie-image-ncnn-vulkan/third_party/ncnn/src/layer/x86/unaryop_bf16s.h: In instantiation of 'int ncnn::unary_op_inplace_bf16s(Mat&, const Option&) [with Op = unaryop_x86_functor::unary_op_log]':
/home/mingshi/Project/AI/ernie-image-ncnn-vulkan/third_party/ncnn/src/layer/x86/unaryop_x86_fma.cpp:48:52:   required from here
   48 |         return unary_op_inplace_bf16s<unary_op_log>(bottom_top_blob, opt);
      |                ~~~~~~~~~~~~~~~~~~~~~~~~~~~~~~~~~~~~^~~~~~~~~~~~~~~~~~~~~~
/home/mingshi/Project/AI/ernie-image-ncnn-vulkan/third_party/ncnn/src/layer/x86/unaryop_bf16s.h:5:57: warning: unused parameter 'opt' [-Wunused-parameter]
    5 | static int unary_op_inplace_bf16s(Mat& a, const Option& opt)
      |                                           ~~~~~~~~~~~~~~^~~
/home/mingshi/Project/AI/ernie-image-ncnn-vulkan/third_party/ncnn/src/layer/x86/unaryop_bf16s.h: In instantiation of 'int ncnn::unary_op_inplace_bf16s(Mat&, const Option&) [with Op = unaryop_x86_functor::unary_op_sin]':
/home/mingshi/Project/AI/ernie-image-ncnn-vulkan/third_party/ncnn/src/layer/x86/unaryop_x86_fma.cpp:51:52:   required from here
   51 |         return unary_op_inplace_bf16s<unary_op_sin>(bottom_top_blob, opt);
      |                ~~~~~~~~~~~~~~~~~~~~~~~~~~~~~~~~~~~~^~~~~~~~~~~~~~~~~~~~~~
/home/mingshi/Project/AI/ernie-image-ncnn-vulkan/third_party/ncnn/src/layer/x86/unaryop_bf16s.h:5:57: warning: unused parameter 'opt' [-Wunused-parameter]
    5 | static int unary_op_inplace_bf16s(Mat& a, const Option& opt)
      |                                           ~~~~~~~~~~~~~~^~~
/home/mingshi/Project/AI/ernie-image-ncnn-vulkan/third_party/ncnn/src/layer/x86/unaryop_bf16s.h: In instantiation of 'int ncnn::unary_op_inplace_bf16s(Mat&, const Option&) [with Op = unaryop_x86_functor::unary_op_cos]':
/home/mingshi/Project/AI/ernie-image-ncnn-vulkan/third_party/ncnn/src/layer/x86/unaryop_x86_fma.cpp:54:52:   required from here
   54 |         return unary_op_inplace_bf16s<unary_op_cos>(bottom_top_blob, opt);
      |                ~~~~~~~~~~~~~~~~~~~~~~~~~~~~~~~~~~~~^~~~~~~~~~~~~~~~~~~~~~
/home/mingshi/Project/AI/ernie-image-ncnn-vulkan/third_party/ncnn/src/layer/x86/unaryop_bf16s.h:5:57: warning: unused parameter 'opt' [-Wunused-parameter]
    5 | static int unary_op_inplace_bf16s(Mat& a, const Option& opt)
      |                                           ~~~~~~~~~~~~~~^~~
/home/mingshi/Project/AI/ernie-image-ncnn-vulkan/third_party/ncnn/src/layer/x86/unaryop_bf16s.h: In instantiation of 'int ncnn::unary_op_inplace_bf16s(Mat&, const Option&) [with Op = unaryop_x86_functor::unary_op_tan]':
/home/mingshi/Project/AI/ernie-image-ncnn-vulkan/third_party/ncnn/src/layer/x86/unaryop_x86_fma.cpp:57:52:   required from here
   57 |         return unary_op_inplace_bf16s<unary_op_tan>(bottom_top_blob, opt);
      |                ~~~~~~~~~~~~~~~~~~~~~~~~~~~~~~~~~~~~^~~~~~~~~~~~~~~~~~~~~~
/home/mingshi/Project/AI/ernie-image-ncnn-vulkan/third_party/ncnn/src/layer/x86/unaryop_bf16s.h:5:57: warning: unused parameter 'opt' [-Wunused-parameter]
    5 | static int unary_op_inplace_bf16s(Mat& a, const Option& opt)
      |                                           ~~~~~~~~~~~~~~^~~
/home/mingshi/Project/AI/ernie-image-ncnn-vulkan/third_party/ncnn/src/layer/x86/unaryop_bf16s.h: In instantiation of 'int ncnn::unary_op_inplace_bf16s(Mat&, const Option&) [with Op = unaryop_x86_functor::unary_op_asin]':
/home/mingshi/Project/AI/ernie-image-ncnn-vulkan/third_party/ncnn/src/layer/x86/unaryop_x86_fma.cpp:60:53:   required from here
   60 |         return unary_op_inplace_bf16s<unary_op_asin>(bottom_top_blob, opt);
      |                ~~~~~~~~~~~~~~~~~~~~~~~~~~~~~~~~~~~~~^~~~~~~~~~~~~~~~~~~~~~
/home/mingshi/Project/AI/ernie-image-ncnn-vulkan/third_party/ncnn/src/layer/x86/unaryop_bf16s.h:5:57: warning: unused parameter 'opt' [-Wunused-parameter]
    5 | static int unary_op_inplace_bf16s(Mat& a, const Option& opt)
      |                                           ~~~~~~~~~~~~~~^~~
/home/mingshi/Project/AI/ernie-image-ncnn-vulkan/third_party/ncnn/src/layer/x86/unaryop_bf16s.h: In instantiation of 'int ncnn::unary_op_inplace_bf16s(Mat&, const Option&) [with Op = unaryop_x86_functor::unary_op_acos]':
/home/mingshi/Project/AI/ernie-image-ncnn-vulkan/third_party/ncnn/src/layer/x86/unaryop_x86_fma.cpp:63:53:   required from here
   63 |         return unary_op_inplace_bf16s<unary_op_acos>(bottom_top_blob, opt);
      |                ~~~~~~~~~~~~~~~~~~~~~~~~~~~~~~~~~~~~~^~~~~~~~~~~~~~~~~~~~~~
/home/mingshi/Project/AI/ernie-image-ncnn-vulkan/third_party/ncnn/src/layer/x86/unaryop_bf16s.h:5:57: warning: unused parameter 'opt' [-Wunused-parameter]
    5 | static int unary_op_inplace_bf16s(Mat& a, const Option& opt)
      |                                           ~~~~~~~~~~~~~~^~~
/home/mingshi/Project/AI/ernie-image-ncnn-vulkan/third_party/ncnn/src/layer/x86/unaryop_bf16s.h: In instantiation of 'int ncnn::unary_op_inplace_bf16s(Mat&, const Option&) [with Op = unaryop_x86_functor::unary_op_atan]':
/home/mingshi/Project/AI/ernie-image-ncnn-vulkan/third_party/ncnn/src/layer/x86/unaryop_x86_fma.cpp:66:53:   required from here
   66 |         return unary_op_inplace_bf16s<unary_op_atan>(bottom_top_blob, opt);
      |                ~~~~~~~~~~~~~~~~~~~~~~~~~~~~~~~~~~~~~^~~~~~~~~~~~~~~~~~~~~~
/home/mingshi/Project/AI/ernie-image-ncnn-vulkan/third_party/ncnn/src/layer/x86/unaryop_bf16s.h:5:57: warning: unused parameter 'opt' [-Wunused-parameter]
    5 | static int unary_op_inplace_bf16s(Mat& a, const Option& opt)
      |                                           ~~~~~~~~~~~~~~^~~
/home/mingshi/Project/AI/ernie-image-ncnn-vulkan/third_party/ncnn/src/layer/x86/unaryop_bf16s.h: In instantiation of 'int ncnn::unary_op_inplace_bf16s(Mat&, const Option&) [with Op = unaryop_x86_functor::unary_op_reciprocal]':
/home/mingshi/Project/AI/ernie-image-ncnn-vulkan/third_party/ncnn/src/layer/x86/unaryop_x86_fma.cpp:69:59:   required from here
   69 |         return unary_op_inplace_bf16s<unary_op_reciprocal>(bottom_top_blob, opt);
      |                ~~~~~~~~~~~~~~~~~~~~~~~~~~~~~~~~~~~~~~~~~~~^~~~~~~~~~~~~~~~~~~~~~
/home/mingshi/Project/AI/ernie-image-ncnn-vulkan/third_party/ncnn/src/layer/x86/unaryop_bf16s.h:5:57: warning: unused parameter 'opt' [-Wunused-parameter]
    5 | static int unary_op_inplace_bf16s(Mat& a, const Option& opt)
      |                                           ~~~~~~~~~~~~~~^~~
/home/mingshi/Project/AI/ernie-image-ncnn-vulkan/third_party/ncnn/src/layer/x86/unaryop_bf16s.h: In instantiation of 'int ncnn::unary_op_inplace_bf16s(Mat&, const Option&) [with Op = unaryop_x86_functor::unary_op_tanh]':
/home/mingshi/Project/AI/ernie-image-ncnn-vulkan/third_party/ncnn/src/layer/x86/unaryop_x86_fma.cpp:72:53:   required from here
   72 |         return unary_op_inplace_bf16s<unary_op_tanh>(bottom_top_blob, opt);
      |                ~~~~~~~~~~~~~~~~~~~~~~~~~~~~~~~~~~~~~^~~~~~~~~~~~~~~~~~~~~~
/home/mingshi/Project/AI/ernie-image-ncnn-vulkan/third_party/ncnn/src/layer/x86/unaryop_bf16s.h:5:57: warning: unused parameter 'opt' [-Wunused-parameter]
    5 | static int unary_op_inplace_bf16s(Mat& a, const Option& opt)
      |                                           ~~~~~~~~~~~~~~^~~
/home/mingshi/Project/AI/ernie-image-ncnn-vulkan/third_party/ncnn/src/layer/x86/unaryop_bf16s.h: In instantiation of 'int ncnn::unary_op_inplace_bf16s(Mat&, const Option&) [with Op = unaryop_x86_functor::unary_op_log10]':
/home/mingshi/Project/AI/ernie-image-ncnn-vulkan/third_party/ncnn/src/layer/x86/unaryop_x86_fma.cpp:75:54:   required from here
   75 |         return unary_op_inplace_bf16s<unary_op_log10>(bottom_top_blob, opt);
      |                ~~~~~~~~~~~~~~~~~~~~~~~~~~~~~~~~~~~~~~^~~~~~~~~~~~~~~~~~~~~~
/home/mingshi/Project/AI/ernie-image-ncnn-vulkan/third_party/ncnn/src/layer/x86/unaryop_bf16s.h:5:57: warning: unused parameter 'opt' [-Wunused-parameter]
    5 | static int unary_op_inplace_bf16s(Mat& a, const Option& opt)
      |                                           ~~~~~~~~~~~~~~^~~
/home/mingshi/Project/AI/ernie-image-ncnn-vulkan/third_party/ncnn/src/layer/x86/unaryop_bf16s.h: In instantiation of 'int ncnn::unary_op_inplace_bf16s(Mat&, const Option&) [with Op = unaryop_x86_functor::unary_op_round]':
/home/mingshi/Project/AI/ernie-image-ncnn-vulkan/third_party/ncnn/src/layer/x86/unaryop_x86_fma.cpp:84:57:   required from here
   84 |         int ret = unary_op_inplace_bf16s<unary_op_round>(bottom_top_blob, opt);
      |                   ~~~~~~~~~~~~~~~~~~~~~~~~~~~~~~~~~~~~~~^~~~~~~~~~~~~~~~~~~~~~
/home/mingshi/Project/AI/ernie-image-ncnn-vulkan/third_party/ncnn/src/layer/x86/unaryop_bf16s.h:5:57: warning: unused parameter 'opt' [-Wunused-parameter]
    5 | static int unary_op_inplace_bf16s(Mat& a, const Option& opt)
      |                                           ~~~~~~~~~~~~~~^~~
/home/mingshi/Project/AI/ernie-image-ncnn-vulkan/third_party/ncnn/src/layer/x86/unaryop_bf16s.h: In instantiation of 'int ncnn::unary_op_inplace_bf16s(Mat&, const Option&) [with Op = unaryop_x86_functor::unary_op_trunc]':
/home/mingshi/Project/AI/ernie-image-ncnn-vulkan/third_party/ncnn/src/layer/x86/unaryop_x86_fma.cpp:92:54:   required from here
   92 |         return unary_op_inplace_bf16s<unary_op_trunc>(bottom_top_blob, opt);
      |                ~~~~~~~~~~~~~~~~~~~~~~~~~~~~~~~~~~~~~~^~~~~~~~~~~~~~~~~~~~~~
/home/mingshi/Project/AI/ernie-image-ncnn-vulkan/third_party/ncnn/src/layer/x86/unaryop_bf16s.h:5:57: warning: unused parameter 'opt' [-Wunused-parameter]
    5 | static int unary_op_inplace_bf16s(Mat& a, const Option& opt)
      |                                           ~~~~~~~~~~~~~~^~~
/home/mingshi/Project/AI/ernie-image-ncnn-vulkan/third_party/ncnn/src/layer/x86/unaryop_bf16s.h: In instantiation of 'int ncnn::unary_op_inplace_bf16s(Mat&, const Option&) [with Op = unaryop_x86_functor::unary_op_sign]':
/home/mingshi/Project/AI/ernie-image-ncnn-vulkan/third_party/ncnn/src/layer/x86/unaryop_x86_fma.cpp:95:53:   required from here
   95 |         return unary_op_inplace_bf16s<unary_op_sign>(bottom_top_blob, opt);
      |                ~~~~~~~~~~~~~~~~~~~~~~~~~~~~~~~~~~~~~^~~~~~~~~~~~~~~~~~~~~~
/home/mingshi/Project/AI/ernie-image-ncnn-vulkan/third_party/ncnn/src/layer/x86/unaryop_bf16s.h:5:57: warning: unused parameter 'opt' [-Wunused-parameter]
    5 | static int unary_op_inplace_bf16s(Mat& a, const Option& opt)
      |                                           ~~~~~~~~~~~~~~^~~
/home/mingshi/Project/AI/ernie-image-ncnn-vulkan/third_party/ncnn/src/layer/x86/unaryop_bf16s.h: In instantiation of 'int ncnn::unary_op_inplace_bf16s(Mat&, const Option&) [with Op = unaryop_x86_functor::unary_op_expm1]':
/home/mingshi/Project/AI/ernie-image-ncnn-vulkan/third_party/ncnn/src/layer/x86/unaryop_x86_fma.cpp:98:54:   required from here
   98 |         return unary_op_inplace_bf16s<unary_op_expm1>(bottom_top_blob, opt);
      |                ~~~~~~~~~~~~~~~~~~~~~~~~~~~~~~~~~~~~~~^~~~~~~~~~~~~~~~~~~~~~
/home/mingshi/Project/AI/ernie-image-ncnn-vulkan/third_party/ncnn/src/layer/x86/unaryop_bf16s.h:5:57: warning: unused parameter 'opt' [-Wunused-parameter]
    5 | static int unary_op_inplace_bf16s(Mat& a, const Option& opt)
      |                                           ~~~~~~~~~~~~~~^~~
/home/mingshi/Project/AI/ernie-image-ncnn-vulkan/third_party/ncnn/src/layer/x86/unaryop_bf16s.h: In instantiation of 'int ncnn::unary_op_inplace_bf16s(Mat&, const Option&) [with Op = unaryop_x86_functor::unary_op_sinh]':
/home/mingshi/Project/AI/ernie-image-ncnn-vulkan/third_party/ncnn/src/layer/x86/unaryop_x86_fma.cpp:101:53:   required from here
  101 |         return unary_op_inplace_bf16s<unary_op_sinh>(bottom_top_blob, opt);
      |                ~~~~~~~~~~~~~~~~~~~~~~~~~~~~~~~~~~~~~^~~~~~~~~~~~~~~~~~~~~~
/home/mingshi/Project/AI/ernie-image-ncnn-vulkan/third_party/ncnn/src/layer/x86/unaryop_bf16s.h:5:57: warning: unused parameter 'opt' [-Wunused-parameter]
    5 | static int unary_op_inplace_bf16s(Mat& a, const Option& opt)
      |                                           ~~~~~~~~~~~~~~^~~
/home/mingshi/Project/AI/ernie-image-ncnn-vulkan/third_party/ncnn/src/layer/x86/unaryop_bf16s.h: In instantiation of 'int ncnn::unary_op_inplace_bf16s(Mat&, const Option&) [with Op = unaryop_x86_functor::unary_op_asinh]':
/home/mingshi/Project/AI/ernie-image-ncnn-vulkan/third_party/ncnn/src/layer/x86/unaryop_x86_fma.cpp:104:54:   required from here
  104 |         return unary_op_inplace_bf16s<unary_op_asinh>(bottom_top_blob, opt);
      |                ~~~~~~~~~~~~~~~~~~~~~~~~~~~~~~~~~~~~~~^~~~~~~~~~~~~~~~~~~~~~
/home/mingshi/Project/AI/ernie-image-ncnn-vulkan/third_party/ncnn/src/layer/x86/unaryop_bf16s.h:5:57: warning: unused parameter 'opt' [-Wunused-parameter]
    5 | static int unary_op_inplace_bf16s(Mat& a, const Option& opt)
      |                                           ~~~~~~~~~~~~~~^~~
/home/mingshi/Project/AI/ernie-image-ncnn-vulkan/third_party/ncnn/src/layer/x86/unaryop_bf16s.h: In instantiation of 'int ncnn::unary_op_inplace_bf16s(Mat&, const Option&) [with Op = unaryop_x86_functor::unary_op_cosh]':
/home/mingshi/Project/AI/ernie-image-ncnn-vulkan/third_party/ncnn/src/layer/x86/unaryop_x86_fma.cpp:107:53:   required from here
  107 |         return unary_op_inplace_bf16s<unary_op_cosh>(bottom_top_blob, opt);
      |                ~~~~~~~~~~~~~~~~~~~~~~~~~~~~~~~~~~~~~^~~~~~~~~~~~~~~~~~~~~~
/home/mingshi/Project/AI/ernie-image-ncnn-vulkan/third_party/ncnn/src/layer/x86/unaryop_bf16s.h:5:57: warning: unused parameter 'opt' [-Wunused-parameter]
    5 | static int unary_op_inplace_bf16s(Mat& a, const Option& opt)
      |                                           ~~~~~~~~~~~~~~^~~
/home/mingshi/Project/AI/ernie-image-ncnn-vulkan/third_party/ncnn/src/layer/x86/unaryop_bf16s.h: In instantiation of 'int ncnn::unary_op_inplace_bf16s(Mat&, const Option&) [with Op = unaryop_x86_functor::unary_op_acosh]':
/home/mingshi/Project/AI/ernie-image-ncnn-vulkan/third_party/ncnn/src/layer/x86/unaryop_x86_fma.cpp:110:54:   required from here
  110 |         return unary_op_inplace_bf16s<unary_op_acosh>(bottom_top_blob, opt);
      |                ~~~~~~~~~~~~~~~~~~~~~~~~~~~~~~~~~~~~~~^~~~~~~~~~~~~~~~~~~~~~
/home/mingshi/Project/AI/ernie-image-ncnn-vulkan/third_party/ncnn/src/layer/x86/unaryop_bf16s.h:5:57: warning: unused parameter 'opt' [-Wunused-parameter]
    5 | static int unary_op_inplace_bf16s(Mat& a, const Option& opt)
      |                                           ~~~~~~~~~~~~~~^~~
/home/mingshi/Project/AI/ernie-image-ncnn-vulkan/third_party/ncnn/src/layer/x86/unaryop_bf16s.h: In instantiation of 'int ncnn::unary_op_inplace_bf16s(Mat&, const Option&) [with Op = unaryop_x86_functor::unary_op_atanh]':
/home/mingshi/Project/AI/ernie-image-ncnn-vulkan/third_party/ncnn/src/layer/x86/unaryop_x86_fma.cpp:113:54:   required from here
  113 |         return unary_op_inplace_bf16s<unary_op_atanh>(bottom_top_blob, opt);
      |                ~~~~~~~~~~~~~~~~~~~~~~~~~~~~~~~~~~~~~~^~~~~~~~~~~~~~~~~~~~~~
/home/mingshi/Project/AI/ernie-image-ncnn-vulkan/third_party/ncnn/src/layer/x86/unaryop_bf16s.h:5:57: warning: unused parameter 'opt' [-Wunused-parameter]
    5 | static int unary_op_inplace_bf16s(Mat& a, const Option& opt)
      |                                           ~~~~~~~~~~~~~~^~~
/home/mingshi/Project/AI/ernie-image-ncnn-vulkan/third_party/ncnn/src/layer/x86/unaryop_bf16s.h: In instantiation of 'int ncnn::unary_op_inplace_bf16s(Mat&, const Option&) [with Op = unaryop_x86_functor::unary_op_log1p]':
/home/mingshi/Project/AI/ernie-image-ncnn-vulkan/third_party/ncnn/src/layer/x86/unaryop_x86_fma.cpp:116:54:   required from here
  116 |         return unary_op_inplace_bf16s<unary_op_log1p>(bottom_top_blob, opt);
      |                ~~~~~~~~~~~~~~~~~~~~~~~~~~~~~~~~~~~~~~^~~~~~~~~~~~~~~~~~~~~~
/home/mingshi/Project/AI/ernie-image-ncnn-vulkan/third_party/ncnn/src/layer/x86/unaryop_bf16s.h:5:57: warning: unused parameter 'opt' [-Wunused-parameter]
    5 | static int unary_op_inplace_bf16s(Mat& a, const Option& opt)
      |                                           ~~~~~~~~~~~~~~^~~
[194/415] Building CXX object ncnn/src/CMakeFiles/ncnn.dir/layer/x86/unaryop_x86_fma4.cpp.obj
In file included from /home/mingshi/Project/AI/ernie-image-ncnn-vulkan/third_party/ncnn/src/layer/x86/unaryop_x86_fma4.cpp:15:
/home/mingshi/Project/AI/ernie-image-ncnn-vulkan/third_party/ncnn/src/layer/x86/unaryop_fp32.h:29: warning: ignoring '#pragma omp parallel' [-Wunknown-pragmas]
   29 |     #pragma omp parallel for num_threads(opt.num_threads)
In file included from /home/mingshi/Project/AI/ernie-image-ncnn-vulkan/third_party/ncnn/src/layer/x86/unaryop_x86_fma4.cpp:18:
/home/mingshi/Project/AI/ernie-image-ncnn-vulkan/third_party/ncnn/src/layer/x86/unaryop_bf16s.h:16: warning: ignoring '#pragma omp parallel' [-Wunknown-pragmas]
   16 |     #pragma omp parallel for num_threads(opt.num_threads)
/home/mingshi/Project/AI/ernie-image-ncnn-vulkan/third_party/ncnn/src/layer/x86/unaryop_fp32.h: In instantiation of 'int ncnn::unary_op_inplace(Mat&, const Option&) [with Op = unaryop_x86_functor::unary_op_abs]':
/home/mingshi/Project/AI/ernie-image-ncnn-vulkan/third_party/ncnn/src/layer/x86/unaryop_fp32.h:94:46:   required from here
   94 |         return unary_op_inplace<unary_op_abs>(bottom_top_blob, opt);
      |                ~~~~~~~~~~~~~~~~~~~~~~~~~~~~~~^~~~~~~~~~~~~~~~~~~~~~
/home/mingshi/Project/AI/ernie-image-ncnn-vulkan/third_party/ncnn/src/layer/x86/unaryop_fp32.h:18:51: warning: unused parameter 'opt' [-Wunused-parameter]
   18 | static int unary_op_inplace(Mat& a, const Option& opt)
      |                                     ~~~~~~~~~~~~~~^~~
/home/mingshi/Project/AI/ernie-image-ncnn-vulkan/third_party/ncnn/src/layer/x86/unaryop_fp32.h: In instantiation of 'int ncnn::unary_op_inplace(Mat&, const Option&) [with Op = unaryop_x86_functor::unary_op_neg]':
/home/mingshi/Project/AI/ernie-image-ncnn-vulkan/third_party/ncnn/src/layer/x86/unaryop_fp32.h:97:46:   required from here
   97 |         return unary_op_inplace<unary_op_neg>(bottom_top_blob, opt);
      |                ~~~~~~~~~~~~~~~~~~~~~~~~~~~~~~^~~~~~~~~~~~~~~~~~~~~~
/home/mingshi/Project/AI/ernie-image-ncnn-vulkan/third_party/ncnn/src/layer/x86/unaryop_fp32.h:18:51: warning: unused parameter 'opt' [-Wunused-parameter]
   18 | static int unary_op_inplace(Mat& a, const Option& opt)
      |                                     ~~~~~~~~~~~~~~^~~
/home/mingshi/Project/AI/ernie-image-ncnn-vulkan/third_party/ncnn/src/layer/x86/unaryop_fp32.h: In instantiation of 'int ncnn::unary_op_inplace(Mat&, const Option&) [with Op = unaryop_x86_functor::unary_op_floor]':
/home/mingshi/Project/AI/ernie-image-ncnn-vulkan/third_party/ncnn/src/layer/x86/unaryop_fp32.h:100:48:   required from here
  100 |         return unary_op_inplace<unary_op_floor>(bottom_top_blob, opt);
      |                ~~~~~~~~~~~~~~~~~~~~~~~~~~~~~~~~^~~~~~~~~~~~~~~~~~~~~~
/home/mingshi/Project/AI/ernie-image-ncnn-vulkan/third_party/ncnn/src/layer/x86/unaryop_fp32.h:18:51: warning: unused parameter 'opt' [-Wunused-parameter]
   18 | static int unary_op_inplace(Mat& a, const Option& opt)
      |                                     ~~~~~~~~~~~~~~^~~
/home/mingshi/Project/AI/ernie-image-ncnn-vulkan/third_party/ncnn/src/layer/x86/unaryop_fp32.h: In instantiation of 'int ncnn::unary_op_inplace(Mat&, const Option&) [with Op = unaryop_x86_functor::unary_op_ceil]':
/home/mingshi/Project/AI/ernie-image-ncnn-vulkan/third_party/ncnn/src/layer/x86/unaryop_fp32.h:103:47:   required from here
  103 |         return unary_op_inplace<unary_op_ceil>(bottom_top_blob, opt);
      |                ~~~~~~~~~~~~~~~~~~~~~~~~~~~~~~~^~~~~~~~~~~~~~~~~~~~~~
/home/mingshi/Project/AI/ernie-image-ncnn-vulkan/third_party/ncnn/src/layer/x86/unaryop_fp32.h:18:51: warning: unused parameter 'opt' [-Wunused-parameter]
   18 | static int unary_op_inplace(Mat& a, const Option& opt)
      |                                     ~~~~~~~~~~~~~~^~~
/home/mingshi/Project/AI/ernie-image-ncnn-vulkan/third_party/ncnn/src/layer/x86/unaryop_fp32.h: In instantiation of 'int ncnn::unary_op_inplace(Mat&, const Option&) [with Op = unaryop_x86_functor::unary_op_square]':
/home/mingshi/Project/AI/ernie-image-ncnn-vulkan/third_party/ncnn/src/layer/x86/unaryop_fp32.h:106:49:   required from here
  106 |         return unary_op_inplace<unary_op_square>(bottom_top_blob, opt);
      |                ~~~~~~~~~~~~~~~~~~~~~~~~~~~~~~~~~^~~~~~~~~~~~~~~~~~~~~~
/home/mingshi/Project/AI/ernie-image-ncnn-vulkan/third_party/ncnn/src/layer/x86/unaryop_fp32.h:18:51: warning: unused parameter 'opt' [-Wunused-parameter]
   18 | static int unary_op_inplace(Mat& a, const Option& opt)
      |                                     ~~~~~~~~~~~~~~^~~
/home/mingshi/Project/AI/ernie-image-ncnn-vulkan/third_party/ncnn/src/layer/x86/unaryop_fp32.h: In instantiation of 'int ncnn::unary_op_inplace(Mat&, const Option&) [with Op = unaryop_x86_functor::unary_op_sqrt]':
/home/mingshi/Project/AI/ernie-image-ncnn-vulkan/third_party/ncnn/src/layer/x86/unaryop_fp32.h:109:47:   required from here
  109 |         return unary_op_inplace<unary_op_sqrt>(bottom_top_blob, opt);
      |                ~~~~~~~~~~~~~~~~~~~~~~~~~~~~~~~^~~~~~~~~~~~~~~~~~~~~~
/home/mingshi/Project/AI/ernie-image-ncnn-vulkan/third_party/ncnn/src/layer/x86/unaryop_fp32.h:18:51: warning: unused parameter 'opt' [-Wunused-parameter]
   18 | static int unary_op_inplace(Mat& a, const Option& opt)
      |                                     ~~~~~~~~~~~~~~^~~
/home/mingshi/Project/AI/ernie-image-ncnn-vulkan/third_party/ncnn/src/layer/x86/unaryop_fp32.h: In instantiation of 'int ncnn::unary_op_inplace(Mat&, const Option&) [with Op = unaryop_x86_functor::unary_op_rsqrt]':
/home/mingshi/Project/AI/ernie-image-ncnn-vulkan/third_party/ncnn/src/layer/x86/unaryop_fp32.h:112:48:   required from here
  112 |         return unary_op_inplace<unary_op_rsqrt>(bottom_top_blob, opt);
      |                ~~~~~~~~~~~~~~~~~~~~~~~~~~~~~~~~^~~~~~~~~~~~~~~~~~~~~~
/home/mingshi/Project/AI/ernie-image-ncnn-vulkan/third_party/ncnn/src/layer/x86/unaryop_fp32.h:18:51: warning: unused parameter 'opt' [-Wunused-parameter]
   18 | static int unary_op_inplace(Mat& a, const Option& opt)
      |                                     ~~~~~~~~~~~~~~^~~
/home/mingshi/Project/AI/ernie-image-ncnn-vulkan/third_party/ncnn/src/layer/x86/unaryop_fp32.h: In instantiation of 'int ncnn::unary_op_inplace(Mat&, const Option&) [with Op = unaryop_x86_functor::unary_op_exp]':
/home/mingshi/Project/AI/ernie-image-ncnn-vulkan/third_party/ncnn/src/layer/x86/unaryop_fp32.h:115:46:   required from here
  115 |         return unary_op_inplace<unary_op_exp>(bottom_top_blob, opt);
      |                ~~~~~~~~~~~~~~~~~~~~~~~~~~~~~~^~~~~~~~~~~~~~~~~~~~~~
/home/mingshi/Project/AI/ernie-image-ncnn-vulkan/third_party/ncnn/src/layer/x86/unaryop_fp32.h:18:51: warning: unused parameter 'opt' [-Wunused-parameter]
   18 | static int unary_op_inplace(Mat& a, const Option& opt)
      |                                     ~~~~~~~~~~~~~~^~~
/home/mingshi/Project/AI/ernie-image-ncnn-vulkan/third_party/ncnn/src/layer/x86/unaryop_fp32.h: In instantiation of 'int ncnn::unary_op_inplace(Mat&, const Option&) [with Op = unaryop_x86_functor::unary_op_log]':
/home/mingshi/Project/AI/ernie-image-ncnn-vulkan/third_party/ncnn/src/layer/x86/unaryop_fp32.h:118:46:   required from here
  118 |         return unary_op_inplace<unary_op_log>(bottom_top_blob, opt);
      |                ~~~~~~~~~~~~~~~~~~~~~~~~~~~~~~^~~~~~~~~~~~~~~~~~~~~~
/home/mingshi/Project/AI/ernie-image-ncnn-vulkan/third_party/ncnn/src/layer/x86/unaryop_fp32.h:18:51: warning: unused parameter 'opt' [-Wunused-parameter]
   18 | static int unary_op_inplace(Mat& a, const Option& opt)
      |                                     ~~~~~~~~~~~~~~^~~
/home/mingshi/Project/AI/ernie-image-ncnn-vulkan/third_party/ncnn/src/layer/x86/unaryop_fp32.h: In instantiation of 'int ncnn::unary_op_inplace(Mat&, const Option&) [with Op = unaryop_x86_functor::unary_op_sin]':
/home/mingshi/Project/AI/ernie-image-ncnn-vulkan/third_party/ncnn/src/layer/x86/unaryop_fp32.h:121:46:   required from here
  121 |         return unary_op_inplace<unary_op_sin>(bottom_top_blob, opt);
      |                ~~~~~~~~~~~~~~~~~~~~~~~~~~~~~~^~~~~~~~~~~~~~~~~~~~~~
/home/mingshi/Project/AI/ernie-image-ncnn-vulkan/third_party/ncnn/src/layer/x86/unaryop_fp32.h:18:51: warning: unused parameter 'opt' [-Wunused-parameter]
   18 | static int unary_op_inplace(Mat& a, const Option& opt)
      |                                     ~~~~~~~~~~~~~~^~~
/home/mingshi/Project/AI/ernie-image-ncnn-vulkan/third_party/ncnn/src/layer/x86/unaryop_fp32.h: In instantiation of 'int ncnn::unary_op_inplace(Mat&, const Option&) [with Op = unaryop_x86_functor::unary_op_cos]':
/home/mingshi/Project/AI/ernie-image-ncnn-vulkan/third_party/ncnn/src/layer/x86/unaryop_fp32.h:124:46:   required from here
  124 |         return unary_op_inplace<unary_op_cos>(bottom_top_blob, opt);
      |                ~~~~~~~~~~~~~~~~~~~~~~~~~~~~~~^~~~~~~~~~~~~~~~~~~~~~
/home/mingshi/Project/AI/ernie-image-ncnn-vulkan/third_party/ncnn/src/layer/x86/unaryop_fp32.h:18:51: warning: unused parameter 'opt' [-Wunused-parameter]
   18 | static int unary_op_inplace(Mat& a, const Option& opt)
      |                                     ~~~~~~~~~~~~~~^~~
/home/mingshi/Project/AI/ernie-image-ncnn-vulkan/third_party/ncnn/src/layer/x86/unaryop_fp32.h: In instantiation of 'int ncnn::unary_op_inplace(Mat&, const Option&) [with Op = unaryop_x86_functor::unary_op_tan]':
/home/mingshi/Project/AI/ernie-image-ncnn-vulkan/third_party/ncnn/src/layer/x86/unaryop_fp32.h:127:46:   required from here
  127 |         return unary_op_inplace<unary_op_tan>(bottom_top_blob, opt);
      |                ~~~~~~~~~~~~~~~~~~~~~~~~~~~~~~^~~~~~~~~~~~~~~~~~~~~~
/home/mingshi/Project/AI/ernie-image-ncnn-vulkan/third_party/ncnn/src/layer/x86/unaryop_fp32.h:18:51: warning: unused parameter 'opt' [-Wunused-parameter]
   18 | static int unary_op_inplace(Mat& a, const Option& opt)
      |                                     ~~~~~~~~~~~~~~^~~
/home/mingshi/Project/AI/ernie-image-ncnn-vulkan/third_party/ncnn/src/layer/x86/unaryop_fp32.h: In instantiation of 'int ncnn::unary_op_inplace(Mat&, const Option&) [with Op = unaryop_x86_functor::unary_op_asin]':
/home/mingshi/Project/AI/ernie-image-ncnn-vulkan/third_party/ncnn/src/layer/x86/unaryop_fp32.h:130:47:   required from here
  130 |         return unary_op_inplace<unary_op_asin>(bottom_top_blob, opt);
      |                ~~~~~~~~~~~~~~~~~~~~~~~~~~~~~~~^~~~~~~~~~~~~~~~~~~~~~
/home/mingshi/Project/AI/ernie-image-ncnn-vulkan/third_party/ncnn/src/layer/x86/unaryop_fp32.h:18:51: warning: unused parameter 'opt' [-Wunused-parameter]
   18 | static int unary_op_inplace(Mat& a, const Option& opt)
      |                                     ~~~~~~~~~~~~~~^~~
/home/mingshi/Project/AI/ernie-image-ncnn-vulkan/third_party/ncnn/src/layer/x86/unaryop_fp32.h: In instantiation of 'int ncnn::unary_op_inplace(Mat&, const Option&) [with Op = unaryop_x86_functor::unary_op_acos]':
/home/mingshi/Project/AI/ernie-image-ncnn-vulkan/third_party/ncnn/src/layer/x86/unaryop_fp32.h:133:47:   required from here
  133 |         return unary_op_inplace<unary_op_acos>(bottom_top_blob, opt);
      |                ~~~~~~~~~~~~~~~~~~~~~~~~~~~~~~~^~~~~~~~~~~~~~~~~~~~~~
/home/mingshi/Project/AI/ernie-image-ncnn-vulkan/third_party/ncnn/src/layer/x86/unaryop_fp32.h:18:51: warning: unused parameter 'opt' [-Wunused-parameter]
   18 | static int unary_op_inplace(Mat& a, const Option& opt)
      |                                     ~~~~~~~~~~~~~~^~~
/home/mingshi/Project/AI/ernie-image-ncnn-vulkan/third_party/ncnn/src/layer/x86/unaryop_fp32.h: In instantiation of 'int ncnn::unary_op_inplace(Mat&, const Option&) [with Op = unaryop_x86_functor::unary_op_atan]':
/home/mingshi/Project/AI/ernie-image-ncnn-vulkan/third_party/ncnn/src/layer/x86/unaryop_fp32.h:136:47:   required from here
  136 |         return unary_op_inplace<unary_op_atan>(bottom_top_blob, opt);
      |                ~~~~~~~~~~~~~~~~~~~~~~~~~~~~~~~^~~~~~~~~~~~~~~~~~~~~~
/home/mingshi/Project/AI/ernie-image-ncnn-vulkan/third_party/ncnn/src/layer/x86/unaryop_fp32.h:18:51: warning: unused parameter 'opt' [-Wunused-parameter]
   18 | static int unary_op_inplace(Mat& a, const Option& opt)
      |                                     ~~~~~~~~~~~~~~^~~
/home/mingshi/Project/AI/ernie-image-ncnn-vulkan/third_party/ncnn/src/layer/x86/unaryop_fp32.h: In instantiation of 'int ncnn::unary_op_inplace(Mat&, const Option&) [with Op = unaryop_x86_functor::unary_op_reciprocal]':
/home/mingshi/Project/AI/ernie-image-ncnn-vulkan/third_party/ncnn/src/layer/x86/unaryop_fp32.h:139:53:   required from here
  139 |         return unary_op_inplace<unary_op_reciprocal>(bottom_top_blob, opt);
      |                ~~~~~~~~~~~~~~~~~~~~~~~~~~~~~~~~~~~~~^~~~~~~~~~~~~~~~~~~~~~
/home/mingshi/Project/AI/ernie-image-ncnn-vulkan/third_party/ncnn/src/layer/x86/unaryop_fp32.h:18:51: warning: unused parameter 'opt' [-Wunused-parameter]
   18 | static int unary_op_inplace(Mat& a, const Option& opt)
      |                                     ~~~~~~~~~~~~~~^~~
/home/mingshi/Project/AI/ernie-image-ncnn-vulkan/third_party/ncnn/src/layer/x86/unaryop_fp32.h: In instantiation of 'int ncnn::unary_op_inplace(Mat&, const Option&) [with Op = unaryop_x86_functor::unary_op_tanh]':
/home/mingshi/Project/AI/ernie-image-ncnn-vulkan/third_party/ncnn/src/layer/x86/unaryop_fp32.h:142:47:   required from here
  142 |         return unary_op_inplace<unary_op_tanh>(bottom_top_blob, opt);
      |                ~~~~~~~~~~~~~~~~~~~~~~~~~~~~~~~^~~~~~~~~~~~~~~~~~~~~~
/home/mingshi/Project/AI/ernie-image-ncnn-vulkan/third_party/ncnn/src/layer/x86/unaryop_fp32.h:18:51: warning: unused parameter 'opt' [-Wunused-parameter]
   18 | static int unary_op_inplace(Mat& a, const Option& opt)
      |                                     ~~~~~~~~~~~~~~^~~
/home/mingshi/Project/AI/ernie-image-ncnn-vulkan/third_party/ncnn/src/layer/x86/unaryop_fp32.h: In instantiation of 'int ncnn::unary_op_inplace(Mat&, const Option&) [with Op = unaryop_x86_functor::unary_op_log10]':
/home/mingshi/Project/AI/ernie-image-ncnn-vulkan/third_party/ncnn/src/layer/x86/unaryop_fp32.h:145:48:   required from here
  145 |         return unary_op_inplace<unary_op_log10>(bottom_top_blob, opt);
      |                ~~~~~~~~~~~~~~~~~~~~~~~~~~~~~~~~^~~~~~~~~~~~~~~~~~~~~~
/home/mingshi/Project/AI/ernie-image-ncnn-vulkan/third_party/ncnn/src/layer/x86/unaryop_fp32.h:18:51: warning: unused parameter 'opt' [-Wunused-parameter]
   18 | static int unary_op_inplace(Mat& a, const Option& opt)
      |                                     ~~~~~~~~~~~~~~^~~
/home/mingshi/Project/AI/ernie-image-ncnn-vulkan/third_party/ncnn/src/layer/x86/unaryop_fp32.h: In instantiation of 'int ncnn::unary_op_inplace(Mat&, const Option&) [with Op = unaryop_x86_functor::unary_op_round]':
/home/mingshi/Project/AI/ernie-image-ncnn-vulkan/third_party/ncnn/src/layer/x86/unaryop_fp32.h:154:51:   required from here
  154 |         int ret = unary_op_inplace<unary_op_round>(bottom_top_blob, opt);
      |                   ~~~~~~~~~~~~~~~~~~~~~~~~~~~~~~~~^~~~~~~~~~~~~~~~~~~~~~
/home/mingshi/Project/AI/ernie-image-ncnn-vulkan/third_party/ncnn/src/layer/x86/unaryop_fp32.h:18:51: warning: unused parameter 'opt' [-Wunused-parameter]
   18 | static int unary_op_inplace(Mat& a, const Option& opt)
      |                                     ~~~~~~~~~~~~~~^~~
/home/mingshi/Project/AI/ernie-image-ncnn-vulkan/third_party/ncnn/src/layer/x86/unaryop_fp32.h: In instantiation of 'int ncnn::unary_op_inplace(Mat&, const Option&) [with Op = unaryop_x86_functor::unary_op_trunc]':
/home/mingshi/Project/AI/ernie-image-ncnn-vulkan/third_party/ncnn/src/layer/x86/unaryop_fp32.h:162:48:   required from here
  162 |         return unary_op_inplace<unary_op_trunc>(bottom_top_blob, opt);
      |                ~~~~~~~~~~~~~~~~~~~~~~~~~~~~~~~~^~~~~~~~~~~~~~~~~~~~~~
/home/mingshi/Project/AI/ernie-image-ncnn-vulkan/third_party/ncnn/src/layer/x86/unaryop_fp32.h:18:51: warning: unused parameter 'opt' [-Wunused-parameter]
   18 | static int unary_op_inplace(Mat& a, const Option& opt)
      |                                     ~~~~~~~~~~~~~~^~~
/home/mingshi/Project/AI/ernie-image-ncnn-vulkan/third_party/ncnn/src/layer/x86/unaryop_fp32.h: In instantiation of 'int ncnn::unary_op_inplace(Mat&, const Option&) [with Op = unaryop_x86_functor::unary_op_sign]':
/home/mingshi/Project/AI/ernie-image-ncnn-vulkan/third_party/ncnn/src/layer/x86/unaryop_fp32.h:165:47:   required from here
  165 |         return unary_op_inplace<unary_op_sign>(bottom_top_blob, opt);
      |                ~~~~~~~~~~~~~~~~~~~~~~~~~~~~~~~^~~~~~~~~~~~~~~~~~~~~~
/home/mingshi/Project/AI/ernie-image-ncnn-vulkan/third_party/ncnn/src/layer/x86/unaryop_fp32.h:18:51: warning: unused parameter 'opt' [-Wunused-parameter]
   18 | static int unary_op_inplace(Mat& a, const Option& opt)
      |                                     ~~~~~~~~~~~~~~^~~
/home/mingshi/Project/AI/ernie-image-ncnn-vulkan/third_party/ncnn/src/layer/x86/unaryop_fp32.h: In instantiation of 'int ncnn::unary_op_inplace(Mat&, const Option&) [with Op = unaryop_x86_functor::unary_op_expm1]':
/home/mingshi/Project/AI/ernie-image-ncnn-vulkan/third_party/ncnn/src/layer/x86/unaryop_fp32.h:168:48:   required from here
  168 |         return unary_op_inplace<unary_op_expm1>(bottom_top_blob, opt);
      |                ~~~~~~~~~~~~~~~~~~~~~~~~~~~~~~~~^~~~~~~~~~~~~~~~~~~~~~
/home/mingshi/Project/AI/ernie-image-ncnn-vulkan/third_party/ncnn/src/layer/x86/unaryop_fp32.h:18:51: warning: unused parameter 'opt' [-Wunused-parameter]
   18 | static int unary_op_inplace(Mat& a, const Option& opt)
      |                                     ~~~~~~~~~~~~~~^~~
/home/mingshi/Project/AI/ernie-image-ncnn-vulkan/third_party/ncnn/src/layer/x86/unaryop_fp32.h: In instantiation of 'int ncnn::unary_op_inplace(Mat&, const Option&) [with Op = unaryop_x86_functor::unary_op_sinh]':
/home/mingshi/Project/AI/ernie-image-ncnn-vulkan/third_party/ncnn/src/layer/x86/unaryop_fp32.h:171:47:   required from here
  171 |         return unary_op_inplace<unary_op_sinh>(bottom_top_blob, opt);
      |                ~~~~~~~~~~~~~~~~~~~~~~~~~~~~~~~^~~~~~~~~~~~~~~~~~~~~~
/home/mingshi/Project/AI/ernie-image-ncnn-vulkan/third_party/ncnn/src/layer/x86/unaryop_fp32.h:18:51: warning: unused parameter 'opt' [-Wunused-parameter]
   18 | static int unary_op_inplace(Mat& a, const Option& opt)
      |                                     ~~~~~~~~~~~~~~^~~
/home/mingshi/Project/AI/ernie-image-ncnn-vulkan/third_party/ncnn/src/layer/x86/unaryop_fp32.h: In instantiation of 'int ncnn::unary_op_inplace(Mat&, const Option&) [with Op = unaryop_x86_functor::unary_op_asinh]':
/home/mingshi/Project/AI/ernie-image-ncnn-vulkan/third_party/ncnn/src/layer/x86/unaryop_fp32.h:174:48:   required from here
  174 |         return unary_op_inplace<unary_op_asinh>(bottom_top_blob, opt);
      |                ~~~~~~~~~~~~~~~~~~~~~~~~~~~~~~~~^~~~~~~~~~~~~~~~~~~~~~
/home/mingshi/Project/AI/ernie-image-ncnn-vulkan/third_party/ncnn/src/layer/x86/unaryop_fp32.h:18:51: warning: unused parameter 'opt' [-Wunused-parameter]
   18 | static int unary_op_inplace(Mat& a, const Option& opt)
      |                                     ~~~~~~~~~~~~~~^~~
/home/mingshi/Project/AI/ernie-image-ncnn-vulkan/third_party/ncnn/src/layer/x86/unaryop_fp32.h: In instantiation of 'int ncnn::unary_op_inplace(Mat&, const Option&) [with Op = unaryop_x86_functor::unary_op_cosh]':
/home/mingshi/Project/AI/ernie-image-ncnn-vulkan/third_party/ncnn/src/layer/x86/unaryop_fp32.h:177:47:   required from here
  177 |         return unary_op_inplace<unary_op_cosh>(bottom_top_blob, opt);
      |                ~~~~~~~~~~~~~~~~~~~~~~~~~~~~~~~^~~~~~~~~~~~~~~~~~~~~~
/home/mingshi/Project/AI/ernie-image-ncnn-vulkan/third_party/ncnn/src/layer/x86/unaryop_fp32.h:18:51: warning: unused parameter 'opt' [-Wunused-parameter]
   18 | static int unary_op_inplace(Mat& a, const Option& opt)
      |                                     ~~~~~~~~~~~~~~^~~
/home/mingshi/Project/AI/ernie-image-ncnn-vulkan/third_party/ncnn/src/layer/x86/unaryop_fp32.h: In instantiation of 'int ncnn::unary_op_inplace(Mat&, const Option&) [with Op = unaryop_x86_functor::unary_op_acosh]':
/home/mingshi/Project/AI/ernie-image-ncnn-vulkan/third_party/ncnn/src/layer/x86/unaryop_fp32.h:180:48:   required from here
  180 |         return unary_op_inplace<unary_op_acosh>(bottom_top_blob, opt);
      |                ~~~~~~~~~~~~~~~~~~~~~~~~~~~~~~~~^~~~~~~~~~~~~~~~~~~~~~
/home/mingshi/Project/AI/ernie-image-ncnn-vulkan/third_party/ncnn/src/layer/x86/unaryop_fp32.h:18:51: warning: unused parameter 'opt' [-Wunused-parameter]
   18 | static int unary_op_inplace(Mat& a, const Option& opt)
      |                                     ~~~~~~~~~~~~~~^~~
/home/mingshi/Project/AI/ernie-image-ncnn-vulkan/third_party/ncnn/src/layer/x86/unaryop_fp32.h: In instantiation of 'int ncnn::unary_op_inplace(Mat&, const Option&) [with Op = unaryop_x86_functor::unary_op_atanh]':
/home/mingshi/Project/AI/ernie-image-ncnn-vulkan/third_party/ncnn/src/layer/x86/unaryop_fp32.h:183:48:   required from here
  183 |         return unary_op_inplace<unary_op_atanh>(bottom_top_blob, opt);
      |                ~~~~~~~~~~~~~~~~~~~~~~~~~~~~~~~~^~~~~~~~~~~~~~~~~~~~~~
/home/mingshi/Project/AI/ernie-image-ncnn-vulkan/third_party/ncnn/src/layer/x86/unaryop_fp32.h:18:51: warning: unused parameter 'opt' [-Wunused-parameter]
   18 | static int unary_op_inplace(Mat& a, const Option& opt)
      |                                     ~~~~~~~~~~~~~~^~~
/home/mingshi/Project/AI/ernie-image-ncnn-vulkan/third_party/ncnn/src/layer/x86/unaryop_fp32.h: In instantiation of 'int ncnn::unary_op_inplace(Mat&, const Option&) [with Op = unaryop_x86_functor::unary_op_log1p]':
/home/mingshi/Project/AI/ernie-image-ncnn-vulkan/third_party/ncnn/src/layer/x86/unaryop_fp32.h:186:48:   required from here
  186 |         return unary_op_inplace<unary_op_log1p>(bottom_top_blob, opt);
      |                ~~~~~~~~~~~~~~~~~~~~~~~~~~~~~~~~^~~~~~~~~~~~~~~~~~~~~~
/home/mingshi/Project/AI/ernie-image-ncnn-vulkan/third_party/ncnn/src/layer/x86/unaryop_fp32.h:18:51: warning: unused parameter 'opt' [-Wunused-parameter]
   18 | static int unary_op_inplace(Mat& a, const Option& opt)
      |                                     ~~~~~~~~~~~~~~^~~
/home/mingshi/Project/AI/ernie-image-ncnn-vulkan/third_party/ncnn/src/layer/x86/unaryop_bf16s.h: In instantiation of 'int ncnn::unary_op_inplace_bf16s(Mat&, const Option&) [with Op = unaryop_x86_functor::unary_op_abs]':
/home/mingshi/Project/AI/ernie-image-ncnn-vulkan/third_party/ncnn/src/layer/x86/unaryop_x86_fma4.cpp:24:52:   required from here
   24 |         return unary_op_inplace_bf16s<unary_op_abs>(bottom_top_blob, opt);
      |                ~~~~~~~~~~~~~~~~~~~~~~~~~~~~~~~~~~~~^~~~~~~~~~~~~~~~~~~~~~
/home/mingshi/Project/AI/ernie-image-ncnn-vulkan/third_party/ncnn/src/layer/x86/unaryop_bf16s.h:5:57: warning: unused parameter 'opt' [-Wunused-parameter]
    5 | static int unary_op_inplace_bf16s(Mat& a, const Option& opt)
      |                                           ~~~~~~~~~~~~~~^~~
/home/mingshi/Project/AI/ernie-image-ncnn-vulkan/third_party/ncnn/src/layer/x86/unaryop_bf16s.h: In instantiation of 'int ncnn::unary_op_inplace_bf16s(Mat&, const Option&) [with Op = unaryop_x86_functor::unary_op_neg]':
/home/mingshi/Project/AI/ernie-image-ncnn-vulkan/third_party/ncnn/src/layer/x86/unaryop_x86_fma4.cpp:27:52:   required from here
   27 |         return unary_op_inplace_bf16s<unary_op_neg>(bottom_top_blob, opt);
      |                ~~~~~~~~~~~~~~~~~~~~~~~~~~~~~~~~~~~~^~~~~~~~~~~~~~~~~~~~~~
/home/mingshi/Project/AI/ernie-image-ncnn-vulkan/third_party/ncnn/src/layer/x86/unaryop_bf16s.h:5:57: warning: unused parameter 'opt' [-Wunused-parameter]
    5 | static int unary_op_inplace_bf16s(Mat& a, const Option& opt)
      |                                           ~~~~~~~~~~~~~~^~~
/home/mingshi/Project/AI/ernie-image-ncnn-vulkan/third_party/ncnn/src/layer/x86/unaryop_bf16s.h: In instantiation of 'int ncnn::unary_op_inplace_bf16s(Mat&, const Option&) [with Op = unaryop_x86_functor::unary_op_floor]':
/home/mingshi/Project/AI/ernie-image-ncnn-vulkan/third_party/ncnn/src/layer/x86/unaryop_x86_fma4.cpp:30:54:   required from here
   30 |         return unary_op_inplace_bf16s<unary_op_floor>(bottom_top_blob, opt);
      |                ~~~~~~~~~~~~~~~~~~~~~~~~~~~~~~~~~~~~~~^~~~~~~~~~~~~~~~~~~~~~
/home/mingshi/Project/AI/ernie-image-ncnn-vulkan/third_party/ncnn/src/layer/x86/unaryop_bf16s.h:5:57: warning: unused parameter 'opt' [-Wunused-parameter]
    5 | static int unary_op_inplace_bf16s(Mat& a, const Option& opt)
      |                                           ~~~~~~~~~~~~~~^~~
/home/mingshi/Project/AI/ernie-image-ncnn-vulkan/third_party/ncnn/src/layer/x86/unaryop_bf16s.h: In instantiation of 'int ncnn::unary_op_inplace_bf16s(Mat&, const Option&) [with Op = unaryop_x86_functor::unary_op_ceil]':
/home/mingshi/Project/AI/ernie-image-ncnn-vulkan/third_party/ncnn/src/layer/x86/unaryop_x86_fma4.cpp:33:53:   required from here
   33 |         return unary_op_inplace_bf16s<unary_op_ceil>(bottom_top_blob, opt);
      |                ~~~~~~~~~~~~~~~~~~~~~~~~~~~~~~~~~~~~~^~~~~~~~~~~~~~~~~~~~~~
/home/mingshi/Project/AI/ernie-image-ncnn-vulkan/third_party/ncnn/src/layer/x86/unaryop_bf16s.h:5:57: warning: unused parameter 'opt' [-Wunused-parameter]
    5 | static int unary_op_inplace_bf16s(Mat& a, const Option& opt)
      |                                           ~~~~~~~~~~~~~~^~~
/home/mingshi/Project/AI/ernie-image-ncnn-vulkan/third_party/ncnn/src/layer/x86/unaryop_bf16s.h: In instantiation of 'int ncnn::unary_op_inplace_bf16s(Mat&, const Option&) [with Op = unaryop_x86_functor::unary_op_square]':
/home/mingshi/Project/AI/ernie-image-ncnn-vulkan/third_party/ncnn/src/layer/x86/unaryop_x86_fma4.cpp:36:55:   required from here
   36 |         return unary_op_inplace_bf16s<unary_op_square>(bottom_top_blob, opt);
      |                ~~~~~~~~~~~~~~~~~~~~~~~~~~~~~~~~~~~~~~~^~~~~~~~~~~~~~~~~~~~~~
/home/mingshi/Project/AI/ernie-image-ncnn-vulkan/third_party/ncnn/src/layer/x86/unaryop_bf16s.h:5:57: warning: unused parameter 'opt' [-Wunused-parameter]
    5 | static int unary_op_inplace_bf16s(Mat& a, const Option& opt)
      |                                           ~~~~~~~~~~~~~~^~~
/home/mingshi/Project/AI/ernie-image-ncnn-vulkan/third_party/ncnn/src/layer/x86/unaryop_bf16s.h: In instantiation of 'int ncnn::unary_op_inplace_bf16s(Mat&, const Option&) [with Op = unaryop_x86_functor::unary_op_sqrt]':
/home/mingshi/Project/AI/ernie-image-ncnn-vulkan/third_party/ncnn/src/layer/x86/unaryop_x86_fma4.cpp:39:53:   required from here
   39 |         return unary_op_inplace_bf16s<unary_op_sqrt>(bottom_top_blob, opt);
      |                ~~~~~~~~~~~~~~~~~~~~~~~~~~~~~~~~~~~~~^~~~~~~~~~~~~~~~~~~~~~
/home/mingshi/Project/AI/ernie-image-ncnn-vulkan/third_party/ncnn/src/layer/x86/unaryop_bf16s.h:5:57: warning: unused parameter 'opt' [-Wunused-parameter]
    5 | static int unary_op_inplace_bf16s(Mat& a, const Option& opt)
      |                                           ~~~~~~~~~~~~~~^~~
/home/mingshi/Project/AI/ernie-image-ncnn-vulkan/third_party/ncnn/src/layer/x86/unaryop_bf16s.h: In instantiation of 'int ncnn::unary_op_inplace_bf16s(Mat&, const Option&) [with Op = unaryop_x86_functor::unary_op_rsqrt]':
/home/mingshi/Project/AI/ernie-image-ncnn-vulkan/third_party/ncnn/src/layer/x86/unaryop_x86_fma4.cpp:42:54:   required from here
   42 |         return unary_op_inplace_bf16s<unary_op_rsqrt>(bottom_top_blob, opt);
      |                ~~~~~~~~~~~~~~~~~~~~~~~~~~~~~~~~~~~~~~^~~~~~~~~~~~~~~~~~~~~~
/home/mingshi/Project/AI/ernie-image-ncnn-vulkan/third_party/ncnn/src/layer/x86/unaryop_bf16s.h:5:57: warning: unused parameter 'opt' [-Wunused-parameter]
    5 | static int unary_op_inplace_bf16s(Mat& a, const Option& opt)
      |                                           ~~~~~~~~~~~~~~^~~
/home/mingshi/Project/AI/ernie-image-ncnn-vulkan/third_party/ncnn/src/layer/x86/unaryop_bf16s.h: In instantiation of 'int ncnn::unary_op_inplace_bf16s(Mat&, const Option&) [with Op = unaryop_x86_functor::unary_op_exp]':
/home/mingshi/Project/AI/ernie-image-ncnn-vulkan/third_party/ncnn/src/layer/x86/unaryop_x86_fma4.cpp:45:52:   required from here
   45 |         return unary_op_inplace_bf16s<unary_op_exp>(bottom_top_blob, opt);
      |                ~~~~~~~~~~~~~~~~~~~~~~~~~~~~~~~~~~~~^~~~~~~~~~~~~~~~~~~~~~
/home/mingshi/Project/AI/ernie-image-ncnn-vulkan/third_party/ncnn/src/layer/x86/unaryop_bf16s.h:5:57: warning: unused parameter 'opt' [-Wunused-parameter]
    5 | static int unary_op_inplace_bf16s(Mat& a, const Option& opt)
      |                                           ~~~~~~~~~~~~~~^~~
/home/mingshi/Project/AI/ernie-image-ncnn-vulkan/third_party/ncnn/src/layer/x86/unaryop_bf16s.h: In instantiation of 'int ncnn::unary_op_inplace_bf16s(Mat&, const Option&) [with Op = unaryop_x86_functor::unary_op_log]':
/home/mingshi/Project/AI/ernie-image-ncnn-vulkan/third_party/ncnn/src/layer/x86/unaryop_x86_fma4.cpp:48:52:   required from here
   48 |         return unary_op_inplace_bf16s<unary_op_log>(bottom_top_blob, opt);
      |                ~~~~~~~~~~~~~~~~~~~~~~~~~~~~~~~~~~~~^~~~~~~~~~~~~~~~~~~~~~
/home/mingshi/Project/AI/ernie-image-ncnn-vulkan/third_party/ncnn/src/layer/x86/unaryop_bf16s.h:5:57: warning: unused parameter 'opt' [-Wunused-parameter]
    5 | static int unary_op_inplace_bf16s(Mat& a, const Option& opt)
      |                                           ~~~~~~~~~~~~~~^~~
/home/mingshi/Project/AI/ernie-image-ncnn-vulkan/third_party/ncnn/src/layer/x86/unaryop_bf16s.h: In instantiation of 'int ncnn::unary_op_inplace_bf16s(Mat&, const Option&) [with Op = unaryop_x86_functor::unary_op_sin]':
/home/mingshi/Project/AI/ernie-image-ncnn-vulkan/third_party/ncnn/src/layer/x86/unaryop_x86_fma4.cpp:51:52:   required from here
   51 |         return unary_op_inplace_bf16s<unary_op_sin>(bottom_top_blob, opt);
      |                ~~~~~~~~~~~~~~~~~~~~~~~~~~~~~~~~~~~~^~~~~~~~~~~~~~~~~~~~~~
/home/mingshi/Project/AI/ernie-image-ncnn-vulkan/third_party/ncnn/src/layer/x86/unaryop_bf16s.h:5:57: warning: unused parameter 'opt' [-Wunused-parameter]
    5 | static int unary_op_inplace_bf16s(Mat& a, const Option& opt)
      |                                           ~~~~~~~~~~~~~~^~~
/home/mingshi/Project/AI/ernie-image-ncnn-vulkan/third_party/ncnn/src/layer/x86/unaryop_bf16s.h: In instantiation of 'int ncnn::unary_op_inplace_bf16s(Mat&, const Option&) [with Op = unaryop_x86_functor::unary_op_cos]':
/home/mingshi/Project/AI/ernie-image-ncnn-vulkan/third_party/ncnn/src/layer/x86/unaryop_x86_fma4.cpp:54:52:   required from here
   54 |         return unary_op_inplace_bf16s<unary_op_cos>(bottom_top_blob, opt);
      |                ~~~~~~~~~~~~~~~~~~~~~~~~~~~~~~~~~~~~^~~~~~~~~~~~~~~~~~~~~~
/home/mingshi/Project/AI/ernie-image-ncnn-vulkan/third_party/ncnn/src/layer/x86/unaryop_bf16s.h:5:57: warning: unused parameter 'opt' [-Wunused-parameter]
    5 | static int unary_op_inplace_bf16s(Mat& a, const Option& opt)
      |                                           ~~~~~~~~~~~~~~^~~
/home/mingshi/Project/AI/ernie-image-ncnn-vulkan/third_party/ncnn/src/layer/x86/unaryop_bf16s.h: In instantiation of 'int ncnn::unary_op_inplace_bf16s(Mat&, const Option&) [with Op = unaryop_x86_functor::unary_op_tan]':
/home/mingshi/Project/AI/ernie-image-ncnn-vulkan/third_party/ncnn/src/layer/x86/unaryop_x86_fma4.cpp:57:52:   required from here
   57 |         return unary_op_inplace_bf16s<unary_op_tan>(bottom_top_blob, opt);
      |                ~~~~~~~~~~~~~~~~~~~~~~~~~~~~~~~~~~~~^~~~~~~~~~~~~~~~~~~~~~
/home/mingshi/Project/AI/ernie-image-ncnn-vulkan/third_party/ncnn/src/layer/x86/unaryop_bf16s.h:5:57: warning: unused parameter 'opt' [-Wunused-parameter]
    5 | static int unary_op_inplace_bf16s(Mat& a, const Option& opt)
      |                                           ~~~~~~~~~~~~~~^~~
/home/mingshi/Project/AI/ernie-image-ncnn-vulkan/third_party/ncnn/src/layer/x86/unaryop_bf16s.h: In instantiation of 'int ncnn::unary_op_inplace_bf16s(Mat&, const Option&) [with Op = unaryop_x86_functor::unary_op_asin]':
/home/mingshi/Project/AI/ernie-image-ncnn-vulkan/third_party/ncnn/src/layer/x86/unaryop_x86_fma4.cpp:60:53:   required from here
   60 |         return unary_op_inplace_bf16s<unary_op_asin>(bottom_top_blob, opt);
      |                ~~~~~~~~~~~~~~~~~~~~~~~~~~~~~~~~~~~~~^~~~~~~~~~~~~~~~~~~~~~
/home/mingshi/Project/AI/ernie-image-ncnn-vulkan/third_party/ncnn/src/layer/x86/unaryop_bf16s.h:5:57: warning: unused parameter 'opt' [-Wunused-parameter]
    5 | static int unary_op_inplace_bf16s(Mat& a, const Option& opt)
      |                                           ~~~~~~~~~~~~~~^~~
/home/mingshi/Project/AI/ernie-image-ncnn-vulkan/third_party/ncnn/src/layer/x86/unaryop_bf16s.h: In instantiation of 'int ncnn::unary_op_inplace_bf16s(Mat&, const Option&) [with Op = unaryop_x86_functor::unary_op_acos]':
/home/mingshi/Project/AI/ernie-image-ncnn-vulkan/third_party/ncnn/src/layer/x86/unaryop_x86_fma4.cpp:63:53:   required from here
   63 |         return unary_op_inplace_bf16s<unary_op_acos>(bottom_top_blob, opt);
      |                ~~~~~~~~~~~~~~~~~~~~~~~~~~~~~~~~~~~~~^~~~~~~~~~~~~~~~~~~~~~
/home/mingshi/Project/AI/ernie-image-ncnn-vulkan/third_party/ncnn/src/layer/x86/unaryop_bf16s.h:5:57: warning: unused parameter 'opt' [-Wunused-parameter]
    5 | static int unary_op_inplace_bf16s(Mat& a, const Option& opt)
      |                                           ~~~~~~~~~~~~~~^~~
/home/mingshi/Project/AI/ernie-image-ncnn-vulkan/third_party/ncnn/src/layer/x86/unaryop_bf16s.h: In instantiation of 'int ncnn::unary_op_inplace_bf16s(Mat&, const Option&) [with Op = unaryop_x86_functor::unary_op_atan]':
/home/mingshi/Project/AI/ernie-image-ncnn-vulkan/third_party/ncnn/src/layer/x86/unaryop_x86_fma4.cpp:66:53:   required from here
   66 |         return unary_op_inplace_bf16s<unary_op_atan>(bottom_top_blob, opt);
      |                ~~~~~~~~~~~~~~~~~~~~~~~~~~~~~~~~~~~~~^~~~~~~~~~~~~~~~~~~~~~
/home/mingshi/Project/AI/ernie-image-ncnn-vulkan/third_party/ncnn/src/layer/x86/unaryop_bf16s.h:5:57: warning: unused parameter 'opt' [-Wunused-parameter]
    5 | static int unary_op_inplace_bf16s(Mat& a, const Option& opt)
      |                                           ~~~~~~~~~~~~~~^~~
/home/mingshi/Project/AI/ernie-image-ncnn-vulkan/third_party/ncnn/src/layer/x86/unaryop_bf16s.h: In instantiation of 'int ncnn::unary_op_inplace_bf16s(Mat&, const Option&) [with Op = unaryop_x86_functor::unary_op_reciprocal]':
/home/mingshi/Project/AI/ernie-image-ncnn-vulkan/third_party/ncnn/src/layer/x86/unaryop_x86_fma4.cpp:69:59:   required from here
   69 |         return unary_op_inplace_bf16s<unary_op_reciprocal>(bottom_top_blob, opt);
      |                ~~~~~~~~~~~~~~~~~~~~~~~~~~~~~~~~~~~~~~~~~~~^~~~~~~~~~~~~~~~~~~~~~
/home/mingshi/Project/AI/ernie-image-ncnn-vulkan/third_party/ncnn/src/layer/x86/unaryop_bf16s.h:5:57: warning: unused parameter 'opt' [-Wunused-parameter]
    5 | static int unary_op_inplace_bf16s(Mat& a, const Option& opt)
      |                                           ~~~~~~~~~~~~~~^~~
/home/mingshi/Project/AI/ernie-image-ncnn-vulkan/third_party/ncnn/src/layer/x86/unaryop_bf16s.h: In instantiation of 'int ncnn::unary_op_inplace_bf16s(Mat&, const Option&) [with Op = unaryop_x86_functor::unary_op_tanh]':
/home/mingshi/Project/AI/ernie-image-ncnn-vulkan/third_party/ncnn/src/layer/x86/unaryop_x86_fma4.cpp:72:53:   required from here
   72 |         return unary_op_inplace_bf16s<unary_op_tanh>(bottom_top_blob, opt);
      |                ~~~~~~~~~~~~~~~~~~~~~~~~~~~~~~~~~~~~~^~~~~~~~~~~~~~~~~~~~~~
/home/mingshi/Project/AI/ernie-image-ncnn-vulkan/third_party/ncnn/src/layer/x86/unaryop_bf16s.h:5:57: warning: unused parameter 'opt' [-Wunused-parameter]
    5 | static int unary_op_inplace_bf16s(Mat& a, const Option& opt)
      |                                           ~~~~~~~~~~~~~~^~~
/home/mingshi/Project/AI/ernie-image-ncnn-vulkan/third_party/ncnn/src/layer/x86/unaryop_bf16s.h: In instantiation of 'int ncnn::unary_op_inplace_bf16s(Mat&, const Option&) [with Op = unaryop_x86_functor::unary_op_log10]':
/home/mingshi/Project/AI/ernie-image-ncnn-vulkan/third_party/ncnn/src/layer/x86/unaryop_x86_fma4.cpp:75:54:   required from here
   75 |         return unary_op_inplace_bf16s<unary_op_log10>(bottom_top_blob, opt);
      |                ~~~~~~~~~~~~~~~~~~~~~~~~~~~~~~~~~~~~~~^~~~~~~~~~~~~~~~~~~~~~
/home/mingshi/Project/AI/ernie-image-ncnn-vulkan/third_party/ncnn/src/layer/x86/unaryop_bf16s.h:5:57: warning: unused parameter 'opt' [-Wunused-parameter]
    5 | static int unary_op_inplace_bf16s(Mat& a, const Option& opt)
      |                                           ~~~~~~~~~~~~~~^~~
/home/mingshi/Project/AI/ernie-image-ncnn-vulkan/third_party/ncnn/src/layer/x86/unaryop_bf16s.h: In instantiation of 'int ncnn::unary_op_inplace_bf16s(Mat&, const Option&) [with Op = unaryop_x86_functor::unary_op_round]':
/home/mingshi/Project/AI/ernie-image-ncnn-vulkan/third_party/ncnn/src/layer/x86/unaryop_x86_fma4.cpp:84:57:   required from here
   84 |         int ret = unary_op_inplace_bf16s<unary_op_round>(bottom_top_blob, opt);
      |                   ~~~~~~~~~~~~~~~~~~~~~~~~~~~~~~~~~~~~~~^~~~~~~~~~~~~~~~~~~~~~
/home/mingshi/Project/AI/ernie-image-ncnn-vulkan/third_party/ncnn/src/layer/x86/unaryop_bf16s.h:5:57: warning: unused parameter 'opt' [-Wunused-parameter]
    5 | static int unary_op_inplace_bf16s(Mat& a, const Option& opt)
      |                                           ~~~~~~~~~~~~~~^~~
/home/mingshi/Project/AI/ernie-image-ncnn-vulkan/third_party/ncnn/src/layer/x86/unaryop_bf16s.h: In instantiation of 'int ncnn::unary_op_inplace_bf16s(Mat&, const Option&) [with Op = unaryop_x86_functor::unary_op_trunc]':
/home/mingshi/Project/AI/ernie-image-ncnn-vulkan/third_party/ncnn/src/layer/x86/unaryop_x86_fma4.cpp:92:54:   required from here
   92 |         return unary_op_inplace_bf16s<unary_op_trunc>(bottom_top_blob, opt);
      |                ~~~~~~~~~~~~~~~~~~~~~~~~~~~~~~~~~~~~~~^~~~~~~~~~~~~~~~~~~~~~
/home/mingshi/Project/AI/ernie-image-ncnn-vulkan/third_party/ncnn/src/layer/x86/unaryop_bf16s.h:5:57: warning: unused parameter 'opt' [-Wunused-parameter]
    5 | static int unary_op_inplace_bf16s(Mat& a, const Option& opt)
      |                                           ~~~~~~~~~~~~~~^~~
/home/mingshi/Project/AI/ernie-image-ncnn-vulkan/third_party/ncnn/src/layer/x86/unaryop_bf16s.h: In instantiation of 'int ncnn::unary_op_inplace_bf16s(Mat&, const Option&) [with Op = unaryop_x86_functor::unary_op_sign]':
/home/mingshi/Project/AI/ernie-image-ncnn-vulkan/third_party/ncnn/src/layer/x86/unaryop_x86_fma4.cpp:95:53:   required from here
   95 |         return unary_op_inplace_bf16s<unary_op_sign>(bottom_top_blob, opt);
      |                ~~~~~~~~~~~~~~~~~~~~~~~~~~~~~~~~~~~~~^~~~~~~~~~~~~~~~~~~~~~
/home/mingshi/Project/AI/ernie-image-ncnn-vulkan/third_party/ncnn/src/layer/x86/unaryop_bf16s.h:5:57: warning: unused parameter 'opt' [-Wunused-parameter]
    5 | static int unary_op_inplace_bf16s(Mat& a, const Option& opt)
      |                                           ~~~~~~~~~~~~~~^~~
/home/mingshi/Project/AI/ernie-image-ncnn-vulkan/third_party/ncnn/src/layer/x86/unaryop_bf16s.h: In instantiation of 'int ncnn::unary_op_inplace_bf16s(Mat&, const Option&) [with Op = unaryop_x86_functor::unary_op_expm1]':
/home/mingshi/Project/AI/ernie-image-ncnn-vulkan/third_party/ncnn/src/layer/x86/unaryop_x86_fma4.cpp:98:54:   required from here
   98 |         return unary_op_inplace_bf16s<unary_op_expm1>(bottom_top_blob, opt);
      |                ~~~~~~~~~~~~~~~~~~~~~~~~~~~~~~~~~~~~~~^~~~~~~~~~~~~~~~~~~~~~
/home/mingshi/Project/AI/ernie-image-ncnn-vulkan/third_party/ncnn/src/layer/x86/unaryop_bf16s.h:5:57: warning: unused parameter 'opt' [-Wunused-parameter]
    5 | static int unary_op_inplace_bf16s(Mat& a, const Option& opt)
      |                                           ~~~~~~~~~~~~~~^~~
/home/mingshi/Project/AI/ernie-image-ncnn-vulkan/third_party/ncnn/src/layer/x86/unaryop_bf16s.h: In instantiation of 'int ncnn::unary_op_inplace_bf16s(Mat&, const Option&) [with Op = unaryop_x86_functor::unary_op_sinh]':
/home/mingshi/Project/AI/ernie-image-ncnn-vulkan/third_party/ncnn/src/layer/x86/unaryop_x86_fma4.cpp:101:53:   required from here
  101 |         return unary_op_inplace_bf16s<unary_op_sinh>(bottom_top_blob, opt);
      |                ~~~~~~~~~~~~~~~~~~~~~~~~~~~~~~~~~~~~~^~~~~~~~~~~~~~~~~~~~~~
/home/mingshi/Project/AI/ernie-image-ncnn-vulkan/third_party/ncnn/src/layer/x86/unaryop_bf16s.h:5:57: warning: unused parameter 'opt' [-Wunused-parameter]
    5 | static int unary_op_inplace_bf16s(Mat& a, const Option& opt)
      |                                           ~~~~~~~~~~~~~~^~~
/home/mingshi/Project/AI/ernie-image-ncnn-vulkan/third_party/ncnn/src/layer/x86/unaryop_bf16s.h: In instantiation of 'int ncnn::unary_op_inplace_bf16s(Mat&, const Option&) [with Op = unaryop_x86_functor::unary_op_asinh]':
/home/mingshi/Project/AI/ernie-image-ncnn-vulkan/third_party/ncnn/src/layer/x86/unaryop_x86_fma4.cpp:104:54:   required from here
  104 |         return unary_op_inplace_bf16s<unary_op_asinh>(bottom_top_blob, opt);
      |                ~~~~~~~~~~~~~~~~~~~~~~~~~~~~~~~~~~~~~~^~~~~~~~~~~~~~~~~~~~~~
/home/mingshi/Project/AI/ernie-image-ncnn-vulkan/third_party/ncnn/src/layer/x86/unaryop_bf16s.h:5:57: warning: unused parameter 'opt' [-Wunused-parameter]
    5 | static int unary_op_inplace_bf16s(Mat& a, const Option& opt)
      |                                           ~~~~~~~~~~~~~~^~~
/home/mingshi/Project/AI/ernie-image-ncnn-vulkan/third_party/ncnn/src/layer/x86/unaryop_bf16s.h: In instantiation of 'int ncnn::unary_op_inplace_bf16s(Mat&, const Option&) [with Op = unaryop_x86_functor::unary_op_cosh]':
/home/mingshi/Project/AI/ernie-image-ncnn-vulkan/third_party/ncnn/src/layer/x86/unaryop_x86_fma4.cpp:107:53:   required from here
  107 |         return unary_op_inplace_bf16s<unary_op_cosh>(bottom_top_blob, opt);
      |                ~~~~~~~~~~~~~~~~~~~~~~~~~~~~~~~~~~~~~^~~~~~~~~~~~~~~~~~~~~~
/home/mingshi/Project/AI/ernie-image-ncnn-vulkan/third_party/ncnn/src/layer/x86/unaryop_bf16s.h:5:57: warning: unused parameter 'opt' [-Wunused-parameter]
    5 | static int unary_op_inplace_bf16s(Mat& a, const Option& opt)
      |                                           ~~~~~~~~~~~~~~^~~
/home/mingshi/Project/AI/ernie-image-ncnn-vulkan/third_party/ncnn/src/layer/x86/unaryop_bf16s.h: In instantiation of 'int ncnn::unary_op_inplace_bf16s(Mat&, const Option&) [with Op = unaryop_x86_functor::unary_op_acosh]':
/home/mingshi/Project/AI/ernie-image-ncnn-vulkan/third_party/ncnn/src/layer/x86/unaryop_x86_fma4.cpp:110:54:   required from here
  110 |         return unary_op_inplace_bf16s<unary_op_acosh>(bottom_top_blob, opt);
      |                ~~~~~~~~~~~~~~~~~~~~~~~~~~~~~~~~~~~~~~^~~~~~~~~~~~~~~~~~~~~~
/home/mingshi/Project/AI/ernie-image-ncnn-vulkan/third_party/ncnn/src/layer/x86/unaryop_bf16s.h:5:57: warning: unused parameter 'opt' [-Wunused-parameter]
    5 | static int unary_op_inplace_bf16s(Mat& a, const Option& opt)
      |                                           ~~~~~~~~~~~~~~^~~
/home/mingshi/Project/AI/ernie-image-ncnn-vulkan/third_party/ncnn/src/layer/x86/unaryop_bf16s.h: In instantiation of 'int ncnn::unary_op_inplace_bf16s(Mat&, const Option&) [with Op = unaryop_x86_functor::unary_op_atanh]':
/home/mingshi/Project/AI/ernie-image-ncnn-vulkan/third_party/ncnn/src/layer/x86/unaryop_x86_fma4.cpp:113:54:   required from here
  113 |         return unary_op_inplace_bf16s<unary_op_atanh>(bottom_top_blob, opt);
      |                ~~~~~~~~~~~~~~~~~~~~~~~~~~~~~~~~~~~~~~^~~~~~~~~~~~~~~~~~~~~~
/home/mingshi/Project/AI/ernie-image-ncnn-vulkan/third_party/ncnn/src/layer/x86/unaryop_bf16s.h:5:57: warning: unused parameter 'opt' [-Wunused-parameter]
    5 | static int unary_op_inplace_bf16s(Mat& a, const Option& opt)
      |                                           ~~~~~~~~~~~~~~^~~
/home/mingshi/Project/AI/ernie-image-ncnn-vulkan/third_party/ncnn/src/layer/x86/unaryop_bf16s.h: In instantiation of 'int ncnn::unary_op_inplace_bf16s(Mat&, const Option&) [with Op = unaryop_x86_functor::unary_op_log1p]':
/home/mingshi/Project/AI/ernie-image-ncnn-vulkan/third_party/ncnn/src/layer/x86/unaryop_x86_fma4.cpp:116:54:   required from here
  116 |         return unary_op_inplace_bf16s<unary_op_log1p>(bottom_top_blob, opt);
      |                ~~~~~~~~~~~~~~~~~~~~~~~~~~~~~~~~~~~~~~^~~~~~~~~~~~~~~~~~~~~~
/home/mingshi/Project/AI/ernie-image-ncnn-vulkan/third_party/ncnn/src/layer/x86/unaryop_bf16s.h:5:57: warning: unused parameter 'opt' [-Wunused-parameter]
    5 | static int unary_op_inplace_bf16s(Mat& a, const Option& opt)
      |                                           ~~~~~~~~~~~~~~^~~
[195/415] Building CXX object ncnn/src/CMakeFiles/ncnn.dir/layer/x86/unaryop_x86_avx512bf16.cpp.obj
In file included from /home/mingshi/Project/AI/ernie-image-ncnn-vulkan/third_party/ncnn/src/layer/x86/unaryop_x86_avx512bf16.cpp:21:
/home/mingshi/Project/AI/ernie-image-ncnn-vulkan/third_party/ncnn/src/layer/x86/unaryop_bf16s.h:16: warning: ignoring '#pragma omp parallel' [-Wunknown-pragmas]
   16 |     #pragma omp parallel for num_threads(opt.num_threads)
/home/mingshi/Project/AI/ernie-image-ncnn-vulkan/third_party/ncnn/src/layer/x86/unaryop_bf16s.h: In instantiation of 'int ncnn::unary_op_inplace_bf16s(Mat&, const Option&) [with Op = UnaryOp_x86_functor::unary_op_abs]':
/home/mingshi/Project/AI/ernie-image-ncnn-vulkan/third_party/ncnn/src/layer/x86/unaryop_x86_avx512bf16.cpp:27:52:   required from here
   27 |         return unary_op_inplace_bf16s<unary_op_abs>(bottom_top_blob, opt);
      |                ~~~~~~~~~~~~~~~~~~~~~~~~~~~~~~~~~~~~^~~~~~~~~~~~~~~~~~~~~~
/home/mingshi/Project/AI/ernie-image-ncnn-vulkan/third_party/ncnn/src/layer/x86/unaryop_bf16s.h:5:57: warning: unused parameter 'opt' [-Wunused-parameter]
    5 | static int unary_op_inplace_bf16s(Mat& a, const Option& opt)
      |                                           ~~~~~~~~~~~~~~^~~
/home/mingshi/Project/AI/ernie-image-ncnn-vulkan/third_party/ncnn/src/layer/x86/unaryop_bf16s.h: In instantiation of 'int ncnn::unary_op_inplace_bf16s(Mat&, const Option&) [with Op = UnaryOp_x86_functor::unary_op_neg]':
/home/mingshi/Project/AI/ernie-image-ncnn-vulkan/third_party/ncnn/src/layer/x86/unaryop_x86_avx512bf16.cpp:30:52:   required from here
   30 |         return unary_op_inplace_bf16s<unary_op_neg>(bottom_top_blob, opt);
      |                ~~~~~~~~~~~~~~~~~~~~~~~~~~~~~~~~~~~~^~~~~~~~~~~~~~~~~~~~~~
/home/mingshi/Project/AI/ernie-image-ncnn-vulkan/third_party/ncnn/src/layer/x86/unaryop_bf16s.h:5:57: warning: unused parameter 'opt' [-Wunused-parameter]
    5 | static int unary_op_inplace_bf16s(Mat& a, const Option& opt)
      |                                           ~~~~~~~~~~~~~~^~~
/home/mingshi/Project/AI/ernie-image-ncnn-vulkan/third_party/ncnn/src/layer/x86/unaryop_bf16s.h: In instantiation of 'int ncnn::unary_op_inplace_bf16s(Mat&, const Option&) [with Op = UnaryOp_x86_functor::unary_op_floor]':
/home/mingshi/Project/AI/ernie-image-ncnn-vulkan/third_party/ncnn/src/layer/x86/unaryop_x86_avx512bf16.cpp:33:54:   required from here
   33 |         return unary_op_inplace_bf16s<unary_op_floor>(bottom_top_blob, opt);
      |                ~~~~~~~~~~~~~~~~~~~~~~~~~~~~~~~~~~~~~~^~~~~~~~~~~~~~~~~~~~~~
/home/mingshi/Project/AI/ernie-image-ncnn-vulkan/third_party/ncnn/src/layer/x86/unaryop_bf16s.h:5:57: warning: unused parameter 'opt' [-Wunused-parameter]
    5 | static int unary_op_inplace_bf16s(Mat& a, const Option& opt)
      |                                           ~~~~~~~~~~~~~~^~~
/home/mingshi/Project/AI/ernie-image-ncnn-vulkan/third_party/ncnn/src/layer/x86/unaryop_bf16s.h: In instantiation of 'int ncnn::unary_op_inplace_bf16s(Mat&, const Option&) [with Op = UnaryOp_x86_functor::unary_op_ceil]':
/home/mingshi/Project/AI/ernie-image-ncnn-vulkan/third_party/ncnn/src/layer/x86/unaryop_x86_avx512bf16.cpp:36:53:   required from here
   36 |         return unary_op_inplace_bf16s<unary_op_ceil>(bottom_top_blob, opt);
      |                ~~~~~~~~~~~~~~~~~~~~~~~~~~~~~~~~~~~~~^~~~~~~~~~~~~~~~~~~~~~
/home/mingshi/Project/AI/ernie-image-ncnn-vulkan/third_party/ncnn/src/layer/x86/unaryop_bf16s.h:5:57: warning: unused parameter 'opt' [-Wunused-parameter]
    5 | static int unary_op_inplace_bf16s(Mat& a, const Option& opt)
      |                                           ~~~~~~~~~~~~~~^~~
/home/mingshi/Project/AI/ernie-image-ncnn-vulkan/third_party/ncnn/src/layer/x86/unaryop_bf16s.h: In instantiation of 'int ncnn::unary_op_inplace_bf16s(Mat&, const Option&) [with Op = UnaryOp_x86_functor::unary_op_square]':
/home/mingshi/Project/AI/ernie-image-ncnn-vulkan/third_party/ncnn/src/layer/x86/unaryop_x86_avx512bf16.cpp:39:55:   required from here
   39 |         return unary_op_inplace_bf16s<unary_op_square>(bottom_top_blob, opt);
      |                ~~~~~~~~~~~~~~~~~~~~~~~~~~~~~~~~~~~~~~~^~~~~~~~~~~~~~~~~~~~~~
/home/mingshi/Project/AI/ernie-image-ncnn-vulkan/third_party/ncnn/src/layer/x86/unaryop_bf16s.h:5:57: warning: unused parameter 'opt' [-Wunused-parameter]
    5 | static int unary_op_inplace_bf16s(Mat& a, const Option& opt)
      |                                           ~~~~~~~~~~~~~~^~~
/home/mingshi/Project/AI/ernie-image-ncnn-vulkan/third_party/ncnn/src/layer/x86/unaryop_bf16s.h: In instantiation of 'int ncnn::unary_op_inplace_bf16s(Mat&, const Option&) [with Op = UnaryOp_x86_functor::unary_op_sqrt]':
/home/mingshi/Project/AI/ernie-image-ncnn-vulkan/third_party/ncnn/src/layer/x86/unaryop_x86_avx512bf16.cpp:42:53:   required from here
   42 |         return unary_op_inplace_bf16s<unary_op_sqrt>(bottom_top_blob, opt);
      |                ~~~~~~~~~~~~~~~~~~~~~~~~~~~~~~~~~~~~~^~~~~~~~~~~~~~~~~~~~~~
/home/mingshi/Project/AI/ernie-image-ncnn-vulkan/third_party/ncnn/src/layer/x86/unaryop_bf16s.h:5:57: warning: unused parameter 'opt' [-Wunused-parameter]
    5 | static int unary_op_inplace_bf16s(Mat& a, const Option& opt)
      |                                           ~~~~~~~~~~~~~~^~~
/home/mingshi/Project/AI/ernie-image-ncnn-vulkan/third_party/ncnn/src/layer/x86/unaryop_bf16s.h: In instantiation of 'int ncnn::unary_op_inplace_bf16s(Mat&, const Option&) [with Op = UnaryOp_x86_functor::unary_op_rsqrt]':
/home/mingshi/Project/AI/ernie-image-ncnn-vulkan/third_party/ncnn/src/layer/x86/unaryop_x86_avx512bf16.cpp:45:54:   required from here
   45 |         return unary_op_inplace_bf16s<unary_op_rsqrt>(bottom_top_blob, opt);
      |                ~~~~~~~~~~~~~~~~~~~~~~~~~~~~~~~~~~~~~~^~~~~~~~~~~~~~~~~~~~~~
/home/mingshi/Project/AI/ernie-image-ncnn-vulkan/third_party/ncnn/src/layer/x86/unaryop_bf16s.h:5:57: warning: unused parameter 'opt' [-Wunused-parameter]
    5 | static int unary_op_inplace_bf16s(Mat& a, const Option& opt)
      |                                           ~~~~~~~~~~~~~~^~~
/home/mingshi/Project/AI/ernie-image-ncnn-vulkan/third_party/ncnn/src/layer/x86/unaryop_bf16s.h: In instantiation of 'int ncnn::unary_op_inplace_bf16s(Mat&, const Option&) [with Op = UnaryOp_x86_functor::unary_op_exp]':
/home/mingshi/Project/AI/ernie-image-ncnn-vulkan/third_party/ncnn/src/layer/x86/unaryop_x86_avx512bf16.cpp:48:52:   required from here
   48 |         return unary_op_inplace_bf16s<unary_op_exp>(bottom_top_blob, opt);
      |                ~~~~~~~~~~~~~~~~~~~~~~~~~~~~~~~~~~~~^~~~~~~~~~~~~~~~~~~~~~
/home/mingshi/Project/AI/ernie-image-ncnn-vulkan/third_party/ncnn/src/layer/x86/unaryop_bf16s.h:5:57: warning: unused parameter 'opt' [-Wunused-parameter]
    5 | static int unary_op_inplace_bf16s(Mat& a, const Option& opt)
      |                                           ~~~~~~~~~~~~~~^~~
/home/mingshi/Project/AI/ernie-image-ncnn-vulkan/third_party/ncnn/src/layer/x86/unaryop_bf16s.h: In instantiation of 'int ncnn::unary_op_inplace_bf16s(Mat&, const Option&) [with Op = UnaryOp_x86_functor::unary_op_log]':
/home/mingshi/Project/AI/ernie-image-ncnn-vulkan/third_party/ncnn/src/layer/x86/unaryop_x86_avx512bf16.cpp:51:52:   required from here
   51 |         return unary_op_inplace_bf16s<unary_op_log>(bottom_top_blob, opt);
      |                ~~~~~~~~~~~~~~~~~~~~~~~~~~~~~~~~~~~~^~~~~~~~~~~~~~~~~~~~~~
/home/mingshi/Project/AI/ernie-image-ncnn-vulkan/third_party/ncnn/src/layer/x86/unaryop_bf16s.h:5:57: warning: unused parameter 'opt' [-Wunused-parameter]
    5 | static int unary_op_inplace_bf16s(Mat& a, const Option& opt)
      |                                           ~~~~~~~~~~~~~~^~~
/home/mingshi/Project/AI/ernie-image-ncnn-vulkan/third_party/ncnn/src/layer/x86/unaryop_bf16s.h: In instantiation of 'int ncnn::unary_op_inplace_bf16s(Mat&, const Option&) [with Op = UnaryOp_x86_functor::unary_op_sin]':
/home/mingshi/Project/AI/ernie-image-ncnn-vulkan/third_party/ncnn/src/layer/x86/unaryop_x86_avx512bf16.cpp:54:52:   required from here
   54 |         return unary_op_inplace_bf16s<unary_op_sin>(bottom_top_blob, opt);
      |                ~~~~~~~~~~~~~~~~~~~~~~~~~~~~~~~~~~~~^~~~~~~~~~~~~~~~~~~~~~
/home/mingshi/Project/AI/ernie-image-ncnn-vulkan/third_party/ncnn/src/layer/x86/unaryop_bf16s.h:5:57: warning: unused parameter 'opt' [-Wunused-parameter]
    5 | static int unary_op_inplace_bf16s(Mat& a, const Option& opt)
      |                                           ~~~~~~~~~~~~~~^~~
/home/mingshi/Project/AI/ernie-image-ncnn-vulkan/third_party/ncnn/src/layer/x86/unaryop_bf16s.h: In instantiation of 'int ncnn::unary_op_inplace_bf16s(Mat&, const Option&) [with Op = UnaryOp_x86_functor::unary_op_cos]':
/home/mingshi/Project/AI/ernie-image-ncnn-vulkan/third_party/ncnn/src/layer/x86/unaryop_x86_avx512bf16.cpp:57:52:   required from here
   57 |         return unary_op_inplace_bf16s<unary_op_cos>(bottom_top_blob, opt);
      |                ~~~~~~~~~~~~~~~~~~~~~~~~~~~~~~~~~~~~^~~~~~~~~~~~~~~~~~~~~~
/home/mingshi/Project/AI/ernie-image-ncnn-vulkan/third_party/ncnn/src/layer/x86/unaryop_bf16s.h:5:57: warning: unused parameter 'opt' [-Wunused-parameter]
    5 | static int unary_op_inplace_bf16s(Mat& a, const Option& opt)
      |                                           ~~~~~~~~~~~~~~^~~
/home/mingshi/Project/AI/ernie-image-ncnn-vulkan/third_party/ncnn/src/layer/x86/unaryop_bf16s.h: In instantiation of 'int ncnn::unary_op_inplace_bf16s(Mat&, const Option&) [with Op = UnaryOp_x86_functor::unary_op_tan]':
/home/mingshi/Project/AI/ernie-image-ncnn-vulkan/third_party/ncnn/src/layer/x86/unaryop_x86_avx512bf16.cpp:60:52:   required from here
   60 |         return unary_op_inplace_bf16s<unary_op_tan>(bottom_top_blob, opt);
      |                ~~~~~~~~~~~~~~~~~~~~~~~~~~~~~~~~~~~~^~~~~~~~~~~~~~~~~~~~~~
/home/mingshi/Project/AI/ernie-image-ncnn-vulkan/third_party/ncnn/src/layer/x86/unaryop_bf16s.h:5:57: warning: unused parameter 'opt' [-Wunused-parameter]
    5 | static int unary_op_inplace_bf16s(Mat& a, const Option& opt)
      |                                           ~~~~~~~~~~~~~~^~~
/home/mingshi/Project/AI/ernie-image-ncnn-vulkan/third_party/ncnn/src/layer/x86/unaryop_bf16s.h: In instantiation of 'int ncnn::unary_op_inplace_bf16s(Mat&, const Option&) [with Op = UnaryOp_x86_functor::unary_op_asin]':
/home/mingshi/Project/AI/ernie-image-ncnn-vulkan/third_party/ncnn/src/layer/x86/unaryop_x86_avx512bf16.cpp:63:53:   required from here
   63 |         return unary_op_inplace_bf16s<unary_op_asin>(bottom_top_blob, opt);
      |                ~~~~~~~~~~~~~~~~~~~~~~~~~~~~~~~~~~~~~^~~~~~~~~~~~~~~~~~~~~~
/home/mingshi/Project/AI/ernie-image-ncnn-vulkan/third_party/ncnn/src/layer/x86/unaryop_bf16s.h:5:57: warning: unused parameter 'opt' [-Wunused-parameter]
    5 | static int unary_op_inplace_bf16s(Mat& a, const Option& opt)
      |                                           ~~~~~~~~~~~~~~^~~
/home/mingshi/Project/AI/ernie-image-ncnn-vulkan/third_party/ncnn/src/layer/x86/unaryop_bf16s.h: In instantiation of 'int ncnn::unary_op_inplace_bf16s(Mat&, const Option&) [with Op = UnaryOp_x86_functor::unary_op_acos]':
/home/mingshi/Project/AI/ernie-image-ncnn-vulkan/third_party/ncnn/src/layer/x86/unaryop_x86_avx512bf16.cpp:66:53:   required from here
   66 |         return unary_op_inplace_bf16s<unary_op_acos>(bottom_top_blob, opt);
      |                ~~~~~~~~~~~~~~~~~~~~~~~~~~~~~~~~~~~~~^~~~~~~~~~~~~~~~~~~~~~
/home/mingshi/Project/AI/ernie-image-ncnn-vulkan/third_party/ncnn/src/layer/x86/unaryop_bf16s.h:5:57: warning: unused parameter 'opt' [-Wunused-parameter]
    5 | static int unary_op_inplace_bf16s(Mat& a, const Option& opt)
      |                                           ~~~~~~~~~~~~~~^~~
/home/mingshi/Project/AI/ernie-image-ncnn-vulkan/third_party/ncnn/src/layer/x86/unaryop_bf16s.h: In instantiation of 'int ncnn::unary_op_inplace_bf16s(Mat&, const Option&) [with Op = UnaryOp_x86_functor::unary_op_atan]':
/home/mingshi/Project/AI/ernie-image-ncnn-vulkan/third_party/ncnn/src/layer/x86/unaryop_x86_avx512bf16.cpp:69:53:   required from here
   69 |         return unary_op_inplace_bf16s<unary_op_atan>(bottom_top_blob, opt);
      |                ~~~~~~~~~~~~~~~~~~~~~~~~~~~~~~~~~~~~~^~~~~~~~~~~~~~~~~~~~~~
/home/mingshi/Project/AI/ernie-image-ncnn-vulkan/third_party/ncnn/src/layer/x86/unaryop_bf16s.h:5:57: warning: unused parameter 'opt' [-Wunused-parameter]
    5 | static int unary_op_inplace_bf16s(Mat& a, const Option& opt)
      |                                           ~~~~~~~~~~~~~~^~~
/home/mingshi/Project/AI/ernie-image-ncnn-vulkan/third_party/ncnn/src/layer/x86/unaryop_bf16s.h: In instantiation of 'int ncnn::unary_op_inplace_bf16s(Mat&, const Option&) [with Op = UnaryOp_x86_functor::unary_op_reciprocal]':
/home/mingshi/Project/AI/ernie-image-ncnn-vulkan/third_party/ncnn/src/layer/x86/unaryop_x86_avx512bf16.cpp:72:59:   required from here
   72 |         return unary_op_inplace_bf16s<unary_op_reciprocal>(bottom_top_blob, opt);
      |                ~~~~~~~~~~~~~~~~~~~~~~~~~~~~~~~~~~~~~~~~~~~^~~~~~~~~~~~~~~~~~~~~~
/home/mingshi/Project/AI/ernie-image-ncnn-vulkan/third_party/ncnn/src/layer/x86/unaryop_bf16s.h:5:57: warning: unused parameter 'opt' [-Wunused-parameter]
    5 | static int unary_op_inplace_bf16s(Mat& a, const Option& opt)
      |                                           ~~~~~~~~~~~~~~^~~
/home/mingshi/Project/AI/ernie-image-ncnn-vulkan/third_party/ncnn/src/layer/x86/unaryop_bf16s.h: In instantiation of 'int ncnn::unary_op_inplace_bf16s(Mat&, const Option&) [with Op = UnaryOp_x86_functor::unary_op_tanh]':
/home/mingshi/Project/AI/ernie-image-ncnn-vulkan/third_party/ncnn/src/layer/x86/unaryop_x86_avx512bf16.cpp:75:53:   required from here
   75 |         return unary_op_inplace_bf16s<unary_op_tanh>(bottom_top_blob, opt);
      |                ~~~~~~~~~~~~~~~~~~~~~~~~~~~~~~~~~~~~~^~~~~~~~~~~~~~~~~~~~~~
/home/mingshi/Project/AI/ernie-image-ncnn-vulkan/third_party/ncnn/src/layer/x86/unaryop_bf16s.h:5:57: warning: unused parameter 'opt' [-Wunused-parameter]
    5 | static int unary_op_inplace_bf16s(Mat& a, const Option& opt)
      |                                           ~~~~~~~~~~~~~~^~~
/home/mingshi/Project/AI/ernie-image-ncnn-vulkan/third_party/ncnn/src/layer/x86/unaryop_bf16s.h: In instantiation of 'int ncnn::unary_op_inplace_bf16s(Mat&, const Option&) [with Op = UnaryOp_x86_functor::unary_op_log10]':
/home/mingshi/Project/AI/ernie-image-ncnn-vulkan/third_party/ncnn/src/layer/x86/unaryop_x86_avx512bf16.cpp:78:54:   required from here
   78 |         return unary_op_inplace_bf16s<unary_op_log10>(bottom_top_blob, opt);
      |                ~~~~~~~~~~~~~~~~~~~~~~~~~~~~~~~~~~~~~~^~~~~~~~~~~~~~~~~~~~~~
/home/mingshi/Project/AI/ernie-image-ncnn-vulkan/third_party/ncnn/src/layer/x86/unaryop_bf16s.h:5:57: warning: unused parameter 'opt' [-Wunused-parameter]
    5 | static int unary_op_inplace_bf16s(Mat& a, const Option& opt)
      |                                           ~~~~~~~~~~~~~~^~~
/home/mingshi/Project/AI/ernie-image-ncnn-vulkan/third_party/ncnn/src/layer/x86/unaryop_bf16s.h: In instantiation of 'int ncnn::unary_op_inplace_bf16s(Mat&, const Option&) [with Op = UnaryOp_x86_functor::unary_op_round]':
/home/mingshi/Project/AI/ernie-image-ncnn-vulkan/third_party/ncnn/src/layer/x86/unaryop_x86_avx512bf16.cpp:87:57:   required from here
   87 |         int ret = unary_op_inplace_bf16s<unary_op_round>(bottom_top_blob, opt);
      |                   ~~~~~~~~~~~~~~~~~~~~~~~~~~~~~~~~~~~~~~^~~~~~~~~~~~~~~~~~~~~~
/home/mingshi/Project/AI/ernie-image-ncnn-vulkan/third_party/ncnn/src/layer/x86/unaryop_bf16s.h:5:57: warning: unused parameter 'opt' [-Wunused-parameter]
    5 | static int unary_op_inplace_bf16s(Mat& a, const Option& opt)
      |                                           ~~~~~~~~~~~~~~^~~
/home/mingshi/Project/AI/ernie-image-ncnn-vulkan/third_party/ncnn/src/layer/x86/unaryop_bf16s.h: In instantiation of 'int ncnn::unary_op_inplace_bf16s(Mat&, const Option&) [with Op = UnaryOp_x86_functor::unary_op_trunc]':
/home/mingshi/Project/AI/ernie-image-ncnn-vulkan/third_party/ncnn/src/layer/x86/unaryop_x86_avx512bf16.cpp:95:54:   required from here
   95 |         return unary_op_inplace_bf16s<unary_op_trunc>(bottom_top_blob, opt);
      |                ~~~~~~~~~~~~~~~~~~~~~~~~~~~~~~~~~~~~~~^~~~~~~~~~~~~~~~~~~~~~
/home/mingshi/Project/AI/ernie-image-ncnn-vulkan/third_party/ncnn/src/layer/x86/unaryop_bf16s.h:5:57: warning: unused parameter 'opt' [-Wunused-parameter]
    5 | static int unary_op_inplace_bf16s(Mat& a, const Option& opt)
      |                                           ~~~~~~~~~~~~~~^~~
/home/mingshi/Project/AI/ernie-image-ncnn-vulkan/third_party/ncnn/src/layer/x86/unaryop_bf16s.h: In instantiation of 'int ncnn::unary_op_inplace_bf16s(Mat&, const Option&) [with Op = UnaryOp_x86_functor::unary_op_sign]':
/home/mingshi/Project/AI/ernie-image-ncnn-vulkan/third_party/ncnn/src/layer/x86/unaryop_x86_avx512bf16.cpp:98:53:   required from here
   98 |         return unary_op_inplace_bf16s<unary_op_sign>(bottom_top_blob, opt);
      |                ~~~~~~~~~~~~~~~~~~~~~~~~~~~~~~~~~~~~~^~~~~~~~~~~~~~~~~~~~~~
/home/mingshi/Project/AI/ernie-image-ncnn-vulkan/third_party/ncnn/src/layer/x86/unaryop_bf16s.h:5:57: warning: unused parameter 'opt' [-Wunused-parameter]
    5 | static int unary_op_inplace_bf16s(Mat& a, const Option& opt)
      |                                           ~~~~~~~~~~~~~~^~~
/home/mingshi/Project/AI/ernie-image-ncnn-vulkan/third_party/ncnn/src/layer/x86/unaryop_bf16s.h: In instantiation of 'int ncnn::unary_op_inplace_bf16s(Mat&, const Option&) [with Op = UnaryOp_x86_functor::unary_op_expm1]':
/home/mingshi/Project/AI/ernie-image-ncnn-vulkan/third_party/ncnn/src/layer/x86/unaryop_x86_avx512bf16.cpp:101:54:   required from here
  101 |         return unary_op_inplace_bf16s<unary_op_expm1>(bottom_top_blob, opt);
      |                ~~~~~~~~~~~~~~~~~~~~~~~~~~~~~~~~~~~~~~^~~~~~~~~~~~~~~~~~~~~~
/home/mingshi/Project/AI/ernie-image-ncnn-vulkan/third_party/ncnn/src/layer/x86/unaryop_bf16s.h:5:57: warning: unused parameter 'opt' [-Wunused-parameter]
    5 | static int unary_op_inplace_bf16s(Mat& a, const Option& opt)
      |                                           ~~~~~~~~~~~~~~^~~
/home/mingshi/Project/AI/ernie-image-ncnn-vulkan/third_party/ncnn/src/layer/x86/unaryop_bf16s.h: In instantiation of 'int ncnn::unary_op_inplace_bf16s(Mat&, const Option&) [with Op = UnaryOp_x86_functor::unary_op_sinh]':
/home/mingshi/Project/AI/ernie-image-ncnn-vulkan/third_party/ncnn/src/layer/x86/unaryop_x86_avx512bf16.cpp:104:53:   required from here
  104 |         return unary_op_inplace_bf16s<unary_op_sinh>(bottom_top_blob, opt);
      |                ~~~~~~~~~~~~~~~~~~~~~~~~~~~~~~~~~~~~~^~~~~~~~~~~~~~~~~~~~~~
/home/mingshi/Project/AI/ernie-image-ncnn-vulkan/third_party/ncnn/src/layer/x86/unaryop_bf16s.h:5:57: warning: unused parameter 'opt' [-Wunused-parameter]
    5 | static int unary_op_inplace_bf16s(Mat& a, const Option& opt)
      |                                           ~~~~~~~~~~~~~~^~~
/home/mingshi/Project/AI/ernie-image-ncnn-vulkan/third_party/ncnn/src/layer/x86/unaryop_bf16s.h: In instantiation of 'int ncnn::unary_op_inplace_bf16s(Mat&, const Option&) [with Op = UnaryOp_x86_functor::unary_op_asinh]':
/home/mingshi/Project/AI/ernie-image-ncnn-vulkan/third_party/ncnn/src/layer/x86/unaryop_x86_avx512bf16.cpp:107:54:   required from here
  107 |         return unary_op_inplace_bf16s<unary_op_asinh>(bottom_top_blob, opt);
      |                ~~~~~~~~~~~~~~~~~~~~~~~~~~~~~~~~~~~~~~^~~~~~~~~~~~~~~~~~~~~~
/home/mingshi/Project/AI/ernie-image-ncnn-vulkan/third_party/ncnn/src/layer/x86/unaryop_bf16s.h:5:57: warning: unused parameter 'opt' [-Wunused-parameter]
    5 | static int unary_op_inplace_bf16s(Mat& a, const Option& opt)
      |                                           ~~~~~~~~~~~~~~^~~
/home/mingshi/Project/AI/ernie-image-ncnn-vulkan/third_party/ncnn/src/layer/x86/unaryop_bf16s.h: In instantiation of 'int ncnn::unary_op_inplace_bf16s(Mat&, const Option&) [with Op = UnaryOp_x86_functor::unary_op_cosh]':
/home/mingshi/Project/AI/ernie-image-ncnn-vulkan/third_party/ncnn/src/layer/x86/unaryop_x86_avx512bf16.cpp:110:53:   required from here
  110 |         return unary_op_inplace_bf16s<unary_op_cosh>(bottom_top_blob, opt);
      |                ~~~~~~~~~~~~~~~~~~~~~~~~~~~~~~~~~~~~~^~~~~~~~~~~~~~~~~~~~~~
/home/mingshi/Project/AI/ernie-image-ncnn-vulkan/third_party/ncnn/src/layer/x86/unaryop_bf16s.h:5:57: warning: unused parameter 'opt' [-Wunused-parameter]
    5 | static int unary_op_inplace_bf16s(Mat& a, const Option& opt)
      |                                           ~~~~~~~~~~~~~~^~~
/home/mingshi/Project/AI/ernie-image-ncnn-vulkan/third_party/ncnn/src/layer/x86/unaryop_bf16s.h: In instantiation of 'int ncnn::unary_op_inplace_bf16s(Mat&, const Option&) [with Op = UnaryOp_x86_functor::unary_op_acosh]':
/home/mingshi/Project/AI/ernie-image-ncnn-vulkan/third_party/ncnn/src/layer/x86/unaryop_x86_avx512bf16.cpp:113:54:   required from here
  113 |         return unary_op_inplace_bf16s<unary_op_acosh>(bottom_top_blob, opt);
      |                ~~~~~~~~~~~~~~~~~~~~~~~~~~~~~~~~~~~~~~^~~~~~~~~~~~~~~~~~~~~~
/home/mingshi/Project/AI/ernie-image-ncnn-vulkan/third_party/ncnn/src/layer/x86/unaryop_bf16s.h:5:57: warning: unused parameter 'opt' [-Wunused-parameter]
    5 | static int unary_op_inplace_bf16s(Mat& a, const Option& opt)
      |                                           ~~~~~~~~~~~~~~^~~
/home/mingshi/Project/AI/ernie-image-ncnn-vulkan/third_party/ncnn/src/layer/x86/unaryop_bf16s.h: In instantiation of 'int ncnn::unary_op_inplace_bf16s(Mat&, const Option&) [with Op = UnaryOp_x86_functor::unary_op_atanh]':
/home/mingshi/Project/AI/ernie-image-ncnn-vulkan/third_party/ncnn/src/layer/x86/unaryop_x86_avx512bf16.cpp:116:54:   required from here
  116 |         return unary_op_inplace_bf16s<unary_op_atanh>(bottom_top_blob, opt);
      |                ~~~~~~~~~~~~~~~~~~~~~~~~~~~~~~~~~~~~~~^~~~~~~~~~~~~~~~~~~~~~
/home/mingshi/Project/AI/ernie-image-ncnn-vulkan/third_party/ncnn/src/layer/x86/unaryop_bf16s.h:5:57: warning: unused parameter 'opt' [-Wunused-parameter]
    5 | static int unary_op_inplace_bf16s(Mat& a, const Option& opt)
      |                                           ~~~~~~~~~~~~~~^~~
/home/mingshi/Project/AI/ernie-image-ncnn-vulkan/third_party/ncnn/src/layer/x86/unaryop_bf16s.h: In instantiation of 'int ncnn::unary_op_inplace_bf16s(Mat&, const Option&) [with Op = UnaryOp_x86_functor::unary_op_log1p]':
/home/mingshi/Project/AI/ernie-image-ncnn-vulkan/third_party/ncnn/src/layer/x86/unaryop_x86_avx512bf16.cpp:119:54:   required from here
  119 |         return unary_op_inplace_bf16s<unary_op_log1p>(bottom_top_blob, opt);
      |                ~~~~~~~~~~~~~~~~~~~~~~~~~~~~~~~~~~~~~~^~~~~~~~~~~~~~~~~~~~~~
/home/mingshi/Project/AI/ernie-image-ncnn-vulkan/third_party/ncnn/src/layer/x86/unaryop_bf16s.h:5:57: warning: unused parameter 'opt' [-Wunused-parameter]
    5 | static int unary_op_inplace_bf16s(Mat& a, const Option& opt)
      |                                           ~~~~~~~~~~~~~~^~~
[196/415] Building CXX object ncnn/src/CMakeFiles/ncnn.dir/layer/x86/unaryop_x86_avx.cpp.obj
In file included from /home/mingshi/Project/AI/ernie-image-ncnn-vulkan/.worktrees/surpass-reference/build-windows-cpu-v1/ncnn/src/layer/x86/unaryop_x86_avx.cpp:29:
/home/mingshi/Project/AI/ernie-image-ncnn-vulkan/third_party/ncnn/src/layer/x86/unaryop_fp32.h:29: warning: ignoring '#pragma omp parallel' [-Wunknown-pragmas]
   29 |     #pragma omp parallel for num_threads(opt.num_threads)
In file included from /home/mingshi/Project/AI/ernie-image-ncnn-vulkan/.worktrees/surpass-reference/build-windows-cpu-v1/ncnn/src/layer/x86/unaryop_x86_avx.cpp:32:
/home/mingshi/Project/AI/ernie-image-ncnn-vulkan/third_party/ncnn/src/layer/x86/unaryop_bf16s.h:16: warning: ignoring '#pragma omp parallel' [-Wunknown-pragmas]
   16 |     #pragma omp parallel for num_threads(opt.num_threads)
/home/mingshi/Project/AI/ernie-image-ncnn-vulkan/third_party/ncnn/src/layer/x86/unaryop_fp32.h: In instantiation of 'int ncnn::unary_op_inplace(Mat&, const Option&) [with Op = unaryop_x86_functor::unary_op_abs]':
/home/mingshi/Project/AI/ernie-image-ncnn-vulkan/third_party/ncnn/src/layer/x86/unaryop_fp32.h:94:46:   required from here
   94 |         return unary_op_inplace<unary_op_abs>(bottom_top_blob, opt);
      |                ~~~~~~~~~~~~~~~~~~~~~~~~~~~~~~^~~~~~~~~~~~~~~~~~~~~~
/home/mingshi/Project/AI/ernie-image-ncnn-vulkan/third_party/ncnn/src/layer/x86/unaryop_fp32.h:18:51: warning: unused parameter 'opt' [-Wunused-parameter]
   18 | static int unary_op_inplace(Mat& a, const Option& opt)
      |                                     ~~~~~~~~~~~~~~^~~
/home/mingshi/Project/AI/ernie-image-ncnn-vulkan/third_party/ncnn/src/layer/x86/unaryop_fp32.h: In instantiation of 'int ncnn::unary_op_inplace(Mat&, const Option&) [with Op = unaryop_x86_functor::unary_op_neg]':
/home/mingshi/Project/AI/ernie-image-ncnn-vulkan/third_party/ncnn/src/layer/x86/unaryop_fp32.h:97:46:   required from here
   97 |         return unary_op_inplace<unary_op_neg>(bottom_top_blob, opt);
      |                ~~~~~~~~~~~~~~~~~~~~~~~~~~~~~~^~~~~~~~~~~~~~~~~~~~~~
/home/mingshi/Project/AI/ernie-image-ncnn-vulkan/third_party/ncnn/src/layer/x86/unaryop_fp32.h:18:51: warning: unused parameter 'opt' [-Wunused-parameter]
   18 | static int unary_op_inplace(Mat& a, const Option& opt)
      |                                     ~~~~~~~~~~~~~~^~~
/home/mingshi/Project/AI/ernie-image-ncnn-vulkan/third_party/ncnn/src/layer/x86/unaryop_fp32.h: In instantiation of 'int ncnn::unary_op_inplace(Mat&, const Option&) [with Op = unaryop_x86_functor::unary_op_floor]':
/home/mingshi/Project/AI/ernie-image-ncnn-vulkan/third_party/ncnn/src/layer/x86/unaryop_fp32.h:100:48:   required from here
  100 |         return unary_op_inplace<unary_op_floor>(bottom_top_blob, opt);
      |                ~~~~~~~~~~~~~~~~~~~~~~~~~~~~~~~~^~~~~~~~~~~~~~~~~~~~~~
/home/mingshi/Project/AI/ernie-image-ncnn-vulkan/third_party/ncnn/src/layer/x86/unaryop_fp32.h:18:51: warning: unused parameter 'opt' [-Wunused-parameter]
   18 | static int unary_op_inplace(Mat& a, const Option& opt)
      |                                     ~~~~~~~~~~~~~~^~~
/home/mingshi/Project/AI/ernie-image-ncnn-vulkan/third_party/ncnn/src/layer/x86/unaryop_fp32.h: In instantiation of 'int ncnn::unary_op_inplace(Mat&, const Option&) [with Op = unaryop_x86_functor::unary_op_ceil]':
/home/mingshi/Project/AI/ernie-image-ncnn-vulkan/third_party/ncnn/src/layer/x86/unaryop_fp32.h:103:47:   required from here
  103 |         return unary_op_inplace<unary_op_ceil>(bottom_top_blob, opt);
      |                ~~~~~~~~~~~~~~~~~~~~~~~~~~~~~~~^~~~~~~~~~~~~~~~~~~~~~
/home/mingshi/Project/AI/ernie-image-ncnn-vulkan/third_party/ncnn/src/layer/x86/unaryop_fp32.h:18:51: warning: unused parameter 'opt' [-Wunused-parameter]
   18 | static int unary_op_inplace(Mat& a, const Option& opt)
      |                                     ~~~~~~~~~~~~~~^~~
/home/mingshi/Project/AI/ernie-image-ncnn-vulkan/third_party/ncnn/src/layer/x86/unaryop_fp32.h: In instantiation of 'int ncnn::unary_op_inplace(Mat&, const Option&) [with Op = unaryop_x86_functor::unary_op_square]':
/home/mingshi/Project/AI/ernie-image-ncnn-vulkan/third_party/ncnn/src/layer/x86/unaryop_fp32.h:106:49:   required from here
  106 |         return unary_op_inplace<unary_op_square>(bottom_top_blob, opt);
      |                ~~~~~~~~~~~~~~~~~~~~~~~~~~~~~~~~~^~~~~~~~~~~~~~~~~~~~~~
/home/mingshi/Project/AI/ernie-image-ncnn-vulkan/third_party/ncnn/src/layer/x86/unaryop_fp32.h:18:51: warning: unused parameter 'opt' [-Wunused-parameter]
   18 | static int unary_op_inplace(Mat& a, const Option& opt)
      |                                     ~~~~~~~~~~~~~~^~~
/home/mingshi/Project/AI/ernie-image-ncnn-vulkan/third_party/ncnn/src/layer/x86/unaryop_fp32.h: In instantiation of 'int ncnn::unary_op_inplace(Mat&, const Option&) [with Op = unaryop_x86_functor::unary_op_sqrt]':
/home/mingshi/Project/AI/ernie-image-ncnn-vulkan/third_party/ncnn/src/layer/x86/unaryop_fp32.h:109:47:   required from here
  109 |         return unary_op_inplace<unary_op_sqrt>(bottom_top_blob, opt);
      |                ~~~~~~~~~~~~~~~~~~~~~~~~~~~~~~~^~~~~~~~~~~~~~~~~~~~~~
/home/mingshi/Project/AI/ernie-image-ncnn-vulkan/third_party/ncnn/src/layer/x86/unaryop_fp32.h:18:51: warning: unused parameter 'opt' [-Wunused-parameter]
   18 | static int unary_op_inplace(Mat& a, const Option& opt)
      |                                     ~~~~~~~~~~~~~~^~~
/home/mingshi/Project/AI/ernie-image-ncnn-vulkan/third_party/ncnn/src/layer/x86/unaryop_fp32.h: In instantiation of 'int ncnn::unary_op_inplace(Mat&, const Option&) [with Op = unaryop_x86_functor::unary_op_rsqrt]':
/home/mingshi/Project/AI/ernie-image-ncnn-vulkan/third_party/ncnn/src/layer/x86/unaryop_fp32.h:112:48:   required from here
  112 |         return unary_op_inplace<unary_op_rsqrt>(bottom_top_blob, opt);
      |                ~~~~~~~~~~~~~~~~~~~~~~~~~~~~~~~~^~~~~~~~~~~~~~~~~~~~~~
/home/mingshi/Project/AI/ernie-image-ncnn-vulkan/third_party/ncnn/src/layer/x86/unaryop_fp32.h:18:51: warning: unused parameter 'opt' [-Wunused-parameter]
   18 | static int unary_op_inplace(Mat& a, const Option& opt)
      |                                     ~~~~~~~~~~~~~~^~~
/home/mingshi/Project/AI/ernie-image-ncnn-vulkan/third_party/ncnn/src/layer/x86/unaryop_fp32.h: In instantiation of 'int ncnn::unary_op_inplace(Mat&, const Option&) [with Op = unaryop_x86_functor::unary_op_exp]':
/home/mingshi/Project/AI/ernie-image-ncnn-vulkan/third_party/ncnn/src/layer/x86/unaryop_fp32.h:115:46:   required from here
  115 |         return unary_op_inplace<unary_op_exp>(bottom_top_blob, opt);
      |                ~~~~~~~~~~~~~~~~~~~~~~~~~~~~~~^~~~~~~~~~~~~~~~~~~~~~
/home/mingshi/Project/AI/ernie-image-ncnn-vulkan/third_party/ncnn/src/layer/x86/unaryop_fp32.h:18:51: warning: unused parameter 'opt' [-Wunused-parameter]
   18 | static int unary_op_inplace(Mat& a, const Option& opt)
      |                                     ~~~~~~~~~~~~~~^~~
/home/mingshi/Project/AI/ernie-image-ncnn-vulkan/third_party/ncnn/src/layer/x86/unaryop_fp32.h: In instantiation of 'int ncnn::unary_op_inplace(Mat&, const Option&) [with Op = unaryop_x86_functor::unary_op_log]':
/home/mingshi/Project/AI/ernie-image-ncnn-vulkan/third_party/ncnn/src/layer/x86/unaryop_fp32.h:118:46:   required from here
  118 |         return unary_op_inplace<unary_op_log>(bottom_top_blob, opt);
      |                ~~~~~~~~~~~~~~~~~~~~~~~~~~~~~~^~~~~~~~~~~~~~~~~~~~~~
/home/mingshi/Project/AI/ernie-image-ncnn-vulkan/third_party/ncnn/src/layer/x86/unaryop_fp32.h:18:51: warning: unused parameter 'opt' [-Wunused-parameter]
   18 | static int unary_op_inplace(Mat& a, const Option& opt)
      |                                     ~~~~~~~~~~~~~~^~~
/home/mingshi/Project/AI/ernie-image-ncnn-vulkan/third_party/ncnn/src/layer/x86/unaryop_fp32.h: In instantiation of 'int ncnn::unary_op_inplace(Mat&, const Option&) [with Op = unaryop_x86_functor::unary_op_sin]':
/home/mingshi/Project/AI/ernie-image-ncnn-vulkan/third_party/ncnn/src/layer/x86/unaryop_fp32.h:121:46:   required from here
  121 |         return unary_op_inplace<unary_op_sin>(bottom_top_blob, opt);
      |                ~~~~~~~~~~~~~~~~~~~~~~~~~~~~~~^~~~~~~~~~~~~~~~~~~~~~
/home/mingshi/Project/AI/ernie-image-ncnn-vulkan/third_party/ncnn/src/layer/x86/unaryop_fp32.h:18:51: warning: unused parameter 'opt' [-Wunused-parameter]
   18 | static int unary_op_inplace(Mat& a, const Option& opt)
      |                                     ~~~~~~~~~~~~~~^~~
/home/mingshi/Project/AI/ernie-image-ncnn-vulkan/third_party/ncnn/src/layer/x86/unaryop_fp32.h: In instantiation of 'int ncnn::unary_op_inplace(Mat&, const Option&) [with Op = unaryop_x86_functor::unary_op_cos]':
/home/mingshi/Project/AI/ernie-image-ncnn-vulkan/third_party/ncnn/src/layer/x86/unaryop_fp32.h:124:46:   required from here
  124 |         return unary_op_inplace<unary_op_cos>(bottom_top_blob, opt);
      |                ~~~~~~~~~~~~~~~~~~~~~~~~~~~~~~^~~~~~~~~~~~~~~~~~~~~~
/home/mingshi/Project/AI/ernie-image-ncnn-vulkan/third_party/ncnn/src/layer/x86/unaryop_fp32.h:18:51: warning: unused parameter 'opt' [-Wunused-parameter]
   18 | static int unary_op_inplace(Mat& a, const Option& opt)
      |                                     ~~~~~~~~~~~~~~^~~
/home/mingshi/Project/AI/ernie-image-ncnn-vulkan/third_party/ncnn/src/layer/x86/unaryop_fp32.h: In instantiation of 'int ncnn::unary_op_inplace(Mat&, const Option&) [with Op = unaryop_x86_functor::unary_op_tan]':
/home/mingshi/Project/AI/ernie-image-ncnn-vulkan/third_party/ncnn/src/layer/x86/unaryop_fp32.h:127:46:   required from here
  127 |         return unary_op_inplace<unary_op_tan>(bottom_top_blob, opt);
      |                ~~~~~~~~~~~~~~~~~~~~~~~~~~~~~~^~~~~~~~~~~~~~~~~~~~~~
/home/mingshi/Project/AI/ernie-image-ncnn-vulkan/third_party/ncnn/src/layer/x86/unaryop_fp32.h:18:51: warning: unused parameter 'opt' [-Wunused-parameter]
   18 | static int unary_op_inplace(Mat& a, const Option& opt)
      |                                     ~~~~~~~~~~~~~~^~~
/home/mingshi/Project/AI/ernie-image-ncnn-vulkan/third_party/ncnn/src/layer/x86/unaryop_fp32.h: In instantiation of 'int ncnn::unary_op_inplace(Mat&, const Option&) [with Op = unaryop_x86_functor::unary_op_asin]':
/home/mingshi/Project/AI/ernie-image-ncnn-vulkan/third_party/ncnn/src/layer/x86/unaryop_fp32.h:130:47:   required from here
  130 |         return unary_op_inplace<unary_op_asin>(bottom_top_blob, opt);
      |                ~~~~~~~~~~~~~~~~~~~~~~~~~~~~~~~^~~~~~~~~~~~~~~~~~~~~~
/home/mingshi/Project/AI/ernie-image-ncnn-vulkan/third_party/ncnn/src/layer/x86/unaryop_fp32.h:18:51: warning: unused parameter 'opt' [-Wunused-parameter]
   18 | static int unary_op_inplace(Mat& a, const Option& opt)
      |                                     ~~~~~~~~~~~~~~^~~
/home/mingshi/Project/AI/ernie-image-ncnn-vulkan/third_party/ncnn/src/layer/x86/unaryop_fp32.h: In instantiation of 'int ncnn::unary_op_inplace(Mat&, const Option&) [with Op = unaryop_x86_functor::unary_op_acos]':
/home/mingshi/Project/AI/ernie-image-ncnn-vulkan/third_party/ncnn/src/layer/x86/unaryop_fp32.h:133:47:   required from here
  133 |         return unary_op_inplace<unary_op_acos>(bottom_top_blob, opt);
      |                ~~~~~~~~~~~~~~~~~~~~~~~~~~~~~~~^~~~~~~~~~~~~~~~~~~~~~
/home/mingshi/Project/AI/ernie-image-ncnn-vulkan/third_party/ncnn/src/layer/x86/unaryop_fp32.h:18:51: warning: unused parameter 'opt' [-Wunused-parameter]
   18 | static int unary_op_inplace(Mat& a, const Option& opt)
      |                                     ~~~~~~~~~~~~~~^~~
/home/mingshi/Project/AI/ernie-image-ncnn-vulkan/third_party/ncnn/src/layer/x86/unaryop_fp32.h: In instantiation of 'int ncnn::unary_op_inplace(Mat&, const Option&) [with Op = unaryop_x86_functor::unary_op_atan]':
/home/mingshi/Project/AI/ernie-image-ncnn-vulkan/third_party/ncnn/src/layer/x86/unaryop_fp32.h:136:47:   required from here
  136 |         return unary_op_inplace<unary_op_atan>(bottom_top_blob, opt);
      |                ~~~~~~~~~~~~~~~~~~~~~~~~~~~~~~~^~~~~~~~~~~~~~~~~~~~~~
/home/mingshi/Project/AI/ernie-image-ncnn-vulkan/third_party/ncnn/src/layer/x86/unaryop_fp32.h:18:51: warning: unused parameter 'opt' [-Wunused-parameter]
   18 | static int unary_op_inplace(Mat& a, const Option& opt)
      |                                     ~~~~~~~~~~~~~~^~~
/home/mingshi/Project/AI/ernie-image-ncnn-vulkan/third_party/ncnn/src/layer/x86/unaryop_fp32.h: In instantiation of 'int ncnn::unary_op_inplace(Mat&, const Option&) [with Op = unaryop_x86_functor::unary_op_reciprocal]':
/home/mingshi/Project/AI/ernie-image-ncnn-vulkan/third_party/ncnn/src/layer/x86/unaryop_fp32.h:139:53:   required from here
  139 |         return unary_op_inplace<unary_op_reciprocal>(bottom_top_blob, opt);
      |                ~~~~~~~~~~~~~~~~~~~~~~~~~~~~~~~~~~~~~^~~~~~~~~~~~~~~~~~~~~~
/home/mingshi/Project/AI/ernie-image-ncnn-vulkan/third_party/ncnn/src/layer/x86/unaryop_fp32.h:18:51: warning: unused parameter 'opt' [-Wunused-parameter]
   18 | static int unary_op_inplace(Mat& a, const Option& opt)
      |                                     ~~~~~~~~~~~~~~^~~
/home/mingshi/Project/AI/ernie-image-ncnn-vulkan/third_party/ncnn/src/layer/x86/unaryop_fp32.h: In instantiation of 'int ncnn::unary_op_inplace(Mat&, const Option&) [with Op = unaryop_x86_functor::unary_op_tanh]':
/home/mingshi/Project/AI/ernie-image-ncnn-vulkan/third_party/ncnn/src/layer/x86/unaryop_fp32.h:142:47:   required from here
  142 |         return unary_op_inplace<unary_op_tanh>(bottom_top_blob, opt);
      |                ~~~~~~~~~~~~~~~~~~~~~~~~~~~~~~~^~~~~~~~~~~~~~~~~~~~~~
/home/mingshi/Project/AI/ernie-image-ncnn-vulkan/third_party/ncnn/src/layer/x86/unaryop_fp32.h:18:51: warning: unused parameter 'opt' [-Wunused-parameter]
   18 | static int unary_op_inplace(Mat& a, const Option& opt)
      |                                     ~~~~~~~~~~~~~~^~~
/home/mingshi/Project/AI/ernie-image-ncnn-vulkan/third_party/ncnn/src/layer/x86/unaryop_fp32.h: In instantiation of 'int ncnn::unary_op_inplace(Mat&, const Option&) [with Op = unaryop_x86_functor::unary_op_log10]':
/home/mingshi/Project/AI/ernie-image-ncnn-vulkan/third_party/ncnn/src/layer/x86/unaryop_fp32.h:145:48:   required from here
  145 |         return unary_op_inplace<unary_op_log10>(bottom_top_blob, opt);
      |                ~~~~~~~~~~~~~~~~~~~~~~~~~~~~~~~~^~~~~~~~~~~~~~~~~~~~~~
/home/mingshi/Project/AI/ernie-image-ncnn-vulkan/third_party/ncnn/src/layer/x86/unaryop_fp32.h:18:51: warning: unused parameter 'opt' [-Wunused-parameter]
   18 | static int unary_op_inplace(Mat& a, const Option& opt)
      |                                     ~~~~~~~~~~~~~~^~~
/home/mingshi/Project/AI/ernie-image-ncnn-vulkan/third_party/ncnn/src/layer/x86/unaryop_fp32.h: In instantiation of 'int ncnn::unary_op_inplace(Mat&, const Option&) [with Op = unaryop_x86_functor::unary_op_round]':
/home/mingshi/Project/AI/ernie-image-ncnn-vulkan/third_party/ncnn/src/layer/x86/unaryop_fp32.h:154:51:   required from here
  154 |         int ret = unary_op_inplace<unary_op_round>(bottom_top_blob, opt);
      |                   ~~~~~~~~~~~~~~~~~~~~~~~~~~~~~~~~^~~~~~~~~~~~~~~~~~~~~~
/home/mingshi/Project/AI/ernie-image-ncnn-vulkan/third_party/ncnn/src/layer/x86/unaryop_fp32.h:18:51: warning: unused parameter 'opt' [-Wunused-parameter]
   18 | static int unary_op_inplace(Mat& a, const Option& opt)
      |                                     ~~~~~~~~~~~~~~^~~
/home/mingshi/Project/AI/ernie-image-ncnn-vulkan/third_party/ncnn/src/layer/x86/unaryop_fp32.h: In instantiation of 'int ncnn::unary_op_inplace(Mat&, const Option&) [with Op = unaryop_x86_functor::unary_op_trunc]':
/home/mingshi/Project/AI/ernie-image-ncnn-vulkan/third_party/ncnn/src/layer/x86/unaryop_fp32.h:162:48:   required from here
  162 |         return unary_op_inplace<unary_op_trunc>(bottom_top_blob, opt);
      |                ~~~~~~~~~~~~~~~~~~~~~~~~~~~~~~~~^~~~~~~~~~~~~~~~~~~~~~
/home/mingshi/Project/AI/ernie-image-ncnn-vulkan/third_party/ncnn/src/layer/x86/unaryop_fp32.h:18:51: warning: unused parameter 'opt' [-Wunused-parameter]
   18 | static int unary_op_inplace(Mat& a, const Option& opt)
      |                                     ~~~~~~~~~~~~~~^~~
/home/mingshi/Project/AI/ernie-image-ncnn-vulkan/third_party/ncnn/src/layer/x86/unaryop_fp32.h: In instantiation of 'int ncnn::unary_op_inplace(Mat&, const Option&) [with Op = unaryop_x86_functor::unary_op_sign]':
/home/mingshi/Project/AI/ernie-image-ncnn-vulkan/third_party/ncnn/src/layer/x86/unaryop_fp32.h:165:47:   required from here
  165 |         return unary_op_inplace<unary_op_sign>(bottom_top_blob, opt);
      |                ~~~~~~~~~~~~~~~~~~~~~~~~~~~~~~~^~~~~~~~~~~~~~~~~~~~~~
/home/mingshi/Project/AI/ernie-image-ncnn-vulkan/third_party/ncnn/src/layer/x86/unaryop_fp32.h:18:51: warning: unused parameter 'opt' [-Wunused-parameter]
   18 | static int unary_op_inplace(Mat& a, const Option& opt)
      |                                     ~~~~~~~~~~~~~~^~~
/home/mingshi/Project/AI/ernie-image-ncnn-vulkan/third_party/ncnn/src/layer/x86/unaryop_fp32.h: In instantiation of 'int ncnn::unary_op_inplace(Mat&, const Option&) [with Op = unaryop_x86_functor::unary_op_expm1]':
/home/mingshi/Project/AI/ernie-image-ncnn-vulkan/third_party/ncnn/src/layer/x86/unaryop_fp32.h:168:48:   required from here
  168 |         return unary_op_inplace<unary_op_expm1>(bottom_top_blob, opt);
      |                ~~~~~~~~~~~~~~~~~~~~~~~~~~~~~~~~^~~~~~~~~~~~~~~~~~~~~~
/home/mingshi/Project/AI/ernie-image-ncnn-vulkan/third_party/ncnn/src/layer/x86/unaryop_fp32.h:18:51: warning: unused parameter 'opt' [-Wunused-parameter]
   18 | static int unary_op_inplace(Mat& a, const Option& opt)
      |                                     ~~~~~~~~~~~~~~^~~
/home/mingshi/Project/AI/ernie-image-ncnn-vulkan/third_party/ncnn/src/layer/x86/unaryop_fp32.h: In instantiation of 'int ncnn::unary_op_inplace(Mat&, const Option&) [with Op = unaryop_x86_functor::unary_op_sinh]':
/home/mingshi/Project/AI/ernie-image-ncnn-vulkan/third_party/ncnn/src/layer/x86/unaryop_fp32.h:171:47:   required from here
  171 |         return unary_op_inplace<unary_op_sinh>(bottom_top_blob, opt);
      |                ~~~~~~~~~~~~~~~~~~~~~~~~~~~~~~~^~~~~~~~~~~~~~~~~~~~~~
/home/mingshi/Project/AI/ernie-image-ncnn-vulkan/third_party/ncnn/src/layer/x86/unaryop_fp32.h:18:51: warning: unused parameter 'opt' [-Wunused-parameter]
   18 | static int unary_op_inplace(Mat& a, const Option& opt)
      |                                     ~~~~~~~~~~~~~~^~~
/home/mingshi/Project/AI/ernie-image-ncnn-vulkan/third_party/ncnn/src/layer/x86/unaryop_fp32.h: In instantiation of 'int ncnn::unary_op_inplace(Mat&, const Option&) [with Op = unaryop_x86_functor::unary_op_asinh]':
/home/mingshi/Project/AI/ernie-image-ncnn-vulkan/third_party/ncnn/src/layer/x86/unaryop_fp32.h:174:48:   required from here
  174 |         return unary_op_inplace<unary_op_asinh>(bottom_top_blob, opt);
      |                ~~~~~~~~~~~~~~~~~~~~~~~~~~~~~~~~^~~~~~~~~~~~~~~~~~~~~~
/home/mingshi/Project/AI/ernie-image-ncnn-vulkan/third_party/ncnn/src/layer/x86/unaryop_fp32.h:18:51: warning: unused parameter 'opt' [-Wunused-parameter]
   18 | static int unary_op_inplace(Mat& a, const Option& opt)
      |                                     ~~~~~~~~~~~~~~^~~
/home/mingshi/Project/AI/ernie-image-ncnn-vulkan/third_party/ncnn/src/layer/x86/unaryop_fp32.h: In instantiation of 'int ncnn::unary_op_inplace(Mat&, const Option&) [with Op = unaryop_x86_functor::unary_op_cosh]':
/home/mingshi/Project/AI/ernie-image-ncnn-vulkan/third_party/ncnn/src/layer/x86/unaryop_fp32.h:177:47:   required from here
  177 |         return unary_op_inplace<unary_op_cosh>(bottom_top_blob, opt);
      |                ~~~~~~~~~~~~~~~~~~~~~~~~~~~~~~~^~~~~~~~~~~~~~~~~~~~~~
/home/mingshi/Project/AI/ernie-image-ncnn-vulkan/third_party/ncnn/src/layer/x86/unaryop_fp32.h:18:51: warning: unused parameter 'opt' [-Wunused-parameter]
   18 | static int unary_op_inplace(Mat& a, const Option& opt)
      |                                     ~~~~~~~~~~~~~~^~~
/home/mingshi/Project/AI/ernie-image-ncnn-vulkan/third_party/ncnn/src/layer/x86/unaryop_fp32.h: In instantiation of 'int ncnn::unary_op_inplace(Mat&, const Option&) [with Op = unaryop_x86_functor::unary_op_acosh]':
/home/mingshi/Project/AI/ernie-image-ncnn-vulkan/third_party/ncnn/src/layer/x86/unaryop_fp32.h:180:48:   required from here
  180 |         return unary_op_inplace<unary_op_acosh>(bottom_top_blob, opt);
      |                ~~~~~~~~~~~~~~~~~~~~~~~~~~~~~~~~^~~~~~~~~~~~~~~~~~~~~~
/home/mingshi/Project/AI/ernie-image-ncnn-vulkan/third_party/ncnn/src/layer/x86/unaryop_fp32.h:18:51: warning: unused parameter 'opt' [-Wunused-parameter]
   18 | static int unary_op_inplace(Mat& a, const Option& opt)
      |                                     ~~~~~~~~~~~~~~^~~
/home/mingshi/Project/AI/ernie-image-ncnn-vulkan/third_party/ncnn/src/layer/x86/unaryop_fp32.h: In instantiation of 'int ncnn::unary_op_inplace(Mat&, const Option&) [with Op = unaryop_x86_functor::unary_op_atanh]':
/home/mingshi/Project/AI/ernie-image-ncnn-vulkan/third_party/ncnn/src/layer/x86/unaryop_fp32.h:183:48:   required from here
  183 |         return unary_op_inplace<unary_op_atanh>(bottom_top_blob, opt);
      |                ~~~~~~~~~~~~~~~~~~~~~~~~~~~~~~~~^~~~~~~~~~~~~~~~~~~~~~
/home/mingshi/Project/AI/ernie-image-ncnn-vulkan/third_party/ncnn/src/layer/x86/unaryop_fp32.h:18:51: warning: unused parameter 'opt' [-Wunused-parameter]
   18 | static int unary_op_inplace(Mat& a, const Option& opt)
      |                                     ~~~~~~~~~~~~~~^~~
/home/mingshi/Project/AI/ernie-image-ncnn-vulkan/third_party/ncnn/src/layer/x86/unaryop_fp32.h: In instantiation of 'int ncnn::unary_op_inplace(Mat&, const Option&) [with Op = unaryop_x86_functor::unary_op_log1p]':
/home/mingshi/Project/AI/ernie-image-ncnn-vulkan/third_party/ncnn/src/layer/x86/unaryop_fp32.h:186:48:   required from here
  186 |         return unary_op_inplace<unary_op_log1p>(bottom_top_blob, opt);
      |                ~~~~~~~~~~~~~~~~~~~~~~~~~~~~~~~~^~~~~~~~~~~~~~~~~~~~~~
/home/mingshi/Project/AI/ernie-image-ncnn-vulkan/third_party/ncnn/src/layer/x86/unaryop_fp32.h:18:51: warning: unused parameter 'opt' [-Wunused-parameter]
   18 | static int unary_op_inplace(Mat& a, const Option& opt)
      |                                     ~~~~~~~~~~~~~~^~~
/home/mingshi/Project/AI/ernie-image-ncnn-vulkan/third_party/ncnn/src/layer/x86/unaryop_bf16s.h: In instantiation of 'int ncnn::unary_op_inplace_bf16s(Mat&, const Option&) [with Op = unaryop_x86_functor::unary_op_abs]':
/home/mingshi/Project/AI/ernie-image-ncnn-vulkan/.worktrees/surpass-reference/build-windows-cpu-v1/ncnn/src/layer/x86/unaryop_x86_avx.cpp:101:52:   required from here
  101 |         return unary_op_inplace_bf16s<unary_op_abs>(bottom_top_blob, opt);
      |                ~~~~~~~~~~~~~~~~~~~~~~~~~~~~~~~~~~~~^~~~~~~~~~~~~~~~~~~~~~
/home/mingshi/Project/AI/ernie-image-ncnn-vulkan/third_party/ncnn/src/layer/x86/unaryop_bf16s.h:5:57: warning: unused parameter 'opt' [-Wunused-parameter]
    5 | static int unary_op_inplace_bf16s(Mat& a, const Option& opt)
      |                                           ~~~~~~~~~~~~~~^~~
/home/mingshi/Project/AI/ernie-image-ncnn-vulkan/third_party/ncnn/src/layer/x86/unaryop_bf16s.h: In instantiation of 'int ncnn::unary_op_inplace_bf16s(Mat&, const Option&) [with Op = unaryop_x86_functor::unary_op_neg]':
/home/mingshi/Project/AI/ernie-image-ncnn-vulkan/.worktrees/surpass-reference/build-windows-cpu-v1/ncnn/src/layer/x86/unaryop_x86_avx.cpp:104:52:   required from here
  104 |         return unary_op_inplace_bf16s<unary_op_neg>(bottom_top_blob, opt);
      |                ~~~~~~~~~~~~~~~~~~~~~~~~~~~~~~~~~~~~^~~~~~~~~~~~~~~~~~~~~~
/home/mingshi/Project/AI/ernie-image-ncnn-vulkan/third_party/ncnn/src/layer/x86/unaryop_bf16s.h:5:57: warning: unused parameter 'opt' [-Wunused-parameter]
    5 | static int unary_op_inplace_bf16s(Mat& a, const Option& opt)
      |                                           ~~~~~~~~~~~~~~^~~
/home/mingshi/Project/AI/ernie-image-ncnn-vulkan/third_party/ncnn/src/layer/x86/unaryop_bf16s.h: In instantiation of 'int ncnn::unary_op_inplace_bf16s(Mat&, const Option&) [with Op = unaryop_x86_functor::unary_op_floor]':
/home/mingshi/Project/AI/ernie-image-ncnn-vulkan/.worktrees/surpass-reference/build-windows-cpu-v1/ncnn/src/layer/x86/unaryop_x86_avx.cpp:107:54:   required from here
  107 |         return unary_op_inplace_bf16s<unary_op_floor>(bottom_top_blob, opt);
      |                ~~~~~~~~~~~~~~~~~~~~~~~~~~~~~~~~~~~~~~^~~~~~~~~~~~~~~~~~~~~~
/home/mingshi/Project/AI/ernie-image-ncnn-vulkan/third_party/ncnn/src/layer/x86/unaryop_bf16s.h:5:57: warning: unused parameter 'opt' [-Wunused-parameter]
    5 | static int unary_op_inplace_bf16s(Mat& a, const Option& opt)
      |                                           ~~~~~~~~~~~~~~^~~
/home/mingshi/Project/AI/ernie-image-ncnn-vulkan/third_party/ncnn/src/layer/x86/unaryop_bf16s.h: In instantiation of 'int ncnn::unary_op_inplace_bf16s(Mat&, const Option&) [with Op = unaryop_x86_functor::unary_op_ceil]':
/home/mingshi/Project/AI/ernie-image-ncnn-vulkan/.worktrees/surpass-reference/build-windows-cpu-v1/ncnn/src/layer/x86/unaryop_x86_avx.cpp:110:53:   required from here
  110 |         return unary_op_inplace_bf16s<unary_op_ceil>(bottom_top_blob, opt);
      |                ~~~~~~~~~~~~~~~~~~~~~~~~~~~~~~~~~~~~~^~~~~~~~~~~~~~~~~~~~~~
/home/mingshi/Project/AI/ernie-image-ncnn-vulkan/third_party/ncnn/src/layer/x86/unaryop_bf16s.h:5:57: warning: unused parameter 'opt' [-Wunused-parameter]
    5 | static int unary_op_inplace_bf16s(Mat& a, const Option& opt)
      |                                           ~~~~~~~~~~~~~~^~~
/home/mingshi/Project/AI/ernie-image-ncnn-vulkan/third_party/ncnn/src/layer/x86/unaryop_bf16s.h: In instantiation of 'int ncnn::unary_op_inplace_bf16s(Mat&, const Option&) [with Op = unaryop_x86_functor::unary_op_square]':
/home/mingshi/Project/AI/ernie-image-ncnn-vulkan/.worktrees/surpass-reference/build-windows-cpu-v1/ncnn/src/layer/x86/unaryop_x86_avx.cpp:113:55:   required from here
  113 |         return unary_op_inplace_bf16s<unary_op_square>(bottom_top_blob, opt);
      |                ~~~~~~~~~~~~~~~~~~~~~~~~~~~~~~~~~~~~~~~^~~~~~~~~~~~~~~~~~~~~~
/home/mingshi/Project/AI/ernie-image-ncnn-vulkan/third_party/ncnn/src/layer/x86/unaryop_bf16s.h:5:57: warning: unused parameter 'opt' [-Wunused-parameter]
    5 | static int unary_op_inplace_bf16s(Mat& a, const Option& opt)
      |                                           ~~~~~~~~~~~~~~^~~
/home/mingshi/Project/AI/ernie-image-ncnn-vulkan/third_party/ncnn/src/layer/x86/unaryop_bf16s.h: In instantiation of 'int ncnn::unary_op_inplace_bf16s(Mat&, const Option&) [with Op = unaryop_x86_functor::unary_op_sqrt]':
/home/mingshi/Project/AI/ernie-image-ncnn-vulkan/.worktrees/surpass-reference/build-windows-cpu-v1/ncnn/src/layer/x86/unaryop_x86_avx.cpp:116:53:   required from here
  116 |         return unary_op_inplace_bf16s<unary_op_sqrt>(bottom_top_blob, opt);
      |                ~~~~~~~~~~~~~~~~~~~~~~~~~~~~~~~~~~~~~^~~~~~~~~~~~~~~~~~~~~~
/home/mingshi/Project/AI/ernie-image-ncnn-vulkan/third_party/ncnn/src/layer/x86/unaryop_bf16s.h:5:57: warning: unused parameter 'opt' [-Wunused-parameter]
    5 | static int unary_op_inplace_bf16s(Mat& a, const Option& opt)
      |                                           ~~~~~~~~~~~~~~^~~
/home/mingshi/Project/AI/ernie-image-ncnn-vulkan/third_party/ncnn/src/layer/x86/unaryop_bf16s.h: In instantiation of 'int ncnn::unary_op_inplace_bf16s(Mat&, const Option&) [with Op = unaryop_x86_functor::unary_op_rsqrt]':
/home/mingshi/Project/AI/ernie-image-ncnn-vulkan/.worktrees/surpass-reference/build-windows-cpu-v1/ncnn/src/layer/x86/unaryop_x86_avx.cpp:119:54:   required from here
  119 |         return unary_op_inplace_bf16s<unary_op_rsqrt>(bottom_top_blob, opt);
      |                ~~~~~~~~~~~~~~~~~~~~~~~~~~~~~~~~~~~~~~^~~~~~~~~~~~~~~~~~~~~~
/home/mingshi/Project/AI/ernie-image-ncnn-vulkan/third_party/ncnn/src/layer/x86/unaryop_bf16s.h:5:57: warning: unused parameter 'opt' [-Wunused-parameter]
    5 | static int unary_op_inplace_bf16s(Mat& a, const Option& opt)
      |                                           ~~~~~~~~~~~~~~^~~
/home/mingshi/Project/AI/ernie-image-ncnn-vulkan/third_party/ncnn/src/layer/x86/unaryop_bf16s.h: In instantiation of 'int ncnn::unary_op_inplace_bf16s(Mat&, const Option&) [with Op = unaryop_x86_functor::unary_op_exp]':
/home/mingshi/Project/AI/ernie-image-ncnn-vulkan/.worktrees/surpass-reference/build-windows-cpu-v1/ncnn/src/layer/x86/unaryop_x86_avx.cpp:122:52:   required from here
  122 |         return unary_op_inplace_bf16s<unary_op_exp>(bottom_top_blob, opt);
      |                ~~~~~~~~~~~~~~~~~~~~~~~~~~~~~~~~~~~~^~~~~~~~~~~~~~~~~~~~~~
/home/mingshi/Project/AI/ernie-image-ncnn-vulkan/third_party/ncnn/src/layer/x86/unaryop_bf16s.h:5:57: warning: unused parameter 'opt' [-Wunused-parameter]
    5 | static int unary_op_inplace_bf16s(Mat& a, const Option& opt)
      |                                           ~~~~~~~~~~~~~~^~~
/home/mingshi/Project/AI/ernie-image-ncnn-vulkan/third_party/ncnn/src/layer/x86/unaryop_bf16s.h: In instantiation of 'int ncnn::unary_op_inplace_bf16s(Mat&, const Option&) [with Op = unaryop_x86_functor::unary_op_log]':
/home/mingshi/Project/AI/ernie-image-ncnn-vulkan/.worktrees/surpass-reference/build-windows-cpu-v1/ncnn/src/layer/x86/unaryop_x86_avx.cpp:125:52:   required from here
  125 |         return unary_op_inplace_bf16s<unary_op_log>(bottom_top_blob, opt);
      |                ~~~~~~~~~~~~~~~~~~~~~~~~~~~~~~~~~~~~^~~~~~~~~~~~~~~~~~~~~~
/home/mingshi/Project/AI/ernie-image-ncnn-vulkan/third_party/ncnn/src/layer/x86/unaryop_bf16s.h:5:57: warning: unused parameter 'opt' [-Wunused-parameter]
    5 | static int unary_op_inplace_bf16s(Mat& a, const Option& opt)
      |                                           ~~~~~~~~~~~~~~^~~
/home/mingshi/Project/AI/ernie-image-ncnn-vulkan/third_party/ncnn/src/layer/x86/unaryop_bf16s.h: In instantiation of 'int ncnn::unary_op_inplace_bf16s(Mat&, const Option&) [with Op = unaryop_x86_functor::unary_op_sin]':
/home/mingshi/Project/AI/ernie-image-ncnn-vulkan/.worktrees/surpass-reference/build-windows-cpu-v1/ncnn/src/layer/x86/unaryop_x86_avx.cpp:128:52:   required from here
  128 |         return unary_op_inplace_bf16s<unary_op_sin>(bottom_top_blob, opt);
      |                ~~~~~~~~~~~~~~~~~~~~~~~~~~~~~~~~~~~~^~~~~~~~~~~~~~~~~~~~~~
/home/mingshi/Project/AI/ernie-image-ncnn-vulkan/third_party/ncnn/src/layer/x86/unaryop_bf16s.h:5:57: warning: unused parameter 'opt' [-Wunused-parameter]
    5 | static int unary_op_inplace_bf16s(Mat& a, const Option& opt)
      |                                           ~~~~~~~~~~~~~~^~~
/home/mingshi/Project/AI/ernie-image-ncnn-vulkan/third_party/ncnn/src/layer/x86/unaryop_bf16s.h: In instantiation of 'int ncnn::unary_op_inplace_bf16s(Mat&, const Option&) [with Op = unaryop_x86_functor::unary_op_cos]':
/home/mingshi/Project/AI/ernie-image-ncnn-vulkan/.worktrees/surpass-reference/build-windows-cpu-v1/ncnn/src/layer/x86/unaryop_x86_avx.cpp:131:52:   required from here
  131 |         return unary_op_inplace_bf16s<unary_op_cos>(bottom_top_blob, opt);
      |                ~~~~~~~~~~~~~~~~~~~~~~~~~~~~~~~~~~~~^~~~~~~~~~~~~~~~~~~~~~
/home/mingshi/Project/AI/ernie-image-ncnn-vulkan/third_party/ncnn/src/layer/x86/unaryop_bf16s.h:5:57: warning: unused parameter 'opt' [-Wunused-parameter]
    5 | static int unary_op_inplace_bf16s(Mat& a, const Option& opt)
      |                                           ~~~~~~~~~~~~~~^~~
/home/mingshi/Project/AI/ernie-image-ncnn-vulkan/third_party/ncnn/src/layer/x86/unaryop_bf16s.h: In instantiation of 'int ncnn::unary_op_inplace_bf16s(Mat&, const Option&) [with Op = unaryop_x86_functor::unary_op_tan]':
/home/mingshi/Project/AI/ernie-image-ncnn-vulkan/.worktrees/surpass-reference/build-windows-cpu-v1/ncnn/src/layer/x86/unaryop_x86_avx.cpp:134:52:   required from here
  134 |         return unary_op_inplace_bf16s<unary_op_tan>(bottom_top_blob, opt);
      |                ~~~~~~~~~~~~~~~~~~~~~~~~~~~~~~~~~~~~^~~~~~~~~~~~~~~~~~~~~~
/home/mingshi/Project/AI/ernie-image-ncnn-vulkan/third_party/ncnn/src/layer/x86/unaryop_bf16s.h:5:57: warning: unused parameter 'opt' [-Wunused-parameter]
    5 | static int unary_op_inplace_bf16s(Mat& a, const Option& opt)
      |                                           ~~~~~~~~~~~~~~^~~
/home/mingshi/Project/AI/ernie-image-ncnn-vulkan/third_party/ncnn/src/layer/x86/unaryop_bf16s.h: In instantiation of 'int ncnn::unary_op_inplace_bf16s(Mat&, const Option&) [with Op = unaryop_x86_functor::unary_op_asin]':
/home/mingshi/Project/AI/ernie-image-ncnn-vulkan/.worktrees/surpass-reference/build-windows-cpu-v1/ncnn/src/layer/x86/unaryop_x86_avx.cpp:137:53:   required from here
  137 |         return unary_op_inplace_bf16s<unary_op_asin>(bottom_top_blob, opt);
      |                ~~~~~~~~~~~~~~~~~~~~~~~~~~~~~~~~~~~~~^~~~~~~~~~~~~~~~~~~~~~
/home/mingshi/Project/AI/ernie-image-ncnn-vulkan/third_party/ncnn/src/layer/x86/unaryop_bf16s.h:5:57: warning: unused parameter 'opt' [-Wunused-parameter]
    5 | static int unary_op_inplace_bf16s(Mat& a, const Option& opt)
      |                                           ~~~~~~~~~~~~~~^~~
/home/mingshi/Project/AI/ernie-image-ncnn-vulkan/third_party/ncnn/src/layer/x86/unaryop_bf16s.h: In instantiation of 'int ncnn::unary_op_inplace_bf16s(Mat&, const Option&) [with Op = unaryop_x86_functor::unary_op_acos]':
/home/mingshi/Project/AI/ernie-image-ncnn-vulkan/.worktrees/surpass-reference/build-windows-cpu-v1/ncnn/src/layer/x86/unaryop_x86_avx.cpp:140:53:   required from here
  140 |         return unary_op_inplace_bf16s<unary_op_acos>(bottom_top_blob, opt);
      |                ~~~~~~~~~~~~~~~~~~~~~~~~~~~~~~~~~~~~~^~~~~~~~~~~~~~~~~~~~~~
/home/mingshi/Project/AI/ernie-image-ncnn-vulkan/third_party/ncnn/src/layer/x86/unaryop_bf16s.h:5:57: warning: unused parameter 'opt' [-Wunused-parameter]
    5 | static int unary_op_inplace_bf16s(Mat& a, const Option& opt)
      |                                           ~~~~~~~~~~~~~~^~~
/home/mingshi/Project/AI/ernie-image-ncnn-vulkan/third_party/ncnn/src/layer/x86/unaryop_bf16s.h: In instantiation of 'int ncnn::unary_op_inplace_bf16s(Mat&, const Option&) [with Op = unaryop_x86_functor::unary_op_atan]':
/home/mingshi/Project/AI/ernie-image-ncnn-vulkan/.worktrees/surpass-reference/build-windows-cpu-v1/ncnn/src/layer/x86/unaryop_x86_avx.cpp:143:53:   required from here
  143 |         return unary_op_inplace_bf16s<unary_op_atan>(bottom_top_blob, opt);
      |                ~~~~~~~~~~~~~~~~~~~~~~~~~~~~~~~~~~~~~^~~~~~~~~~~~~~~~~~~~~~
/home/mingshi/Project/AI/ernie-image-ncnn-vulkan/third_party/ncnn/src/layer/x86/unaryop_bf16s.h:5:57: warning: unused parameter 'opt' [-Wunused-parameter]
    5 | static int unary_op_inplace_bf16s(Mat& a, const Option& opt)
      |                                           ~~~~~~~~~~~~~~^~~
/home/mingshi/Project/AI/ernie-image-ncnn-vulkan/third_party/ncnn/src/layer/x86/unaryop_bf16s.h: In instantiation of 'int ncnn::unary_op_inplace_bf16s(Mat&, const Option&) [with Op = unaryop_x86_functor::unary_op_reciprocal]':
/home/mingshi/Project/AI/ernie-image-ncnn-vulkan/.worktrees/surpass-reference/build-windows-cpu-v1/ncnn/src/layer/x86/unaryop_x86_avx.cpp:146:59:   required from here
  146 |         return unary_op_inplace_bf16s<unary_op_reciprocal>(bottom_top_blob, opt);
      |                ~~~~~~~~~~~~~~~~~~~~~~~~~~~~~~~~~~~~~~~~~~~^~~~~~~~~~~~~~~~~~~~~~
/home/mingshi/Project/AI/ernie-image-ncnn-vulkan/third_party/ncnn/src/layer/x86/unaryop_bf16s.h:5:57: warning: unused parameter 'opt' [-Wunused-parameter]
    5 | static int unary_op_inplace_bf16s(Mat& a, const Option& opt)
      |                                           ~~~~~~~~~~~~~~^~~
/home/mingshi/Project/AI/ernie-image-ncnn-vulkan/third_party/ncnn/src/layer/x86/unaryop_bf16s.h: In instantiation of 'int ncnn::unary_op_inplace_bf16s(Mat&, const Option&) [with Op = unaryop_x86_functor::unary_op_tanh]':
/home/mingshi/Project/AI/ernie-image-ncnn-vulkan/.worktrees/surpass-reference/build-windows-cpu-v1/ncnn/src/layer/x86/unaryop_x86_avx.cpp:149:53:   required from here
  149 |         return unary_op_inplace_bf16s<unary_op_tanh>(bottom_top_blob, opt);
      |                ~~~~~~~~~~~~~~~~~~~~~~~~~~~~~~~~~~~~~^~~~~~~~~~~~~~~~~~~~~~
/home/mingshi/Project/AI/ernie-image-ncnn-vulkan/third_party/ncnn/src/layer/x86/unaryop_bf16s.h:5:57: warning: unused parameter 'opt' [-Wunused-parameter]
    5 | static int unary_op_inplace_bf16s(Mat& a, const Option& opt)
      |                                           ~~~~~~~~~~~~~~^~~
/home/mingshi/Project/AI/ernie-image-ncnn-vulkan/third_party/ncnn/src/layer/x86/unaryop_bf16s.h: In instantiation of 'int ncnn::unary_op_inplace_bf16s(Mat&, const Option&) [with Op = unaryop_x86_functor::unary_op_log10]':
/home/mingshi/Project/AI/ernie-image-ncnn-vulkan/.worktrees/surpass-reference/build-windows-cpu-v1/ncnn/src/layer/x86/unaryop_x86_avx.cpp:152:54:   required from here
  152 |         return unary_op_inplace_bf16s<unary_op_log10>(bottom_top_blob, opt);
      |                ~~~~~~~~~~~~~~~~~~~~~~~~~~~~~~~~~~~~~~^~~~~~~~~~~~~~~~~~~~~~
/home/mingshi/Project/AI/ernie-image-ncnn-vulkan/third_party/ncnn/src/layer/x86/unaryop_bf16s.h:5:57: warning: unused parameter 'opt' [-Wunused-parameter]
    5 | static int unary_op_inplace_bf16s(Mat& a, const Option& opt)
      |                                           ~~~~~~~~~~~~~~^~~
/home/mingshi/Project/AI/ernie-image-ncnn-vulkan/third_party/ncnn/src/layer/x86/unaryop_bf16s.h: In instantiation of 'int ncnn::unary_op_inplace_bf16s(Mat&, const Option&) [with Op = unaryop_x86_functor::unary_op_round]':
/home/mingshi/Project/AI/ernie-image-ncnn-vulkan/.worktrees/surpass-reference/build-windows-cpu-v1/ncnn/src/layer/x86/unaryop_x86_avx.cpp:161:57:   required from here
  161 |         int ret = unary_op_inplace_bf16s<unary_op_round>(bottom_top_blob, opt);
      |                   ~~~~~~~~~~~~~~~~~~~~~~~~~~~~~~~~~~~~~~^~~~~~~~~~~~~~~~~~~~~~
/home/mingshi/Project/AI/ernie-image-ncnn-vulkan/third_party/ncnn/src/layer/x86/unaryop_bf16s.h:5:57: warning: unused parameter 'opt' [-Wunused-parameter]
    5 | static int unary_op_inplace_bf16s(Mat& a, const Option& opt)
      |                                           ~~~~~~~~~~~~~~^~~
/home/mingshi/Project/AI/ernie-image-ncnn-vulkan/third_party/ncnn/src/layer/x86/unaryop_bf16s.h: In instantiation of 'int ncnn::unary_op_inplace_bf16s(Mat&, const Option&) [with Op = unaryop_x86_functor::unary_op_trunc]':
/home/mingshi/Project/AI/ernie-image-ncnn-vulkan/.worktrees/surpass-reference/build-windows-cpu-v1/ncnn/src/layer/x86/unaryop_x86_avx.cpp:169:54:   required from here
  169 |         return unary_op_inplace_bf16s<unary_op_trunc>(bottom_top_blob, opt);
      |                ~~~~~~~~~~~~~~~~~~~~~~~~~~~~~~~~~~~~~~^~~~~~~~~~~~~~~~~~~~~~
/home/mingshi/Project/AI/ernie-image-ncnn-vulkan/third_party/ncnn/src/layer/x86/unaryop_bf16s.h:5:57: warning: unused parameter 'opt' [-Wunused-parameter]
    5 | static int unary_op_inplace_bf16s(Mat& a, const Option& opt)
      |                                           ~~~~~~~~~~~~~~^~~
/home/mingshi/Project/AI/ernie-image-ncnn-vulkan/third_party/ncnn/src/layer/x86/unaryop_bf16s.h: In instantiation of 'int ncnn::unary_op_inplace_bf16s(Mat&, const Option&) [with Op = unaryop_x86_functor::unary_op_sign]':
/home/mingshi/Project/AI/ernie-image-ncnn-vulkan/.worktrees/surpass-reference/build-windows-cpu-v1/ncnn/src/layer/x86/unaryop_x86_avx.cpp:172:53:   required from here
  172 |         return unary_op_inplace_bf16s<unary_op_sign>(bottom_top_blob, opt);
      |                ~~~~~~~~~~~~~~~~~~~~~~~~~~~~~~~~~~~~~^~~~~~~~~~~~~~~~~~~~~~
/home/mingshi/Project/AI/ernie-image-ncnn-vulkan/third_party/ncnn/src/layer/x86/unaryop_bf16s.h:5:57: warning: unused parameter 'opt' [-Wunused-parameter]
    5 | static int unary_op_inplace_bf16s(Mat& a, const Option& opt)
      |                                           ~~~~~~~~~~~~~~^~~
/home/mingshi/Project/AI/ernie-image-ncnn-vulkan/third_party/ncnn/src/layer/x86/unaryop_bf16s.h: In instantiation of 'int ncnn::unary_op_inplace_bf16s(Mat&, const Option&) [with Op = unaryop_x86_functor::unary_op_expm1]':
/home/mingshi/Project/AI/ernie-image-ncnn-vulkan/.worktrees/surpass-reference/build-windows-cpu-v1/ncnn/src/layer/x86/unaryop_x86_avx.cpp:175:54:   required from here
  175 |         return unary_op_inplace_bf16s<unary_op_expm1>(bottom_top_blob, opt);
      |                ~~~~~~~~~~~~~~~~~~~~~~~~~~~~~~~~~~~~~~^~~~~~~~~~~~~~~~~~~~~~
/home/mingshi/Project/AI/ernie-image-ncnn-vulkan/third_party/ncnn/src/layer/x86/unaryop_bf16s.h:5:57: warning: unused parameter 'opt' [-Wunused-parameter]
    5 | static int unary_op_inplace_bf16s(Mat& a, const Option& opt)
      |                                           ~~~~~~~~~~~~~~^~~
/home/mingshi/Project/AI/ernie-image-ncnn-vulkan/third_party/ncnn/src/layer/x86/unaryop_bf16s.h: In instantiation of 'int ncnn::unary_op_inplace_bf16s(Mat&, const Option&) [with Op = unaryop_x86_functor::unary_op_sinh]':
/home/mingshi/Project/AI/ernie-image-ncnn-vulkan/.worktrees/surpass-reference/build-windows-cpu-v1/ncnn/src/layer/x86/unaryop_x86_avx.cpp:178:53:   required from here
  178 |         return unary_op_inplace_bf16s<unary_op_sinh>(bottom_top_blob, opt);
      |                ~~~~~~~~~~~~~~~~~~~~~~~~~~~~~~~~~~~~~^~~~~~~~~~~~~~~~~~~~~~
/home/mingshi/Project/AI/ernie-image-ncnn-vulkan/third_party/ncnn/src/layer/x86/unaryop_bf16s.h:5:57: warning: unused parameter 'opt' [-Wunused-parameter]
    5 | static int unary_op_inplace_bf16s(Mat& a, const Option& opt)
      |                                           ~~~~~~~~~~~~~~^~~
/home/mingshi/Project/AI/ernie-image-ncnn-vulkan/third_party/ncnn/src/layer/x86/unaryop_bf16s.h: In instantiation of 'int ncnn::unary_op_inplace_bf16s(Mat&, const Option&) [with Op = unaryop_x86_functor::unary_op_asinh]':
/home/mingshi/Project/AI/ernie-image-ncnn-vulkan/.worktrees/surpass-reference/build-windows-cpu-v1/ncnn/src/layer/x86/unaryop_x86_avx.cpp:181:54:   required from here
  181 |         return unary_op_inplace_bf16s<unary_op_asinh>(bottom_top_blob, opt);
      |                ~~~~~~~~~~~~~~~~~~~~~~~~~~~~~~~~~~~~~~^~~~~~~~~~~~~~~~~~~~~~
/home/mingshi/Project/AI/ernie-image-ncnn-vulkan/third_party/ncnn/src/layer/x86/unaryop_bf16s.h:5:57: warning: unused parameter 'opt' [-Wunused-parameter]
    5 | static int unary_op_inplace_bf16s(Mat& a, const Option& opt)
      |                                           ~~~~~~~~~~~~~~^~~
/home/mingshi/Project/AI/ernie-image-ncnn-vulkan/third_party/ncnn/src/layer/x86/unaryop_bf16s.h: In instantiation of 'int ncnn::unary_op_inplace_bf16s(Mat&, const Option&) [with Op = unaryop_x86_functor::unary_op_cosh]':
/home/mingshi/Project/AI/ernie-image-ncnn-vulkan/.worktrees/surpass-reference/build-windows-cpu-v1/ncnn/src/layer/x86/unaryop_x86_avx.cpp:184:53:   required from here
  184 |         return unary_op_inplace_bf16s<unary_op_cosh>(bottom_top_blob, opt);
      |                ~~~~~~~~~~~~~~~~~~~~~~~~~~~~~~~~~~~~~^~~~~~~~~~~~~~~~~~~~~~
/home/mingshi/Project/AI/ernie-image-ncnn-vulkan/third_party/ncnn/src/layer/x86/unaryop_bf16s.h:5:57: warning: unused parameter 'opt' [-Wunused-parameter]
    5 | static int unary_op_inplace_bf16s(Mat& a, const Option& opt)
      |                                           ~~~~~~~~~~~~~~^~~
/home/mingshi/Project/AI/ernie-image-ncnn-vulkan/third_party/ncnn/src/layer/x86/unaryop_bf16s.h: In instantiation of 'int ncnn::unary_op_inplace_bf16s(Mat&, const Option&) [with Op = unaryop_x86_functor::unary_op_acosh]':
/home/mingshi/Project/AI/ernie-image-ncnn-vulkan/.worktrees/surpass-reference/build-windows-cpu-v1/ncnn/src/layer/x86/unaryop_x86_avx.cpp:187:54:   required from here
  187 |         return unary_op_inplace_bf16s<unary_op_acosh>(bottom_top_blob, opt);
      |                ~~~~~~~~~~~~~~~~~~~~~~~~~~~~~~~~~~~~~~^~~~~~~~~~~~~~~~~~~~~~
/home/mingshi/Project/AI/ernie-image-ncnn-vulkan/third_party/ncnn/src/layer/x86/unaryop_bf16s.h:5:57: warning: unused parameter 'opt' [-Wunused-parameter]
    5 | static int unary_op_inplace_bf16s(Mat& a, const Option& opt)
      |                                           ~~~~~~~~~~~~~~^~~
/home/mingshi/Project/AI/ernie-image-ncnn-vulkan/third_party/ncnn/src/layer/x86/unaryop_bf16s.h: In instantiation of 'int ncnn::unary_op_inplace_bf16s(Mat&, const Option&) [with Op = unaryop_x86_functor::unary_op_atanh]':
/home/mingshi/Project/AI/ernie-image-ncnn-vulkan/.worktrees/surpass-reference/build-windows-cpu-v1/ncnn/src/layer/x86/unaryop_x86_avx.cpp:190:54:   required from here
  190 |         return unary_op_inplace_bf16s<unary_op_atanh>(bottom_top_blob, opt);
      |                ~~~~~~~~~~~~~~~~~~~~~~~~~~~~~~~~~~~~~~^~~~~~~~~~~~~~~~~~~~~~
/home/mingshi/Project/AI/ernie-image-ncnn-vulkan/third_party/ncnn/src/layer/x86/unaryop_bf16s.h:5:57: warning: unused parameter 'opt' [-Wunused-parameter]
    5 | static int unary_op_inplace_bf16s(Mat& a, const Option& opt)
      |                                           ~~~~~~~~~~~~~~^~~
/home/mingshi/Project/AI/ernie-image-ncnn-vulkan/third_party/ncnn/src/layer/x86/unaryop_bf16s.h: In instantiation of 'int ncnn::unary_op_inplace_bf16s(Mat&, const Option&) [with Op = unaryop_x86_functor::unary_op_log1p]':
/home/mingshi/Project/AI/ernie-image-ncnn-vulkan/.worktrees/surpass-reference/build-windows-cpu-v1/ncnn/src/layer/x86/unaryop_x86_avx.cpp:193:54:   required from here
  193 |         return unary_op_inplace_bf16s<unary_op_log1p>(bottom_top_blob, opt);
      |                ~~~~~~~~~~~~~~~~~~~~~~~~~~~~~~~~~~~~~~^~~~~~~~~~~~~~~~~~~~~~
/home/mingshi/Project/AI/ernie-image-ncnn-vulkan/third_party/ncnn/src/layer/x86/unaryop_bf16s.h:5:57: warning: unused parameter 'opt' [-Wunused-parameter]
    5 | static int unary_op_inplace_bf16s(Mat& a, const Option& opt)
      |                                           ~~~~~~~~~~~~~~^~~
[197/415] Building CXX object ncnn/src/CMakeFiles/ncnn.dir/layer/x86/unaryop_x86_avx2.cpp.obj
In file included from /home/mingshi/Project/AI/ernie-image-ncnn-vulkan/third_party/ncnn/src/layer/x86/unaryop_x86_avx2.cpp:21:
/home/mingshi/Project/AI/ernie-image-ncnn-vulkan/third_party/ncnn/src/layer/x86/unaryop_bf16s.h:16: warning: ignoring '#pragma omp parallel' [-Wunknown-pragmas]
   16 |     #pragma omp parallel for num_threads(opt.num_threads)
/home/mingshi/Project/AI/ernie-image-ncnn-vulkan/third_party/ncnn/src/layer/x86/unaryop_bf16s.h: In instantiation of 'int ncnn::unary_op_inplace_bf16s(Mat&, const Option&) [with Op = UnaryOp_x86_functor::unary_op_abs]':
/home/mingshi/Project/AI/ernie-image-ncnn-vulkan/third_party/ncnn/src/layer/x86/unaryop_x86_avx2.cpp:27:52:   required from here
   27 |         return unary_op_inplace_bf16s<unary_op_abs>(bottom_top_blob, opt);
      |                ~~~~~~~~~~~~~~~~~~~~~~~~~~~~~~~~~~~~^~~~~~~~~~~~~~~~~~~~~~
/home/mingshi/Project/AI/ernie-image-ncnn-vulkan/third_party/ncnn/src/layer/x86/unaryop_bf16s.h:5:57: warning: unused parameter 'opt' [-Wunused-parameter]
    5 | static int unary_op_inplace_bf16s(Mat& a, const Option& opt)
      |                                           ~~~~~~~~~~~~~~^~~
/home/mingshi/Project/AI/ernie-image-ncnn-vulkan/third_party/ncnn/src/layer/x86/unaryop_bf16s.h: In instantiation of 'int ncnn::unary_op_inplace_bf16s(Mat&, const Option&) [with Op = UnaryOp_x86_functor::unary_op_neg]':
/home/mingshi/Project/AI/ernie-image-ncnn-vulkan/third_party/ncnn/src/layer/x86/unaryop_x86_avx2.cpp:30:52:   required from here
   30 |         return unary_op_inplace_bf16s<unary_op_neg>(bottom_top_blob, opt);
      |                ~~~~~~~~~~~~~~~~~~~~~~~~~~~~~~~~~~~~^~~~~~~~~~~~~~~~~~~~~~
/home/mingshi/Project/AI/ernie-image-ncnn-vulkan/third_party/ncnn/src/layer/x86/unaryop_bf16s.h:5:57: warning: unused parameter 'opt' [-Wunused-parameter]
    5 | static int unary_op_inplace_bf16s(Mat& a, const Option& opt)
      |                                           ~~~~~~~~~~~~~~^~~
/home/mingshi/Project/AI/ernie-image-ncnn-vulkan/third_party/ncnn/src/layer/x86/unaryop_bf16s.h: In instantiation of 'int ncnn::unary_op_inplace_bf16s(Mat&, const Option&) [with Op = UnaryOp_x86_functor::unary_op_floor]':
/home/mingshi/Project/AI/ernie-image-ncnn-vulkan/third_party/ncnn/src/layer/x86/unaryop_x86_avx2.cpp:33:54:   required from here
   33 |         return unary_op_inplace_bf16s<unary_op_floor>(bottom_top_blob, opt);
      |                ~~~~~~~~~~~~~~~~~~~~~~~~~~~~~~~~~~~~~~^~~~~~~~~~~~~~~~~~~~~~
/home/mingshi/Project/AI/ernie-image-ncnn-vulkan/third_party/ncnn/src/layer/x86/unaryop_bf16s.h:5:57: warning: unused parameter 'opt' [-Wunused-parameter]
    5 | static int unary_op_inplace_bf16s(Mat& a, const Option& opt)
      |                                           ~~~~~~~~~~~~~~^~~
/home/mingshi/Project/AI/ernie-image-ncnn-vulkan/third_party/ncnn/src/layer/x86/unaryop_bf16s.h: In instantiation of 'int ncnn::unary_op_inplace_bf16s(Mat&, const Option&) [with Op = UnaryOp_x86_functor::unary_op_ceil]':
/home/mingshi/Project/AI/ernie-image-ncnn-vulkan/third_party/ncnn/src/layer/x86/unaryop_x86_avx2.cpp:36:53:   required from here
   36 |         return unary_op_inplace_bf16s<unary_op_ceil>(bottom_top_blob, opt);
      |                ~~~~~~~~~~~~~~~~~~~~~~~~~~~~~~~~~~~~~^~~~~~~~~~~~~~~~~~~~~~
/home/mingshi/Project/AI/ernie-image-ncnn-vulkan/third_party/ncnn/src/layer/x86/unaryop_bf16s.h:5:57: warning: unused parameter 'opt' [-Wunused-parameter]
    5 | static int unary_op_inplace_bf16s(Mat& a, const Option& opt)
      |                                           ~~~~~~~~~~~~~~^~~
/home/mingshi/Project/AI/ernie-image-ncnn-vulkan/third_party/ncnn/src/layer/x86/unaryop_bf16s.h: In instantiation of 'int ncnn::unary_op_inplace_bf16s(Mat&, const Option&) [with Op = UnaryOp_x86_functor::unary_op_square]':
/home/mingshi/Project/AI/ernie-image-ncnn-vulkan/third_party/ncnn/src/layer/x86/unaryop_x86_avx2.cpp:39:55:   required from here
   39 |         return unary_op_inplace_bf16s<unary_op_square>(bottom_top_blob, opt);
      |                ~~~~~~~~~~~~~~~~~~~~~~~~~~~~~~~~~~~~~~~^~~~~~~~~~~~~~~~~~~~~~
/home/mingshi/Project/AI/ernie-image-ncnn-vulkan/third_party/ncnn/src/layer/x86/unaryop_bf16s.h:5:57: warning: unused parameter 'opt' [-Wunused-parameter]
    5 | static int unary_op_inplace_bf16s(Mat& a, const Option& opt)
      |                                           ~~~~~~~~~~~~~~^~~
/home/mingshi/Project/AI/ernie-image-ncnn-vulkan/third_party/ncnn/src/layer/x86/unaryop_bf16s.h: In instantiation of 'int ncnn::unary_op_inplace_bf16s(Mat&, const Option&) [with Op = UnaryOp_x86_functor::unary_op_sqrt]':
/home/mingshi/Project/AI/ernie-image-ncnn-vulkan/third_party/ncnn/src/layer/x86/unaryop_x86_avx2.cpp:42:53:   required from here
   42 |         return unary_op_inplace_bf16s<unary_op_sqrt>(bottom_top_blob, opt);
      |                ~~~~~~~~~~~~~~~~~~~~~~~~~~~~~~~~~~~~~^~~~~~~~~~~~~~~~~~~~~~
/home/mingshi/Project/AI/ernie-image-ncnn-vulkan/third_party/ncnn/src/layer/x86/unaryop_bf16s.h:5:57: warning: unused parameter 'opt' [-Wunused-parameter]
    5 | static int unary_op_inplace_bf16s(Mat& a, const Option& opt)
      |                                           ~~~~~~~~~~~~~~^~~
/home/mingshi/Project/AI/ernie-image-ncnn-vulkan/third_party/ncnn/src/layer/x86/unaryop_bf16s.h: In instantiation of 'int ncnn::unary_op_inplace_bf16s(Mat&, const Option&) [with Op = UnaryOp_x86_functor::unary_op_rsqrt]':
/home/mingshi/Project/AI/ernie-image-ncnn-vulkan/third_party/ncnn/src/layer/x86/unaryop_x86_avx2.cpp:45:54:   required from here
   45 |         return unary_op_inplace_bf16s<unary_op_rsqrt>(bottom_top_blob, opt);
      |                ~~~~~~~~~~~~~~~~~~~~~~~~~~~~~~~~~~~~~~^~~~~~~~~~~~~~~~~~~~~~
/home/mingshi/Project/AI/ernie-image-ncnn-vulkan/third_party/ncnn/src/layer/x86/unaryop_bf16s.h:5:57: warning: unused parameter 'opt' [-Wunused-parameter]
    5 | static int unary_op_inplace_bf16s(Mat& a, const Option& opt)
      |                                           ~~~~~~~~~~~~~~^~~
/home/mingshi/Project/AI/ernie-image-ncnn-vulkan/third_party/ncnn/src/layer/x86/unaryop_bf16s.h: In instantiation of 'int ncnn::unary_op_inplace_bf16s(Mat&, const Option&) [with Op = UnaryOp_x86_functor::unary_op_exp]':
/home/mingshi/Project/AI/ernie-image-ncnn-vulkan/third_party/ncnn/src/layer/x86/unaryop_x86_avx2.cpp:48:52:   required from here
   48 |         return unary_op_inplace_bf16s<unary_op_exp>(bottom_top_blob, opt);
      |                ~~~~~~~~~~~~~~~~~~~~~~~~~~~~~~~~~~~~^~~~~~~~~~~~~~~~~~~~~~
/home/mingshi/Project/AI/ernie-image-ncnn-vulkan/third_party/ncnn/src/layer/x86/unaryop_bf16s.h:5:57: warning: unused parameter 'opt' [-Wunused-parameter]
    5 | static int unary_op_inplace_bf16s(Mat& a, const Option& opt)
      |                                           ~~~~~~~~~~~~~~^~~
/home/mingshi/Project/AI/ernie-image-ncnn-vulkan/third_party/ncnn/src/layer/x86/unaryop_bf16s.h: In instantiation of 'int ncnn::unary_op_inplace_bf16s(Mat&, const Option&) [with Op = UnaryOp_x86_functor::unary_op_log]':
/home/mingshi/Project/AI/ernie-image-ncnn-vulkan/third_party/ncnn/src/layer/x86/unaryop_x86_avx2.cpp:51:52:   required from here
   51 |         return unary_op_inplace_bf16s<unary_op_log>(bottom_top_blob, opt);
      |                ~~~~~~~~~~~~~~~~~~~~~~~~~~~~~~~~~~~~^~~~~~~~~~~~~~~~~~~~~~
/home/mingshi/Project/AI/ernie-image-ncnn-vulkan/third_party/ncnn/src/layer/x86/unaryop_bf16s.h:5:57: warning: unused parameter 'opt' [-Wunused-parameter]
    5 | static int unary_op_inplace_bf16s(Mat& a, const Option& opt)
      |                                           ~~~~~~~~~~~~~~^~~
/home/mingshi/Project/AI/ernie-image-ncnn-vulkan/third_party/ncnn/src/layer/x86/unaryop_bf16s.h: In instantiation of 'int ncnn::unary_op_inplace_bf16s(Mat&, const Option&) [with Op = UnaryOp_x86_functor::unary_op_sin]':
/home/mingshi/Project/AI/ernie-image-ncnn-vulkan/third_party/ncnn/src/layer/x86/unaryop_x86_avx2.cpp:54:52:   required from here
   54 |         return unary_op_inplace_bf16s<unary_op_sin>(bottom_top_blob, opt);
      |                ~~~~~~~~~~~~~~~~~~~~~~~~~~~~~~~~~~~~^~~~~~~~~~~~~~~~~~~~~~
/home/mingshi/Project/AI/ernie-image-ncnn-vulkan/third_party/ncnn/src/layer/x86/unaryop_bf16s.h:5:57: warning: unused parameter 'opt' [-Wunused-parameter]
    5 | static int unary_op_inplace_bf16s(Mat& a, const Option& opt)
      |                                           ~~~~~~~~~~~~~~^~~
/home/mingshi/Project/AI/ernie-image-ncnn-vulkan/third_party/ncnn/src/layer/x86/unaryop_bf16s.h: In instantiation of 'int ncnn::unary_op_inplace_bf16s(Mat&, const Option&) [with Op = UnaryOp_x86_functor::unary_op_cos]':
/home/mingshi/Project/AI/ernie-image-ncnn-vulkan/third_party/ncnn/src/layer/x86/unaryop_x86_avx2.cpp:57:52:   required from here
   57 |         return unary_op_inplace_bf16s<unary_op_cos>(bottom_top_blob, opt);
      |                ~~~~~~~~~~~~~~~~~~~~~~~~~~~~~~~~~~~~^~~~~~~~~~~~~~~~~~~~~~
/home/mingshi/Project/AI/ernie-image-ncnn-vulkan/third_party/ncnn/src/layer/x86/unaryop_bf16s.h:5:57: warning: unused parameter 'opt' [-Wunused-parameter]
    5 | static int unary_op_inplace_bf16s(Mat& a, const Option& opt)
      |                                           ~~~~~~~~~~~~~~^~~
/home/mingshi/Project/AI/ernie-image-ncnn-vulkan/third_party/ncnn/src/layer/x86/unaryop_bf16s.h: In instantiation of 'int ncnn::unary_op_inplace_bf16s(Mat&, const Option&) [with Op = UnaryOp_x86_functor::unary_op_tan]':
/home/mingshi/Project/AI/ernie-image-ncnn-vulkan/third_party/ncnn/src/layer/x86/unaryop_x86_avx2.cpp:60:52:   required from here
   60 |         return unary_op_inplace_bf16s<unary_op_tan>(bottom_top_blob, opt);
      |                ~~~~~~~~~~~~~~~~~~~~~~~~~~~~~~~~~~~~^~~~~~~~~~~~~~~~~~~~~~
/home/mingshi/Project/AI/ernie-image-ncnn-vulkan/third_party/ncnn/src/layer/x86/unaryop_bf16s.h:5:57: warning: unused parameter 'opt' [-Wunused-parameter]
    5 | static int unary_op_inplace_bf16s(Mat& a, const Option& opt)
      |                                           ~~~~~~~~~~~~~~^~~
/home/mingshi/Project/AI/ernie-image-ncnn-vulkan/third_party/ncnn/src/layer/x86/unaryop_bf16s.h: In instantiation of 'int ncnn::unary_op_inplace_bf16s(Mat&, const Option&) [with Op = UnaryOp_x86_functor::unary_op_asin]':
/home/mingshi/Project/AI/ernie-image-ncnn-vulkan/third_party/ncnn/src/layer/x86/unaryop_x86_avx2.cpp:63:53:   required from here
   63 |         return unary_op_inplace_bf16s<unary_op_asin>(bottom_top_blob, opt);
      |                ~~~~~~~~~~~~~~~~~~~~~~~~~~~~~~~~~~~~~^~~~~~~~~~~~~~~~~~~~~~
/home/mingshi/Project/AI/ernie-image-ncnn-vulkan/third_party/ncnn/src/layer/x86/unaryop_bf16s.h:5:57: warning: unused parameter 'opt' [-Wunused-parameter]
    5 | static int unary_op_inplace_bf16s(Mat& a, const Option& opt)
      |                                           ~~~~~~~~~~~~~~^~~
/home/mingshi/Project/AI/ernie-image-ncnn-vulkan/third_party/ncnn/src/layer/x86/unaryop_bf16s.h: In instantiation of 'int ncnn::unary_op_inplace_bf16s(Mat&, const Option&) [with Op = UnaryOp_x86_functor::unary_op_acos]':
/home/mingshi/Project/AI/ernie-image-ncnn-vulkan/third_party/ncnn/src/layer/x86/unaryop_x86_avx2.cpp:66:53:   required from here
   66 |         return unary_op_inplace_bf16s<unary_op_acos>(bottom_top_blob, opt);
      |                ~~~~~~~~~~~~~~~~~~~~~~~~~~~~~~~~~~~~~^~~~~~~~~~~~~~~~~~~~~~
/home/mingshi/Project/AI/ernie-image-ncnn-vulkan/third_party/ncnn/src/layer/x86/unaryop_bf16s.h:5:57: warning: unused parameter 'opt' [-Wunused-parameter]
    5 | static int unary_op_inplace_bf16s(Mat& a, const Option& opt)
      |                                           ~~~~~~~~~~~~~~^~~
/home/mingshi/Project/AI/ernie-image-ncnn-vulkan/third_party/ncnn/src/layer/x86/unaryop_bf16s.h: In instantiation of 'int ncnn::unary_op_inplace_bf16s(Mat&, const Option&) [with Op = UnaryOp_x86_functor::unary_op_atan]':
/home/mingshi/Project/AI/ernie-image-ncnn-vulkan/third_party/ncnn/src/layer/x86/unaryop_x86_avx2.cpp:69:53:   required from here
   69 |         return unary_op_inplace_bf16s<unary_op_atan>(bottom_top_blob, opt);
      |                ~~~~~~~~~~~~~~~~~~~~~~~~~~~~~~~~~~~~~^~~~~~~~~~~~~~~~~~~~~~
/home/mingshi/Project/AI/ernie-image-ncnn-vulkan/third_party/ncnn/src/layer/x86/unaryop_bf16s.h:5:57: warning: unused parameter 'opt' [-Wunused-parameter]
    5 | static int unary_op_inplace_bf16s(Mat& a, const Option& opt)
      |                                           ~~~~~~~~~~~~~~^~~
/home/mingshi/Project/AI/ernie-image-ncnn-vulkan/third_party/ncnn/src/layer/x86/unaryop_bf16s.h: In instantiation of 'int ncnn::unary_op_inplace_bf16s(Mat&, const Option&) [with Op = UnaryOp_x86_functor::unary_op_reciprocal]':
/home/mingshi/Project/AI/ernie-image-ncnn-vulkan/third_party/ncnn/src/layer/x86/unaryop_x86_avx2.cpp:72:59:   required from here
   72 |         return unary_op_inplace_bf16s<unary_op_reciprocal>(bottom_top_blob, opt);
      |                ~~~~~~~~~~~~~~~~~~~~~~~~~~~~~~~~~~~~~~~~~~~^~~~~~~~~~~~~~~~~~~~~~
/home/mingshi/Project/AI/ernie-image-ncnn-vulkan/third_party/ncnn/src/layer/x86/unaryop_bf16s.h:5:57: warning: unused parameter 'opt' [-Wunused-parameter]
    5 | static int unary_op_inplace_bf16s(Mat& a, const Option& opt)
      |                                           ~~~~~~~~~~~~~~^~~
/home/mingshi/Project/AI/ernie-image-ncnn-vulkan/third_party/ncnn/src/layer/x86/unaryop_bf16s.h: In instantiation of 'int ncnn::unary_op_inplace_bf16s(Mat&, const Option&) [with Op = UnaryOp_x86_functor::unary_op_tanh]':
/home/mingshi/Project/AI/ernie-image-ncnn-vulkan/third_party/ncnn/src/layer/x86/unaryop_x86_avx2.cpp:75:53:   required from here
   75 |         return unary_op_inplace_bf16s<unary_op_tanh>(bottom_top_blob, opt);
      |                ~~~~~~~~~~~~~~~~~~~~~~~~~~~~~~~~~~~~~^~~~~~~~~~~~~~~~~~~~~~
/home/mingshi/Project/AI/ernie-image-ncnn-vulkan/third_party/ncnn/src/layer/x86/unaryop_bf16s.h:5:57: warning: unused parameter 'opt' [-Wunused-parameter]
    5 | static int unary_op_inplace_bf16s(Mat& a, const Option& opt)
      |                                           ~~~~~~~~~~~~~~^~~
/home/mingshi/Project/AI/ernie-image-ncnn-vulkan/third_party/ncnn/src/layer/x86/unaryop_bf16s.h: In instantiation of 'int ncnn::unary_op_inplace_bf16s(Mat&, const Option&) [with Op = UnaryOp_x86_functor::unary_op_log10]':
/home/mingshi/Project/AI/ernie-image-ncnn-vulkan/third_party/ncnn/src/layer/x86/unaryop_x86_avx2.cpp:78:54:   required from here
   78 |         return unary_op_inplace_bf16s<unary_op_log10>(bottom_top_blob, opt);
      |                ~~~~~~~~~~~~~~~~~~~~~~~~~~~~~~~~~~~~~~^~~~~~~~~~~~~~~~~~~~~~
/home/mingshi/Project/AI/ernie-image-ncnn-vulkan/third_party/ncnn/src/layer/x86/unaryop_bf16s.h:5:57: warning: unused parameter 'opt' [-Wunused-parameter]
    5 | static int unary_op_inplace_bf16s(Mat& a, const Option& opt)
      |                                           ~~~~~~~~~~~~~~^~~
/home/mingshi/Project/AI/ernie-image-ncnn-vulkan/third_party/ncnn/src/layer/x86/unaryop_bf16s.h: In instantiation of 'int ncnn::unary_op_inplace_bf16s(Mat&, const Option&) [with Op = UnaryOp_x86_functor::unary_op_round]':
/home/mingshi/Project/AI/ernie-image-ncnn-vulkan/third_party/ncnn/src/layer/x86/unaryop_x86_avx2.cpp:87:57:   required from here
   87 |         int ret = unary_op_inplace_bf16s<unary_op_round>(bottom_top_blob, opt);
      |                   ~~~~~~~~~~~~~~~~~~~~~~~~~~~~~~~~~~~~~~^~~~~~~~~~~~~~~~~~~~~~
/home/mingshi/Project/AI/ernie-image-ncnn-vulkan/third_party/ncnn/src/layer/x86/unaryop_bf16s.h:5:57: warning: unused parameter 'opt' [-Wunused-parameter]
    5 | static int unary_op_inplace_bf16s(Mat& a, const Option& opt)
      |                                           ~~~~~~~~~~~~~~^~~
/home/mingshi/Project/AI/ernie-image-ncnn-vulkan/third_party/ncnn/src/layer/x86/unaryop_bf16s.h: In instantiation of 'int ncnn::unary_op_inplace_bf16s(Mat&, const Option&) [with Op = UnaryOp_x86_functor::unary_op_trunc]':
/home/mingshi/Project/AI/ernie-image-ncnn-vulkan/third_party/ncnn/src/layer/x86/unaryop_x86_avx2.cpp:95:54:   required from here
   95 |         return unary_op_inplace_bf16s<unary_op_trunc>(bottom_top_blob, opt);
      |                ~~~~~~~~~~~~~~~~~~~~~~~~~~~~~~~~~~~~~~^~~~~~~~~~~~~~~~~~~~~~
/home/mingshi/Project/AI/ernie-image-ncnn-vulkan/third_party/ncnn/src/layer/x86/unaryop_bf16s.h:5:57: warning: unused parameter 'opt' [-Wunused-parameter]
    5 | static int unary_op_inplace_bf16s(Mat& a, const Option& opt)
      |                                           ~~~~~~~~~~~~~~^~~
/home/mingshi/Project/AI/ernie-image-ncnn-vulkan/third_party/ncnn/src/layer/x86/unaryop_bf16s.h: In instantiation of 'int ncnn::unary_op_inplace_bf16s(Mat&, const Option&) [with Op = UnaryOp_x86_functor::unary_op_sign]':
/home/mingshi/Project/AI/ernie-image-ncnn-vulkan/third_party/ncnn/src/layer/x86/unaryop_x86_avx2.cpp:98:53:   required from here
   98 |         return unary_op_inplace_bf16s<unary_op_sign>(bottom_top_blob, opt);
      |                ~~~~~~~~~~~~~~~~~~~~~~~~~~~~~~~~~~~~~^~~~~~~~~~~~~~~~~~~~~~
/home/mingshi/Project/AI/ernie-image-ncnn-vulkan/third_party/ncnn/src/layer/x86/unaryop_bf16s.h:5:57: warning: unused parameter 'opt' [-Wunused-parameter]
    5 | static int unary_op_inplace_bf16s(Mat& a, const Option& opt)
      |                                           ~~~~~~~~~~~~~~^~~
/home/mingshi/Project/AI/ernie-image-ncnn-vulkan/third_party/ncnn/src/layer/x86/unaryop_bf16s.h: In instantiation of 'int ncnn::unary_op_inplace_bf16s(Mat&, const Option&) [with Op = UnaryOp_x86_functor::unary_op_expm1]':
/home/mingshi/Project/AI/ernie-image-ncnn-vulkan/third_party/ncnn/src/layer/x86/unaryop_x86_avx2.cpp:101:54:   required from here
  101 |         return unary_op_inplace_bf16s<unary_op_expm1>(bottom_top_blob, opt);
      |                ~~~~~~~~~~~~~~~~~~~~~~~~~~~~~~~~~~~~~~^~~~~~~~~~~~~~~~~~~~~~
/home/mingshi/Project/AI/ernie-image-ncnn-vulkan/third_party/ncnn/src/layer/x86/unaryop_bf16s.h:5:57: warning: unused parameter 'opt' [-Wunused-parameter]
    5 | static int unary_op_inplace_bf16s(Mat& a, const Option& opt)
      |                                           ~~~~~~~~~~~~~~^~~
/home/mingshi/Project/AI/ernie-image-ncnn-vulkan/third_party/ncnn/src/layer/x86/unaryop_bf16s.h: In instantiation of 'int ncnn::unary_op_inplace_bf16s(Mat&, const Option&) [with Op = UnaryOp_x86_functor::unary_op_sinh]':
/home/mingshi/Project/AI/ernie-image-ncnn-vulkan/third_party/ncnn/src/layer/x86/unaryop_x86_avx2.cpp:104:53:   required from here
  104 |         return unary_op_inplace_bf16s<unary_op_sinh>(bottom_top_blob, opt);
      |                ~~~~~~~~~~~~~~~~~~~~~~~~~~~~~~~~~~~~~^~~~~~~~~~~~~~~~~~~~~~
/home/mingshi/Project/AI/ernie-image-ncnn-vulkan/third_party/ncnn/src/layer/x86/unaryop_bf16s.h:5:57: warning: unused parameter 'opt' [-Wunused-parameter]
    5 | static int unary_op_inplace_bf16s(Mat& a, const Option& opt)
      |                                           ~~~~~~~~~~~~~~^~~
/home/mingshi/Project/AI/ernie-image-ncnn-vulkan/third_party/ncnn/src/layer/x86/unaryop_bf16s.h: In instantiation of 'int ncnn::unary_op_inplace_bf16s(Mat&, const Option&) [with Op = UnaryOp_x86_functor::unary_op_asinh]':
/home/mingshi/Project/AI/ernie-image-ncnn-vulkan/third_party/ncnn/src/layer/x86/unaryop_x86_avx2.cpp:107:54:   required from here
  107 |         return unary_op_inplace_bf16s<unary_op_asinh>(bottom_top_blob, opt);
      |                ~~~~~~~~~~~~~~~~~~~~~~~~~~~~~~~~~~~~~~^~~~~~~~~~~~~~~~~~~~~~
/home/mingshi/Project/AI/ernie-image-ncnn-vulkan/third_party/ncnn/src/layer/x86/unaryop_bf16s.h:5:57: warning: unused parameter 'opt' [-Wunused-parameter]
    5 | static int unary_op_inplace_bf16s(Mat& a, const Option& opt)
      |                                           ~~~~~~~~~~~~~~^~~
/home/mingshi/Project/AI/ernie-image-ncnn-vulkan/third_party/ncnn/src/layer/x86/unaryop_bf16s.h: In instantiation of 'int ncnn::unary_op_inplace_bf16s(Mat&, const Option&) [with Op = UnaryOp_x86_functor::unary_op_cosh]':
/home/mingshi/Project/AI/ernie-image-ncnn-vulkan/third_party/ncnn/src/layer/x86/unaryop_x86_avx2.cpp:110:53:   required from here
  110 |         return unary_op_inplace_bf16s<unary_op_cosh>(bottom_top_blob, opt);
      |                ~~~~~~~~~~~~~~~~~~~~~~~~~~~~~~~~~~~~~^~~~~~~~~~~~~~~~~~~~~~
/home/mingshi/Project/AI/ernie-image-ncnn-vulkan/third_party/ncnn/src/layer/x86/unaryop_bf16s.h:5:57: warning: unused parameter 'opt' [-Wunused-parameter]
    5 | static int unary_op_inplace_bf16s(Mat& a, const Option& opt)
      |                                           ~~~~~~~~~~~~~~^~~
/home/mingshi/Project/AI/ernie-image-ncnn-vulkan/third_party/ncnn/src/layer/x86/unaryop_bf16s.h: In instantiation of 'int ncnn::unary_op_inplace_bf16s(Mat&, const Option&) [with Op = UnaryOp_x86_functor::unary_op_acosh]':
/home/mingshi/Project/AI/ernie-image-ncnn-vulkan/third_party/ncnn/src/layer/x86/unaryop_x86_avx2.cpp:113:54:   required from here
  113 |         return unary_op_inplace_bf16s<unary_op_acosh>(bottom_top_blob, opt);
      |                ~~~~~~~~~~~~~~~~~~~~~~~~~~~~~~~~~~~~~~^~~~~~~~~~~~~~~~~~~~~~
/home/mingshi/Project/AI/ernie-image-ncnn-vulkan/third_party/ncnn/src/layer/x86/unaryop_bf16s.h:5:57: warning: unused parameter 'opt' [-Wunused-parameter]
    5 | static int unary_op_inplace_bf16s(Mat& a, const Option& opt)
      |                                           ~~~~~~~~~~~~~~^~~
/home/mingshi/Project/AI/ernie-image-ncnn-vulkan/third_party/ncnn/src/layer/x86/unaryop_bf16s.h: In instantiation of 'int ncnn::unary_op_inplace_bf16s(Mat&, const Option&) [with Op = UnaryOp_x86_functor::unary_op_atanh]':
/home/mingshi/Project/AI/ernie-image-ncnn-vulkan/third_party/ncnn/src/layer/x86/unaryop_x86_avx2.cpp:116:54:   required from here
  116 |         return unary_op_inplace_bf16s<unary_op_atanh>(bottom_top_blob, opt);
      |                ~~~~~~~~~~~~~~~~~~~~~~~~~~~~~~~~~~~~~~^~~~~~~~~~~~~~~~~~~~~~
/home/mingshi/Project/AI/ernie-image-ncnn-vulkan/third_party/ncnn/src/layer/x86/unaryop_bf16s.h:5:57: warning: unused parameter 'opt' [-Wunused-parameter]
    5 | static int unary_op_inplace_bf16s(Mat& a, const Option& opt)
      |                                           ~~~~~~~~~~~~~~^~~
/home/mingshi/Project/AI/ernie-image-ncnn-vulkan/third_party/ncnn/src/layer/x86/unaryop_bf16s.h: In instantiation of 'int ncnn::unary_op_inplace_bf16s(Mat&, const Option&) [with Op = UnaryOp_x86_functor::unary_op_log1p]':
/home/mingshi/Project/AI/ernie-image-ncnn-vulkan/third_party/ncnn/src/layer/x86/unaryop_x86_avx2.cpp:119:54:   required from here
  119 |         return unary_op_inplace_bf16s<unary_op_log1p>(bottom_top_blob, opt);
      |                ~~~~~~~~~~~~~~~~~~~~~~~~~~~~~~~~~~~~~~^~~~~~~~~~~~~~~~~~~~~~
/home/mingshi/Project/AI/ernie-image-ncnn-vulkan/third_party/ncnn/src/layer/x86/unaryop_bf16s.h:5:57: warning: unused parameter 'opt' [-Wunused-parameter]
    5 | static int unary_op_inplace_bf16s(Mat& a, const Option& opt)
      |                                           ~~~~~~~~~~~~~~^~~
[198/415] Building CXX object ncnn/src/CMakeFiles/ncnn.dir/layer/padding.cpp.obj
/home/mingshi/Project/AI/ernie-image-ncnn-vulkan/third_party/ncnn/src/layer/padding.cpp:333: warning: ignoring '#pragma omp parallel' [-Wunknown-pragmas]
  333 |         #pragma omp parallel for num_threads(opt.num_threads)
/home/mingshi/Project/AI/ernie-image-ncnn-vulkan/third_party/ncnn/src/layer/padding.cpp:391: warning: ignoring '#pragma omp parallel' [-Wunknown-pragmas]
  391 |         #pragma omp parallel for num_threads(opt.num_threads)
[199/415] Building CXX object ncnn/src/CMakeFiles/ncnn.dir/layer/x86/padding_x86.cpp.obj
/home/mingshi/Project/AI/ernie-image-ncnn-vulkan/third_party/ncnn/src/layer/x86/padding_x86.cpp:425: warning: ignoring '#pragma omp parallel' [-Wunknown-pragmas]
  425 |                 #pragma omp parallel for num_threads(opt.num_threads)
/home/mingshi/Project/AI/ernie-image-ncnn-vulkan/third_party/ncnn/src/layer/x86/padding_x86.cpp:464: warning: ignoring '#pragma omp parallel' [-Wunknown-pragmas]
  464 |                 #pragma omp parallel for num_threads(opt.num_threads)
/home/mingshi/Project/AI/ernie-image-ncnn-vulkan/third_party/ncnn/src/layer/x86/padding_x86.cpp:867: warning: ignoring '#pragma omp parallel' [-Wunknown-pragmas]
  867 |                 #pragma omp parallel for num_threads(opt.num_threads)
/home/mingshi/Project/AI/ernie-image-ncnn-vulkan/third_party/ncnn/src/layer/x86/padding_x86.cpp:916: warning: ignoring '#pragma omp parallel' [-Wunknown-pragmas]
  916 |                 #pragma omp parallel for num_threads(opt.num_threads)
/home/mingshi/Project/AI/ernie-image-ncnn-vulkan/third_party/ncnn/src/layer/x86/padding_x86.cpp:1040: warning: ignoring '#pragma omp parallel' [-Wunknown-pragmas]
 1040 |                 #pragma omp parallel for num_threads(opt.num_threads)
/home/mingshi/Project/AI/ernie-image-ncnn-vulkan/third_party/ncnn/src/layer/x86/padding_x86.cpp:1083: warning: ignoring '#pragma omp parallel' [-Wunknown-pragmas]
 1083 |                 #pragma omp parallel for num_threads(opt.num_threads)
[200/415] Building CXX object ncnn/src/CMakeFiles/ncnn.dir/layer/x86/padding_x86_avx.cpp.obj
/home/mingshi/Project/AI/ernie-image-ncnn-vulkan/.worktrees/surpass-reference/build-windows-cpu-v1/ncnn/src/layer/x86/padding_x86_avx.cpp:287: warning: ignoring '#pragma omp parallel' [-Wunknown-pragmas]
  287 |                 #pragma omp parallel for num_threads(opt.num_threads)
/home/mingshi/Project/AI/ernie-image-ncnn-vulkan/.worktrees/surpass-reference/build-windows-cpu-v1/ncnn/src/layer/x86/padding_x86_avx.cpp:326: warning: ignoring '#pragma omp parallel' [-Wunknown-pragmas]
  326 |                 #pragma omp parallel for num_threads(opt.num_threads)
/home/mingshi/Project/AI/ernie-image-ncnn-vulkan/.worktrees/surpass-reference/build-windows-cpu-v1/ncnn/src/layer/x86/padding_x86_avx.cpp:425: warning: ignoring '#pragma omp parallel' [-Wunknown-pragmas]
  425 |                 #pragma omp parallel for num_threads(opt.num_threads)
/home/mingshi/Project/AI/ernie-image-ncnn-vulkan/.worktrees/surpass-reference/build-windows-cpu-v1/ncnn/src/layer/x86/padding_x86_avx.cpp:464: warning: ignoring '#pragma omp parallel' [-Wunknown-pragmas]
  464 |                 #pragma omp parallel for num_threads(opt.num_threads)
/home/mingshi/Project/AI/ernie-image-ncnn-vulkan/.worktrees/surpass-reference/build-windows-cpu-v1/ncnn/src/layer/x86/padding_x86_avx.cpp:727: warning: ignoring '#pragma omp parallel' [-Wunknown-pragmas]
  727 |                 #pragma omp parallel for num_threads(opt.num_threads)
/home/mingshi/Project/AI/ernie-image-ncnn-vulkan/.worktrees/surpass-reference/build-windows-cpu-v1/ncnn/src/layer/x86/padding_x86_avx.cpp:766: warning: ignoring '#pragma omp parallel' [-Wunknown-pragmas]
  766 |                 #pragma omp parallel for num_threads(opt.num_threads)
/home/mingshi/Project/AI/ernie-image-ncnn-vulkan/.worktrees/surpass-reference/build-windows-cpu-v1/ncnn/src/layer/x86/padding_x86_avx.cpp:867: warning: ignoring '#pragma omp parallel' [-Wunknown-pragmas]
  867 |                 #pragma omp parallel for num_threads(opt.num_threads)
/home/mingshi/Project/AI/ernie-image-ncnn-vulkan/.worktrees/surpass-reference/build-windows-cpu-v1/ncnn/src/layer/x86/padding_x86_avx.cpp:916: warning: ignoring '#pragma omp parallel' [-Wunknown-pragmas]
  916 |                 #pragma omp parallel for num_threads(opt.num_threads)
/home/mingshi/Project/AI/ernie-image-ncnn-vulkan/.worktrees/surpass-reference/build-windows-cpu-v1/ncnn/src/layer/x86/padding_x86_avx.cpp:1040: warning: ignoring '#pragma omp parallel' [-Wunknown-pragmas]
 1040 |                 #pragma omp parallel for num_threads(opt.num_threads)
/home/mingshi/Project/AI/ernie-image-ncnn-vulkan/.worktrees/surpass-reference/build-windows-cpu-v1/ncnn/src/layer/x86/padding_x86_avx.cpp:1083: warning: ignoring '#pragma omp parallel' [-Wunknown-pragmas]
 1083 |                 #pragma omp parallel for num_threads(opt.num_threads)
[201/415] Building CXX object ncnn/src/CMakeFiles/ncnn.dir/layer/x86/padding_x86_avx512.cpp.obj
/home/mingshi/Project/AI/ernie-image-ncnn-vulkan/.worktrees/surpass-reference/build-windows-cpu-v1/ncnn/src/layer/x86/padding_x86_avx512.cpp:161: warning: ignoring '#pragma omp parallel' [-Wunknown-pragmas]
  161 |                 #pragma omp parallel for num_threads(opt.num_threads)
/home/mingshi/Project/AI/ernie-image-ncnn-vulkan/.worktrees/surpass-reference/build-windows-cpu-v1/ncnn/src/layer/x86/padding_x86_avx512.cpp:200: warning: ignoring '#pragma omp parallel' [-Wunknown-pragmas]
  200 |                 #pragma omp parallel for num_threads(opt.num_threads)
/home/mingshi/Project/AI/ernie-image-ncnn-vulkan/.worktrees/surpass-reference/build-windows-cpu-v1/ncnn/src/layer/x86/padding_x86_avx512.cpp:287: warning: ignoring '#pragma omp parallel' [-Wunknown-pragmas]
  287 |                 #pragma omp parallel for num_threads(opt.num_threads)
/home/mingshi/Project/AI/ernie-image-ncnn-vulkan/.worktrees/surpass-reference/build-windows-cpu-v1/ncnn/src/layer/x86/padding_x86_avx512.cpp:326: warning: ignoring '#pragma omp parallel' [-Wunknown-pragmas]
  326 |                 #pragma omp parallel for num_threads(opt.num_threads)
/home/mingshi/Project/AI/ernie-image-ncnn-vulkan/.worktrees/surpass-reference/build-windows-cpu-v1/ncnn/src/layer/x86/padding_x86_avx512.cpp:425: warning: ignoring '#pragma omp parallel' [-Wunknown-pragmas]
  425 |                 #pragma omp parallel for num_threads(opt.num_threads)
/home/mingshi/Project/AI/ernie-image-ncnn-vulkan/.worktrees/surpass-reference/build-windows-cpu-v1/ncnn/src/layer/x86/padding_x86_avx512.cpp:464: warning: ignoring '#pragma omp parallel' [-Wunknown-pragmas]
  464 |                 #pragma omp parallel for num_threads(opt.num_threads)
/home/mingshi/Project/AI/ernie-image-ncnn-vulkan/.worktrees/surpass-reference/build-windows-cpu-v1/ncnn/src/layer/x86/padding_x86_avx512.cpp:601: warning: ignoring '#pragma omp parallel' [-Wunknown-pragmas]
  601 |                 #pragma omp parallel for num_threads(opt.num_threads)
/home/mingshi/Project/AI/ernie-image-ncnn-vulkan/.worktrees/surpass-reference/build-windows-cpu-v1/ncnn/src/layer/x86/padding_x86_avx512.cpp:640: warning: ignoring '#pragma omp parallel' [-Wunknown-pragmas]
  640 |                 #pragma omp parallel for num_threads(opt.num_threads)
/home/mingshi/Project/AI/ernie-image-ncnn-vulkan/.worktrees/surpass-reference/build-windows-cpu-v1/ncnn/src/layer/x86/padding_x86_avx512.cpp:727: warning: ignoring '#pragma omp parallel' [-Wunknown-pragmas]
  727 |                 #pragma omp parallel for num_threads(opt.num_threads)
/home/mingshi/Project/AI/ernie-image-ncnn-vulkan/.worktrees/surpass-reference/build-windows-cpu-v1/ncnn/src/layer/x86/padding_x86_avx512.cpp:766: warning: ignoring '#pragma omp parallel' [-Wunknown-pragmas]
  766 |                 #pragma omp parallel for num_threads(opt.num_threads)
/home/mingshi/Project/AI/ernie-image-ncnn-vulkan/.worktrees/surpass-reference/build-windows-cpu-v1/ncnn/src/layer/x86/padding_x86_avx512.cpp:867: warning: ignoring '#pragma omp parallel' [-Wunknown-pragmas]
  867 |                 #pragma omp parallel for num_threads(opt.num_threads)
/home/mingshi/Project/AI/ernie-image-ncnn-vulkan/.worktrees/surpass-reference/build-windows-cpu-v1/ncnn/src/layer/x86/padding_x86_avx512.cpp:916: warning: ignoring '#pragma omp parallel' [-Wunknown-pragmas]
  916 |                 #pragma omp parallel for num_threads(opt.num_threads)
/home/mingshi/Project/AI/ernie-image-ncnn-vulkan/.worktrees/surpass-reference/build-windows-cpu-v1/ncnn/src/layer/x86/padding_x86_avx512.cpp:1040: warning: ignoring '#pragma omp parallel' [-Wunknown-pragmas]
 1040 |                 #pragma omp parallel for num_threads(opt.num_threads)
/home/mingshi/Project/AI/ernie-image-ncnn-vulkan/.worktrees/surpass-reference/build-windows-cpu-v1/ncnn/src/layer/x86/padding_x86_avx512.cpp:1083: warning: ignoring '#pragma omp parallel' [-Wunknown-pragmas]
 1083 |                 #pragma omp parallel for num_threads(opt.num_threads)
[202/415] Building CXX object ncnn/src/CMakeFiles/ncnn.dir/layer/squeeze.cpp.obj
[203/415] Building CXX object ncnn/src/CMakeFiles/ncnn.dir/layer/expanddims.cpp.obj
[204/415] Building CXX object ncnn/src/CMakeFiles/ncnn.dir/layer/permute.cpp.obj
/home/mingshi/Project/AI/ernie-image-ncnn-vulkan/third_party/ncnn/src/layer/permute.cpp:85: warning: ignoring '#pragma omp parallel' [-Wunknown-pragmas]
   85 |             #pragma omp parallel for num_threads(opt.num_threads)
/home/mingshi/Project/AI/ernie-image-ncnn-vulkan/third_party/ncnn/src/layer/permute.cpp:106: warning: ignoring '#pragma omp parallel' [-Wunknown-pragmas]
  106 |             #pragma omp parallel for num_threads(opt.num_threads)
/home/mingshi/Project/AI/ernie-image-ncnn-vulkan/third_party/ncnn/src/layer/permute.cpp:128: warning: ignoring '#pragma omp parallel' [-Wunknown-pragmas]
  128 |             #pragma omp parallel for num_threads(opt.num_threads)
/home/mingshi/Project/AI/ernie-image-ncnn-vulkan/third_party/ncnn/src/layer/permute.cpp:148: warning: ignoring '#pragma omp parallel' [-Wunknown-pragmas]
  148 |             #pragma omp parallel for num_threads(opt.num_threads)
/home/mingshi/Project/AI/ernie-image-ncnn-vulkan/third_party/ncnn/src/layer/permute.cpp:170: warning: ignoring '#pragma omp parallel' [-Wunknown-pragmas]
  170 |             #pragma omp parallel for num_threads(opt.num_threads)
/home/mingshi/Project/AI/ernie-image-ncnn-vulkan/third_party/ncnn/src/layer/permute.cpp:224: warning: ignoring '#pragma omp parallel' [-Wunknown-pragmas]
  224 |             #pragma omp parallel for num_threads(opt.num_threads)
/home/mingshi/Project/AI/ernie-image-ncnn-vulkan/third_party/ncnn/src/layer/permute.cpp:249: warning: ignoring '#pragma omp parallel' [-Wunknown-pragmas]
  249 |             #pragma omp parallel for num_threads(opt.num_threads)
/home/mingshi/Project/AI/ernie-image-ncnn-vulkan/third_party/ncnn/src/layer/permute.cpp:274: warning: ignoring '#pragma omp parallel' [-Wunknown-pragmas]
  274 |             #pragma omp parallel for num_threads(opt.num_threads)
/home/mingshi/Project/AI/ernie-image-ncnn-vulkan/third_party/ncnn/src/layer/permute.cpp:298: warning: ignoring '#pragma omp parallel' [-Wunknown-pragmas]
  298 |             #pragma omp parallel for num_threads(opt.num_threads)
/home/mingshi/Project/AI/ernie-image-ncnn-vulkan/third_party/ncnn/src/layer/permute.cpp:323: warning: ignoring '#pragma omp parallel' [-Wunknown-pragmas]
  323 |             #pragma omp parallel for num_threads(opt.num_threads)
/home/mingshi/Project/AI/ernie-image-ncnn-vulkan/third_party/ncnn/src/layer/permute.cpp:347: warning: ignoring '#pragma omp parallel' [-Wunknown-pragmas]
  347 |             #pragma omp parallel for num_threads(opt.num_threads)
/home/mingshi/Project/AI/ernie-image-ncnn-vulkan/third_party/ncnn/src/layer/permute.cpp:372: warning: ignoring '#pragma omp parallel' [-Wunknown-pragmas]
  372 |             #pragma omp parallel for num_threads(opt.num_threads)
/home/mingshi/Project/AI/ernie-image-ncnn-vulkan/third_party/ncnn/src/layer/permute.cpp:397: warning: ignoring '#pragma omp parallel' [-Wunknown-pragmas]
  397 |             #pragma omp parallel for num_threads(opt.num_threads)
/home/mingshi/Project/AI/ernie-image-ncnn-vulkan/third_party/ncnn/src/layer/permute.cpp:422: warning: ignoring '#pragma omp parallel' [-Wunknown-pragmas]
  422 |             #pragma omp parallel for num_threads(opt.num_threads)
/home/mingshi/Project/AI/ernie-image-ncnn-vulkan/third_party/ncnn/src/layer/permute.cpp:445: warning: ignoring '#pragma omp parallel' [-Wunknown-pragmas]
  445 |             #pragma omp parallel for num_threads(opt.num_threads)
/home/mingshi/Project/AI/ernie-image-ncnn-vulkan/third_party/ncnn/src/layer/permute.cpp:470: warning: ignoring '#pragma omp parallel' [-Wunknown-pragmas]
  470 |             #pragma omp parallel for num_threads(opt.num_threads)
/home/mingshi/Project/AI/ernie-image-ncnn-vulkan/third_party/ncnn/src/layer/permute.cpp:493: warning: ignoring '#pragma omp parallel' [-Wunknown-pragmas]
  493 |             #pragma omp parallel for num_threads(opt.num_threads)
/home/mingshi/Project/AI/ernie-image-ncnn-vulkan/third_party/ncnn/src/layer/permute.cpp:518: warning: ignoring '#pragma omp parallel' [-Wunknown-pragmas]
  518 |             #pragma omp parallel for num_threads(opt.num_threads)
/home/mingshi/Project/AI/ernie-image-ncnn-vulkan/third_party/ncnn/src/layer/permute.cpp:543: warning: ignoring '#pragma omp parallel' [-Wunknown-pragmas]
  543 |             #pragma omp parallel for num_threads(opt.num_threads)
/home/mingshi/Project/AI/ernie-image-ncnn-vulkan/third_party/ncnn/src/layer/permute.cpp:568: warning: ignoring '#pragma omp parallel' [-Wunknown-pragmas]
  568 |             #pragma omp parallel for num_threads(opt.num_threads)
/home/mingshi/Project/AI/ernie-image-ncnn-vulkan/third_party/ncnn/src/layer/permute.cpp:591: warning: ignoring '#pragma omp parallel' [-Wunknown-pragmas]
  591 |             #pragma omp parallel for num_threads(opt.num_threads)
/home/mingshi/Project/AI/ernie-image-ncnn-vulkan/third_party/ncnn/src/layer/permute.cpp:616: warning: ignoring '#pragma omp parallel' [-Wunknown-pragmas]
  616 |             #pragma omp parallel for num_threads(opt.num_threads)
/home/mingshi/Project/AI/ernie-image-ncnn-vulkan/third_party/ncnn/src/layer/permute.cpp:639: warning: ignoring '#pragma omp parallel' [-Wunknown-pragmas]
  639 |             #pragma omp parallel for num_threads(opt.num_threads)
/home/mingshi/Project/AI/ernie-image-ncnn-vulkan/third_party/ncnn/src/layer/permute.cpp:664: warning: ignoring '#pragma omp parallel' [-Wunknown-pragmas]
  664 |             #pragma omp parallel for num_threads(opt.num_threads)
/home/mingshi/Project/AI/ernie-image-ncnn-vulkan/third_party/ncnn/src/layer/permute.cpp:689: warning: ignoring '#pragma omp parallel' [-Wunknown-pragmas]
  689 |             #pragma omp parallel for num_threads(opt.num_threads)
/home/mingshi/Project/AI/ernie-image-ncnn-vulkan/third_party/ncnn/src/layer/permute.cpp:714: warning: ignoring '#pragma omp parallel' [-Wunknown-pragmas]
  714 |             #pragma omp parallel for num_threads(opt.num_threads)
/home/mingshi/Project/AI/ernie-image-ncnn-vulkan/third_party/ncnn/src/layer/permute.cpp:737: warning: ignoring '#pragma omp parallel' [-Wunknown-pragmas]
  737 |             #pragma omp parallel for num_threads(opt.num_threads)
/home/mingshi/Project/AI/ernie-image-ncnn-vulkan/third_party/ncnn/src/layer/permute.cpp:762: warning: ignoring '#pragma omp parallel' [-Wunknown-pragmas]
  762 |             #pragma omp parallel for num_threads(opt.num_threads)
[205/415] Building CXX object ncnn/src/CMakeFiles/ncnn.dir/layer/interp.cpp.obj
/home/mingshi/Project/AI/ernie-image-ncnn-vulkan/third_party/ncnn/src/layer/interp.cpp:491: warning: ignoring '#pragma omp parallel' [-Wunknown-pragmas]
  491 |         #pragma omp parallel for num_threads(opt.num_threads)
/home/mingshi/Project/AI/ernie-image-ncnn-vulkan/third_party/ncnn/src/layer/interp.cpp:518: warning: ignoring '#pragma omp parallel' [-Wunknown-pragmas]
  518 |             #pragma omp parallel for num_threads(opt.num_threads)
/home/mingshi/Project/AI/ernie-image-ncnn-vulkan/third_party/ncnn/src/layer/interp.cpp:540: warning: ignoring '#pragma omp parallel' [-Wunknown-pragmas]
  540 |             #pragma omp parallel for num_threads(opt.num_threads)
/home/mingshi/Project/AI/ernie-image-ncnn-vulkan/third_party/ncnn/src/layer/interp.cpp:570: warning: ignoring '#pragma omp parallel' [-Wunknown-pragmas]
  570 |             #pragma omp parallel for num_threads(opt.num_threads)
/home/mingshi/Project/AI/ernie-image-ncnn-vulkan/third_party/ncnn/src/layer/interp.cpp:611: warning: ignoring '#pragma omp parallel' [-Wunknown-pragmas]
  611 |         #pragma omp parallel for num_threads(opt.num_threads)
/home/mingshi/Project/AI/ernie-image-ncnn-vulkan/third_party/ncnn/src/layer/interp.cpp:641: warning: ignoring '#pragma omp parallel' [-Wunknown-pragmas]
  641 |         #pragma omp parallel for num_threads(opt.num_threads)
/home/mingshi/Project/AI/ernie-image-ncnn-vulkan/third_party/ncnn/src/layer/interp.cpp:666: warning: ignoring '#pragma omp parallel' [-Wunknown-pragmas]
  666 |         #pragma omp parallel for num_threads(opt.num_threads)
[206/415] Building CXX object ncnn/src/CMakeFiles/ncnn.dir/layer/x86/interp_x86.cpp.obj
In file included from /home/mingshi/Project/AI/ernie-image-ncnn-vulkan/third_party/ncnn/src/layer/x86/interp_x86.cpp:38:
/home/mingshi/Project/AI/ernie-image-ncnn-vulkan/third_party/ncnn/src/layer/x86/interp_fp32.h:71: warning: ignoring '#pragma omp parallel' [-Wunknown-pragmas]
   71 |             #pragma omp parallel for num_threads(opt.num_threads)
/home/mingshi/Project/AI/ernie-image-ncnn-vulkan/third_party/ncnn/src/layer/x86/interp_fp32.h:83: warning: ignoring '#pragma omp parallel' [-Wunknown-pragmas]
   83 |         #pragma omp parallel for num_threads(opt.num_threads)
/home/mingshi/Project/AI/ernie-image-ncnn-vulkan/third_party/ncnn/src/layer/x86/interp_fp32.h:100: warning: ignoring '#pragma omp parallel' [-Wunknown-pragmas]
  100 |             #pragma omp parallel for num_threads(opt.num_threads)
/home/mingshi/Project/AI/ernie-image-ncnn-vulkan/third_party/ncnn/src/layer/x86/interp_fp32.h:151: warning: ignoring '#pragma omp parallel' [-Wunknown-pragmas]
  151 |             #pragma omp parallel for num_threads(opt.num_threads)
/home/mingshi/Project/AI/ernie-image-ncnn-vulkan/third_party/ncnn/src/layer/x86/interp_fp32.h:230: warning: ignoring '#pragma omp parallel' [-Wunknown-pragmas]
  230 |             #pragma omp parallel for num_threads(opt.num_threads)
/home/mingshi/Project/AI/ernie-image-ncnn-vulkan/third_party/ncnn/src/layer/x86/interp_fp32.h:328: warning: ignoring '#pragma omp parallel' [-Wunknown-pragmas]
  328 |         #pragma omp parallel for num_threads(opt.num_threads)
/home/mingshi/Project/AI/ernie-image-ncnn-vulkan/third_party/ncnn/src/layer/x86/interp_fp32.h:366: warning: ignoring '#pragma omp parallel' [-Wunknown-pragmas]
  366 |         #pragma omp parallel for num_threads(opt.num_threads)
/home/mingshi/Project/AI/ernie-image-ncnn-vulkan/third_party/ncnn/src/layer/x86/interp_fp32.h:412: warning: ignoring '#pragma omp parallel' [-Wunknown-pragmas]
  412 |         #pragma omp parallel for num_threads(opt.num_threads)
In file included from /home/mingshi/Project/AI/ernie-image-ncnn-vulkan/third_party/ncnn/src/layer/x86/interp_x86.cpp:121:
/home/mingshi/Project/AI/ernie-image-ncnn-vulkan/third_party/ncnn/src/layer/x86/interp_bf16s.h:1468: warning: ignoring '#pragma omp parallel' [-Wunknown-pragmas]
 1468 |         #pragma omp parallel for num_threads(opt.num_threads)
/home/mingshi/Project/AI/ernie-image-ncnn-vulkan/third_party/ncnn/src/layer/x86/interp_bf16s.h:1491: warning: ignoring '#pragma omp parallel' [-Wunknown-pragmas]
 1491 |             #pragma omp parallel for num_threads(opt.num_threads)
/home/mingshi/Project/AI/ernie-image-ncnn-vulkan/third_party/ncnn/src/layer/x86/interp_bf16s.h:1517: warning: ignoring '#pragma omp parallel' [-Wunknown-pragmas]
 1517 |             #pragma omp parallel for num_threads(opt.num_threads)
/home/mingshi/Project/AI/ernie-image-ncnn-vulkan/third_party/ncnn/src/layer/x86/interp_bf16s.h:1590: warning: ignoring '#pragma omp parallel' [-Wunknown-pragmas]
 1590 |             #pragma omp parallel for num_threads(opt.num_threads)
/home/mingshi/Project/AI/ernie-image-ncnn-vulkan/third_party/ncnn/src/layer/x86/interp_bf16s.h:1682: warning: ignoring '#pragma omp parallel' [-Wunknown-pragmas]
 1682 |         #pragma omp parallel for num_threads(opt.num_threads)
/home/mingshi/Project/AI/ernie-image-ncnn-vulkan/third_party/ncnn/src/layer/x86/interp_bf16s.h:1720: warning: ignoring '#pragma omp parallel' [-Wunknown-pragmas]
 1720 |         #pragma omp parallel for num_threads(opt.num_threads)
/home/mingshi/Project/AI/ernie-image-ncnn-vulkan/third_party/ncnn/src/layer/x86/interp_bf16s.h:1766: warning: ignoring '#pragma omp parallel' [-Wunknown-pragmas]
 1766 |         #pragma omp parallel for num_threads(opt.num_threads)
/home/mingshi/Project/AI/ernie-image-ncnn-vulkan/third_party/ncnn/src/layer/x86/interp_fp32.h: In function 'void ncnn::interp_fp32(const Mat&, Mat&, int, int, float, float, int, int, int, const Option&)':
/home/mingshi/Project/AI/ernie-image-ncnn-vulkan/third_party/ncnn/src/layer/x86/interp_fp32.h:11:208: warning: unused parameter 'opt' [-Wunused-parameter]
   11 | static void interp_fp32(const Mat& bottom_blob, Mat& top_blob, int resize_type, int align_corner, float height_scale, float width_scale, int output_height, int output_width, int has_size_expr, const Option& opt)
      |                                                                                                                                                                                                  ~~~~~~~~~~~~~~^~~
/home/mingshi/Project/AI/ernie-image-ncnn-vulkan/third_party/ncnn/src/layer/x86/interp_bf16s.h: In function 'void ncnn::interp_bf16s(const Mat&, Mat&, int, int, float, float, int, int, int, const Option&)':
/home/mingshi/Project/AI/ernie-image-ncnn-vulkan/third_party/ncnn/src/layer/x86/interp_bf16s.h:1421:209: warning: unused parameter 'opt' [-Wunused-parameter]
 1421 | static void interp_bf16s(const Mat& bottom_blob, Mat& top_blob, int resize_type, int align_corner, float height_scale, float width_scale, int output_height, int output_width, int has_size_expr, const Option& opt)
      |                                                                                                                                                                                                   ~~~~~~~~~~~~~~^~~
[207/415] Building CXX object ncnn/src/CMakeFiles/ncnn.dir/layer/x86/interp_x86_avx512.cpp.obj
In file included from /home/mingshi/Project/AI/ernie-image-ncnn-vulkan/.worktrees/surpass-reference/build-windows-cpu-v1/ncnn/src/layer/x86/interp_x86_avx512.cpp:38:
/home/mingshi/Project/AI/ernie-image-ncnn-vulkan/third_party/ncnn/src/layer/x86/interp_fp32.h:43: warning: ignoring '#pragma omp parallel' [-Wunknown-pragmas]
   43 |             #pragma omp parallel for num_threads(opt.num_threads)
/home/mingshi/Project/AI/ernie-image-ncnn-vulkan/third_party/ncnn/src/layer/x86/interp_fp32.h:57: warning: ignoring '#pragma omp parallel' [-Wunknown-pragmas]
   57 |             #pragma omp parallel for num_threads(opt.num_threads)
/home/mingshi/Project/AI/ernie-image-ncnn-vulkan/third_party/ncnn/src/layer/x86/interp_fp32.h:71: warning: ignoring '#pragma omp parallel' [-Wunknown-pragmas]
   71 |             #pragma omp parallel for num_threads(opt.num_threads)
/home/mingshi/Project/AI/ernie-image-ncnn-vulkan/third_party/ncnn/src/layer/x86/interp_fp32.h:83: warning: ignoring '#pragma omp parallel' [-Wunknown-pragmas]
   83 |         #pragma omp parallel for num_threads(opt.num_threads)
/home/mingshi/Project/AI/ernie-image-ncnn-vulkan/third_party/ncnn/src/layer/x86/interp_fp32.h:100: warning: ignoring '#pragma omp parallel' [-Wunknown-pragmas]
  100 |             #pragma omp parallel for num_threads(opt.num_threads)
/home/mingshi/Project/AI/ernie-image-ncnn-vulkan/third_party/ncnn/src/layer/x86/interp_fp32.h:151: warning: ignoring '#pragma omp parallel' [-Wunknown-pragmas]
  151 |             #pragma omp parallel for num_threads(opt.num_threads)
/home/mingshi/Project/AI/ernie-image-ncnn-vulkan/third_party/ncnn/src/layer/x86/interp_fp32.h:230: warning: ignoring '#pragma omp parallel' [-Wunknown-pragmas]
  230 |             #pragma omp parallel for num_threads(opt.num_threads)
/home/mingshi/Project/AI/ernie-image-ncnn-vulkan/third_party/ncnn/src/layer/x86/interp_fp32.h:328: warning: ignoring '#pragma omp parallel' [-Wunknown-pragmas]
  328 |         #pragma omp parallel for num_threads(opt.num_threads)
/home/mingshi/Project/AI/ernie-image-ncnn-vulkan/third_party/ncnn/src/layer/x86/interp_fp32.h:366: warning: ignoring '#pragma omp parallel' [-Wunknown-pragmas]
  366 |         #pragma omp parallel for num_threads(opt.num_threads)
/home/mingshi/Project/AI/ernie-image-ncnn-vulkan/third_party/ncnn/src/layer/x86/interp_fp32.h:412: warning: ignoring '#pragma omp parallel' [-Wunknown-pragmas]
  412 |         #pragma omp parallel for num_threads(opt.num_threads)
In file included from /home/mingshi/Project/AI/ernie-image-ncnn-vulkan/.worktrees/surpass-reference/build-windows-cpu-v1/ncnn/src/layer/x86/interp_x86_avx512.cpp:121:
/home/mingshi/Project/AI/ernie-image-ncnn-vulkan/third_party/ncnn/src/layer/x86/interp_bf16s.h:1468: warning: ignoring '#pragma omp parallel' [-Wunknown-pragmas]
 1468 |         #pragma omp parallel for num_threads(opt.num_threads)
/home/mingshi/Project/AI/ernie-image-ncnn-vulkan/third_party/ncnn/src/layer/x86/interp_bf16s.h:1491: warning: ignoring '#pragma omp parallel' [-Wunknown-pragmas]
 1491 |             #pragma omp parallel for num_threads(opt.num_threads)
/home/mingshi/Project/AI/ernie-image-ncnn-vulkan/third_party/ncnn/src/layer/x86/interp_bf16s.h:1517: warning: ignoring '#pragma omp parallel' [-Wunknown-pragmas]
 1517 |             #pragma omp parallel for num_threads(opt.num_threads)
/home/mingshi/Project/AI/ernie-image-ncnn-vulkan/third_party/ncnn/src/layer/x86/interp_bf16s.h:1590: warning: ignoring '#pragma omp parallel' [-Wunknown-pragmas]
 1590 |             #pragma omp parallel for num_threads(opt.num_threads)
/home/mingshi/Project/AI/ernie-image-ncnn-vulkan/third_party/ncnn/src/layer/x86/interp_bf16s.h:1682: warning: ignoring '#pragma omp parallel' [-Wunknown-pragmas]
 1682 |         #pragma omp parallel for num_threads(opt.num_threads)
/home/mingshi/Project/AI/ernie-image-ncnn-vulkan/third_party/ncnn/src/layer/x86/interp_bf16s.h:1720: warning: ignoring '#pragma omp parallel' [-Wunknown-pragmas]
 1720 |         #pragma omp parallel for num_threads(opt.num_threads)
/home/mingshi/Project/AI/ernie-image-ncnn-vulkan/third_party/ncnn/src/layer/x86/interp_bf16s.h:1766: warning: ignoring '#pragma omp parallel' [-Wunknown-pragmas]
 1766 |         #pragma omp parallel for num_threads(opt.num_threads)
/home/mingshi/Project/AI/ernie-image-ncnn-vulkan/third_party/ncnn/src/layer/x86/interp_fp32.h: In function 'void ncnn::interp_fp32(const Mat&, Mat&, int, int, float, float, int, int, int, const Option&)':
/home/mingshi/Project/AI/ernie-image-ncnn-vulkan/third_party/ncnn/src/layer/x86/interp_fp32.h:11:208: warning: unused parameter 'opt' [-Wunused-parameter]
   11 | static void interp_fp32(const Mat& bottom_blob, Mat& top_blob, int resize_type, int align_corner, float height_scale, float width_scale, int output_height, int output_width, int has_size_expr, const Option& opt)
      |                                                                                                                                                                                                  ~~~~~~~~~~~~~~^~~
[208/415] Building CXX object ncnn/src/CMakeFiles/ncnn.dir/layer/x86/interp_x86_fma.cpp.obj
In file included from /home/mingshi/Project/AI/ernie-image-ncnn-vulkan/third_party/ncnn/src/layer/x86/interp_x86_fma.cpp:19:
/home/mingshi/Project/AI/ernie-image-ncnn-vulkan/third_party/ncnn/src/layer/x86/interp_fp32.h:57: warning: ignoring '#pragma omp parallel' [-Wunknown-pragmas]
   57 |             #pragma omp parallel for num_threads(opt.num_threads)
/home/mingshi/Project/AI/ernie-image-ncnn-vulkan/third_party/ncnn/src/layer/x86/interp_fp32.h:71: warning: ignoring '#pragma omp parallel' [-Wunknown-pragmas]
   71 |             #pragma omp parallel for num_threads(opt.num_threads)
/home/mingshi/Project/AI/ernie-image-ncnn-vulkan/third_party/ncnn/src/layer/x86/interp_fp32.h:83: warning: ignoring '#pragma omp parallel' [-Wunknown-pragmas]
   83 |         #pragma omp parallel for num_threads(opt.num_threads)
/home/mingshi/Project/AI/ernie-image-ncnn-vulkan/third_party/ncnn/src/layer/x86/interp_fp32.h:100: warning: ignoring '#pragma omp parallel' [-Wunknown-pragmas]
  100 |             #pragma omp parallel for num_threads(opt.num_threads)
/home/mingshi/Project/AI/ernie-image-ncnn-vulkan/third_party/ncnn/src/layer/x86/interp_fp32.h:151: warning: ignoring '#pragma omp parallel' [-Wunknown-pragmas]
  151 |             #pragma omp parallel for num_threads(opt.num_threads)
/home/mingshi/Project/AI/ernie-image-ncnn-vulkan/third_party/ncnn/src/layer/x86/interp_fp32.h:230: warning: ignoring '#pragma omp parallel' [-Wunknown-pragmas]
  230 |             #pragma omp parallel for num_threads(opt.num_threads)
/home/mingshi/Project/AI/ernie-image-ncnn-vulkan/third_party/ncnn/src/layer/x86/interp_fp32.h:328: warning: ignoring '#pragma omp parallel' [-Wunknown-pragmas]
  328 |         #pragma omp parallel for num_threads(opt.num_threads)
/home/mingshi/Project/AI/ernie-image-ncnn-vulkan/third_party/ncnn/src/layer/x86/interp_fp32.h:366: warning: ignoring '#pragma omp parallel' [-Wunknown-pragmas]
  366 |         #pragma omp parallel for num_threads(opt.num_threads)
/home/mingshi/Project/AI/ernie-image-ncnn-vulkan/third_party/ncnn/src/layer/x86/interp_fp32.h:412: warning: ignoring '#pragma omp parallel' [-Wunknown-pragmas]
  412 |         #pragma omp parallel for num_threads(opt.num_threads)
In file included from /home/mingshi/Project/AI/ernie-image-ncnn-vulkan/third_party/ncnn/src/layer/x86/interp_x86_fma.cpp:21:
/home/mingshi/Project/AI/ernie-image-ncnn-vulkan/third_party/ncnn/src/layer/x86/interp_bf16s.h:1468: warning: ignoring '#pragma omp parallel' [-Wunknown-pragmas]
 1468 |         #pragma omp parallel for num_threads(opt.num_threads)
/home/mingshi/Project/AI/ernie-image-ncnn-vulkan/third_party/ncnn/src/layer/x86/interp_bf16s.h:1491: warning: ignoring '#pragma omp parallel' [-Wunknown-pragmas]
 1491 |             #pragma omp parallel for num_threads(opt.num_threads)
/home/mingshi/Project/AI/ernie-image-ncnn-vulkan/third_party/ncnn/src/layer/x86/interp_bf16s.h:1517: warning: ignoring '#pragma omp parallel' [-Wunknown-pragmas]
 1517 |             #pragma omp parallel for num_threads(opt.num_threads)
/home/mingshi/Project/AI/ernie-image-ncnn-vulkan/third_party/ncnn/src/layer/x86/interp_bf16s.h:1590: warning: ignoring '#pragma omp parallel' [-Wunknown-pragmas]
 1590 |             #pragma omp parallel for num_threads(opt.num_threads)
/home/mingshi/Project/AI/ernie-image-ncnn-vulkan/third_party/ncnn/src/layer/x86/interp_bf16s.h:1682: warning: ignoring '#pragma omp parallel' [-Wunknown-pragmas]
 1682 |         #pragma omp parallel for num_threads(opt.num_threads)
/home/mingshi/Project/AI/ernie-image-ncnn-vulkan/third_party/ncnn/src/layer/x86/interp_bf16s.h:1720: warning: ignoring '#pragma omp parallel' [-Wunknown-pragmas]
 1720 |         #pragma omp parallel for num_threads(opt.num_threads)
/home/mingshi/Project/AI/ernie-image-ncnn-vulkan/third_party/ncnn/src/layer/x86/interp_bf16s.h:1766: warning: ignoring '#pragma omp parallel' [-Wunknown-pragmas]
 1766 |         #pragma omp parallel for num_threads(opt.num_threads)
/home/mingshi/Project/AI/ernie-image-ncnn-vulkan/third_party/ncnn/src/layer/x86/interp_fp32.h: In function 'void ncnn::interp_fp32(const Mat&, Mat&, int, int, float, float, int, int, int, const Option&)':
/home/mingshi/Project/AI/ernie-image-ncnn-vulkan/third_party/ncnn/src/layer/x86/interp_fp32.h:11:208: warning: unused parameter 'opt' [-Wunused-parameter]
   11 | static void interp_fp32(const Mat& bottom_blob, Mat& top_blob, int resize_type, int align_corner, float height_scale, float width_scale, int output_height, int output_width, int has_size_expr, const Option& opt)
      |                                                                                                                                                                                                  ~~~~~~~~~~~~~~^~~
[209/415] Building CXX object ncnn/src/CMakeFiles/ncnn.dir/layer/x86/interp_x86_fma4.cpp.obj
In file included from /home/mingshi/Project/AI/ernie-image-ncnn-vulkan/third_party/ncnn/src/layer/x86/interp_x86_fma4.cpp:19:
/home/mingshi/Project/AI/ernie-image-ncnn-vulkan/third_party/ncnn/src/layer/x86/interp_fp32.h:57: warning: ignoring '#pragma omp parallel' [-Wunknown-pragmas]
   57 |             #pragma omp parallel for num_threads(opt.num_threads)
/home/mingshi/Project/AI/ernie-image-ncnn-vulkan/third_party/ncnn/src/layer/x86/interp_fp32.h:71: warning: ignoring '#pragma omp parallel' [-Wunknown-pragmas]
   71 |             #pragma omp parallel for num_threads(opt.num_threads)
/home/mingshi/Project/AI/ernie-image-ncnn-vulkan/third_party/ncnn/src/layer/x86/interp_fp32.h:83: warning: ignoring '#pragma omp parallel' [-Wunknown-pragmas]
   83 |         #pragma omp parallel for num_threads(opt.num_threads)
/home/mingshi/Project/AI/ernie-image-ncnn-vulkan/third_party/ncnn/src/layer/x86/interp_fp32.h:100: warning: ignoring '#pragma omp parallel' [-Wunknown-pragmas]
  100 |             #pragma omp parallel for num_threads(opt.num_threads)
/home/mingshi/Project/AI/ernie-image-ncnn-vulkan/third_party/ncnn/src/layer/x86/interp_fp32.h:151: warning: ignoring '#pragma omp parallel' [-Wunknown-pragmas]
  151 |             #pragma omp parallel for num_threads(opt.num_threads)
/home/mingshi/Project/AI/ernie-image-ncnn-vulkan/third_party/ncnn/src/layer/x86/interp_fp32.h:230: warning: ignoring '#pragma omp parallel' [-Wunknown-pragmas]
  230 |             #pragma omp parallel for num_threads(opt.num_threads)
/home/mingshi/Project/AI/ernie-image-ncnn-vulkan/third_party/ncnn/src/layer/x86/interp_fp32.h:328: warning: ignoring '#pragma omp parallel' [-Wunknown-pragmas]
  328 |         #pragma omp parallel for num_threads(opt.num_threads)
/home/mingshi/Project/AI/ernie-image-ncnn-vulkan/third_party/ncnn/src/layer/x86/interp_fp32.h:366: warning: ignoring '#pragma omp parallel' [-Wunknown-pragmas]
  366 |         #pragma omp parallel for num_threads(opt.num_threads)
/home/mingshi/Project/AI/ernie-image-ncnn-vulkan/third_party/ncnn/src/layer/x86/interp_fp32.h:412: warning: ignoring '#pragma omp parallel' [-Wunknown-pragmas]
  412 |         #pragma omp parallel for num_threads(opt.num_threads)
In file included from /home/mingshi/Project/AI/ernie-image-ncnn-vulkan/third_party/ncnn/src/layer/x86/interp_x86_fma4.cpp:21:
/home/mingshi/Project/AI/ernie-image-ncnn-vulkan/third_party/ncnn/src/layer/x86/interp_bf16s.h:1468: warning: ignoring '#pragma omp parallel' [-Wunknown-pragmas]
 1468 |         #pragma omp parallel for num_threads(opt.num_threads)
/home/mingshi/Project/AI/ernie-image-ncnn-vulkan/third_party/ncnn/src/layer/x86/interp_bf16s.h:1491: warning: ignoring '#pragma omp parallel' [-Wunknown-pragmas]
 1491 |             #pragma omp parallel for num_threads(opt.num_threads)
/home/mingshi/Project/AI/ernie-image-ncnn-vulkan/third_party/ncnn/src/layer/x86/interp_bf16s.h:1517: warning: ignoring '#pragma omp parallel' [-Wunknown-pragmas]
 1517 |             #pragma omp parallel for num_threads(opt.num_threads)
/home/mingshi/Project/AI/ernie-image-ncnn-vulkan/third_party/ncnn/src/layer/x86/interp_bf16s.h:1590: warning: ignoring '#pragma omp parallel' [-Wunknown-pragmas]
 1590 |             #pragma omp parallel for num_threads(opt.num_threads)
/home/mingshi/Project/AI/ernie-image-ncnn-vulkan/third_party/ncnn/src/layer/x86/interp_bf16s.h:1682: warning: ignoring '#pragma omp parallel' [-Wunknown-pragmas]
 1682 |         #pragma omp parallel for num_threads(opt.num_threads)
/home/mingshi/Project/AI/ernie-image-ncnn-vulkan/third_party/ncnn/src/layer/x86/interp_bf16s.h:1720: warning: ignoring '#pragma omp parallel' [-Wunknown-pragmas]
 1720 |         #pragma omp parallel for num_threads(opt.num_threads)
/home/mingshi/Project/AI/ernie-image-ncnn-vulkan/third_party/ncnn/src/layer/x86/interp_bf16s.h:1766: warning: ignoring '#pragma omp parallel' [-Wunknown-pragmas]
 1766 |         #pragma omp parallel for num_threads(opt.num_threads)
/home/mingshi/Project/AI/ernie-image-ncnn-vulkan/third_party/ncnn/src/layer/x86/interp_fp32.h: In function 'void ncnn::interp_fp32(const Mat&, Mat&, int, int, float, float, int, int, int, const Option&)':
/home/mingshi/Project/AI/ernie-image-ncnn-vulkan/third_party/ncnn/src/layer/x86/interp_fp32.h:11:208: warning: unused parameter 'opt' [-Wunused-parameter]
   11 | static void interp_fp32(const Mat& bottom_blob, Mat& top_blob, int resize_type, int align_corner, float height_scale, float width_scale, int output_height, int output_width, int has_size_expr, const Option& opt)
      |                                                                                                                                                                                                  ~~~~~~~~~~~~~~^~~
[210/415] Building CXX object ncnn/src/CMakeFiles/ncnn.dir/layer/x86/interp_x86_avx512bf16.cpp.obj
In file included from /home/mingshi/Project/AI/ernie-image-ncnn-vulkan/third_party/ncnn/src/layer/x86/interp_x86_avx512bf16.cpp:13:
/home/mingshi/Project/AI/ernie-image-ncnn-vulkan/third_party/ncnn/src/layer/x86/interp_bf16s.h:1468: warning: ignoring '#pragma omp parallel' [-Wunknown-pragmas]
 1468 |         #pragma omp parallel for num_threads(opt.num_threads)
/home/mingshi/Project/AI/ernie-image-ncnn-vulkan/third_party/ncnn/src/layer/x86/interp_bf16s.h:1491: warning: ignoring '#pragma omp parallel' [-Wunknown-pragmas]
 1491 |             #pragma omp parallel for num_threads(opt.num_threads)
/home/mingshi/Project/AI/ernie-image-ncnn-vulkan/third_party/ncnn/src/layer/x86/interp_bf16s.h:1517: warning: ignoring '#pragma omp parallel' [-Wunknown-pragmas]
 1517 |             #pragma omp parallel for num_threads(opt.num_threads)
/home/mingshi/Project/AI/ernie-image-ncnn-vulkan/third_party/ncnn/src/layer/x86/interp_bf16s.h:1590: warning: ignoring '#pragma omp parallel' [-Wunknown-pragmas]
 1590 |             #pragma omp parallel for num_threads(opt.num_threads)
/home/mingshi/Project/AI/ernie-image-ncnn-vulkan/third_party/ncnn/src/layer/x86/interp_bf16s.h:1682: warning: ignoring '#pragma omp parallel' [-Wunknown-pragmas]
 1682 |         #pragma omp parallel for num_threads(opt.num_threads)
/home/mingshi/Project/AI/ernie-image-ncnn-vulkan/third_party/ncnn/src/layer/x86/interp_bf16s.h:1720: warning: ignoring '#pragma omp parallel' [-Wunknown-pragmas]
 1720 |         #pragma omp parallel for num_threads(opt.num_threads)
/home/mingshi/Project/AI/ernie-image-ncnn-vulkan/third_party/ncnn/src/layer/x86/interp_bf16s.h:1766: warning: ignoring '#pragma omp parallel' [-Wunknown-pragmas]
 1766 |         #pragma omp parallel for num_threads(opt.num_threads)
/home/mingshi/Project/AI/ernie-image-ncnn-vulkan/third_party/ncnn/src/layer/x86/interp_bf16s.h: In function 'void ncnn::interp_bf16s(const Mat&, Mat&, int, int, float, float, int, int, int, const Option&)':
/home/mingshi/Project/AI/ernie-image-ncnn-vulkan/third_party/ncnn/src/layer/x86/interp_bf16s.h:1421:209: warning: unused parameter 'opt' [-Wunused-parameter]
 1421 | static void interp_bf16s(const Mat& bottom_blob, Mat& top_blob, int resize_type, int align_corner, float height_scale, float width_scale, int output_height, int output_width, int has_size_expr, const Option& opt)
      |                                                                                                                                                                                                   ~~~~~~~~~~~~~~^~~
[211/415] Building CXX object ncnn/src/CMakeFiles/ncnn.dir/layer/x86/interp_x86_avx.cpp.obj
In file included from /home/mingshi/Project/AI/ernie-image-ncnn-vulkan/.worktrees/surpass-reference/build-windows-cpu-v1/ncnn/src/layer/x86/interp_x86_avx.cpp:38:
/home/mingshi/Project/AI/ernie-image-ncnn-vulkan/third_party/ncnn/src/layer/x86/interp_fp32.h:57: warning: ignoring '#pragma omp parallel' [-Wunknown-pragmas]
   57 |             #pragma omp parallel for num_threads(opt.num_threads)
/home/mingshi/Project/AI/ernie-image-ncnn-vulkan/third_party/ncnn/src/layer/x86/interp_fp32.h:71: warning: ignoring '#pragma omp parallel' [-Wunknown-pragmas]
   71 |             #pragma omp parallel for num_threads(opt.num_threads)
/home/mingshi/Project/AI/ernie-image-ncnn-vulkan/third_party/ncnn/src/layer/x86/interp_fp32.h:83: warning: ignoring '#pragma omp parallel' [-Wunknown-pragmas]
   83 |         #pragma omp parallel for num_threads(opt.num_threads)
/home/mingshi/Project/AI/ernie-image-ncnn-vulkan/third_party/ncnn/src/layer/x86/interp_fp32.h:100: warning: ignoring '#pragma omp parallel' [-Wunknown-pragmas]
  100 |             #pragma omp parallel for num_threads(opt.num_threads)
/home/mingshi/Project/AI/ernie-image-ncnn-vulkan/third_party/ncnn/src/layer/x86/interp_fp32.h:151: warning: ignoring '#pragma omp parallel' [-Wunknown-pragmas]
  151 |             #pragma omp parallel for num_threads(opt.num_threads)
/home/mingshi/Project/AI/ernie-image-ncnn-vulkan/third_party/ncnn/src/layer/x86/interp_fp32.h:230: warning: ignoring '#pragma omp parallel' [-Wunknown-pragmas]
  230 |             #pragma omp parallel for num_threads(opt.num_threads)
/home/mingshi/Project/AI/ernie-image-ncnn-vulkan/third_party/ncnn/src/layer/x86/interp_fp32.h:328: warning: ignoring '#pragma omp parallel' [-Wunknown-pragmas]
  328 |         #pragma omp parallel for num_threads(opt.num_threads)
/home/mingshi/Project/AI/ernie-image-ncnn-vulkan/third_party/ncnn/src/layer/x86/interp_fp32.h:366: warning: ignoring '#pragma omp parallel' [-Wunknown-pragmas]
  366 |         #pragma omp parallel for num_threads(opt.num_threads)
/home/mingshi/Project/AI/ernie-image-ncnn-vulkan/third_party/ncnn/src/layer/x86/interp_fp32.h:412: warning: ignoring '#pragma omp parallel' [-Wunknown-pragmas]
  412 |         #pragma omp parallel for num_threads(opt.num_threads)
In file included from /home/mingshi/Project/AI/ernie-image-ncnn-vulkan/.worktrees/surpass-reference/build-windows-cpu-v1/ncnn/src/layer/x86/interp_x86_avx.cpp:121:
/home/mingshi/Project/AI/ernie-image-ncnn-vulkan/third_party/ncnn/src/layer/x86/interp_bf16s.h:1468: warning: ignoring '#pragma omp parallel' [-Wunknown-pragmas]
 1468 |         #pragma omp parallel for num_threads(opt.num_threads)
/home/mingshi/Project/AI/ernie-image-ncnn-vulkan/third_party/ncnn/src/layer/x86/interp_bf16s.h:1491: warning: ignoring '#pragma omp parallel' [-Wunknown-pragmas]
 1491 |             #pragma omp parallel for num_threads(opt.num_threads)
/home/mingshi/Project/AI/ernie-image-ncnn-vulkan/third_party/ncnn/src/layer/x86/interp_bf16s.h:1517: warning: ignoring '#pragma omp parallel' [-Wunknown-pragmas]
 1517 |             #pragma omp parallel for num_threads(opt.num_threads)
/home/mingshi/Project/AI/ernie-image-ncnn-vulkan/third_party/ncnn/src/layer/x86/interp_bf16s.h:1590: warning: ignoring '#pragma omp parallel' [-Wunknown-pragmas]
 1590 |             #pragma omp parallel for num_threads(opt.num_threads)
/home/mingshi/Project/AI/ernie-image-ncnn-vulkan/third_party/ncnn/src/layer/x86/interp_bf16s.h:1682: warning: ignoring '#pragma omp parallel' [-Wunknown-pragmas]
 1682 |         #pragma omp parallel for num_threads(opt.num_threads)
/home/mingshi/Project/AI/ernie-image-ncnn-vulkan/third_party/ncnn/src/layer/x86/interp_bf16s.h:1720: warning: ignoring '#pragma omp parallel' [-Wunknown-pragmas]
 1720 |         #pragma omp parallel for num_threads(opt.num_threads)
/home/mingshi/Project/AI/ernie-image-ncnn-vulkan/third_party/ncnn/src/layer/x86/interp_bf16s.h:1766: warning: ignoring '#pragma omp parallel' [-Wunknown-pragmas]
 1766 |         #pragma omp parallel for num_threads(opt.num_threads)
[212/415] Building CXX object ncnn/src/CMakeFiles/ncnn.dir/layer/reorg.cpp.obj
/home/mingshi/Project/AI/ernie-image-ncnn-vulkan/third_party/ncnn/src/layer/reorg.cpp:37: warning: ignoring '#pragma omp parallel' [-Wunknown-pragmas]
   37 |     #pragma omp parallel for num_threads(opt.num_threads)
[213/415] Building CXX object ncnn/src/CMakeFiles/ncnn.dir/layer/x86/interp_x86_avx2.cpp.obj
In file included from /home/mingshi/Project/AI/ernie-image-ncnn-vulkan/third_party/ncnn/src/layer/x86/interp_x86_avx2.cpp:14:
/home/mingshi/Project/AI/ernie-image-ncnn-vulkan/third_party/ncnn/src/layer/x86/interp_bf16s.h:1468: warning: ignoring '#pragma omp parallel' [-Wunknown-pragmas]
 1468 |         #pragma omp parallel for num_threads(opt.num_threads)
/home/mingshi/Project/AI/ernie-image-ncnn-vulkan/third_party/ncnn/src/layer/x86/interp_bf16s.h:1491: warning: ignoring '#pragma omp parallel' [-Wunknown-pragmas]
 1491 |             #pragma omp parallel for num_threads(opt.num_threads)
/home/mingshi/Project/AI/ernie-image-ncnn-vulkan/third_party/ncnn/src/layer/x86/interp_bf16s.h:1517: warning: ignoring '#pragma omp parallel' [-Wunknown-pragmas]
 1517 |             #pragma omp parallel for num_threads(opt.num_threads)
/home/mingshi/Project/AI/ernie-image-ncnn-vulkan/third_party/ncnn/src/layer/x86/interp_bf16s.h:1590: warning: ignoring '#pragma omp parallel' [-Wunknown-pragmas]
 1590 |             #pragma omp parallel for num_threads(opt.num_threads)
/home/mingshi/Project/AI/ernie-image-ncnn-vulkan/third_party/ncnn/src/layer/x86/interp_bf16s.h:1682: warning: ignoring '#pragma omp parallel' [-Wunknown-pragmas]
 1682 |         #pragma omp parallel for num_threads(opt.num_threads)
/home/mingshi/Project/AI/ernie-image-ncnn-vulkan/third_party/ncnn/src/layer/x86/interp_bf16s.h:1720: warning: ignoring '#pragma omp parallel' [-Wunknown-pragmas]
 1720 |         #pragma omp parallel for num_threads(opt.num_threads)
/home/mingshi/Project/AI/ernie-image-ncnn-vulkan/third_party/ncnn/src/layer/x86/interp_bf16s.h:1766: warning: ignoring '#pragma omp parallel' [-Wunknown-pragmas]
 1766 |         #pragma omp parallel for num_threads(opt.num_threads)
/home/mingshi/Project/AI/ernie-image-ncnn-vulkan/third_party/ncnn/src/layer/x86/interp_bf16s.h: In function 'void ncnn::interp_bf16s(const Mat&, Mat&, int, int, float, float, int, int, int, const Option&)':
/home/mingshi/Project/AI/ernie-image-ncnn-vulkan/third_party/ncnn/src/layer/x86/interp_bf16s.h:1421:209: warning: unused parameter 'opt' [-Wunused-parameter]
 1421 | static void interp_bf16s(const Mat& bottom_blob, Mat& top_blob, int resize_type, int align_corner, float height_scale, float width_scale, int output_height, int output_width, int has_size_expr, const Option& opt)
      |                                                                                                                                                                                                   ~~~~~~~~~~~~~~^~~
[214/415] Building CXX object ncnn/src/CMakeFiles/ncnn.dir/layer/packing.cpp.obj
/home/mingshi/Project/AI/ernie-image-ncnn-vulkan/third_party/ncnn/src/layer/packing.cpp:85: warning: ignoring '#pragma omp parallel' [-Wunknown-pragmas]
   85 |         #pragma omp parallel for num_threads(opt.num_threads)
/home/mingshi/Project/AI/ernie-image-ncnn-vulkan/third_party/ncnn/src/layer/packing.cpp:105: warning: ignoring '#pragma omp parallel' [-Wunknown-pragmas]
  105 |         #pragma omp parallel for num_threads(opt.num_threads)
/home/mingshi/Project/AI/ernie-image-ncnn-vulkan/third_party/ncnn/src/layer/packing.cpp:148: warning: ignoring '#pragma omp parallel' [-Wunknown-pragmas]
  148 |         #pragma omp parallel for num_threads(opt.num_threads)
/home/mingshi/Project/AI/ernie-image-ncnn-vulkan/third_party/ncnn/src/layer/packing.cpp:198: warning: ignoring '#pragma omp parallel' [-Wunknown-pragmas]
  198 |         #pragma omp parallel for num_threads(opt.num_threads)
[215/415] Building CXX object ncnn/src/CMakeFiles/ncnn.dir/layer/x86/packing_x86.cpp.obj
/home/mingshi/Project/AI/ernie-image-ncnn-vulkan/third_party/ncnn/src/layer/x86/packing_x86.cpp:120: warning: ignoring '#pragma omp parallel' [-Wunknown-pragmas]
  120 |             #pragma omp parallel for num_threads(opt.num_threads)
/home/mingshi/Project/AI/ernie-image-ncnn-vulkan/third_party/ncnn/src/layer/x86/packing_x86.cpp:170: warning: ignoring '#pragma omp parallel' [-Wunknown-pragmas]
  170 |             #pragma omp parallel for num_threads(opt.num_threads)
/home/mingshi/Project/AI/ernie-image-ncnn-vulkan/third_party/ncnn/src/layer/x86/packing_x86.cpp:220: warning: ignoring '#pragma omp parallel' [-Wunknown-pragmas]
  220 |             #pragma omp parallel for num_threads(opt.num_threads)
/home/mingshi/Project/AI/ernie-image-ncnn-vulkan/third_party/ncnn/src/layer/x86/packing_x86.cpp:286: warning: ignoring '#pragma omp parallel' [-Wunknown-pragmas]
  286 |             #pragma omp parallel for num_threads(opt.num_threads)
/home/mingshi/Project/AI/ernie-image-ncnn-vulkan/third_party/ncnn/src/layer/x86/packing_x86.cpp:353: warning: ignoring '#pragma omp parallel' [-Wunknown-pragmas]
  353 |             #pragma omp parallel for num_threads(opt.num_threads)
/home/mingshi/Project/AI/ernie-image-ncnn-vulkan/third_party/ncnn/src/layer/x86/packing_x86.cpp:383: warning: ignoring '#pragma omp parallel' [-Wunknown-pragmas]
  383 |             #pragma omp parallel for num_threads(opt.num_threads)
/home/mingshi/Project/AI/ernie-image-ncnn-vulkan/third_party/ncnn/src/layer/x86/packing_x86.cpp:413: warning: ignoring '#pragma omp parallel' [-Wunknown-pragmas]
  413 |             #pragma omp parallel for num_threads(opt.num_threads)
/home/mingshi/Project/AI/ernie-image-ncnn-vulkan/third_party/ncnn/src/layer/x86/packing_x86.cpp:519: warning: ignoring '#pragma omp parallel' [-Wunknown-pragmas]
  519 |             #pragma omp parallel for num_threads(opt.num_threads)
/home/mingshi/Project/AI/ernie-image-ncnn-vulkan/third_party/ncnn/src/layer/x86/packing_x86.cpp:626: warning: ignoring '#pragma omp parallel' [-Wunknown-pragmas]
  626 |             #pragma omp parallel for num_threads(opt.num_threads)
/home/mingshi/Project/AI/ernie-image-ncnn-vulkan/third_party/ncnn/src/layer/x86/packing_x86.cpp:668: warning: ignoring '#pragma omp parallel' [-Wunknown-pragmas]
  668 |             #pragma omp parallel for num_threads(opt.num_threads)
/home/mingshi/Project/AI/ernie-image-ncnn-vulkan/third_party/ncnn/src/layer/x86/packing_x86.cpp:710: warning: ignoring '#pragma omp parallel' [-Wunknown-pragmas]
  710 |             #pragma omp parallel for num_threads(opt.num_threads)
/home/mingshi/Project/AI/ernie-image-ncnn-vulkan/third_party/ncnn/src/layer/x86/packing_x86.cpp:748: warning: ignoring '#pragma omp parallel' [-Wunknown-pragmas]
  748 |             #pragma omp parallel for num_threads(opt.num_threads)
/home/mingshi/Project/AI/ernie-image-ncnn-vulkan/third_party/ncnn/src/layer/x86/packing_x86.cpp:803: warning: ignoring '#pragma omp parallel' [-Wunknown-pragmas]
  803 |             #pragma omp parallel for num_threads(opt.num_threads)
/home/mingshi/Project/AI/ernie-image-ncnn-vulkan/third_party/ncnn/src/layer/x86/packing_x86.cpp:853: warning: ignoring '#pragma omp parallel' [-Wunknown-pragmas]
  853 |             #pragma omp parallel for num_threads(opt.num_threads)
/home/mingshi/Project/AI/ernie-image-ncnn-vulkan/third_party/ncnn/src/layer/x86/packing_x86.cpp:903: warning: ignoring '#pragma omp parallel' [-Wunknown-pragmas]
  903 |             #pragma omp parallel for num_threads(opt.num_threads)
/home/mingshi/Project/AI/ernie-image-ncnn-vulkan/third_party/ncnn/src/layer/x86/packing_x86.cpp:969: warning: ignoring '#pragma omp parallel' [-Wunknown-pragmas]
  969 |             #pragma omp parallel for num_threads(opt.num_threads)
/home/mingshi/Project/AI/ernie-image-ncnn-vulkan/third_party/ncnn/src/layer/x86/packing_x86.cpp:1036: warning: ignoring '#pragma omp parallel' [-Wunknown-pragmas]
 1036 |             #pragma omp parallel for num_threads(opt.num_threads)
/home/mingshi/Project/AI/ernie-image-ncnn-vulkan/third_party/ncnn/src/layer/x86/packing_x86.cpp:1066: warning: ignoring '#pragma omp parallel' [-Wunknown-pragmas]
 1066 |             #pragma omp parallel for num_threads(opt.num_threads)
/home/mingshi/Project/AI/ernie-image-ncnn-vulkan/third_party/ncnn/src/layer/x86/packing_x86.cpp:1096: warning: ignoring '#pragma omp parallel' [-Wunknown-pragmas]
 1096 |             #pragma omp parallel for num_threads(opt.num_threads)
/home/mingshi/Project/AI/ernie-image-ncnn-vulkan/third_party/ncnn/src/layer/x86/packing_x86.cpp:1202: warning: ignoring '#pragma omp parallel' [-Wunknown-pragmas]
 1202 |             #pragma omp parallel for num_threads(opt.num_threads)
/home/mingshi/Project/AI/ernie-image-ncnn-vulkan/third_party/ncnn/src/layer/x86/packing_x86.cpp:1309: warning: ignoring '#pragma omp parallel' [-Wunknown-pragmas]
 1309 |             #pragma omp parallel for num_threads(opt.num_threads)
/home/mingshi/Project/AI/ernie-image-ncnn-vulkan/third_party/ncnn/src/layer/x86/packing_x86.cpp:1351: warning: ignoring '#pragma omp parallel' [-Wunknown-pragmas]
 1351 |             #pragma omp parallel for num_threads(opt.num_threads)
/home/mingshi/Project/AI/ernie-image-ncnn-vulkan/third_party/ncnn/src/layer/x86/packing_x86.cpp:1393: warning: ignoring '#pragma omp parallel' [-Wunknown-pragmas]
 1393 |             #pragma omp parallel for num_threads(opt.num_threads)
/home/mingshi/Project/AI/ernie-image-ncnn-vulkan/third_party/ncnn/src/layer/x86/packing_x86.cpp:1431: warning: ignoring '#pragma omp parallel' [-Wunknown-pragmas]
 1431 |             #pragma omp parallel for num_threads(opt.num_threads)
/home/mingshi/Project/AI/ernie-image-ncnn-vulkan/third_party/ncnn/src/layer/x86/packing_x86.cpp:1559: warning: ignoring '#pragma omp parallel' [-Wunknown-pragmas]
 1559 |             #pragma omp parallel for num_threads(opt.num_threads)
/home/mingshi/Project/AI/ernie-image-ncnn-vulkan/third_party/ncnn/src/layer/x86/packing_x86.cpp:1611: warning: ignoring '#pragma omp parallel' [-Wunknown-pragmas]
 1611 |             #pragma omp parallel for num_threads(opt.num_threads)
/home/mingshi/Project/AI/ernie-image-ncnn-vulkan/third_party/ncnn/src/layer/x86/packing_x86.cpp:1663: warning: ignoring '#pragma omp parallel' [-Wunknown-pragmas]
 1663 |             #pragma omp parallel for num_threads(opt.num_threads)
/home/mingshi/Project/AI/ernie-image-ncnn-vulkan/third_party/ncnn/src/layer/x86/packing_x86.cpp:1698: warning: ignoring '#pragma omp parallel' [-Wunknown-pragmas]
 1698 |             #pragma omp parallel for num_threads(opt.num_threads)
/home/mingshi/Project/AI/ernie-image-ncnn-vulkan/third_party/ncnn/src/layer/x86/packing_x86.cpp:1733: warning: ignoring '#pragma omp parallel' [-Wunknown-pragmas]
 1733 |             #pragma omp parallel for num_threads(opt.num_threads)
/home/mingshi/Project/AI/ernie-image-ncnn-vulkan/third_party/ncnn/src/layer/x86/packing_x86.cpp:1763: warning: ignoring '#pragma omp parallel' [-Wunknown-pragmas]
 1763 |             #pragma omp parallel for num_threads(opt.num_threads)
/home/mingshi/Project/AI/ernie-image-ncnn-vulkan/third_party/ncnn/src/layer/x86/packing_x86.cpp:1793: warning: ignoring '#pragma omp parallel' [-Wunknown-pragmas]
 1793 |             #pragma omp parallel for num_threads(opt.num_threads)
/home/mingshi/Project/AI/ernie-image-ncnn-vulkan/third_party/ncnn/src/layer/x86/packing_x86.cpp:1844: warning: ignoring '#pragma omp parallel' [-Wunknown-pragmas]
 1844 |             #pragma omp parallel for num_threads(opt.num_threads)
/home/mingshi/Project/AI/ernie-image-ncnn-vulkan/third_party/ncnn/src/layer/x86/packing_x86.cpp:1895: warning: ignoring '#pragma omp parallel' [-Wunknown-pragmas]
 1895 |             #pragma omp parallel for num_threads(opt.num_threads)
/home/mingshi/Project/AI/ernie-image-ncnn-vulkan/third_party/ncnn/src/layer/x86/packing_x86.cpp:1937: warning: ignoring '#pragma omp parallel' [-Wunknown-pragmas]
 1937 |             #pragma omp parallel for num_threads(opt.num_threads)
/home/mingshi/Project/AI/ernie-image-ncnn-vulkan/third_party/ncnn/src/layer/x86/packing_x86.cpp:1979: warning: ignoring '#pragma omp parallel' [-Wunknown-pragmas]
 1979 |             #pragma omp parallel for num_threads(opt.num_threads)
/home/mingshi/Project/AI/ernie-image-ncnn-vulkan/third_party/ncnn/src/layer/x86/packing_x86.cpp:2017: warning: ignoring '#pragma omp parallel' [-Wunknown-pragmas]
 2017 |             #pragma omp parallel for num_threads(opt.num_threads)
/home/mingshi/Project/AI/ernie-image-ncnn-vulkan/third_party/ncnn/src/layer/x86/packing_x86.cpp:2072: warning: ignoring '#pragma omp parallel' [-Wunknown-pragmas]
 2072 |             #pragma omp parallel for num_threads(opt.num_threads)
/home/mingshi/Project/AI/ernie-image-ncnn-vulkan/third_party/ncnn/src/layer/x86/packing_x86.cpp:2123: warning: ignoring '#pragma omp parallel' [-Wunknown-pragmas]
 2123 |             #pragma omp parallel for num_threads(opt.num_threads)
/home/mingshi/Project/AI/ernie-image-ncnn-vulkan/third_party/ncnn/src/layer/x86/packing_x86.cpp:2174: warning: ignoring '#pragma omp parallel' [-Wunknown-pragmas]
 2174 |             #pragma omp parallel for num_threads(opt.num_threads)
/home/mingshi/Project/AI/ernie-image-ncnn-vulkan/third_party/ncnn/src/layer/x86/packing_x86.cpp:2209: warning: ignoring '#pragma omp parallel' [-Wunknown-pragmas]
 2209 |             #pragma omp parallel for num_threads(opt.num_threads)
/home/mingshi/Project/AI/ernie-image-ncnn-vulkan/third_party/ncnn/src/layer/x86/packing_x86.cpp:2244: warning: ignoring '#pragma omp parallel' [-Wunknown-pragmas]
 2244 |             #pragma omp parallel for num_threads(opt.num_threads)
/home/mingshi/Project/AI/ernie-image-ncnn-vulkan/third_party/ncnn/src/layer/x86/packing_x86.cpp:2274: warning: ignoring '#pragma omp parallel' [-Wunknown-pragmas]
 2274 |             #pragma omp parallel for num_threads(opt.num_threads)
/home/mingshi/Project/AI/ernie-image-ncnn-vulkan/third_party/ncnn/src/layer/x86/packing_x86.cpp:2304: warning: ignoring '#pragma omp parallel' [-Wunknown-pragmas]
 2304 |             #pragma omp parallel for num_threads(opt.num_threads)
/home/mingshi/Project/AI/ernie-image-ncnn-vulkan/third_party/ncnn/src/layer/x86/packing_x86.cpp:2355: warning: ignoring '#pragma omp parallel' [-Wunknown-pragmas]
 2355 |             #pragma omp parallel for num_threads(opt.num_threads)
/home/mingshi/Project/AI/ernie-image-ncnn-vulkan/third_party/ncnn/src/layer/x86/packing_x86.cpp:2406: warning: ignoring '#pragma omp parallel' [-Wunknown-pragmas]
 2406 |             #pragma omp parallel for num_threads(opt.num_threads)
/home/mingshi/Project/AI/ernie-image-ncnn-vulkan/third_party/ncnn/src/layer/x86/packing_x86.cpp:2448: warning: ignoring '#pragma omp parallel' [-Wunknown-pragmas]
 2448 |             #pragma omp parallel for num_threads(opt.num_threads)
/home/mingshi/Project/AI/ernie-image-ncnn-vulkan/third_party/ncnn/src/layer/x86/packing_x86.cpp:2490: warning: ignoring '#pragma omp parallel' [-Wunknown-pragmas]
 2490 |             #pragma omp parallel for num_threads(opt.num_threads)
/home/mingshi/Project/AI/ernie-image-ncnn-vulkan/third_party/ncnn/src/layer/x86/packing_x86.cpp:2528: warning: ignoring '#pragma omp parallel' [-Wunknown-pragmas]
 2528 |             #pragma omp parallel for num_threads(opt.num_threads)
/home/mingshi/Project/AI/ernie-image-ncnn-vulkan/third_party/ncnn/src/layer/x86/packing_x86.cpp:2646: warning: ignoring '#pragma omp parallel' [-Wunknown-pragmas]
 2646 |             #pragma omp parallel for num_threads(opt.num_threads)
/home/mingshi/Project/AI/ernie-image-ncnn-vulkan/third_party/ncnn/src/layer/x86/packing_x86.cpp:2681: warning: ignoring '#pragma omp parallel' [-Wunknown-pragmas]
 2681 |             #pragma omp parallel for num_threads(opt.num_threads)
/home/mingshi/Project/AI/ernie-image-ncnn-vulkan/third_party/ncnn/src/layer/x86/packing_x86.cpp:2733: warning: ignoring '#pragma omp parallel' [-Wunknown-pragmas]
 2733 |             #pragma omp parallel for num_threads(opt.num_threads)
/home/mingshi/Project/AI/ernie-image-ncnn-vulkan/third_party/ncnn/src/layer/x86/packing_x86.cpp:2768: warning: ignoring '#pragma omp parallel' [-Wunknown-pragmas]
 2768 |             #pragma omp parallel for num_threads(opt.num_threads)
[216/415] Building CXX object ncnn/src/CMakeFiles/ncnn.dir/layer/x86/packing_x86_avx512.cpp.obj
/home/mingshi/Project/AI/ernie-image-ncnn-vulkan/.worktrees/surpass-reference/build-windows-cpu-v1/ncnn/src/layer/x86/packing_x86_avx512.cpp:120: warning: ignoring '#pragma omp parallel' [-Wunknown-pragmas]
  120 |             #pragma omp parallel for num_threads(opt.num_threads)
/home/mingshi/Project/AI/ernie-image-ncnn-vulkan/.worktrees/surpass-reference/build-windows-cpu-v1/ncnn/src/layer/x86/packing_x86_avx512.cpp:170: warning: ignoring '#pragma omp parallel' [-Wunknown-pragmas]
  170 |             #pragma omp parallel for num_threads(opt.num_threads)
/home/mingshi/Project/AI/ernie-image-ncnn-vulkan/.worktrees/surpass-reference/build-windows-cpu-v1/ncnn/src/layer/x86/packing_x86_avx512.cpp:220: warning: ignoring '#pragma omp parallel' [-Wunknown-pragmas]
  220 |             #pragma omp parallel for num_threads(opt.num_threads)
/home/mingshi/Project/AI/ernie-image-ncnn-vulkan/.worktrees/surpass-reference/build-windows-cpu-v1/ncnn/src/layer/x86/packing_x86_avx512.cpp:286: warning: ignoring '#pragma omp parallel' [-Wunknown-pragmas]
  286 |             #pragma omp parallel for num_threads(opt.num_threads)
/home/mingshi/Project/AI/ernie-image-ncnn-vulkan/.worktrees/surpass-reference/build-windows-cpu-v1/ncnn/src/layer/x86/packing_x86_avx512.cpp:353: warning: ignoring '#pragma omp parallel' [-Wunknown-pragmas]
  353 |             #pragma omp parallel for num_threads(opt.num_threads)
/home/mingshi/Project/AI/ernie-image-ncnn-vulkan/.worktrees/surpass-reference/build-windows-cpu-v1/ncnn/src/layer/x86/packing_x86_avx512.cpp:383: warning: ignoring '#pragma omp parallel' [-Wunknown-pragmas]
  383 |             #pragma omp parallel for num_threads(opt.num_threads)
/home/mingshi/Project/AI/ernie-image-ncnn-vulkan/.worktrees/surpass-reference/build-windows-cpu-v1/ncnn/src/layer/x86/packing_x86_avx512.cpp:413: warning: ignoring '#pragma omp parallel' [-Wunknown-pragmas]
  413 |             #pragma omp parallel for num_threads(opt.num_threads)
/home/mingshi/Project/AI/ernie-image-ncnn-vulkan/.worktrees/surpass-reference/build-windows-cpu-v1/ncnn/src/layer/x86/packing_x86_avx512.cpp:519: warning: ignoring '#pragma omp parallel' [-Wunknown-pragmas]
  519 |             #pragma omp parallel for num_threads(opt.num_threads)
/home/mingshi/Project/AI/ernie-image-ncnn-vulkan/.worktrees/surpass-reference/build-windows-cpu-v1/ncnn/src/layer/x86/packing_x86_avx512.cpp:626: warning: ignoring '#pragma omp parallel' [-Wunknown-pragmas]
  626 |             #pragma omp parallel for num_threads(opt.num_threads)
/home/mingshi/Project/AI/ernie-image-ncnn-vulkan/.worktrees/surpass-reference/build-windows-cpu-v1/ncnn/src/layer/x86/packing_x86_avx512.cpp:668: warning: ignoring '#pragma omp parallel' [-Wunknown-pragmas]
  668 |             #pragma omp parallel for num_threads(opt.num_threads)
/home/mingshi/Project/AI/ernie-image-ncnn-vulkan/.worktrees/surpass-reference/build-windows-cpu-v1/ncnn/src/layer/x86/packing_x86_avx512.cpp:710: warning: ignoring '#pragma omp parallel' [-Wunknown-pragmas]
  710 |             #pragma omp parallel for num_threads(opt.num_threads)
/home/mingshi/Project/AI/ernie-image-ncnn-vulkan/.worktrees/surpass-reference/build-windows-cpu-v1/ncnn/src/layer/x86/packing_x86_avx512.cpp:748: warning: ignoring '#pragma omp parallel' [-Wunknown-pragmas]
  748 |             #pragma omp parallel for num_threads(opt.num_threads)
/home/mingshi/Project/AI/ernie-image-ncnn-vulkan/.worktrees/surpass-reference/build-windows-cpu-v1/ncnn/src/layer/x86/packing_x86_avx512.cpp:803: warning: ignoring '#pragma omp parallel' [-Wunknown-pragmas]
  803 |             #pragma omp parallel for num_threads(opt.num_threads)
/home/mingshi/Project/AI/ernie-image-ncnn-vulkan/.worktrees/surpass-reference/build-windows-cpu-v1/ncnn/src/layer/x86/packing_x86_avx512.cpp:853: warning: ignoring '#pragma omp parallel' [-Wunknown-pragmas]
  853 |             #pragma omp parallel for num_threads(opt.num_threads)
/home/mingshi/Project/AI/ernie-image-ncnn-vulkan/.worktrees/surpass-reference/build-windows-cpu-v1/ncnn/src/layer/x86/packing_x86_avx512.cpp:903: warning: ignoring '#pragma omp parallel' [-Wunknown-pragmas]
  903 |             #pragma omp parallel for num_threads(opt.num_threads)
/home/mingshi/Project/AI/ernie-image-ncnn-vulkan/.worktrees/surpass-reference/build-windows-cpu-v1/ncnn/src/layer/x86/packing_x86_avx512.cpp:969: warning: ignoring '#pragma omp parallel' [-Wunknown-pragmas]
  969 |             #pragma omp parallel for num_threads(opt.num_threads)
/home/mingshi/Project/AI/ernie-image-ncnn-vulkan/.worktrees/surpass-reference/build-windows-cpu-v1/ncnn/src/layer/x86/packing_x86_avx512.cpp:1036: warning: ignoring '#pragma omp parallel' [-Wunknown-pragmas]
 1036 |             #pragma omp parallel for num_threads(opt.num_threads)
/home/mingshi/Project/AI/ernie-image-ncnn-vulkan/.worktrees/surpass-reference/build-windows-cpu-v1/ncnn/src/layer/x86/packing_x86_avx512.cpp:1066: warning: ignoring '#pragma omp parallel' [-Wunknown-pragmas]
 1066 |             #pragma omp parallel for num_threads(opt.num_threads)
/home/mingshi/Project/AI/ernie-image-ncnn-vulkan/.worktrees/surpass-reference/build-windows-cpu-v1/ncnn/src/layer/x86/packing_x86_avx512.cpp:1096: warning: ignoring '#pragma omp parallel' [-Wunknown-pragmas]
 1096 |             #pragma omp parallel for num_threads(opt.num_threads)
/home/mingshi/Project/AI/ernie-image-ncnn-vulkan/.worktrees/surpass-reference/build-windows-cpu-v1/ncnn/src/layer/x86/packing_x86_avx512.cpp:1202: warning: ignoring '#pragma omp parallel' [-Wunknown-pragmas]
 1202 |             #pragma omp parallel for num_threads(opt.num_threads)
/home/mingshi/Project/AI/ernie-image-ncnn-vulkan/.worktrees/surpass-reference/build-windows-cpu-v1/ncnn/src/layer/x86/packing_x86_avx512.cpp:1309: warning: ignoring '#pragma omp parallel' [-Wunknown-pragmas]
 1309 |             #pragma omp parallel for num_threads(opt.num_threads)
/home/mingshi/Project/AI/ernie-image-ncnn-vulkan/.worktrees/surpass-reference/build-windows-cpu-v1/ncnn/src/layer/x86/packing_x86_avx512.cpp:1351: warning: ignoring '#pragma omp parallel' [-Wunknown-pragmas]
 1351 |             #pragma omp parallel for num_threads(opt.num_threads)
/home/mingshi/Project/AI/ernie-image-ncnn-vulkan/.worktrees/surpass-reference/build-windows-cpu-v1/ncnn/src/layer/x86/packing_x86_avx512.cpp:1393: warning: ignoring '#pragma omp parallel' [-Wunknown-pragmas]
 1393 |             #pragma omp parallel for num_threads(opt.num_threads)
/home/mingshi/Project/AI/ernie-image-ncnn-vulkan/.worktrees/surpass-reference/build-windows-cpu-v1/ncnn/src/layer/x86/packing_x86_avx512.cpp:1431: warning: ignoring '#pragma omp parallel' [-Wunknown-pragmas]
 1431 |             #pragma omp parallel for num_threads(opt.num_threads)
/home/mingshi/Project/AI/ernie-image-ncnn-vulkan/.worktrees/surpass-reference/build-windows-cpu-v1/ncnn/src/layer/x86/packing_x86_avx512.cpp:1559: warning: ignoring '#pragma omp parallel' [-Wunknown-pragmas]
 1559 |             #pragma omp parallel for num_threads(opt.num_threads)
/home/mingshi/Project/AI/ernie-image-ncnn-vulkan/.worktrees/surpass-reference/build-windows-cpu-v1/ncnn/src/layer/x86/packing_x86_avx512.cpp:1611: warning: ignoring '#pragma omp parallel' [-Wunknown-pragmas]
 1611 |             #pragma omp parallel for num_threads(opt.num_threads)
/home/mingshi/Project/AI/ernie-image-ncnn-vulkan/.worktrees/surpass-reference/build-windows-cpu-v1/ncnn/src/layer/x86/packing_x86_avx512.cpp:1663: warning: ignoring '#pragma omp parallel' [-Wunknown-pragmas]
 1663 |             #pragma omp parallel for num_threads(opt.num_threads)
/home/mingshi/Project/AI/ernie-image-ncnn-vulkan/.worktrees/surpass-reference/build-windows-cpu-v1/ncnn/src/layer/x86/packing_x86_avx512.cpp:1698: warning: ignoring '#pragma omp parallel' [-Wunknown-pragmas]
 1698 |             #pragma omp parallel for num_threads(opt.num_threads)
/home/mingshi/Project/AI/ernie-image-ncnn-vulkan/.worktrees/surpass-reference/build-windows-cpu-v1/ncnn/src/layer/x86/packing_x86_avx512.cpp:1733: warning: ignoring '#pragma omp parallel' [-Wunknown-pragmas]
 1733 |             #pragma omp parallel for num_threads(opt.num_threads)
/home/mingshi/Project/AI/ernie-image-ncnn-vulkan/.worktrees/surpass-reference/build-windows-cpu-v1/ncnn/src/layer/x86/packing_x86_avx512.cpp:1763: warning: ignoring '#pragma omp parallel' [-Wunknown-pragmas]
 1763 |             #pragma omp parallel for num_threads(opt.num_threads)
/home/mingshi/Project/AI/ernie-image-ncnn-vulkan/.worktrees/surpass-reference/build-windows-cpu-v1/ncnn/src/layer/x86/packing_x86_avx512.cpp:1793: warning: ignoring '#pragma omp parallel' [-Wunknown-pragmas]
 1793 |             #pragma omp parallel for num_threads(opt.num_threads)
/home/mingshi/Project/AI/ernie-image-ncnn-vulkan/.worktrees/surpass-reference/build-windows-cpu-v1/ncnn/src/layer/x86/packing_x86_avx512.cpp:1844: warning: ignoring '#pragma omp parallel' [-Wunknown-pragmas]
 1844 |             #pragma omp parallel for num_threads(opt.num_threads)
/home/mingshi/Project/AI/ernie-image-ncnn-vulkan/.worktrees/surpass-reference/build-windows-cpu-v1/ncnn/src/layer/x86/packing_x86_avx512.cpp:1895: warning: ignoring '#pragma omp parallel' [-Wunknown-pragmas]
 1895 |             #pragma omp parallel for num_threads(opt.num_threads)
/home/mingshi/Project/AI/ernie-image-ncnn-vulkan/.worktrees/surpass-reference/build-windows-cpu-v1/ncnn/src/layer/x86/packing_x86_avx512.cpp:1937: warning: ignoring '#pragma omp parallel' [-Wunknown-pragmas]
 1937 |             #pragma omp parallel for num_threads(opt.num_threads)
/home/mingshi/Project/AI/ernie-image-ncnn-vulkan/.worktrees/surpass-reference/build-windows-cpu-v1/ncnn/src/layer/x86/packing_x86_avx512.cpp:1979: warning: ignoring '#pragma omp parallel' [-Wunknown-pragmas]
 1979 |             #pragma omp parallel for num_threads(opt.num_threads)
/home/mingshi/Project/AI/ernie-image-ncnn-vulkan/.worktrees/surpass-reference/build-windows-cpu-v1/ncnn/src/layer/x86/packing_x86_avx512.cpp:2017: warning: ignoring '#pragma omp parallel' [-Wunknown-pragmas]
 2017 |             #pragma omp parallel for num_threads(opt.num_threads)
/home/mingshi/Project/AI/ernie-image-ncnn-vulkan/.worktrees/surpass-reference/build-windows-cpu-v1/ncnn/src/layer/x86/packing_x86_avx512.cpp:2072: warning: ignoring '#pragma omp parallel' [-Wunknown-pragmas]
 2072 |             #pragma omp parallel for num_threads(opt.num_threads)
/home/mingshi/Project/AI/ernie-image-ncnn-vulkan/.worktrees/surpass-reference/build-windows-cpu-v1/ncnn/src/layer/x86/packing_x86_avx512.cpp:2123: warning: ignoring '#pragma omp parallel' [-Wunknown-pragmas]
 2123 |             #pragma omp parallel for num_threads(opt.num_threads)
/home/mingshi/Project/AI/ernie-image-ncnn-vulkan/.worktrees/surpass-reference/build-windows-cpu-v1/ncnn/src/layer/x86/packing_x86_avx512.cpp:2174: warning: ignoring '#pragma omp parallel' [-Wunknown-pragmas]
 2174 |             #pragma omp parallel for num_threads(opt.num_threads)
/home/mingshi/Project/AI/ernie-image-ncnn-vulkan/.worktrees/surpass-reference/build-windows-cpu-v1/ncnn/src/layer/x86/packing_x86_avx512.cpp:2209: warning: ignoring '#pragma omp parallel' [-Wunknown-pragmas]
 2209 |             #pragma omp parallel for num_threads(opt.num_threads)
/home/mingshi/Project/AI/ernie-image-ncnn-vulkan/.worktrees/surpass-reference/build-windows-cpu-v1/ncnn/src/layer/x86/packing_x86_avx512.cpp:2244: warning: ignoring '#pragma omp parallel' [-Wunknown-pragmas]
 2244 |             #pragma omp parallel for num_threads(opt.num_threads)
/home/mingshi/Project/AI/ernie-image-ncnn-vulkan/.worktrees/surpass-reference/build-windows-cpu-v1/ncnn/src/layer/x86/packing_x86_avx512.cpp:2274: warning: ignoring '#pragma omp parallel' [-Wunknown-pragmas]
 2274 |             #pragma omp parallel for num_threads(opt.num_threads)
/home/mingshi/Project/AI/ernie-image-ncnn-vulkan/.worktrees/surpass-reference/build-windows-cpu-v1/ncnn/src/layer/x86/packing_x86_avx512.cpp:2304: warning: ignoring '#pragma omp parallel' [-Wunknown-pragmas]
 2304 |             #pragma omp parallel for num_threads(opt.num_threads)
/home/mingshi/Project/AI/ernie-image-ncnn-vulkan/.worktrees/surpass-reference/build-windows-cpu-v1/ncnn/src/layer/x86/packing_x86_avx512.cpp:2355: warning: ignoring '#pragma omp parallel' [-Wunknown-pragmas]
 2355 |             #pragma omp parallel for num_threads(opt.num_threads)
/home/mingshi/Project/AI/ernie-image-ncnn-vulkan/.worktrees/surpass-reference/build-windows-cpu-v1/ncnn/src/layer/x86/packing_x86_avx512.cpp:2406: warning: ignoring '#pragma omp parallel' [-Wunknown-pragmas]
 2406 |             #pragma omp parallel for num_threads(opt.num_threads)
/home/mingshi/Project/AI/ernie-image-ncnn-vulkan/.worktrees/surpass-reference/build-windows-cpu-v1/ncnn/src/layer/x86/packing_x86_avx512.cpp:2448: warning: ignoring '#pragma omp parallel' [-Wunknown-pragmas]
 2448 |             #pragma omp parallel for num_threads(opt.num_threads)
/home/mingshi/Project/AI/ernie-image-ncnn-vulkan/.worktrees/surpass-reference/build-windows-cpu-v1/ncnn/src/layer/x86/packing_x86_avx512.cpp:2490: warning: ignoring '#pragma omp parallel' [-Wunknown-pragmas]
 2490 |             #pragma omp parallel for num_threads(opt.num_threads)
/home/mingshi/Project/AI/ernie-image-ncnn-vulkan/.worktrees/surpass-reference/build-windows-cpu-v1/ncnn/src/layer/x86/packing_x86_avx512.cpp:2528: warning: ignoring '#pragma omp parallel' [-Wunknown-pragmas]
 2528 |             #pragma omp parallel for num_threads(opt.num_threads)
/home/mingshi/Project/AI/ernie-image-ncnn-vulkan/.worktrees/surpass-reference/build-windows-cpu-v1/ncnn/src/layer/x86/packing_x86_avx512.cpp:2646: warning: ignoring '#pragma omp parallel' [-Wunknown-pragmas]
 2646 |             #pragma omp parallel for num_threads(opt.num_threads)
/home/mingshi/Project/AI/ernie-image-ncnn-vulkan/.worktrees/surpass-reference/build-windows-cpu-v1/ncnn/src/layer/x86/packing_x86_avx512.cpp:2681: warning: ignoring '#pragma omp parallel' [-Wunknown-pragmas]
 2681 |             #pragma omp parallel for num_threads(opt.num_threads)
/home/mingshi/Project/AI/ernie-image-ncnn-vulkan/.worktrees/surpass-reference/build-windows-cpu-v1/ncnn/src/layer/x86/packing_x86_avx512.cpp:2733: warning: ignoring '#pragma omp parallel' [-Wunknown-pragmas]
 2733 |             #pragma omp parallel for num_threads(opt.num_threads)
/home/mingshi/Project/AI/ernie-image-ncnn-vulkan/.worktrees/surpass-reference/build-windows-cpu-v1/ncnn/src/layer/x86/packing_x86_avx512.cpp:2768: warning: ignoring '#pragma omp parallel' [-Wunknown-pragmas]
 2768 |             #pragma omp parallel for num_threads(opt.num_threads)
[217/415] Building CXX object ncnn/src/CMakeFiles/ncnn.dir/layer/cast.cpp.obj
/home/mingshi/Project/AI/ernie-image-ncnn-vulkan/third_party/ncnn/src/layer/cast.cpp:96: warning: ignoring '#pragma omp parallel' [-Wunknown-pragmas]
   96 |         #pragma omp parallel for num_threads(opt.num_threads)
/home/mingshi/Project/AI/ernie-image-ncnn-vulkan/third_party/ncnn/src/layer/cast.cpp:113: warning: ignoring '#pragma omp parallel' [-Wunknown-pragmas]
  113 |         #pragma omp parallel for num_threads(opt.num_threads)
/home/mingshi/Project/AI/ernie-image-ncnn-vulkan/third_party/ncnn/src/layer/cast.cpp:130: warning: ignoring '#pragma omp parallel' [-Wunknown-pragmas]
  130 |         #pragma omp parallel for num_threads(opt.num_threads)
/home/mingshi/Project/AI/ernie-image-ncnn-vulkan/third_party/ncnn/src/layer/cast.cpp:147: warning: ignoring '#pragma omp parallel' [-Wunknown-pragmas]
  147 |         #pragma omp parallel for num_threads(opt.num_threads)
/home/mingshi/Project/AI/ernie-image-ncnn-vulkan/third_party/ncnn/src/layer/cast.cpp:164: warning: ignoring '#pragma omp parallel' [-Wunknown-pragmas]
  164 |         #pragma omp parallel for num_threads(opt.num_threads)
[218/415] Building CXX object ncnn/src/CMakeFiles/ncnn.dir/layer/x86/packing_x86_avx.cpp.obj
/home/mingshi/Project/AI/ernie-image-ncnn-vulkan/.worktrees/surpass-reference/build-windows-cpu-v1/ncnn/src/layer/x86/packing_x86_avx.cpp:120: warning: ignoring '#pragma omp parallel' [-Wunknown-pragmas]
  120 |             #pragma omp parallel for num_threads(opt.num_threads)
/home/mingshi/Project/AI/ernie-image-ncnn-vulkan/.worktrees/surpass-reference/build-windows-cpu-v1/ncnn/src/layer/x86/packing_x86_avx.cpp:170: warning: ignoring '#pragma omp parallel' [-Wunknown-pragmas]
  170 |             #pragma omp parallel for num_threads(opt.num_threads)
/home/mingshi/Project/AI/ernie-image-ncnn-vulkan/.worktrees/surpass-reference/build-windows-cpu-v1/ncnn/src/layer/x86/packing_x86_avx.cpp:220: warning: ignoring '#pragma omp parallel' [-Wunknown-pragmas]
  220 |             #pragma omp parallel for num_threads(opt.num_threads)
/home/mingshi/Project/AI/ernie-image-ncnn-vulkan/.worktrees/surpass-reference/build-windows-cpu-v1/ncnn/src/layer/x86/packing_x86_avx.cpp:286: warning: ignoring '#pragma omp parallel' [-Wunknown-pragmas]
  286 |             #pragma omp parallel for num_threads(opt.num_threads)
/home/mingshi/Project/AI/ernie-image-ncnn-vulkan/.worktrees/surpass-reference/build-windows-cpu-v1/ncnn/src/layer/x86/packing_x86_avx.cpp:353: warning: ignoring '#pragma omp parallel' [-Wunknown-pragmas]
  353 |             #pragma omp parallel for num_threads(opt.num_threads)
/home/mingshi/Project/AI/ernie-image-ncnn-vulkan/.worktrees/surpass-reference/build-windows-cpu-v1/ncnn/src/layer/x86/packing_x86_avx.cpp:383: warning: ignoring '#pragma omp parallel' [-Wunknown-pragmas]
  383 |             #pragma omp parallel for num_threads(opt.num_threads)
/home/mingshi/Project/AI/ernie-image-ncnn-vulkan/.worktrees/surpass-reference/build-windows-cpu-v1/ncnn/src/layer/x86/packing_x86_avx.cpp:413: warning: ignoring '#pragma omp parallel' [-Wunknown-pragmas]
  413 |             #pragma omp parallel for num_threads(opt.num_threads)
/home/mingshi/Project/AI/ernie-image-ncnn-vulkan/.worktrees/surpass-reference/build-windows-cpu-v1/ncnn/src/layer/x86/packing_x86_avx.cpp:519: warning: ignoring '#pragma omp parallel' [-Wunknown-pragmas]
  519 |             #pragma omp parallel for num_threads(opt.num_threads)
/home/mingshi/Project/AI/ernie-image-ncnn-vulkan/.worktrees/surpass-reference/build-windows-cpu-v1/ncnn/src/layer/x86/packing_x86_avx.cpp:626: warning: ignoring '#pragma omp parallel' [-Wunknown-pragmas]
  626 |             #pragma omp parallel for num_threads(opt.num_threads)
/home/mingshi/Project/AI/ernie-image-ncnn-vulkan/.worktrees/surpass-reference/build-windows-cpu-v1/ncnn/src/layer/x86/packing_x86_avx.cpp:668: warning: ignoring '#pragma omp parallel' [-Wunknown-pragmas]
  668 |             #pragma omp parallel for num_threads(opt.num_threads)
/home/mingshi/Project/AI/ernie-image-ncnn-vulkan/.worktrees/surpass-reference/build-windows-cpu-v1/ncnn/src/layer/x86/packing_x86_avx.cpp:710: warning: ignoring '#pragma omp parallel' [-Wunknown-pragmas]
  710 |             #pragma omp parallel for num_threads(opt.num_threads)
/home/mingshi/Project/AI/ernie-image-ncnn-vulkan/.worktrees/surpass-reference/build-windows-cpu-v1/ncnn/src/layer/x86/packing_x86_avx.cpp:748: warning: ignoring '#pragma omp parallel' [-Wunknown-pragmas]
  748 |             #pragma omp parallel for num_threads(opt.num_threads)
/home/mingshi/Project/AI/ernie-image-ncnn-vulkan/.worktrees/surpass-reference/build-windows-cpu-v1/ncnn/src/layer/x86/packing_x86_avx.cpp:803: warning: ignoring '#pragma omp parallel' [-Wunknown-pragmas]
  803 |             #pragma omp parallel for num_threads(opt.num_threads)
/home/mingshi/Project/AI/ernie-image-ncnn-vulkan/.worktrees/surpass-reference/build-windows-cpu-v1/ncnn/src/layer/x86/packing_x86_avx.cpp:853: warning: ignoring '#pragma omp parallel' [-Wunknown-pragmas]
  853 |             #pragma omp parallel for num_threads(opt.num_threads)
/home/mingshi/Project/AI/ernie-image-ncnn-vulkan/.worktrees/surpass-reference/build-windows-cpu-v1/ncnn/src/layer/x86/packing_x86_avx.cpp:903: warning: ignoring '#pragma omp parallel' [-Wunknown-pragmas]
  903 |             #pragma omp parallel for num_threads(opt.num_threads)
/home/mingshi/Project/AI/ernie-image-ncnn-vulkan/.worktrees/surpass-reference/build-windows-cpu-v1/ncnn/src/layer/x86/packing_x86_avx.cpp:969: warning: ignoring '#pragma omp parallel' [-Wunknown-pragmas]
  969 |             #pragma omp parallel for num_threads(opt.num_threads)
/home/mingshi/Project/AI/ernie-image-ncnn-vulkan/.worktrees/surpass-reference/build-windows-cpu-v1/ncnn/src/layer/x86/packing_x86_avx.cpp:1036: warning: ignoring '#pragma omp parallel' [-Wunknown-pragmas]
 1036 |             #pragma omp parallel for num_threads(opt.num_threads)
/home/mingshi/Project/AI/ernie-image-ncnn-vulkan/.worktrees/surpass-reference/build-windows-cpu-v1/ncnn/src/layer/x86/packing_x86_avx.cpp:1066: warning: ignoring '#pragma omp parallel' [-Wunknown-pragmas]
 1066 |             #pragma omp parallel for num_threads(opt.num_threads)
/home/mingshi/Project/AI/ernie-image-ncnn-vulkan/.worktrees/surpass-reference/build-windows-cpu-v1/ncnn/src/layer/x86/packing_x86_avx.cpp:1096: warning: ignoring '#pragma omp parallel' [-Wunknown-pragmas]
 1096 |             #pragma omp parallel for num_threads(opt.num_threads)
/home/mingshi/Project/AI/ernie-image-ncnn-vulkan/.worktrees/surpass-reference/build-windows-cpu-v1/ncnn/src/layer/x86/packing_x86_avx.cpp:1202: warning: ignoring '#pragma omp parallel' [-Wunknown-pragmas]
 1202 |             #pragma omp parallel for num_threads(opt.num_threads)
/home/mingshi/Project/AI/ernie-image-ncnn-vulkan/.worktrees/surpass-reference/build-windows-cpu-v1/ncnn/src/layer/x86/packing_x86_avx.cpp:1309: warning: ignoring '#pragma omp parallel' [-Wunknown-pragmas]
 1309 |             #pragma omp parallel for num_threads(opt.num_threads)
/home/mingshi/Project/AI/ernie-image-ncnn-vulkan/.worktrees/surpass-reference/build-windows-cpu-v1/ncnn/src/layer/x86/packing_x86_avx.cpp:1351: warning: ignoring '#pragma omp parallel' [-Wunknown-pragmas]
 1351 |             #pragma omp parallel for num_threads(opt.num_threads)
/home/mingshi/Project/AI/ernie-image-ncnn-vulkan/.worktrees/surpass-reference/build-windows-cpu-v1/ncnn/src/layer/x86/packing_x86_avx.cpp:1393: warning: ignoring '#pragma omp parallel' [-Wunknown-pragmas]
 1393 |             #pragma omp parallel for num_threads(opt.num_threads)
/home/mingshi/Project/AI/ernie-image-ncnn-vulkan/.worktrees/surpass-reference/build-windows-cpu-v1/ncnn/src/layer/x86/packing_x86_avx.cpp:1431: warning: ignoring '#pragma omp parallel' [-Wunknown-pragmas]
 1431 |             #pragma omp parallel for num_threads(opt.num_threads)
/home/mingshi/Project/AI/ernie-image-ncnn-vulkan/.worktrees/surpass-reference/build-windows-cpu-v1/ncnn/src/layer/x86/packing_x86_avx.cpp:1559: warning: ignoring '#pragma omp parallel' [-Wunknown-pragmas]
 1559 |             #pragma omp parallel for num_threads(opt.num_threads)
/home/mingshi/Project/AI/ernie-image-ncnn-vulkan/.worktrees/surpass-reference/build-windows-cpu-v1/ncnn/src/layer/x86/packing_x86_avx.cpp:1611: warning: ignoring '#pragma omp parallel' [-Wunknown-pragmas]
 1611 |             #pragma omp parallel for num_threads(opt.num_threads)
/home/mingshi/Project/AI/ernie-image-ncnn-vulkan/.worktrees/surpass-reference/build-windows-cpu-v1/ncnn/src/layer/x86/packing_x86_avx.cpp:1663: warning: ignoring '#pragma omp parallel' [-Wunknown-pragmas]
 1663 |             #pragma omp parallel for num_threads(opt.num_threads)
/home/mingshi/Project/AI/ernie-image-ncnn-vulkan/.worktrees/surpass-reference/build-windows-cpu-v1/ncnn/src/layer/x86/packing_x86_avx.cpp:1698: warning: ignoring '#pragma omp parallel' [-Wunknown-pragmas]
 1698 |             #pragma omp parallel for num_threads(opt.num_threads)
/home/mingshi/Project/AI/ernie-image-ncnn-vulkan/.worktrees/surpass-reference/build-windows-cpu-v1/ncnn/src/layer/x86/packing_x86_avx.cpp:1733: warning: ignoring '#pragma omp parallel' [-Wunknown-pragmas]
 1733 |             #pragma omp parallel for num_threads(opt.num_threads)
/home/mingshi/Project/AI/ernie-image-ncnn-vulkan/.worktrees/surpass-reference/build-windows-cpu-v1/ncnn/src/layer/x86/packing_x86_avx.cpp:1763: warning: ignoring '#pragma omp parallel' [-Wunknown-pragmas]
 1763 |             #pragma omp parallel for num_threads(opt.num_threads)
/home/mingshi/Project/AI/ernie-image-ncnn-vulkan/.worktrees/surpass-reference/build-windows-cpu-v1/ncnn/src/layer/x86/packing_x86_avx.cpp:1793: warning: ignoring '#pragma omp parallel' [-Wunknown-pragmas]
 1793 |             #pragma omp parallel for num_threads(opt.num_threads)
/home/mingshi/Project/AI/ernie-image-ncnn-vulkan/.worktrees/surpass-reference/build-windows-cpu-v1/ncnn/src/layer/x86/packing_x86_avx.cpp:1844: warning: ignoring '#pragma omp parallel' [-Wunknown-pragmas]
 1844 |             #pragma omp parallel for num_threads(opt.num_threads)
/home/mingshi/Project/AI/ernie-image-ncnn-vulkan/.worktrees/surpass-reference/build-windows-cpu-v1/ncnn/src/layer/x86/packing_x86_avx.cpp:1895: warning: ignoring '#pragma omp parallel' [-Wunknown-pragmas]
 1895 |             #pragma omp parallel for num_threads(opt.num_threads)
/home/mingshi/Project/AI/ernie-image-ncnn-vulkan/.worktrees/surpass-reference/build-windows-cpu-v1/ncnn/src/layer/x86/packing_x86_avx.cpp:1937: warning: ignoring '#pragma omp parallel' [-Wunknown-pragmas]
 1937 |             #pragma omp parallel for num_threads(opt.num_threads)
/home/mingshi/Project/AI/ernie-image-ncnn-vulkan/.worktrees/surpass-reference/build-windows-cpu-v1/ncnn/src/layer/x86/packing_x86_avx.cpp:1979: warning: ignoring '#pragma omp parallel' [-Wunknown-pragmas]
 1979 |             #pragma omp parallel for num_threads(opt.num_threads)
/home/mingshi/Project/AI/ernie-image-ncnn-vulkan/.worktrees/surpass-reference/build-windows-cpu-v1/ncnn/src/layer/x86/packing_x86_avx.cpp:2017: warning: ignoring '#pragma omp parallel' [-Wunknown-pragmas]
 2017 |             #pragma omp parallel for num_threads(opt.num_threads)
/home/mingshi/Project/AI/ernie-image-ncnn-vulkan/.worktrees/surpass-reference/build-windows-cpu-v1/ncnn/src/layer/x86/packing_x86_avx.cpp:2072: warning: ignoring '#pragma omp parallel' [-Wunknown-pragmas]
 2072 |             #pragma omp parallel for num_threads(opt.num_threads)
/home/mingshi/Project/AI/ernie-image-ncnn-vulkan/.worktrees/surpass-reference/build-windows-cpu-v1/ncnn/src/layer/x86/packing_x86_avx.cpp:2123: warning: ignoring '#pragma omp parallel' [-Wunknown-pragmas]
 2123 |             #pragma omp parallel for num_threads(opt.num_threads)
/home/mingshi/Project/AI/ernie-image-ncnn-vulkan/.worktrees/surpass-reference/build-windows-cpu-v1/ncnn/src/layer/x86/packing_x86_avx.cpp:2174: warning: ignoring '#pragma omp parallel' [-Wunknown-pragmas]
 2174 |             #pragma omp parallel for num_threads(opt.num_threads)
/home/mingshi/Project/AI/ernie-image-ncnn-vulkan/.worktrees/surpass-reference/build-windows-cpu-v1/ncnn/src/layer/x86/packing_x86_avx.cpp:2209: warning: ignoring '#pragma omp parallel' [-Wunknown-pragmas]
 2209 |             #pragma omp parallel for num_threads(opt.num_threads)
/home/mingshi/Project/AI/ernie-image-ncnn-vulkan/.worktrees/surpass-reference/build-windows-cpu-v1/ncnn/src/layer/x86/packing_x86_avx.cpp:2244: warning: ignoring '#pragma omp parallel' [-Wunknown-pragmas]
 2244 |             #pragma omp parallel for num_threads(opt.num_threads)
/home/mingshi/Project/AI/ernie-image-ncnn-vulkan/.worktrees/surpass-reference/build-windows-cpu-v1/ncnn/src/layer/x86/packing_x86_avx.cpp:2274: warning: ignoring '#pragma omp parallel' [-Wunknown-pragmas]
 2274 |             #pragma omp parallel for num_threads(opt.num_threads)
/home/mingshi/Project/AI/ernie-image-ncnn-vulkan/.worktrees/surpass-reference/build-windows-cpu-v1/ncnn/src/layer/x86/packing_x86_avx.cpp:2304: warning: ignoring '#pragma omp parallel' [-Wunknown-pragmas]
 2304 |             #pragma omp parallel for num_threads(opt.num_threads)
/home/mingshi/Project/AI/ernie-image-ncnn-vulkan/.worktrees/surpass-reference/build-windows-cpu-v1/ncnn/src/layer/x86/packing_x86_avx.cpp:2355: warning: ignoring '#pragma omp parallel' [-Wunknown-pragmas]
 2355 |             #pragma omp parallel for num_threads(opt.num_threads)
/home/mingshi/Project/AI/ernie-image-ncnn-vulkan/.worktrees/surpass-reference/build-windows-cpu-v1/ncnn/src/layer/x86/packing_x86_avx.cpp:2406: warning: ignoring '#pragma omp parallel' [-Wunknown-pragmas]
 2406 |             #pragma omp parallel for num_threads(opt.num_threads)
/home/mingshi/Project/AI/ernie-image-ncnn-vulkan/.worktrees/surpass-reference/build-windows-cpu-v1/ncnn/src/layer/x86/packing_x86_avx.cpp:2448: warning: ignoring '#pragma omp parallel' [-Wunknown-pragmas]
 2448 |             #pragma omp parallel for num_threads(opt.num_threads)
/home/mingshi/Project/AI/ernie-image-ncnn-vulkan/.worktrees/surpass-reference/build-windows-cpu-v1/ncnn/src/layer/x86/packing_x86_avx.cpp:2490: warning: ignoring '#pragma omp parallel' [-Wunknown-pragmas]
 2490 |             #pragma omp parallel for num_threads(opt.num_threads)
/home/mingshi/Project/AI/ernie-image-ncnn-vulkan/.worktrees/surpass-reference/build-windows-cpu-v1/ncnn/src/layer/x86/packing_x86_avx.cpp:2528: warning: ignoring '#pragma omp parallel' [-Wunknown-pragmas]
 2528 |             #pragma omp parallel for num_threads(opt.num_threads)
/home/mingshi/Project/AI/ernie-image-ncnn-vulkan/.worktrees/surpass-reference/build-windows-cpu-v1/ncnn/src/layer/x86/packing_x86_avx.cpp:2646: warning: ignoring '#pragma omp parallel' [-Wunknown-pragmas]
 2646 |             #pragma omp parallel for num_threads(opt.num_threads)
/home/mingshi/Project/AI/ernie-image-ncnn-vulkan/.worktrees/surpass-reference/build-windows-cpu-v1/ncnn/src/layer/x86/packing_x86_avx.cpp:2681: warning: ignoring '#pragma omp parallel' [-Wunknown-pragmas]
 2681 |             #pragma omp parallel for num_threads(opt.num_threads)
/home/mingshi/Project/AI/ernie-image-ncnn-vulkan/.worktrees/surpass-reference/build-windows-cpu-v1/ncnn/src/layer/x86/packing_x86_avx.cpp:2733: warning: ignoring '#pragma omp parallel' [-Wunknown-pragmas]
 2733 |             #pragma omp parallel for num_threads(opt.num_threads)
/home/mingshi/Project/AI/ernie-image-ncnn-vulkan/.worktrees/surpass-reference/build-windows-cpu-v1/ncnn/src/layer/x86/packing_x86_avx.cpp:2768: warning: ignoring '#pragma omp parallel' [-Wunknown-pragmas]
 2768 |             #pragma omp parallel for num_threads(opt.num_threads)
[219/415] Building CXX object ncnn/src/CMakeFiles/ncnn.dir/layer/x86/cast_x86.cpp.obj
In file included from /home/mingshi/Project/AI/ernie-image-ncnn-vulkan/third_party/ncnn/src/layer/x86/cast_x86.cpp:18:
/home/mingshi/Project/AI/ernie-image-ncnn-vulkan/third_party/ncnn/src/layer/x86/cast_fp16.h:29: warning: ignoring '#pragma omp parallel' [-Wunknown-pragmas]
   29 |     #pragma omp parallel for num_threads(opt.num_threads)
/home/mingshi/Project/AI/ernie-image-ncnn-vulkan/third_party/ncnn/src/layer/x86/cast_fp16.h:93: warning: ignoring '#pragma omp parallel' [-Wunknown-pragmas]
   93 |     #pragma omp parallel for num_threads(opt.num_threads)
In file included from /home/mingshi/Project/AI/ernie-image-ncnn-vulkan/third_party/ncnn/src/layer/x86/cast_x86.cpp:19:
/home/mingshi/Project/AI/ernie-image-ncnn-vulkan/third_party/ncnn/src/layer/x86/cast_bf16.h:42: warning: ignoring '#pragma omp parallel' [-Wunknown-pragmas]
   42 |     #pragma omp parallel for num_threads(opt.num_threads)
/home/mingshi/Project/AI/ernie-image-ncnn-vulkan/third_party/ncnn/src/layer/x86/cast_bf16.h:118: warning: ignoring '#pragma omp parallel' [-Wunknown-pragmas]
  118 |     #pragma omp parallel for num_threads(opt.num_threads)
/home/mingshi/Project/AI/ernie-image-ncnn-vulkan/third_party/ncnn/src/layer/x86/cast_x86.cpp:96: warning: ignoring '#pragma omp parallel' [-Wunknown-pragmas]
   96 |         #pragma omp parallel for num_threads(opt.num_threads)
/home/mingshi/Project/AI/ernie-image-ncnn-vulkan/third_party/ncnn/src/layer/x86/cast_fp16.h: In function 'void ncnn::cast_fp32_to_fp16(const Mat&, Mat&, const Option&)':
/home/mingshi/Project/AI/ernie-image-ncnn-vulkan/third_party/ncnn/src/layer/x86/cast_fp16.h:9:84: warning: unused parameter 'opt' [-Wunused-parameter]
    9 | static void cast_fp32_to_fp16(const Mat& bottom_blob, Mat& top_blob, const Option& opt)
      |                                                                      ~~~~~~~~~~~~~~^~~
/home/mingshi/Project/AI/ernie-image-ncnn-vulkan/third_party/ncnn/src/layer/x86/cast_fp16.h: In function 'void ncnn::cast_fp16_to_fp32(const Mat&, Mat&, const Option&)':
/home/mingshi/Project/AI/ernie-image-ncnn-vulkan/third_party/ncnn/src/layer/x86/cast_fp16.h:73:84: warning: unused parameter 'opt' [-Wunused-parameter]
   73 | static void cast_fp16_to_fp32(const Mat& bottom_blob, Mat& top_blob, const Option& opt)
      |                                                                      ~~~~~~~~~~~~~~^~~
/home/mingshi/Project/AI/ernie-image-ncnn-vulkan/third_party/ncnn/src/layer/x86/cast_bf16.h: In function 'void ncnn::cast_fp32_to_bf16(const Mat&, Mat&, const Option&)':
/home/mingshi/Project/AI/ernie-image-ncnn-vulkan/third_party/ncnn/src/layer/x86/cast_bf16.h:14:84: warning: unused parameter 'opt' [-Wunused-parameter]
   14 | static void cast_fp32_to_bf16(const Mat& bottom_blob, Mat& top_blob, const Option& opt)
      |                                                                      ~~~~~~~~~~~~~~^~~
/home/mingshi/Project/AI/ernie-image-ncnn-vulkan/third_party/ncnn/src/layer/x86/cast_bf16.h: In function 'void ncnn::cast_bf16_to_fp32(const Mat&, Mat&, const Option&)':
/home/mingshi/Project/AI/ernie-image-ncnn-vulkan/third_party/ncnn/src/layer/x86/cast_bf16.h:90:84: warning: unused parameter 'opt' [-Wunused-parameter]
   90 | static void cast_bf16_to_fp32(const Mat& bottom_blob, Mat& top_blob, const Option& opt)
      |                                                                      ~~~~~~~~~~~~~~^~~
[220/415] Building CXX object ncnn/src/CMakeFiles/ncnn.dir/layer/x86/cast_x86_avx512.cpp.obj
In file included from /home/mingshi/Project/AI/ernie-image-ncnn-vulkan/.worktrees/surpass-reference/build-windows-cpu-v1/ncnn/src/layer/x86/cast_x86_avx512.cpp:18:
/home/mingshi/Project/AI/ernie-image-ncnn-vulkan/third_party/ncnn/src/layer/x86/cast_fp16.h:29: warning: ignoring '#pragma omp parallel' [-Wunknown-pragmas]
   29 |     #pragma omp parallel for num_threads(opt.num_threads)
/home/mingshi/Project/AI/ernie-image-ncnn-vulkan/third_party/ncnn/src/layer/x86/cast_fp16.h:93: warning: ignoring '#pragma omp parallel' [-Wunknown-pragmas]
   93 |     #pragma omp parallel for num_threads(opt.num_threads)
In file included from /home/mingshi/Project/AI/ernie-image-ncnn-vulkan/.worktrees/surpass-reference/build-windows-cpu-v1/ncnn/src/layer/x86/cast_x86_avx512.cpp:19:
/home/mingshi/Project/AI/ernie-image-ncnn-vulkan/third_party/ncnn/src/layer/x86/cast_bf16.h:42: warning: ignoring '#pragma omp parallel' [-Wunknown-pragmas]
   42 |     #pragma omp parallel for num_threads(opt.num_threads)
/home/mingshi/Project/AI/ernie-image-ncnn-vulkan/third_party/ncnn/src/layer/x86/cast_bf16.h:118: warning: ignoring '#pragma omp parallel' [-Wunknown-pragmas]
  118 |     #pragma omp parallel for num_threads(opt.num_threads)
/home/mingshi/Project/AI/ernie-image-ncnn-vulkan/.worktrees/surpass-reference/build-windows-cpu-v1/ncnn/src/layer/x86/cast_x86_avx512.cpp:96: warning: ignoring '#pragma omp parallel' [-Wunknown-pragmas]
   96 |         #pragma omp parallel for num_threads(opt.num_threads)
/home/mingshi/Project/AI/ernie-image-ncnn-vulkan/third_party/ncnn/src/layer/x86/cast_fp16.h: In function 'void ncnn::cast_fp32_to_fp16(const Mat&, Mat&, const Option&)':
/home/mingshi/Project/AI/ernie-image-ncnn-vulkan/third_party/ncnn/src/layer/x86/cast_fp16.h:9:84: warning: unused parameter 'opt' [-Wunused-parameter]
    9 | static void cast_fp32_to_fp16(const Mat& bottom_blob, Mat& top_blob, const Option& opt)
      |                                                                      ~~~~~~~~~~~~~~^~~
/home/mingshi/Project/AI/ernie-image-ncnn-vulkan/third_party/ncnn/src/layer/x86/cast_fp16.h: In function 'void ncnn::cast_fp16_to_fp32(const Mat&, Mat&, const Option&)':
/home/mingshi/Project/AI/ernie-image-ncnn-vulkan/third_party/ncnn/src/layer/x86/cast_fp16.h:73:84: warning: unused parameter 'opt' [-Wunused-parameter]
   73 | static void cast_fp16_to_fp32(const Mat& bottom_blob, Mat& top_blob, const Option& opt)
      |                                                                      ~~~~~~~~~~~~~~^~~
[221/415] Building CXX object ncnn/src/CMakeFiles/ncnn.dir/layer/x86/cast_x86_avx.cpp.obj
In file included from /home/mingshi/Project/AI/ernie-image-ncnn-vulkan/.worktrees/surpass-reference/build-windows-cpu-v1/ncnn/src/layer/x86/cast_x86_avx.cpp:18:
/home/mingshi/Project/AI/ernie-image-ncnn-vulkan/third_party/ncnn/src/layer/x86/cast_fp16.h:29: warning: ignoring '#pragma omp parallel' [-Wunknown-pragmas]
   29 |     #pragma omp parallel for num_threads(opt.num_threads)
/home/mingshi/Project/AI/ernie-image-ncnn-vulkan/third_party/ncnn/src/layer/x86/cast_fp16.h:93: warning: ignoring '#pragma omp parallel' [-Wunknown-pragmas]
   93 |     #pragma omp parallel for num_threads(opt.num_threads)
In file included from /home/mingshi/Project/AI/ernie-image-ncnn-vulkan/.worktrees/surpass-reference/build-windows-cpu-v1/ncnn/src/layer/x86/cast_x86_avx.cpp:19:
/home/mingshi/Project/AI/ernie-image-ncnn-vulkan/third_party/ncnn/src/layer/x86/cast_bf16.h:42: warning: ignoring '#pragma omp parallel' [-Wunknown-pragmas]
   42 |     #pragma omp parallel for num_threads(opt.num_threads)
/home/mingshi/Project/AI/ernie-image-ncnn-vulkan/third_party/ncnn/src/layer/x86/cast_bf16.h:118: warning: ignoring '#pragma omp parallel' [-Wunknown-pragmas]
  118 |     #pragma omp parallel for num_threads(opt.num_threads)
/home/mingshi/Project/AI/ernie-image-ncnn-vulkan/.worktrees/surpass-reference/build-windows-cpu-v1/ncnn/src/layer/x86/cast_x86_avx.cpp:96: warning: ignoring '#pragma omp parallel' [-Wunknown-pragmas]
   96 |         #pragma omp parallel for num_threads(opt.num_threads)
[222/415] Building CXX object ncnn/src/CMakeFiles/ncnn.dir/layer/x86/cast_x86_avx512bf16.cpp.obj
In file included from /home/mingshi/Project/AI/ernie-image-ncnn-vulkan/third_party/ncnn/src/layer/x86/cast_x86_avx512bf16.cpp:10:
/home/mingshi/Project/AI/ernie-image-ncnn-vulkan/third_party/ncnn/src/layer/x86/cast_bf16.h:42: warning: ignoring '#pragma omp parallel' [-Wunknown-pragmas]
   42 |     #pragma omp parallel for num_threads(opt.num_threads)
/home/mingshi/Project/AI/ernie-image-ncnn-vulkan/third_party/ncnn/src/layer/x86/cast_bf16.h:118: warning: ignoring '#pragma omp parallel' [-Wunknown-pragmas]
  118 |     #pragma omp parallel for num_threads(opt.num_threads)
/home/mingshi/Project/AI/ernie-image-ncnn-vulkan/third_party/ncnn/src/layer/x86/cast_bf16.h: In function 'void ncnn::cast_fp32_to_bf16(const Mat&, Mat&, const Option&)':
/home/mingshi/Project/AI/ernie-image-ncnn-vulkan/third_party/ncnn/src/layer/x86/cast_bf16.h:14:84: warning: unused parameter 'opt' [-Wunused-parameter]
   14 | static void cast_fp32_to_bf16(const Mat& bottom_blob, Mat& top_blob, const Option& opt)
      |                                                                      ~~~~~~~~~~~~~~^~~
/home/mingshi/Project/AI/ernie-image-ncnn-vulkan/third_party/ncnn/src/layer/x86/cast_bf16.h: In function 'void ncnn::cast_bf16_to_fp32(const Mat&, Mat&, const Option&)':
/home/mingshi/Project/AI/ernie-image-ncnn-vulkan/third_party/ncnn/src/layer/x86/cast_bf16.h:90:84: warning: unused parameter 'opt' [-Wunused-parameter]
   90 | static void cast_bf16_to_fp32(const Mat& bottom_blob, Mat& top_blob, const Option& opt)
      |                                                                      ~~~~~~~~~~~~~~^~~
[223/415] Building CXX object ncnn/src/CMakeFiles/ncnn.dir/layer/x86/cast_x86_avx2.cpp.obj
In file included from /home/mingshi/Project/AI/ernie-image-ncnn-vulkan/third_party/ncnn/src/layer/x86/cast_x86_avx2.cpp:10:
/home/mingshi/Project/AI/ernie-image-ncnn-vulkan/third_party/ncnn/src/layer/x86/cast_bf16.h:42: warning: ignoring '#pragma omp parallel' [-Wunknown-pragmas]
   42 |     #pragma omp parallel for num_threads(opt.num_threads)
/home/mingshi/Project/AI/ernie-image-ncnn-vulkan/third_party/ncnn/src/layer/x86/cast_bf16.h:118: warning: ignoring '#pragma omp parallel' [-Wunknown-pragmas]
  118 |     #pragma omp parallel for num_threads(opt.num_threads)
/home/mingshi/Project/AI/ernie-image-ncnn-vulkan/third_party/ncnn/src/layer/x86/cast_bf16.h: In function 'void ncnn::cast_fp32_to_bf16(const Mat&, Mat&, const Option&)':
/home/mingshi/Project/AI/ernie-image-ncnn-vulkan/third_party/ncnn/src/layer/x86/cast_bf16.h:14:84: warning: unused parameter 'opt' [-Wunused-parameter]
   14 | static void cast_fp32_to_bf16(const Mat& bottom_blob, Mat& top_blob, const Option& opt)
      |                                                                      ~~~~~~~~~~~~~~^~~
/home/mingshi/Project/AI/ernie-image-ncnn-vulkan/third_party/ncnn/src/layer/x86/cast_bf16.h: In function 'void ncnn::cast_bf16_to_fp32(const Mat&, Mat&, const Option&)':
/home/mingshi/Project/AI/ernie-image-ncnn-vulkan/third_party/ncnn/src/layer/x86/cast_bf16.h:90:84: warning: unused parameter 'opt' [-Wunused-parameter]
   90 | static void cast_bf16_to_fp32(const Mat& bottom_blob, Mat& top_blob, const Option& opt)
      |                                                                      ~~~~~~~~~~~~~~^~~
[224/415] Building CXX object ncnn/src/CMakeFiles/ncnn.dir/layer/x86/cast_x86_f16c.cpp.obj
In file included from /home/mingshi/Project/AI/ernie-image-ncnn-vulkan/third_party/ncnn/src/layer/x86/cast_x86_f16c.cpp:10:
/home/mingshi/Project/AI/ernie-image-ncnn-vulkan/third_party/ncnn/src/layer/x86/cast_fp16.h:29: warning: ignoring '#pragma omp parallel' [-Wunknown-pragmas]
   29 |     #pragma omp parallel for num_threads(opt.num_threads)
/home/mingshi/Project/AI/ernie-image-ncnn-vulkan/third_party/ncnn/src/layer/x86/cast_fp16.h:93: warning: ignoring '#pragma omp parallel' [-Wunknown-pragmas]
   93 |     #pragma omp parallel for num_threads(opt.num_threads)
/home/mingshi/Project/AI/ernie-image-ncnn-vulkan/third_party/ncnn/src/layer/x86/cast_fp16.h: In function 'void ncnn::cast_fp32_to_fp16(const Mat&, Mat&, const Option&)':
/home/mingshi/Project/AI/ernie-image-ncnn-vulkan/third_party/ncnn/src/layer/x86/cast_fp16.h:9:84: warning: unused parameter 'opt' [-Wunused-parameter]
    9 | static void cast_fp32_to_fp16(const Mat& bottom_blob, Mat& top_blob, const Option& opt)
      |                                                                      ~~~~~~~~~~~~~~^~~
/home/mingshi/Project/AI/ernie-image-ncnn-vulkan/third_party/ncnn/src/layer/x86/cast_fp16.h: In function 'void ncnn::cast_fp16_to_fp32(const Mat&, Mat&, const Option&)':
/home/mingshi/Project/AI/ernie-image-ncnn-vulkan/third_party/ncnn/src/layer/x86/cast_fp16.h:73:84: warning: unused parameter 'opt' [-Wunused-parameter]
   73 | static void cast_fp16_to_fp32(const Mat& bottom_blob, Mat& top_blob, const Option& opt)
      |                                                                      ~~~~~~~~~~~~~~^~~
[225/415] Building CXX object ncnn/src/CMakeFiles/ncnn.dir/layer/swish.cpp.obj
/home/mingshi/Project/AI/ernie-image-ncnn-vulkan/third_party/ncnn/src/layer/swish.cpp:22: warning: ignoring '#pragma omp parallel' [-Wunknown-pragmas]
   22 |     #pragma omp parallel for num_threads(opt.num_threads)
/home/mingshi/Project/AI/ernie-image-ncnn-vulkan/third_party/ncnn/src/layer/swish.cpp: In member function 'virtual int ncnn::Swish::forward_inplace(ncnn::Mat&, const ncnn::Option&) const':
/home/mingshi/Project/AI/ernie-image-ncnn-vulkan/third_party/ncnn/src/layer/swish.cpp:14:64: warning: unused parameter 'opt' [-Wunused-parameter]
   14 | int Swish::forward_inplace(Mat& bottom_top_blob, const Option& opt) const
      |                                                  ~~~~~~~~~~~~~~^~~
[226/415] Building CXX object ncnn/src/CMakeFiles/ncnn.dir/layer/x86/swish_x86.cpp.obj
In file included from /home/mingshi/Project/AI/ernie-image-ncnn-vulkan/third_party/ncnn/src/layer/x86/swish_x86.cpp:24:
/home/mingshi/Project/AI/ernie-image-ncnn-vulkan/third_party/ncnn/src/layer/x86/swish_fp32.h:35: warning: ignoring '#pragma omp parallel' [-Wunknown-pragmas]
   35 |     #pragma omp parallel for num_threads(opt.num_threads)
In file included from /home/mingshi/Project/AI/ernie-image-ncnn-vulkan/third_party/ncnn/src/layer/x86/swish_x86.cpp:27:
/home/mingshi/Project/AI/ernie-image-ncnn-vulkan/third_party/ncnn/src/layer/x86/swish_bf16s.h:58: warning: ignoring '#pragma omp parallel' [-Wunknown-pragmas]
   58 |     #pragma omp parallel for num_threads(opt.num_threads)
/home/mingshi/Project/AI/ernie-image-ncnn-vulkan/third_party/ncnn/src/layer/x86/swish_fp32.h: In function 'void ncnn::swish_fp32(Mat&, const Option&)':
/home/mingshi/Project/AI/ernie-image-ncnn-vulkan/third_party/ncnn/src/layer/x86/swish_fp32.h:11:60: warning: unused parameter 'opt' [-Wunused-parameter]
   11 | static void swish_fp32(Mat& bottom_top_blob, const Option& opt)
      |                                              ~~~~~~~~~~~~~~^~~
/home/mingshi/Project/AI/ernie-image-ncnn-vulkan/third_party/ncnn/src/layer/x86/swish_bf16s.h: In function 'void ncnn::swish_bf16s(Mat&, const Option&)':
/home/mingshi/Project/AI/ernie-image-ncnn-vulkan/third_party/ncnn/src/layer/x86/swish_bf16s.h:19:47: warning: unused parameter 'opt' [-Wunused-parameter]
   19 | static void swish_bf16s(Mat& a, const Option& opt)
      |                                 ~~~~~~~~~~~~~~^~~
[227/415] Building CXX object ncnn/src/CMakeFiles/ncnn.dir/layer/x86/swish_x86_avx512.cpp.obj
In file included from /home/mingshi/Project/AI/ernie-image-ncnn-vulkan/.worktrees/surpass-reference/build-windows-cpu-v1/ncnn/src/layer/x86/swish_x86_avx512.cpp:24:
/home/mingshi/Project/AI/ernie-image-ncnn-vulkan/third_party/ncnn/src/layer/x86/swish_fp32.h:35: warning: ignoring '#pragma omp parallel' [-Wunknown-pragmas]
   35 |     #pragma omp parallel for num_threads(opt.num_threads)
In file included from /home/mingshi/Project/AI/ernie-image-ncnn-vulkan/.worktrees/surpass-reference/build-windows-cpu-v1/ncnn/src/layer/x86/swish_x86_avx512.cpp:27:
/home/mingshi/Project/AI/ernie-image-ncnn-vulkan/third_party/ncnn/src/layer/x86/swish_bf16s.h:58: warning: ignoring '#pragma omp parallel' [-Wunknown-pragmas]
   58 |     #pragma omp parallel for num_threads(opt.num_threads)
/home/mingshi/Project/AI/ernie-image-ncnn-vulkan/third_party/ncnn/src/layer/x86/swish_fp32.h: In function 'void ncnn::swish_fp32(Mat&, const Option&)':
/home/mingshi/Project/AI/ernie-image-ncnn-vulkan/third_party/ncnn/src/layer/x86/swish_fp32.h:11:60: warning: unused parameter 'opt' [-Wunused-parameter]
   11 | static void swish_fp32(Mat& bottom_top_blob, const Option& opt)
      |                                              ~~~~~~~~~~~~~~^~~
[228/415] Building CXX object ncnn/src/CMakeFiles/ncnn.dir/layer/x86/swish_x86_fma.cpp.obj
In file included from /home/mingshi/Project/AI/ernie-image-ncnn-vulkan/third_party/ncnn/src/layer/x86/swish_x86_fma.cpp:14:
/home/mingshi/Project/AI/ernie-image-ncnn-vulkan/third_party/ncnn/src/layer/x86/swish_bf16s.h:58: warning: ignoring '#pragma omp parallel' [-Wunknown-pragmas]
   58 |     #pragma omp parallel for num_threads(opt.num_threads)
In file included from /home/mingshi/Project/AI/ernie-image-ncnn-vulkan/third_party/ncnn/src/layer/x86/swish_x86_fma.cpp:16:
/home/mingshi/Project/AI/ernie-image-ncnn-vulkan/third_party/ncnn/src/layer/x86/swish_fp32.h:35: warning: ignoring '#pragma omp parallel' [-Wunknown-pragmas]
   35 |     #pragma omp parallel for num_threads(opt.num_threads)
/home/mingshi/Project/AI/ernie-image-ncnn-vulkan/third_party/ncnn/src/layer/x86/swish_fp32.h: In function 'void ncnn::swish_fp32(Mat&, const Option&)':
/home/mingshi/Project/AI/ernie-image-ncnn-vulkan/third_party/ncnn/src/layer/x86/swish_fp32.h:11:60: warning: unused parameter 'opt' [-Wunused-parameter]
   11 | static void swish_fp32(Mat& bottom_top_blob, const Option& opt)
      |                                              ~~~~~~~~~~~~~~^~~
[229/415] Building CXX object ncnn/src/CMakeFiles/ncnn.dir/layer/x86/swish_x86_fma4.cpp.obj
In file included from /home/mingshi/Project/AI/ernie-image-ncnn-vulkan/third_party/ncnn/src/layer/x86/swish_x86_fma4.cpp:14:
/home/mingshi/Project/AI/ernie-image-ncnn-vulkan/third_party/ncnn/src/layer/x86/swish_bf16s.h:58: warning: ignoring '#pragma omp parallel' [-Wunknown-pragmas]
   58 |     #pragma omp parallel for num_threads(opt.num_threads)
In file included from /home/mingshi/Project/AI/ernie-image-ncnn-vulkan/third_party/ncnn/src/layer/x86/swish_x86_fma4.cpp:16:
/home/mingshi/Project/AI/ernie-image-ncnn-vulkan/third_party/ncnn/src/layer/x86/swish_fp32.h:35: warning: ignoring '#pragma omp parallel' [-Wunknown-pragmas]
   35 |     #pragma omp parallel for num_threads(opt.num_threads)
/home/mingshi/Project/AI/ernie-image-ncnn-vulkan/third_party/ncnn/src/layer/x86/swish_fp32.h: In function 'void ncnn::swish_fp32(Mat&, const Option&)':
/home/mingshi/Project/AI/ernie-image-ncnn-vulkan/third_party/ncnn/src/layer/x86/swish_fp32.h:11:60: warning: unused parameter 'opt' [-Wunused-parameter]
   11 | static void swish_fp32(Mat& bottom_top_blob, const Option& opt)
      |                                              ~~~~~~~~~~~~~~^~~
[230/415] Building CXX object ncnn/src/CMakeFiles/ncnn.dir/layer/x86/swish_x86_avx.cpp.obj
In file included from /home/mingshi/Project/AI/ernie-image-ncnn-vulkan/.worktrees/surpass-reference/build-windows-cpu-v1/ncnn/src/layer/x86/swish_x86_avx.cpp:24:
/home/mingshi/Project/AI/ernie-image-ncnn-vulkan/third_party/ncnn/src/layer/x86/swish_fp32.h:35: warning: ignoring '#pragma omp parallel' [-Wunknown-pragmas]
   35 |     #pragma omp parallel for num_threads(opt.num_threads)
In file included from /home/mingshi/Project/AI/ernie-image-ncnn-vulkan/.worktrees/surpass-reference/build-windows-cpu-v1/ncnn/src/layer/x86/swish_x86_avx.cpp:27:
/home/mingshi/Project/AI/ernie-image-ncnn-vulkan/third_party/ncnn/src/layer/x86/swish_bf16s.h:58: warning: ignoring '#pragma omp parallel' [-Wunknown-pragmas]
   58 |     #pragma omp parallel for num_threads(opt.num_threads)
[231/415] Building CXX object ncnn/src/CMakeFiles/ncnn.dir/layer/x86/swish_x86_avx512bf16.cpp.obj
In file included from /home/mingshi/Project/AI/ernie-image-ncnn-vulkan/third_party/ncnn/src/layer/x86/swish_x86_avx512bf16.cpp:13:
/home/mingshi/Project/AI/ernie-image-ncnn-vulkan/third_party/ncnn/src/layer/x86/swish_bf16s.h:58: warning: ignoring '#pragma omp parallel' [-Wunknown-pragmas]
   58 |     #pragma omp parallel for num_threads(opt.num_threads)
/home/mingshi/Project/AI/ernie-image-ncnn-vulkan/third_party/ncnn/src/layer/x86/swish_bf16s.h: In function 'void ncnn::swish_bf16s(Mat&, const Option&)':
/home/mingshi/Project/AI/ernie-image-ncnn-vulkan/third_party/ncnn/src/layer/x86/swish_bf16s.h:19:47: warning: unused parameter 'opt' [-Wunused-parameter]
   19 | static void swish_bf16s(Mat& a, const Option& opt)
      |                                 ~~~~~~~~~~~~~~^~~
[232/415] Building CXX object ncnn/src/CMakeFiles/ncnn.dir/layer/x86/swish_x86_avx2.cpp.obj
In file included from /home/mingshi/Project/AI/ernie-image-ncnn-vulkan/third_party/ncnn/src/layer/x86/swish_x86_avx2.cpp:13:
/home/mingshi/Project/AI/ernie-image-ncnn-vulkan/third_party/ncnn/src/layer/x86/swish_bf16s.h:58: warning: ignoring '#pragma omp parallel' [-Wunknown-pragmas]
   58 |     #pragma omp parallel for num_threads(opt.num_threads)
/home/mingshi/Project/AI/ernie-image-ncnn-vulkan/third_party/ncnn/src/layer/x86/swish_bf16s.h: In function 'void ncnn::swish_bf16s(Mat&, const Option&)':
/home/mingshi/Project/AI/ernie-image-ncnn-vulkan/third_party/ncnn/src/layer/x86/swish_bf16s.h:19:47: warning: unused parameter 'opt' [-Wunused-parameter]
   19 | static void swish_bf16s(Mat& a, const Option& opt)
      |                                 ~~~~~~~~~~~~~~^~~
[233/415] Building CXX object ncnn/src/CMakeFiles/ncnn.dir/layer/gemm.cpp.obj
/home/mingshi/Project/AI/ernie-image-ncnn-vulkan/third_party/ncnn/src/layer/gemm.cpp:447: warning: ignoring '#pragma omp parallel' [-Wunknown-pragmas]
  447 |     #pragma omp parallel for num_threads(opt.num_threads)
/home/mingshi/Project/AI/ernie-image-ncnn-vulkan/third_party/ncnn/src/layer/gemm.cpp: In function 'void ncnn::gemm_transB(const Mat&, const Mat&, const Mat&, Mat&, float, float, int, int, const Option&)':
/home/mingshi/Project/AI/ernie-image-ncnn-vulkan/third_party/ncnn/src/layer/gemm.cpp:441:166: warning: unused parameter 'opt' [-Wunused-parameter]
  441 | static void gemm_transB(const Mat& A, const Mat& BT, const Mat& C, Mat& top_blob, float alpha, float beta, int broadcast_type_C, int output_transpose, const Option& opt)
      |                                                                                                                                                        ~~~~~~~~~~~~~~^~~
[234/415] Building CXX object ncnn/src/CMakeFiles/ncnn.dir/layer/x86/gemm_x86.cpp.obj
/home/mingshi/Project/AI/ernie-image-ncnn-vulkan/third_party/ncnn/src/layer/x86/gemm_x86.cpp:3009: warning: ignoring '#pragma omp parallel' [-Wunknown-pragmas]
 3009 |     #pragma omp parallel for num_threads(nT)
/home/mingshi/Project/AI/ernie-image-ncnn-vulkan/third_party/ncnn/src/layer/x86/gemm_x86.cpp:3049: warning: ignoring '#pragma omp parallel' [-Wunknown-pragmas]
 3049 |         #pragma omp parallel for num_threads(nT)
/home/mingshi/Project/AI/ernie-image-ncnn-vulkan/third_party/ncnn/src/layer/x86/gemm_x86.cpp:3074: warning: ignoring '#pragma omp parallel' [-Wunknown-pragmas]
 3074 |         #pragma omp parallel for num_threads(nT)
/home/mingshi/Project/AI/ernie-image-ncnn-vulkan/third_party/ncnn/src/layer/x86/gemm_x86.cpp:3128: warning: ignoring '#pragma omp parallel' [-Wunknown-pragmas]
 3128 |         #pragma omp parallel for num_threads(nT)
/home/mingshi/Project/AI/ernie-image-ncnn-vulkan/third_party/ncnn/src/layer/x86/gemm_x86.cpp:3213: warning: ignoring '#pragma omp parallel' [-Wunknown-pragmas]
 3213 |     #pragma omp parallel for num_threads(nT)
/home/mingshi/Project/AI/ernie-image-ncnn-vulkan/third_party/ncnn/src/layer/x86/gemm_x86.cpp:3246: warning: ignoring '#pragma omp parallel' [-Wunknown-pragmas]
 3246 |     #pragma omp parallel for num_threads(nT)
/home/mingshi/Project/AI/ernie-image-ncnn-vulkan/third_party/ncnn/src/layer/x86/gemm_x86.cpp:3324: warning: ignoring '#pragma omp parallel' [-Wunknown-pragmas]
 3324 |         #pragma omp parallel for num_threads(nT)
/home/mingshi/Project/AI/ernie-image-ncnn-vulkan/third_party/ncnn/src/layer/x86/gemm_x86.cpp:3349: warning: ignoring '#pragma omp parallel' [-Wunknown-pragmas]
 3349 |         #pragma omp parallel for num_threads(nT)
/home/mingshi/Project/AI/ernie-image-ncnn-vulkan/third_party/ncnn/src/layer/x86/gemm_x86.cpp:3403: warning: ignoring '#pragma omp parallel' [-Wunknown-pragmas]
 3403 |         #pragma omp parallel for num_threads(nT)
/home/mingshi/Project/AI/ernie-image-ncnn-vulkan/third_party/ncnn/src/layer/x86/gemm_x86.cpp:3488: warning: ignoring '#pragma omp parallel' [-Wunknown-pragmas]
 3488 |     #pragma omp parallel for num_threads(nT)
/home/mingshi/Project/AI/ernie-image-ncnn-vulkan/third_party/ncnn/src/layer/x86/gemm_x86.cpp:3578: warning: ignoring '#pragma omp parallel' [-Wunknown-pragmas]
 3578 |         #pragma omp parallel for num_threads(opt.num_threads)
/home/mingshi/Project/AI/ernie-image-ncnn-vulkan/third_party/ncnn/src/layer/x86/gemm_x86.cpp:3622: warning: ignoring '#pragma omp parallel' [-Wunknown-pragmas]
 3622 |         #pragma omp parallel for num_threads(opt.num_threads)
/home/mingshi/Project/AI/ernie-image-ncnn-vulkan/third_party/ncnn/src/layer/x86/gemm_x86.cpp:3906: warning: ignoring '#pragma omp parallel' [-Wunknown-pragmas]
 3906 |         #pragma omp parallel for num_threads(opt.num_threads)
/home/mingshi/Project/AI/ernie-image-ncnn-vulkan/third_party/ncnn/src/layer/x86/gemm_x86.cpp:4983: warning: ignoring '#pragma omp parallel' [-Wunknown-pragmas]
 4983 |         #pragma omp parallel for num_threads(opt.num_threads)
/home/mingshi/Project/AI/ernie-image-ncnn-vulkan/third_party/ncnn/src/layer/x86/gemm_x86.cpp:5031: warning: ignoring '#pragma omp parallel' [-Wunknown-pragmas]
 5031 |         #pragma omp parallel for num_threads(opt.num_threads)
/home/mingshi/Project/AI/ernie-image-ncnn-vulkan/third_party/ncnn/src/layer/x86/gemm_x86.cpp:5107: warning: ignoring '#pragma omp parallel' [-Wunknown-pragmas]
 5107 |     #pragma omp parallel for num_threads(nT)
/home/mingshi/Project/AI/ernie-image-ncnn-vulkan/third_party/ncnn/src/layer/x86/gemm_x86.cpp:5136: warning: ignoring '#pragma omp parallel' [-Wunknown-pragmas]
 5136 |     #pragma omp parallel for num_threads(nT)
/home/mingshi/Project/AI/ernie-image-ncnn-vulkan/third_party/ncnn/src/layer/x86/gemm_x86.cpp:5190: warning: ignoring '#pragma omp parallel' [-Wunknown-pragmas]
 5190 |         #pragma omp parallel for num_threads(nT)
/home/mingshi/Project/AI/ernie-image-ncnn-vulkan/third_party/ncnn/src/layer/x86/gemm_x86.cpp:5215: warning: ignoring '#pragma omp parallel' [-Wunknown-pragmas]
 5215 |         #pragma omp parallel for num_threads(nT)
/home/mingshi/Project/AI/ernie-image-ncnn-vulkan/third_party/ncnn/src/layer/x86/gemm_x86.cpp:5254: warning: ignoring '#pragma omp parallel' [-Wunknown-pragmas]
 5254 |         #pragma omp parallel for num_threads(nT)
/home/mingshi/Project/AI/ernie-image-ncnn-vulkan/third_party/ncnn/src/layer/x86/gemm_x86.cpp:5315: warning: ignoring '#pragma omp parallel' [-Wunknown-pragmas]
 5315 |     #pragma omp parallel for num_threads(nT)
/home/mingshi/Project/AI/ernie-image-ncnn-vulkan/third_party/ncnn/src/layer/x86/gemm_x86.cpp:5363: warning: ignoring '#pragma omp parallel' [-Wunknown-pragmas]
 5363 |     #pragma omp parallel for num_threads(nT)
/home/mingshi/Project/AI/ernie-image-ncnn-vulkan/third_party/ncnn/src/layer/x86/gemm_x86.cpp:5398: warning: ignoring '#pragma omp parallel' [-Wunknown-pragmas]
 5398 |         #pragma omp parallel for num_threads(nT)
/home/mingshi/Project/AI/ernie-image-ncnn-vulkan/third_party/ncnn/src/layer/x86/gemm_x86.cpp:5423: warning: ignoring '#pragma omp parallel' [-Wunknown-pragmas]
 5423 |         #pragma omp parallel for num_threads(nT)
/home/mingshi/Project/AI/ernie-image-ncnn-vulkan/third_party/ncnn/src/layer/x86/gemm_x86.cpp:5459: warning: ignoring '#pragma omp parallel' [-Wunknown-pragmas]
 5459 |         #pragma omp parallel for num_threads(nT)
[235/415] Building CXX object ncnn/src/CMakeFiles/ncnn.dir/layer/x86/gemm_x86_fma.cpp.obj
[236/415] Building CXX object ncnn/src/CMakeFiles/ncnn.dir/layer/x86/gemm_x86_fma4.cpp.obj
[237/415] Building CXX object ncnn/src/CMakeFiles/ncnn.dir/layer/x86/gemm_x86_avx512.cpp.obj
/home/mingshi/Project/AI/ernie-image-ncnn-vulkan/.worktrees/surpass-reference/build-windows-cpu-v1/ncnn/src/layer/x86/gemm_x86_avx512.cpp:3009: warning: ignoring '#pragma omp parallel' [-Wunknown-pragmas]
 3009 |     #pragma omp parallel for num_threads(nT)
/home/mingshi/Project/AI/ernie-image-ncnn-vulkan/.worktrees/surpass-reference/build-windows-cpu-v1/ncnn/src/layer/x86/gemm_x86_avx512.cpp:3049: warning: ignoring '#pragma omp parallel' [-Wunknown-pragmas]
 3049 |         #pragma omp parallel for num_threads(nT)
/home/mingshi/Project/AI/ernie-image-ncnn-vulkan/.worktrees/surpass-reference/build-windows-cpu-v1/ncnn/src/layer/x86/gemm_x86_avx512.cpp:3074: warning: ignoring '#pragma omp parallel' [-Wunknown-pragmas]
 3074 |         #pragma omp parallel for num_threads(nT)
/home/mingshi/Project/AI/ernie-image-ncnn-vulkan/.worktrees/surpass-reference/build-windows-cpu-v1/ncnn/src/layer/x86/gemm_x86_avx512.cpp:3128: warning: ignoring '#pragma omp parallel' [-Wunknown-pragmas]
 3128 |         #pragma omp parallel for num_threads(nT)
/home/mingshi/Project/AI/ernie-image-ncnn-vulkan/.worktrees/surpass-reference/build-windows-cpu-v1/ncnn/src/layer/x86/gemm_x86_avx512.cpp:3213: warning: ignoring '#pragma omp parallel' [-Wunknown-pragmas]
 3213 |     #pragma omp parallel for num_threads(nT)
/home/mingshi/Project/AI/ernie-image-ncnn-vulkan/.worktrees/surpass-reference/build-windows-cpu-v1/ncnn/src/layer/x86/gemm_x86_avx512.cpp:3246: warning: ignoring '#pragma omp parallel' [-Wunknown-pragmas]
 3246 |     #pragma omp parallel for num_threads(nT)
/home/mingshi/Project/AI/ernie-image-ncnn-vulkan/.worktrees/surpass-reference/build-windows-cpu-v1/ncnn/src/layer/x86/gemm_x86_avx512.cpp:3324: warning: ignoring '#pragma omp parallel' [-Wunknown-pragmas]
 3324 |         #pragma omp parallel for num_threads(nT)
/home/mingshi/Project/AI/ernie-image-ncnn-vulkan/.worktrees/surpass-reference/build-windows-cpu-v1/ncnn/src/layer/x86/gemm_x86_avx512.cpp:3349: warning: ignoring '#pragma omp parallel' [-Wunknown-pragmas]
 3349 |         #pragma omp parallel for num_threads(nT)
/home/mingshi/Project/AI/ernie-image-ncnn-vulkan/.worktrees/surpass-reference/build-windows-cpu-v1/ncnn/src/layer/x86/gemm_x86_avx512.cpp:3403: warning: ignoring '#pragma omp parallel' [-Wunknown-pragmas]
 3403 |         #pragma omp parallel for num_threads(nT)
/home/mingshi/Project/AI/ernie-image-ncnn-vulkan/.worktrees/surpass-reference/build-windows-cpu-v1/ncnn/src/layer/x86/gemm_x86_avx512.cpp:3488: warning: ignoring '#pragma omp parallel' [-Wunknown-pragmas]
 3488 |     #pragma omp parallel for num_threads(nT)
/home/mingshi/Project/AI/ernie-image-ncnn-vulkan/.worktrees/surpass-reference/build-windows-cpu-v1/ncnn/src/layer/x86/gemm_x86_avx512.cpp:3578: warning: ignoring '#pragma omp parallel' [-Wunknown-pragmas]
 3578 |         #pragma omp parallel for num_threads(opt.num_threads)
/home/mingshi/Project/AI/ernie-image-ncnn-vulkan/.worktrees/surpass-reference/build-windows-cpu-v1/ncnn/src/layer/x86/gemm_x86_avx512.cpp:3622: warning: ignoring '#pragma omp parallel' [-Wunknown-pragmas]
 3622 |         #pragma omp parallel for num_threads(opt.num_threads)
/home/mingshi/Project/AI/ernie-image-ncnn-vulkan/.worktrees/surpass-reference/build-windows-cpu-v1/ncnn/src/layer/x86/gemm_x86_avx512.cpp:3906: warning: ignoring '#pragma omp parallel' [-Wunknown-pragmas]
 3906 |         #pragma omp parallel for num_threads(opt.num_threads)
/home/mingshi/Project/AI/ernie-image-ncnn-vulkan/.worktrees/surpass-reference/build-windows-cpu-v1/ncnn/src/layer/x86/gemm_x86_avx512.cpp:4983: warning: ignoring '#pragma omp parallel' [-Wunknown-pragmas]
 4983 |         #pragma omp parallel for num_threads(opt.num_threads)
/home/mingshi/Project/AI/ernie-image-ncnn-vulkan/.worktrees/surpass-reference/build-windows-cpu-v1/ncnn/src/layer/x86/gemm_x86_avx512.cpp:5031: warning: ignoring '#pragma omp parallel' [-Wunknown-pragmas]
 5031 |         #pragma omp parallel for num_threads(opt.num_threads)
/home/mingshi/Project/AI/ernie-image-ncnn-vulkan/.worktrees/surpass-reference/build-windows-cpu-v1/ncnn/src/layer/x86/gemm_x86_avx512.cpp:5107: warning: ignoring '#pragma omp parallel' [-Wunknown-pragmas]
 5107 |     #pragma omp parallel for num_threads(nT)
/home/mingshi/Project/AI/ernie-image-ncnn-vulkan/.worktrees/surpass-reference/build-windows-cpu-v1/ncnn/src/layer/x86/gemm_x86_avx512.cpp:5136: warning: ignoring '#pragma omp parallel' [-Wunknown-pragmas]
 5136 |     #pragma omp parallel for num_threads(nT)
/home/mingshi/Project/AI/ernie-image-ncnn-vulkan/.worktrees/surpass-reference/build-windows-cpu-v1/ncnn/src/layer/x86/gemm_x86_avx512.cpp:5190: warning: ignoring '#pragma omp parallel' [-Wunknown-pragmas]
 5190 |         #pragma omp parallel for num_threads(nT)
/home/mingshi/Project/AI/ernie-image-ncnn-vulkan/.worktrees/surpass-reference/build-windows-cpu-v1/ncnn/src/layer/x86/gemm_x86_avx512.cpp:5215: warning: ignoring '#pragma omp parallel' [-Wunknown-pragmas]
 5215 |         #pragma omp parallel for num_threads(nT)
/home/mingshi/Project/AI/ernie-image-ncnn-vulkan/.worktrees/surpass-reference/build-windows-cpu-v1/ncnn/src/layer/x86/gemm_x86_avx512.cpp:5254: warning: ignoring '#pragma omp parallel' [-Wunknown-pragmas]
 5254 |         #pragma omp parallel for num_threads(nT)
/home/mingshi/Project/AI/ernie-image-ncnn-vulkan/.worktrees/surpass-reference/build-windows-cpu-v1/ncnn/src/layer/x86/gemm_x86_avx512.cpp:5315: warning: ignoring '#pragma omp parallel' [-Wunknown-pragmas]
 5315 |     #pragma omp parallel for num_threads(nT)
/home/mingshi/Project/AI/ernie-image-ncnn-vulkan/.worktrees/surpass-reference/build-windows-cpu-v1/ncnn/src/layer/x86/gemm_x86_avx512.cpp:5363: warning: ignoring '#pragma omp parallel' [-Wunknown-pragmas]
 5363 |     #pragma omp parallel for num_threads(nT)
/home/mingshi/Project/AI/ernie-image-ncnn-vulkan/.worktrees/surpass-reference/build-windows-cpu-v1/ncnn/src/layer/x86/gemm_x86_avx512.cpp:5398: warning: ignoring '#pragma omp parallel' [-Wunknown-pragmas]
 5398 |         #pragma omp parallel for num_threads(nT)
/home/mingshi/Project/AI/ernie-image-ncnn-vulkan/.worktrees/surpass-reference/build-windows-cpu-v1/ncnn/src/layer/x86/gemm_x86_avx512.cpp:5423: warning: ignoring '#pragma omp parallel' [-Wunknown-pragmas]
 5423 |         #pragma omp parallel for num_threads(nT)
/home/mingshi/Project/AI/ernie-image-ncnn-vulkan/.worktrees/surpass-reference/build-windows-cpu-v1/ncnn/src/layer/x86/gemm_x86_avx512.cpp:5459: warning: ignoring '#pragma omp parallel' [-Wunknown-pragmas]
 5459 |         #pragma omp parallel for num_threads(nT)
[238/415] Building CXX object ncnn/src/CMakeFiles/ncnn.dir/layer/x86/gemm_x86_avx512vnni.cpp.obj
[239/415] Building CXX object ncnn/src/CMakeFiles/ncnn.dir/layer/x86/gemm_x86_avx512bf16.cpp.obj
[240/415] Building CXX object ncnn/src/CMakeFiles/ncnn.dir/layer/x86/gemm_x86_avx512vnni_avx512bf16.cpp.obj
[241/415] Building CXX object ncnn/src/CMakeFiles/ncnn.dir/layer/x86/gemm_x86_avxvnni.cpp.obj
[242/415] Building CXX object ncnn/src/CMakeFiles/ncnn.dir/layer/x86/gemm_x86_avx.cpp.obj
/home/mingshi/Project/AI/ernie-image-ncnn-vulkan/.worktrees/surpass-reference/build-windows-cpu-v1/ncnn/src/layer/x86/gemm_x86_avx.cpp:3009: warning: ignoring '#pragma omp parallel' [-Wunknown-pragmas]
 3009 |     #pragma omp parallel for num_threads(nT)
/home/mingshi/Project/AI/ernie-image-ncnn-vulkan/.worktrees/surpass-reference/build-windows-cpu-v1/ncnn/src/layer/x86/gemm_x86_avx.cpp:3049: warning: ignoring '#pragma omp parallel' [-Wunknown-pragmas]
 3049 |         #pragma omp parallel for num_threads(nT)
/home/mingshi/Project/AI/ernie-image-ncnn-vulkan/.worktrees/surpass-reference/build-windows-cpu-v1/ncnn/src/layer/x86/gemm_x86_avx.cpp:3074: warning: ignoring '#pragma omp parallel' [-Wunknown-pragmas]
 3074 |         #pragma omp parallel for num_threads(nT)
/home/mingshi/Project/AI/ernie-image-ncnn-vulkan/.worktrees/surpass-reference/build-windows-cpu-v1/ncnn/src/layer/x86/gemm_x86_avx.cpp:3128: warning: ignoring '#pragma omp parallel' [-Wunknown-pragmas]
 3128 |         #pragma omp parallel for num_threads(nT)
/home/mingshi/Project/AI/ernie-image-ncnn-vulkan/.worktrees/surpass-reference/build-windows-cpu-v1/ncnn/src/layer/x86/gemm_x86_avx.cpp:3213: warning: ignoring '#pragma omp parallel' [-Wunknown-pragmas]
 3213 |     #pragma omp parallel for num_threads(nT)
/home/mingshi/Project/AI/ernie-image-ncnn-vulkan/.worktrees/surpass-reference/build-windows-cpu-v1/ncnn/src/layer/x86/gemm_x86_avx.cpp:3246: warning: ignoring '#pragma omp parallel' [-Wunknown-pragmas]
 3246 |     #pragma omp parallel for num_threads(nT)
/home/mingshi/Project/AI/ernie-image-ncnn-vulkan/.worktrees/surpass-reference/build-windows-cpu-v1/ncnn/src/layer/x86/gemm_x86_avx.cpp:3324: warning: ignoring '#pragma omp parallel' [-Wunknown-pragmas]
 3324 |         #pragma omp parallel for num_threads(nT)
/home/mingshi/Project/AI/ernie-image-ncnn-vulkan/.worktrees/surpass-reference/build-windows-cpu-v1/ncnn/src/layer/x86/gemm_x86_avx.cpp:3349: warning: ignoring '#pragma omp parallel' [-Wunknown-pragmas]
 3349 |         #pragma omp parallel for num_threads(nT)
/home/mingshi/Project/AI/ernie-image-ncnn-vulkan/.worktrees/surpass-reference/build-windows-cpu-v1/ncnn/src/layer/x86/gemm_x86_avx.cpp:3403: warning: ignoring '#pragma omp parallel' [-Wunknown-pragmas]
 3403 |         #pragma omp parallel for num_threads(nT)
/home/mingshi/Project/AI/ernie-image-ncnn-vulkan/.worktrees/surpass-reference/build-windows-cpu-v1/ncnn/src/layer/x86/gemm_x86_avx.cpp:3488: warning: ignoring '#pragma omp parallel' [-Wunknown-pragmas]
 3488 |     #pragma omp parallel for num_threads(nT)
/home/mingshi/Project/AI/ernie-image-ncnn-vulkan/.worktrees/surpass-reference/build-windows-cpu-v1/ncnn/src/layer/x86/gemm_x86_avx.cpp:3578: warning: ignoring '#pragma omp parallel' [-Wunknown-pragmas]
 3578 |         #pragma omp parallel for num_threads(opt.num_threads)
/home/mingshi/Project/AI/ernie-image-ncnn-vulkan/.worktrees/surpass-reference/build-windows-cpu-v1/ncnn/src/layer/x86/gemm_x86_avx.cpp:3622: warning: ignoring '#pragma omp parallel' [-Wunknown-pragmas]
 3622 |         #pragma omp parallel for num_threads(opt.num_threads)
/home/mingshi/Project/AI/ernie-image-ncnn-vulkan/.worktrees/surpass-reference/build-windows-cpu-v1/ncnn/src/layer/x86/gemm_x86_avx.cpp:3906: warning: ignoring '#pragma omp parallel' [-Wunknown-pragmas]
 3906 |         #pragma omp parallel for num_threads(opt.num_threads)
/home/mingshi/Project/AI/ernie-image-ncnn-vulkan/.worktrees/surpass-reference/build-windows-cpu-v1/ncnn/src/layer/x86/gemm_x86_avx.cpp:4983: warning: ignoring '#pragma omp parallel' [-Wunknown-pragmas]
 4983 |         #pragma omp parallel for num_threads(opt.num_threads)
/home/mingshi/Project/AI/ernie-image-ncnn-vulkan/.worktrees/surpass-reference/build-windows-cpu-v1/ncnn/src/layer/x86/gemm_x86_avx.cpp:5031: warning: ignoring '#pragma omp parallel' [-Wunknown-pragmas]
 5031 |         #pragma omp parallel for num_threads(opt.num_threads)
/home/mingshi/Project/AI/ernie-image-ncnn-vulkan/.worktrees/surpass-reference/build-windows-cpu-v1/ncnn/src/layer/x86/gemm_x86_avx.cpp:5107: warning: ignoring '#pragma omp parallel' [-Wunknown-pragmas]
 5107 |     #pragma omp parallel for num_threads(nT)
/home/mingshi/Project/AI/ernie-image-ncnn-vulkan/.worktrees/surpass-reference/build-windows-cpu-v1/ncnn/src/layer/x86/gemm_x86_avx.cpp:5136: warning: ignoring '#pragma omp parallel' [-Wunknown-pragmas]
 5136 |     #pragma omp parallel for num_threads(nT)
/home/mingshi/Project/AI/ernie-image-ncnn-vulkan/.worktrees/surpass-reference/build-windows-cpu-v1/ncnn/src/layer/x86/gemm_x86_avx.cpp:5190: warning: ignoring '#pragma omp parallel' [-Wunknown-pragmas]
 5190 |         #pragma omp parallel for num_threads(nT)
/home/mingshi/Project/AI/ernie-image-ncnn-vulkan/.worktrees/surpass-reference/build-windows-cpu-v1/ncnn/src/layer/x86/gemm_x86_avx.cpp:5215: warning: ignoring '#pragma omp parallel' [-Wunknown-pragmas]
 5215 |         #pragma omp parallel for num_threads(nT)
/home/mingshi/Project/AI/ernie-image-ncnn-vulkan/.worktrees/surpass-reference/build-windows-cpu-v1/ncnn/src/layer/x86/gemm_x86_avx.cpp:5254: warning: ignoring '#pragma omp parallel' [-Wunknown-pragmas]
 5254 |         #pragma omp parallel for num_threads(nT)
/home/mingshi/Project/AI/ernie-image-ncnn-vulkan/.worktrees/surpass-reference/build-windows-cpu-v1/ncnn/src/layer/x86/gemm_x86_avx.cpp:5315: warning: ignoring '#pragma omp parallel' [-Wunknown-pragmas]
 5315 |     #pragma omp parallel for num_threads(nT)
/home/mingshi/Project/AI/ernie-image-ncnn-vulkan/.worktrees/surpass-reference/build-windows-cpu-v1/ncnn/src/layer/x86/gemm_x86_avx.cpp:5363: warning: ignoring '#pragma omp parallel' [-Wunknown-pragmas]
 5363 |     #pragma omp parallel for num_threads(nT)
/home/mingshi/Project/AI/ernie-image-ncnn-vulkan/.worktrees/surpass-reference/build-windows-cpu-v1/ncnn/src/layer/x86/gemm_x86_avx.cpp:5398: warning: ignoring '#pragma omp parallel' [-Wunknown-pragmas]
 5398 |         #pragma omp parallel for num_threads(nT)
/home/mingshi/Project/AI/ernie-image-ncnn-vulkan/.worktrees/surpass-reference/build-windows-cpu-v1/ncnn/src/layer/x86/gemm_x86_avx.cpp:5423: warning: ignoring '#pragma omp parallel' [-Wunknown-pragmas]
 5423 |         #pragma omp parallel for num_threads(nT)
/home/mingshi/Project/AI/ernie-image-ncnn-vulkan/.worktrees/surpass-reference/build-windows-cpu-v1/ncnn/src/layer/x86/gemm_x86_avx.cpp:5459: warning: ignoring '#pragma omp parallel' [-Wunknown-pragmas]
 5459 |         #pragma omp parallel for num_threads(nT)
[243/415] Building CXX object ncnn/src/CMakeFiles/ncnn.dir/layer/x86/gemm_x86_avxvnniint8.cpp.obj
[244/415] Building CXX object ncnn/src/CMakeFiles/ncnn.dir/layer/x86/gemm_x86_xop.cpp.obj
[245/415] Building CXX object ncnn/src/CMakeFiles/ncnn.dir/layer/x86/gemm_x86_avx2.cpp.obj
[246/415] Building CXX object ncnn/src/CMakeFiles/ncnn.dir/layer/groupnorm.cpp.obj
/home/mingshi/Project/AI/ernie-image-ncnn-vulkan/third_party/ncnn/src/layer/groupnorm.cpp:103: warning: ignoring '#pragma omp parallel' [-Wunknown-pragmas]
  103 |         #pragma omp parallel for num_threads(opt.num_threads)
/home/mingshi/Project/AI/ernie-image-ncnn-vulkan/third_party/ncnn/src/layer/groupnorm.cpp:117: warning: ignoring '#pragma omp parallel' [-Wunknown-pragmas]
  117 |         #pragma omp parallel for num_threads(opt.num_threads)
/home/mingshi/Project/AI/ernie-image-ncnn-vulkan/third_party/ncnn/src/layer/groupnorm.cpp:132: warning: ignoring '#pragma omp parallel' [-Wunknown-pragmas]
  132 |         #pragma omp parallel for num_threads(opt.num_threads)
/home/mingshi/Project/AI/ernie-image-ncnn-vulkan/third_party/ncnn/src/layer/groupnorm.cpp: In member function 'virtual int ncnn::GroupNorm::forward_inplace(ncnn::Mat&, const ncnn::Option&) const':
/home/mingshi/Project/AI/ernie-image-ncnn-vulkan/third_party/ncnn/src/layer/groupnorm.cpp:96:68: warning: unused parameter 'opt' [-Wunused-parameter]
   96 | int GroupNorm::forward_inplace(Mat& bottom_top_blob, const Option& opt) const
      |                                                      ~~~~~~~~~~~~~~^~~
[247/415] Building CXX object ncnn/src/CMakeFiles/ncnn.dir/layer/x86/groupnorm_x86.cpp.obj
/home/mingshi/Project/AI/ernie-image-ncnn-vulkan/third_party/ncnn/src/layer/x86/groupnorm_x86.cpp:71: warning: ignoring '#pragma omp parallel' [-Wunknown-pragmas]
   71 |         #pragma omp parallel for num_threads(opt.num_threads)
/home/mingshi/Project/AI/ernie-image-ncnn-vulkan/third_party/ncnn/src/layer/x86/groupnorm_x86.cpp:85: warning: ignoring '#pragma omp parallel' [-Wunknown-pragmas]
   85 |         #pragma omp parallel for num_threads(opt.num_threads)
/home/mingshi/Project/AI/ernie-image-ncnn-vulkan/third_party/ncnn/src/layer/x86/groupnorm_x86.cpp:100: warning: ignoring '#pragma omp parallel' [-Wunknown-pragmas]
  100 |         #pragma omp parallel for num_threads(opt.num_threads)
/home/mingshi/Project/AI/ernie-image-ncnn-vulkan/third_party/ncnn/src/layer/x86/groupnorm_x86.cpp:151: warning: ignoring '#pragma omp parallel' [-Wunknown-pragmas]
  151 |         #pragma omp parallel for num_threads(opt.num_threads)
/home/mingshi/Project/AI/ernie-image-ncnn-vulkan/third_party/ncnn/src/layer/x86/groupnorm_x86.cpp:165: warning: ignoring '#pragma omp parallel' [-Wunknown-pragmas]
  165 |         #pragma omp parallel for num_threads(opt.num_threads)
/home/mingshi/Project/AI/ernie-image-ncnn-vulkan/third_party/ncnn/src/layer/x86/groupnorm_x86.cpp:180: warning: ignoring '#pragma omp parallel' [-Wunknown-pragmas]
  180 |         #pragma omp parallel for num_threads(opt.num_threads)
[248/415] Building CXX object ncnn/src/CMakeFiles/ncnn.dir/layer/x86/groupnorm_x86_avx512.cpp.obj
/home/mingshi/Project/AI/ernie-image-ncnn-vulkan/.worktrees/surpass-reference/build-windows-cpu-v1/ncnn/src/layer/x86/groupnorm_x86_avx512.cpp:71: warning: ignoring '#pragma omp parallel' [-Wunknown-pragmas]
   71 |         #pragma omp parallel for num_threads(opt.num_threads)
/home/mingshi/Project/AI/ernie-image-ncnn-vulkan/.worktrees/surpass-reference/build-windows-cpu-v1/ncnn/src/layer/x86/groupnorm_x86_avx512.cpp:85: warning: ignoring '#pragma omp parallel' [-Wunknown-pragmas]
   85 |         #pragma omp parallel for num_threads(opt.num_threads)
/home/mingshi/Project/AI/ernie-image-ncnn-vulkan/.worktrees/surpass-reference/build-windows-cpu-v1/ncnn/src/layer/x86/groupnorm_x86_avx512.cpp:100: warning: ignoring '#pragma omp parallel' [-Wunknown-pragmas]
  100 |         #pragma omp parallel for num_threads(opt.num_threads)
/home/mingshi/Project/AI/ernie-image-ncnn-vulkan/.worktrees/surpass-reference/build-windows-cpu-v1/ncnn/src/layer/x86/groupnorm_x86_avx512.cpp:151: warning: ignoring '#pragma omp parallel' [-Wunknown-pragmas]
  151 |         #pragma omp parallel for num_threads(opt.num_threads)
/home/mingshi/Project/AI/ernie-image-ncnn-vulkan/.worktrees/surpass-reference/build-windows-cpu-v1/ncnn/src/layer/x86/groupnorm_x86_avx512.cpp:165: warning: ignoring '#pragma omp parallel' [-Wunknown-pragmas]
  165 |         #pragma omp parallel for num_threads(opt.num_threads)
/home/mingshi/Project/AI/ernie-image-ncnn-vulkan/.worktrees/surpass-reference/build-windows-cpu-v1/ncnn/src/layer/x86/groupnorm_x86_avx512.cpp:180: warning: ignoring '#pragma omp parallel' [-Wunknown-pragmas]
  180 |         #pragma omp parallel for num_threads(opt.num_threads)
[249/415] Building CXX object ncnn/src/CMakeFiles/ncnn.dir/layer/x86/groupnorm_x86_fma.cpp.obj
[250/415] Building CXX object ncnn/src/CMakeFiles/ncnn.dir/layer/x86/groupnorm_x86_fma4.cpp.obj
[251/415] Building CXX object ncnn/src/CMakeFiles/ncnn.dir/layer/x86/groupnorm_x86_avx.cpp.obj
/home/mingshi/Project/AI/ernie-image-ncnn-vulkan/.worktrees/surpass-reference/build-windows-cpu-v1/ncnn/src/layer/x86/groupnorm_x86_avx.cpp:71: warning: ignoring '#pragma omp parallel' [-Wunknown-pragmas]
   71 |         #pragma omp parallel for num_threads(opt.num_threads)
/home/mingshi/Project/AI/ernie-image-ncnn-vulkan/.worktrees/surpass-reference/build-windows-cpu-v1/ncnn/src/layer/x86/groupnorm_x86_avx.cpp:85: warning: ignoring '#pragma omp parallel' [-Wunknown-pragmas]
   85 |         #pragma omp parallel for num_threads(opt.num_threads)
/home/mingshi/Project/AI/ernie-image-ncnn-vulkan/.worktrees/surpass-reference/build-windows-cpu-v1/ncnn/src/layer/x86/groupnorm_x86_avx.cpp:100: warning: ignoring '#pragma omp parallel' [-Wunknown-pragmas]
  100 |         #pragma omp parallel for num_threads(opt.num_threads)
/home/mingshi/Project/AI/ernie-image-ncnn-vulkan/.worktrees/surpass-reference/build-windows-cpu-v1/ncnn/src/layer/x86/groupnorm_x86_avx.cpp:151: warning: ignoring '#pragma omp parallel' [-Wunknown-pragmas]
  151 |         #pragma omp parallel for num_threads(opt.num_threads)
/home/mingshi/Project/AI/ernie-image-ncnn-vulkan/.worktrees/surpass-reference/build-windows-cpu-v1/ncnn/src/layer/x86/groupnorm_x86_avx.cpp:165: warning: ignoring '#pragma omp parallel' [-Wunknown-pragmas]
  165 |         #pragma omp parallel for num_threads(opt.num_threads)
/home/mingshi/Project/AI/ernie-image-ncnn-vulkan/.worktrees/surpass-reference/build-windows-cpu-v1/ncnn/src/layer/x86/groupnorm_x86_avx.cpp:180: warning: ignoring '#pragma omp parallel' [-Wunknown-pragmas]
  180 |         #pragma omp parallel for num_threads(opt.num_threads)
[252/415] Building CXX object ncnn/src/CMakeFiles/ncnn.dir/layer/x86/groupnorm_x86_avx512bf16.cpp.obj
[253/415] Building CXX object ncnn/src/CMakeFiles/ncnn.dir/layer/x86/groupnorm_x86_avx2.cpp.obj
[254/415] Building CXX object ncnn/src/CMakeFiles/ncnn.dir/layer/layernorm.cpp.obj
/home/mingshi/Project/AI/ernie-image-ncnn-vulkan/third_party/ncnn/src/layer/layernorm.cpp:98: warning: ignoring '#pragma omp parallel' [-Wunknown-pragmas]
   98 |         #pragma omp parallel for num_threads(opt.num_threads)
/home/mingshi/Project/AI/ernie-image-ncnn-vulkan/third_party/ncnn/src/layer/layernorm.cpp:114: warning: ignoring '#pragma omp parallel' [-Wunknown-pragmas]
  114 |             #pragma omp parallel for num_threads(opt.num_threads)
/home/mingshi/Project/AI/ernie-image-ncnn-vulkan/third_party/ncnn/src/layer/layernorm.cpp:126: warning: ignoring '#pragma omp parallel' [-Wunknown-pragmas]
  126 |             #pragma omp parallel for num_threads(opt.num_threads)
/home/mingshi/Project/AI/ernie-image-ncnn-vulkan/third_party/ncnn/src/layer/layernorm.cpp:144: warning: ignoring '#pragma omp parallel' [-Wunknown-pragmas]
  144 |             #pragma omp parallel for num_threads(opt.num_threads)
/home/mingshi/Project/AI/ernie-image-ncnn-vulkan/third_party/ncnn/src/layer/layernorm.cpp:159: warning: ignoring '#pragma omp parallel' [-Wunknown-pragmas]
  159 |             #pragma omp parallel for num_threads(opt.num_threads)
/home/mingshi/Project/AI/ernie-image-ncnn-vulkan/third_party/ncnn/src/layer/layernorm.cpp:171: warning: ignoring '#pragma omp parallel' [-Wunknown-pragmas]
  171 |             #pragma omp parallel for num_threads(opt.num_threads)
/home/mingshi/Project/AI/ernie-image-ncnn-vulkan/third_party/ncnn/src/layer/layernorm.cpp: In member function 'virtual int ncnn::LayerNorm::forward_inplace(ncnn::Mat&, const ncnn::Option&) const':
/home/mingshi/Project/AI/ernie-image-ncnn-vulkan/third_party/ncnn/src/layer/layernorm.cpp:77:68: warning: unused parameter 'opt' [-Wunused-parameter]
   77 | int LayerNorm::forward_inplace(Mat& bottom_top_blob, const Option& opt) const
      |                                                      ~~~~~~~~~~~~~~^~~
[255/415] Building CXX object ncnn/src/CMakeFiles/ncnn.dir/layer/x86/layernorm_x86.cpp.obj
/home/mingshi/Project/AI/ernie-image-ncnn-vulkan/third_party/ncnn/src/layer/x86/layernorm_x86.cpp:60: warning: ignoring '#pragma omp parallel' [-Wunknown-pragmas]
   60 |         #pragma omp parallel for num_threads(opt.num_threads)
/home/mingshi/Project/AI/ernie-image-ncnn-vulkan/third_party/ncnn/src/layer/x86/layernorm_x86.cpp:72: warning: ignoring '#pragma omp parallel' [-Wunknown-pragmas]
   72 |             #pragma omp parallel for num_threads(opt.num_threads)
/home/mingshi/Project/AI/ernie-image-ncnn-vulkan/third_party/ncnn/src/layer/x86/layernorm_x86.cpp:84: warning: ignoring '#pragma omp parallel' [-Wunknown-pragmas]
   84 |             #pragma omp parallel for num_threads(opt.num_threads)
/home/mingshi/Project/AI/ernie-image-ncnn-vulkan/third_party/ncnn/src/layer/x86/layernorm_x86.cpp:97: warning: ignoring '#pragma omp parallel' [-Wunknown-pragmas]
   97 |             #pragma omp parallel for num_threads(opt.num_threads)
/home/mingshi/Project/AI/ernie-image-ncnn-vulkan/third_party/ncnn/src/layer/x86/layernorm_x86.cpp:112: warning: ignoring '#pragma omp parallel' [-Wunknown-pragmas]
  112 |             #pragma omp parallel for num_threads(opt.num_threads)
/home/mingshi/Project/AI/ernie-image-ncnn-vulkan/third_party/ncnn/src/layer/x86/layernorm_x86.cpp:124: warning: ignoring '#pragma omp parallel' [-Wunknown-pragmas]
  124 |             #pragma omp parallel for num_threads(opt.num_threads)
/home/mingshi/Project/AI/ernie-image-ncnn-vulkan/third_party/ncnn/src/layer/x86/layernorm_x86.cpp:156: warning: ignoring '#pragma omp parallel' [-Wunknown-pragmas]
  156 |         #pragma omp parallel for num_threads(opt.num_threads)
/home/mingshi/Project/AI/ernie-image-ncnn-vulkan/third_party/ncnn/src/layer/x86/layernorm_x86.cpp:168: warning: ignoring '#pragma omp parallel' [-Wunknown-pragmas]
  168 |             #pragma omp parallel for num_threads(opt.num_threads)
/home/mingshi/Project/AI/ernie-image-ncnn-vulkan/third_party/ncnn/src/layer/x86/layernorm_x86.cpp:180: warning: ignoring '#pragma omp parallel' [-Wunknown-pragmas]
  180 |             #pragma omp parallel for num_threads(opt.num_threads)
/home/mingshi/Project/AI/ernie-image-ncnn-vulkan/third_party/ncnn/src/layer/x86/layernorm_x86.cpp:193: warning: ignoring '#pragma omp parallel' [-Wunknown-pragmas]
  193 |             #pragma omp parallel for num_threads(opt.num_threads)
/home/mingshi/Project/AI/ernie-image-ncnn-vulkan/third_party/ncnn/src/layer/x86/layernorm_x86.cpp:208: warning: ignoring '#pragma omp parallel' [-Wunknown-pragmas]
  208 |             #pragma omp parallel for num_threads(opt.num_threads)
/home/mingshi/Project/AI/ernie-image-ncnn-vulkan/third_party/ncnn/src/layer/x86/layernorm_x86.cpp:220: warning: ignoring '#pragma omp parallel' [-Wunknown-pragmas]
  220 |             #pragma omp parallel for num_threads(opt.num_threads)
/home/mingshi/Project/AI/ernie-image-ncnn-vulkan/third_party/ncnn/src/layer/x86/layernorm_x86.cpp: In member function 'int ncnn::LayerNorm_x86::forward_inplace_bf16s(ncnn::Mat&, const ncnn::Option&) const':
/home/mingshi/Project/AI/ernie-image-ncnn-vulkan/third_party/ncnn/src/layer/x86/layernorm_x86.cpp:137:78: warning: unused parameter 'opt' [-Wunused-parameter]
  137 | int LayerNorm_x86::forward_inplace_bf16s(Mat& bottom_top_blob, const Option& opt) const
      |                                                                ~~~~~~~~~~~~~~^~~
[256/415] Building CXX object ncnn/src/CMakeFiles/ncnn.dir/layer/x86/layernorm_x86_avx512.cpp.obj
/home/mingshi/Project/AI/ernie-image-ncnn-vulkan/.worktrees/surpass-reference/build-windows-cpu-v1/ncnn/src/layer/x86/layernorm_x86_avx512.cpp:60: warning: ignoring '#pragma omp parallel' [-Wunknown-pragmas]
   60 |         #pragma omp parallel for num_threads(opt.num_threads)
/home/mingshi/Project/AI/ernie-image-ncnn-vulkan/.worktrees/surpass-reference/build-windows-cpu-v1/ncnn/src/layer/x86/layernorm_x86_avx512.cpp:72: warning: ignoring '#pragma omp parallel' [-Wunknown-pragmas]
   72 |             #pragma omp parallel for num_threads(opt.num_threads)
/home/mingshi/Project/AI/ernie-image-ncnn-vulkan/.worktrees/surpass-reference/build-windows-cpu-v1/ncnn/src/layer/x86/layernorm_x86_avx512.cpp:84: warning: ignoring '#pragma omp parallel' [-Wunknown-pragmas]
   84 |             #pragma omp parallel for num_threads(opt.num_threads)
/home/mingshi/Project/AI/ernie-image-ncnn-vulkan/.worktrees/surpass-reference/build-windows-cpu-v1/ncnn/src/layer/x86/layernorm_x86_avx512.cpp:97: warning: ignoring '#pragma omp parallel' [-Wunknown-pragmas]
   97 |             #pragma omp parallel for num_threads(opt.num_threads)
/home/mingshi/Project/AI/ernie-image-ncnn-vulkan/.worktrees/surpass-reference/build-windows-cpu-v1/ncnn/src/layer/x86/layernorm_x86_avx512.cpp:112: warning: ignoring '#pragma omp parallel' [-Wunknown-pragmas]
  112 |             #pragma omp parallel for num_threads(opt.num_threads)
/home/mingshi/Project/AI/ernie-image-ncnn-vulkan/.worktrees/surpass-reference/build-windows-cpu-v1/ncnn/src/layer/x86/layernorm_x86_avx512.cpp:124: warning: ignoring '#pragma omp parallel' [-Wunknown-pragmas]
  124 |             #pragma omp parallel for num_threads(opt.num_threads)
/home/mingshi/Project/AI/ernie-image-ncnn-vulkan/.worktrees/surpass-reference/build-windows-cpu-v1/ncnn/src/layer/x86/layernorm_x86_avx512.cpp:156: warning: ignoring '#pragma omp parallel' [-Wunknown-pragmas]
  156 |         #pragma omp parallel for num_threads(opt.num_threads)
/home/mingshi/Project/AI/ernie-image-ncnn-vulkan/.worktrees/surpass-reference/build-windows-cpu-v1/ncnn/src/layer/x86/layernorm_x86_avx512.cpp:168: warning: ignoring '#pragma omp parallel' [-Wunknown-pragmas]
  168 |             #pragma omp parallel for num_threads(opt.num_threads)
/home/mingshi/Project/AI/ernie-image-ncnn-vulkan/.worktrees/surpass-reference/build-windows-cpu-v1/ncnn/src/layer/x86/layernorm_x86_avx512.cpp:180: warning: ignoring '#pragma omp parallel' [-Wunknown-pragmas]
  180 |             #pragma omp parallel for num_threads(opt.num_threads)
/home/mingshi/Project/AI/ernie-image-ncnn-vulkan/.worktrees/surpass-reference/build-windows-cpu-v1/ncnn/src/layer/x86/layernorm_x86_avx512.cpp:193: warning: ignoring '#pragma omp parallel' [-Wunknown-pragmas]
  193 |             #pragma omp parallel for num_threads(opt.num_threads)
/home/mingshi/Project/AI/ernie-image-ncnn-vulkan/.worktrees/surpass-reference/build-windows-cpu-v1/ncnn/src/layer/x86/layernorm_x86_avx512.cpp:208: warning: ignoring '#pragma omp parallel' [-Wunknown-pragmas]
  208 |             #pragma omp parallel for num_threads(opt.num_threads)
/home/mingshi/Project/AI/ernie-image-ncnn-vulkan/.worktrees/surpass-reference/build-windows-cpu-v1/ncnn/src/layer/x86/layernorm_x86_avx512.cpp:220: warning: ignoring '#pragma omp parallel' [-Wunknown-pragmas]
  220 |             #pragma omp parallel for num_threads(opt.num_threads)
/home/mingshi/Project/AI/ernie-image-ncnn-vulkan/.worktrees/surpass-reference/build-windows-cpu-v1/ncnn/src/layer/x86/layernorm_x86_avx512.cpp: In member function 'int ncnn::LayerNorm_x86_avx512::forward_inplace_bf16s(ncnn::Mat&, const ncnn::Option&) const':
/home/mingshi/Project/AI/ernie-image-ncnn-vulkan/.worktrees/surpass-reference/build-windows-cpu-v1/ncnn/src/layer/x86/layernorm_x86_avx512.cpp:137:85: warning: unused parameter 'opt' [-Wunused-parameter]
  137 | int LayerNorm_x86_avx512::forward_inplace_bf16s(Mat& bottom_top_blob, const Option& opt) const
      |                                                                       ~~~~~~~~~~~~~~^~~
[257/415] Building CXX object ncnn/src/CMakeFiles/ncnn.dir/layer/x86/layernorm_x86_fma.cpp.obj
[258/415] Building CXX object ncnn/src/CMakeFiles/ncnn.dir/layer/x86/layernorm_x86_fma4.cpp.obj
[259/415] Building CXX object ncnn/src/CMakeFiles/ncnn.dir/layer/x86/layernorm_x86_avx.cpp.obj
/home/mingshi/Project/AI/ernie-image-ncnn-vulkan/.worktrees/surpass-reference/build-windows-cpu-v1/ncnn/src/layer/x86/layernorm_x86_avx.cpp:60: warning: ignoring '#pragma omp parallel' [-Wunknown-pragmas]
   60 |         #pragma omp parallel for num_threads(opt.num_threads)
/home/mingshi/Project/AI/ernie-image-ncnn-vulkan/.worktrees/surpass-reference/build-windows-cpu-v1/ncnn/src/layer/x86/layernorm_x86_avx.cpp:72: warning: ignoring '#pragma omp parallel' [-Wunknown-pragmas]
   72 |             #pragma omp parallel for num_threads(opt.num_threads)
/home/mingshi/Project/AI/ernie-image-ncnn-vulkan/.worktrees/surpass-reference/build-windows-cpu-v1/ncnn/src/layer/x86/layernorm_x86_avx.cpp:84: warning: ignoring '#pragma omp parallel' [-Wunknown-pragmas]
   84 |             #pragma omp parallel for num_threads(opt.num_threads)
/home/mingshi/Project/AI/ernie-image-ncnn-vulkan/.worktrees/surpass-reference/build-windows-cpu-v1/ncnn/src/layer/x86/layernorm_x86_avx.cpp:97: warning: ignoring '#pragma omp parallel' [-Wunknown-pragmas]
   97 |             #pragma omp parallel for num_threads(opt.num_threads)
/home/mingshi/Project/AI/ernie-image-ncnn-vulkan/.worktrees/surpass-reference/build-windows-cpu-v1/ncnn/src/layer/x86/layernorm_x86_avx.cpp:112: warning: ignoring '#pragma omp parallel' [-Wunknown-pragmas]
  112 |             #pragma omp parallel for num_threads(opt.num_threads)
/home/mingshi/Project/AI/ernie-image-ncnn-vulkan/.worktrees/surpass-reference/build-windows-cpu-v1/ncnn/src/layer/x86/layernorm_x86_avx.cpp:124: warning: ignoring '#pragma omp parallel' [-Wunknown-pragmas]
  124 |             #pragma omp parallel for num_threads(opt.num_threads)
/home/mingshi/Project/AI/ernie-image-ncnn-vulkan/.worktrees/surpass-reference/build-windows-cpu-v1/ncnn/src/layer/x86/layernorm_x86_avx.cpp:156: warning: ignoring '#pragma omp parallel' [-Wunknown-pragmas]
  156 |         #pragma omp parallel for num_threads(opt.num_threads)
/home/mingshi/Project/AI/ernie-image-ncnn-vulkan/.worktrees/surpass-reference/build-windows-cpu-v1/ncnn/src/layer/x86/layernorm_x86_avx.cpp:168: warning: ignoring '#pragma omp parallel' [-Wunknown-pragmas]
  168 |             #pragma omp parallel for num_threads(opt.num_threads)
/home/mingshi/Project/AI/ernie-image-ncnn-vulkan/.worktrees/surpass-reference/build-windows-cpu-v1/ncnn/src/layer/x86/layernorm_x86_avx.cpp:180: warning: ignoring '#pragma omp parallel' [-Wunknown-pragmas]
  180 |             #pragma omp parallel for num_threads(opt.num_threads)
/home/mingshi/Project/AI/ernie-image-ncnn-vulkan/.worktrees/surpass-reference/build-windows-cpu-v1/ncnn/src/layer/x86/layernorm_x86_avx.cpp:193: warning: ignoring '#pragma omp parallel' [-Wunknown-pragmas]
  193 |             #pragma omp parallel for num_threads(opt.num_threads)
/home/mingshi/Project/AI/ernie-image-ncnn-vulkan/.worktrees/surpass-reference/build-windows-cpu-v1/ncnn/src/layer/x86/layernorm_x86_avx.cpp:208: warning: ignoring '#pragma omp parallel' [-Wunknown-pragmas]
  208 |             #pragma omp parallel for num_threads(opt.num_threads)
/home/mingshi/Project/AI/ernie-image-ncnn-vulkan/.worktrees/surpass-reference/build-windows-cpu-v1/ncnn/src/layer/x86/layernorm_x86_avx.cpp:220: warning: ignoring '#pragma omp parallel' [-Wunknown-pragmas]
  220 |             #pragma omp parallel for num_threads(opt.num_threads)
/home/mingshi/Project/AI/ernie-image-ncnn-vulkan/.worktrees/surpass-reference/build-windows-cpu-v1/ncnn/src/layer/x86/layernorm_x86_avx.cpp: In member function 'int ncnn::LayerNorm_x86_avx::forward_inplace_bf16s(ncnn::Mat&, const ncnn::Option&) const':
/home/mingshi/Project/AI/ernie-image-ncnn-vulkan/.worktrees/surpass-reference/build-windows-cpu-v1/ncnn/src/layer/x86/layernorm_x86_avx.cpp:137:82: warning: unused parameter 'opt' [-Wunused-parameter]
  137 | int LayerNorm_x86_avx::forward_inplace_bf16s(Mat& bottom_top_blob, const Option& opt) const
      |                                                                    ~~~~~~~~~~~~~~^~~
[260/415] Building CXX object ncnn/src/CMakeFiles/ncnn.dir/layer/x86/layernorm_x86_avx512bf16.cpp.obj
[261/415] Building CXX object ncnn/src/CMakeFiles/ncnn.dir/layer/x86/layernorm_x86_avx2.cpp.obj
[262/415] Building CXX object ncnn/src/CMakeFiles/ncnn.dir/layer/multiheadattention.cpp.obj
/home/mingshi/Project/AI/ernie-image-ncnn-vulkan/third_party/ncnn/src/layer/multiheadattention.cpp:354: warning: ignoring '#pragma omp parallel' [-Wunknown-pragmas]
  354 |         #pragma omp parallel for num_threads(opt.num_threads)
/home/mingshi/Project/AI/ernie-image-ncnn-vulkan/third_party/ncnn/src/layer/multiheadattention.cpp:381: warning: ignoring '#pragma omp parallel' [-Wunknown-pragmas]
  381 |         #pragma omp parallel for num_threads(opt.num_threads)
/home/mingshi/Project/AI/ernie-image-ncnn-vulkan/third_party/ncnn/src/layer/multiheadattention.cpp:408: warning: ignoring '#pragma omp parallel' [-Wunknown-pragmas]
  408 |         #pragma omp parallel for num_threads(opt.num_threads)
/home/mingshi/Project/AI/ernie-image-ncnn-vulkan/third_party/ncnn/src/layer/multiheadattention.cpp:441: warning: ignoring '#pragma omp parallel' [-Wunknown-pragmas]
  441 |             #pragma omp parallel for num_threads(opt.num_threads)
/home/mingshi/Project/AI/ernie-image-ncnn-vulkan/third_party/ncnn/src/layer/multiheadattention.cpp:469: warning: ignoring '#pragma omp parallel' [-Wunknown-pragmas]
  469 |         #pragma omp parallel for num_threads(opt.num_threads)
/home/mingshi/Project/AI/ernie-image-ncnn-vulkan/third_party/ncnn/src/layer/multiheadattention.cpp:496: warning: ignoring '#pragma omp parallel' [-Wunknown-pragmas]
  496 |         #pragma omp parallel for num_threads(opt.num_threads)
/home/mingshi/Project/AI/ernie-image-ncnn-vulkan/third_party/ncnn/src/layer/multiheadattention.cpp:517: warning: ignoring '#pragma omp parallel' [-Wunknown-pragmas]
  517 |         #pragma omp parallel for num_threads(opt.num_threads)
/home/mingshi/Project/AI/ernie-image-ncnn-vulkan/third_party/ncnn/src/layer/multiheadattention.cpp:553: warning: ignoring '#pragma omp parallel' [-Wunknown-pragmas]
  553 |         #pragma omp parallel for num_threads(opt.num_threads)
/home/mingshi/Project/AI/ernie-image-ncnn-vulkan/third_party/ncnn/src/layer/multiheadattention.cpp:583: warning: ignoring '#pragma omp parallel' [-Wunknown-pragmas]
  583 |         #pragma omp parallel for num_threads(opt.num_threads)
[263/415] Building CXX object ncnn/src/CMakeFiles/ncnn.dir/layer/x86/multiheadattention_x86.cpp.obj
/home/mingshi/Project/AI/ernie-image-ncnn-vulkan/third_party/ncnn/src/layer/x86/multiheadattention_x86.cpp:960: warning: ignoring '#pragma omp parallel' [-Wunknown-pragmas]
  960 |             #pragma omp parallel for num_threads(opt.num_threads)
/home/mingshi/Project/AI/ernie-image-ncnn-vulkan/third_party/ncnn/src/layer/x86/multiheadattention_x86.cpp:994: warning: ignoring '#pragma omp parallel' [-Wunknown-pragmas]
  994 |     #pragma omp parallel for num_threads(opt.num_threads)
/home/mingshi/Project/AI/ernie-image-ncnn-vulkan/third_party/ncnn/src/layer/x86/multiheadattention_x86.cpp:1055: warning: ignoring '#pragma omp parallel' [-Wunknown-pragmas]
 1055 |     #pragma omp parallel for num_threads(opt.num_threads)
[264/415] Building CXX object ncnn/src/CMakeFiles/ncnn.dir/layer/x86/multiheadattention_x86_avx512.cpp.obj
/home/mingshi/Project/AI/ernie-image-ncnn-vulkan/.worktrees/surpass-reference/build-windows-cpu-v1/ncnn/src/layer/x86/multiheadattention_x86_avx512.cpp:960: warning: ignoring '#pragma omp parallel' [-Wunknown-pragmas]
  960 |             #pragma omp parallel for num_threads(opt.num_threads)
/home/mingshi/Project/AI/ernie-image-ncnn-vulkan/.worktrees/surpass-reference/build-windows-cpu-v1/ncnn/src/layer/x86/multiheadattention_x86_avx512.cpp:994: warning: ignoring '#pragma omp parallel' [-Wunknown-pragmas]
  994 |     #pragma omp parallel for num_threads(opt.num_threads)
/home/mingshi/Project/AI/ernie-image-ncnn-vulkan/.worktrees/surpass-reference/build-windows-cpu-v1/ncnn/src/layer/x86/multiheadattention_x86_avx512.cpp:1055: warning: ignoring '#pragma omp parallel' [-Wunknown-pragmas]
 1055 |     #pragma omp parallel for num_threads(opt.num_threads)
[265/415] Building CXX object ncnn/src/CMakeFiles/ncnn.dir/layer/gelu.cpp.obj
/home/mingshi/Project/AI/ernie-image-ncnn-vulkan/third_party/ncnn/src/layer/gelu.cpp:31: warning: ignoring '#pragma omp parallel' [-Wunknown-pragmas]
   31 |         #pragma omp parallel for num_threads(opt.num_threads)
/home/mingshi/Project/AI/ernie-image-ncnn-vulkan/third_party/ncnn/src/layer/gelu.cpp:45: warning: ignoring '#pragma omp parallel' [-Wunknown-pragmas]
   45 |         #pragma omp parallel for num_threads(opt.num_threads)
/home/mingshi/Project/AI/ernie-image-ncnn-vulkan/third_party/ncnn/src/layer/gelu.cpp: In member function 'virtual int ncnn::GELU::forward_inplace(ncnn::Mat&, const ncnn::Option&) const':
/home/mingshi/Project/AI/ernie-image-ncnn-vulkan/third_party/ncnn/src/layer/gelu.cpp:21:63: warning: unused parameter 'opt' [-Wunused-parameter]
   21 | int GELU::forward_inplace(Mat& bottom_top_blob, const Option& opt) const
      |                                                 ~~~~~~~~~~~~~~^~~
[266/415] Building CXX object ncnn/src/CMakeFiles/ncnn.dir/layer/x86/multiheadattention_x86_avx.cpp.obj
/home/mingshi/Project/AI/ernie-image-ncnn-vulkan/.worktrees/surpass-reference/build-windows-cpu-v1/ncnn/src/layer/x86/multiheadattention_x86_avx.cpp:960: warning: ignoring '#pragma omp parallel' [-Wunknown-pragmas]
  960 |             #pragma omp parallel for num_threads(opt.num_threads)
/home/mingshi/Project/AI/ernie-image-ncnn-vulkan/.worktrees/surpass-reference/build-windows-cpu-v1/ncnn/src/layer/x86/multiheadattention_x86_avx.cpp:994: warning: ignoring '#pragma omp parallel' [-Wunknown-pragmas]
  994 |     #pragma omp parallel for num_threads(opt.num_threads)
/home/mingshi/Project/AI/ernie-image-ncnn-vulkan/.worktrees/surpass-reference/build-windows-cpu-v1/ncnn/src/layer/x86/multiheadattention_x86_avx.cpp:1055: warning: ignoring '#pragma omp parallel' [-Wunknown-pragmas]
 1055 |     #pragma omp parallel for num_threads(opt.num_threads)
[267/415] Building CXX object ncnn/src/CMakeFiles/ncnn.dir/layer/x86/gelu_x86_avx512.cpp.obj
In file included from /home/mingshi/Project/AI/ernie-image-ncnn-vulkan/.worktrees/surpass-reference/build-windows-cpu-v1/ncnn/src/layer/x86/gelu_x86_avx512.cpp:24:
/home/mingshi/Project/AI/ernie-image-ncnn-vulkan/third_party/ncnn/src/layer/x86/gelu_fp32.h:35: warning: ignoring '#pragma omp parallel' [-Wunknown-pragmas]
   35 |     #pragma omp parallel for num_threads(opt.num_threads)
In file included from /home/mingshi/Project/AI/ernie-image-ncnn-vulkan/.worktrees/surpass-reference/build-windows-cpu-v1/ncnn/src/layer/x86/gelu_x86_avx512.cpp:27:
/home/mingshi/Project/AI/ernie-image-ncnn-vulkan/third_party/ncnn/src/layer/x86/gelu_bf16s.h:58: warning: ignoring '#pragma omp parallel' [-Wunknown-pragmas]
   58 |     #pragma omp parallel for num_threads(opt.num_threads)
/home/mingshi/Project/AI/ernie-image-ncnn-vulkan/third_party/ncnn/src/layer/x86/gelu_fp32.h: In function 'void ncnn::gelu_fp32(Mat&, int, const Option&)':
/home/mingshi/Project/AI/ernie-image-ncnn-vulkan/third_party/ncnn/src/layer/x86/gelu_fp32.h:11:74: warning: unused parameter 'opt' [-Wunused-parameter]
   11 | static void gelu_fp32(Mat& bottom_top_blob, int fast_gelu, const Option& opt)
      |                                                            ~~~~~~~~~~~~~~^~~
[268/415] Building CXX object ncnn/src/CMakeFiles/ncnn.dir/layer/x86/gelu_x86.cpp.obj
In file included from /home/mingshi/Project/AI/ernie-image-ncnn-vulkan/third_party/ncnn/src/layer/x86/gelu_x86.cpp:24:
/home/mingshi/Project/AI/ernie-image-ncnn-vulkan/third_party/ncnn/src/layer/x86/gelu_fp32.h:35: warning: ignoring '#pragma omp parallel' [-Wunknown-pragmas]
   35 |     #pragma omp parallel for num_threads(opt.num_threads)
In file included from /home/mingshi/Project/AI/ernie-image-ncnn-vulkan/third_party/ncnn/src/layer/x86/gelu_x86.cpp:27:
/home/mingshi/Project/AI/ernie-image-ncnn-vulkan/third_party/ncnn/src/layer/x86/gelu_bf16s.h:58: warning: ignoring '#pragma omp parallel' [-Wunknown-pragmas]
   58 |     #pragma omp parallel for num_threads(opt.num_threads)
/home/mingshi/Project/AI/ernie-image-ncnn-vulkan/third_party/ncnn/src/layer/x86/gelu_fp32.h: In function 'void ncnn::gelu_fp32(Mat&, int, const Option&)':
/home/mingshi/Project/AI/ernie-image-ncnn-vulkan/third_party/ncnn/src/layer/x86/gelu_fp32.h:11:74: warning: unused parameter 'opt' [-Wunused-parameter]
   11 | static void gelu_fp32(Mat& bottom_top_blob, int fast_gelu, const Option& opt)
      |                                                            ~~~~~~~~~~~~~~^~~
/home/mingshi/Project/AI/ernie-image-ncnn-vulkan/third_party/ncnn/src/layer/x86/gelu_bf16s.h: In function 'void ncnn::gelu_bf16s(Mat&, int, const Option&)':
/home/mingshi/Project/AI/ernie-image-ncnn-vulkan/third_party/ncnn/src/layer/x86/gelu_bf16s.h:19:61: warning: unused parameter 'opt' [-Wunused-parameter]
   19 | static void gelu_bf16s(Mat& a, int fast_gelu, const Option& opt)
      |                                               ~~~~~~~~~~~~~~^~~
[269/415] Building CXX object ncnn/src/CMakeFiles/ncnn.dir/layer/x86/gelu_x86_fma4.cpp.obj
In file included from /home/mingshi/Project/AI/ernie-image-ncnn-vulkan/third_party/ncnn/src/layer/x86/gelu_x86_fma4.cpp:14:
/home/mingshi/Project/AI/ernie-image-ncnn-vulkan/third_party/ncnn/src/layer/x86/gelu_bf16s.h:58: warning: ignoring '#pragma omp parallel' [-Wunknown-pragmas]
   58 |     #pragma omp parallel for num_threads(opt.num_threads)
In file included from /home/mingshi/Project/AI/ernie-image-ncnn-vulkan/third_party/ncnn/src/layer/x86/gelu_x86_fma4.cpp:16:
/home/mingshi/Project/AI/ernie-image-ncnn-vulkan/third_party/ncnn/src/layer/x86/gelu_fp32.h:35: warning: ignoring '#pragma omp parallel' [-Wunknown-pragmas]
   35 |     #pragma omp parallel for num_threads(opt.num_threads)
/home/mingshi/Project/AI/ernie-image-ncnn-vulkan/third_party/ncnn/src/layer/x86/gelu_fp32.h: In function 'void ncnn::gelu_fp32(Mat&, int, const Option&)':
/home/mingshi/Project/AI/ernie-image-ncnn-vulkan/third_party/ncnn/src/layer/x86/gelu_fp32.h:11:74: warning: unused parameter 'opt' [-Wunused-parameter]
   11 | static void gelu_fp32(Mat& bottom_top_blob, int fast_gelu, const Option& opt)
      |                                                            ~~~~~~~~~~~~~~^~~
[270/415] Building CXX object ncnn/src/CMakeFiles/ncnn.dir/layer/x86/gelu_x86_fma.cpp.obj
In file included from /home/mingshi/Project/AI/ernie-image-ncnn-vulkan/third_party/ncnn/src/layer/x86/gelu_x86_fma.cpp:14:
/home/mingshi/Project/AI/ernie-image-ncnn-vulkan/third_party/ncnn/src/layer/x86/gelu_bf16s.h:58: warning: ignoring '#pragma omp parallel' [-Wunknown-pragmas]
   58 |     #pragma omp parallel for num_threads(opt.num_threads)
In file included from /home/mingshi/Project/AI/ernie-image-ncnn-vulkan/third_party/ncnn/src/layer/x86/gelu_x86_fma.cpp:16:
/home/mingshi/Project/AI/ernie-image-ncnn-vulkan/third_party/ncnn/src/layer/x86/gelu_fp32.h:35: warning: ignoring '#pragma omp parallel' [-Wunknown-pragmas]
   35 |     #pragma omp parallel for num_threads(opt.num_threads)
/home/mingshi/Project/AI/ernie-image-ncnn-vulkan/third_party/ncnn/src/layer/x86/gelu_fp32.h: In function 'void ncnn::gelu_fp32(Mat&, int, const Option&)':
/home/mingshi/Project/AI/ernie-image-ncnn-vulkan/third_party/ncnn/src/layer/x86/gelu_fp32.h:11:74: warning: unused parameter 'opt' [-Wunused-parameter]
   11 | static void gelu_fp32(Mat& bottom_top_blob, int fast_gelu, const Option& opt)
      |                                                            ~~~~~~~~~~~~~~^~~
[271/415] Building CXX object ncnn/src/CMakeFiles/ncnn.dir/layer/x86/gelu_x86_avx512bf16.cpp.obj
In file included from /home/mingshi/Project/AI/ernie-image-ncnn-vulkan/third_party/ncnn/src/layer/x86/gelu_x86_avx512bf16.cpp:13:
/home/mingshi/Project/AI/ernie-image-ncnn-vulkan/third_party/ncnn/src/layer/x86/gelu_bf16s.h:58: warning: ignoring '#pragma omp parallel' [-Wunknown-pragmas]
   58 |     #pragma omp parallel for num_threads(opt.num_threads)
/home/mingshi/Project/AI/ernie-image-ncnn-vulkan/third_party/ncnn/src/layer/x86/gelu_bf16s.h: In function 'void ncnn::gelu_bf16s(Mat&, int, const Option&)':
/home/mingshi/Project/AI/ernie-image-ncnn-vulkan/third_party/ncnn/src/layer/x86/gelu_bf16s.h:19:61: warning: unused parameter 'opt' [-Wunused-parameter]
   19 | static void gelu_bf16s(Mat& a, int fast_gelu, const Option& opt)
      |                                               ~~~~~~~~~~~~~~^~~
[272/415] Building CXX object ncnn/src/CMakeFiles/ncnn.dir/layer/x86/gelu_x86_avx.cpp.obj
In file included from /home/mingshi/Project/AI/ernie-image-ncnn-vulkan/.worktrees/surpass-reference/build-windows-cpu-v1/ncnn/src/layer/x86/gelu_x86_avx.cpp:24:
/home/mingshi/Project/AI/ernie-image-ncnn-vulkan/third_party/ncnn/src/layer/x86/gelu_fp32.h:35: warning: ignoring '#pragma omp parallel' [-Wunknown-pragmas]
   35 |     #pragma omp parallel for num_threads(opt.num_threads)
In file included from /home/mingshi/Project/AI/ernie-image-ncnn-vulkan/.worktrees/surpass-reference/build-windows-cpu-v1/ncnn/src/layer/x86/gelu_x86_avx.cpp:27:
/home/mingshi/Project/AI/ernie-image-ncnn-vulkan/third_party/ncnn/src/layer/x86/gelu_bf16s.h:58: warning: ignoring '#pragma omp parallel' [-Wunknown-pragmas]
   58 |     #pragma omp parallel for num_threads(opt.num_threads)
[273/415] Building CXX object ncnn/src/CMakeFiles/ncnn.dir/layer/x86/gelu_x86_avx2.cpp.obj
In file included from /home/mingshi/Project/AI/ernie-image-ncnn-vulkan/third_party/ncnn/src/layer/x86/gelu_x86_avx2.cpp:13:
/home/mingshi/Project/AI/ernie-image-ncnn-vulkan/third_party/ncnn/src/layer/x86/gelu_bf16s.h:58: warning: ignoring '#pragma omp parallel' [-Wunknown-pragmas]
   58 |     #pragma omp parallel for num_threads(opt.num_threads)
/home/mingshi/Project/AI/ernie-image-ncnn-vulkan/third_party/ncnn/src/layer/x86/gelu_bf16s.h: In function 'void ncnn::gelu_bf16s(Mat&, int, const Option&)':
/home/mingshi/Project/AI/ernie-image-ncnn-vulkan/third_party/ncnn/src/layer/x86/gelu_bf16s.h:19:61: warning: unused parameter 'opt' [-Wunused-parameter]
   19 | static void gelu_bf16s(Mat& a, int fast_gelu, const Option& opt)
      |                                               ~~~~~~~~~~~~~~^~~
[274/415] Building CXX object ncnn/src/CMakeFiles/ncnn.dir/layer/rmsnorm.cpp.obj
/home/mingshi/Project/AI/ernie-image-ncnn-vulkan/third_party/ncnn/src/layer/rmsnorm.cpp:84: warning: ignoring '#pragma omp parallel' [-Wunknown-pragmas]
   84 |         #pragma omp parallel for num_threads(opt.num_threads)
/home/mingshi/Project/AI/ernie-image-ncnn-vulkan/third_party/ncnn/src/layer/rmsnorm.cpp:100: warning: ignoring '#pragma omp parallel' [-Wunknown-pragmas]
  100 |             #pragma omp parallel for num_threads(opt.num_threads)
/home/mingshi/Project/AI/ernie-image-ncnn-vulkan/third_party/ncnn/src/layer/rmsnorm.cpp:112: warning: ignoring '#pragma omp parallel' [-Wunknown-pragmas]
  112 |             #pragma omp parallel for num_threads(opt.num_threads)
/home/mingshi/Project/AI/ernie-image-ncnn-vulkan/third_party/ncnn/src/layer/rmsnorm.cpp:130: warning: ignoring '#pragma omp parallel' [-Wunknown-pragmas]
  130 |             #pragma omp parallel for num_threads(opt.num_threads)
/home/mingshi/Project/AI/ernie-image-ncnn-vulkan/third_party/ncnn/src/layer/rmsnorm.cpp:145: warning: ignoring '#pragma omp parallel' [-Wunknown-pragmas]
  145 |             #pragma omp parallel for num_threads(opt.num_threads)
/home/mingshi/Project/AI/ernie-image-ncnn-vulkan/third_party/ncnn/src/layer/rmsnorm.cpp:157: warning: ignoring '#pragma omp parallel' [-Wunknown-pragmas]
  157 |             #pragma omp parallel for num_threads(opt.num_threads)
/home/mingshi/Project/AI/ernie-image-ncnn-vulkan/third_party/ncnn/src/layer/rmsnorm.cpp: In member function 'virtual int ncnn::RMSNorm::forward_inplace(ncnn::Mat&, const ncnn::Option&) const':
/home/mingshi/Project/AI/ernie-image-ncnn-vulkan/third_party/ncnn/src/layer/rmsnorm.cpp:63:66: warning: unused parameter 'opt' [-Wunused-parameter]
   63 | int RMSNorm::forward_inplace(Mat& bottom_top_blob, const Option& opt) const
      |                                                    ~~~~~~~~~~~~~~^~~
[275/415] Building CXX object ncnn/src/CMakeFiles/ncnn.dir/layer/x86/rmsnorm_x86.cpp.obj
/home/mingshi/Project/AI/ernie-image-ncnn-vulkan/third_party/ncnn/src/layer/x86/rmsnorm_x86.cpp:60: warning: ignoring '#pragma omp parallel' [-Wunknown-pragmas]
   60 |         #pragma omp parallel for num_threads(opt.num_threads)
/home/mingshi/Project/AI/ernie-image-ncnn-vulkan/third_party/ncnn/src/layer/x86/rmsnorm_x86.cpp:72: warning: ignoring '#pragma omp parallel' [-Wunknown-pragmas]
   72 |             #pragma omp parallel for num_threads(opt.num_threads)
/home/mingshi/Project/AI/ernie-image-ncnn-vulkan/third_party/ncnn/src/layer/x86/rmsnorm_x86.cpp:84: warning: ignoring '#pragma omp parallel' [-Wunknown-pragmas]
   84 |             #pragma omp parallel for num_threads(opt.num_threads)
/home/mingshi/Project/AI/ernie-image-ncnn-vulkan/third_party/ncnn/src/layer/x86/rmsnorm_x86.cpp:97: warning: ignoring '#pragma omp parallel' [-Wunknown-pragmas]
   97 |             #pragma omp parallel for num_threads(opt.num_threads)
/home/mingshi/Project/AI/ernie-image-ncnn-vulkan/third_party/ncnn/src/layer/x86/rmsnorm_x86.cpp:112: warning: ignoring '#pragma omp parallel' [-Wunknown-pragmas]
  112 |             #pragma omp parallel for num_threads(opt.num_threads)
/home/mingshi/Project/AI/ernie-image-ncnn-vulkan/third_party/ncnn/src/layer/x86/rmsnorm_x86.cpp:124: warning: ignoring '#pragma omp parallel' [-Wunknown-pragmas]
  124 |             #pragma omp parallel for num_threads(opt.num_threads)
/home/mingshi/Project/AI/ernie-image-ncnn-vulkan/third_party/ncnn/src/layer/x86/rmsnorm_x86.cpp:156: warning: ignoring '#pragma omp parallel' [-Wunknown-pragmas]
  156 |         #pragma omp parallel for num_threads(opt.num_threads)
/home/mingshi/Project/AI/ernie-image-ncnn-vulkan/third_party/ncnn/src/layer/x86/rmsnorm_x86.cpp:168: warning: ignoring '#pragma omp parallel' [-Wunknown-pragmas]
  168 |             #pragma omp parallel for num_threads(opt.num_threads)
/home/mingshi/Project/AI/ernie-image-ncnn-vulkan/third_party/ncnn/src/layer/x86/rmsnorm_x86.cpp:180: warning: ignoring '#pragma omp parallel' [-Wunknown-pragmas]
  180 |             #pragma omp parallel for num_threads(opt.num_threads)
/home/mingshi/Project/AI/ernie-image-ncnn-vulkan/third_party/ncnn/src/layer/x86/rmsnorm_x86.cpp:193: warning: ignoring '#pragma omp parallel' [-Wunknown-pragmas]
  193 |             #pragma omp parallel for num_threads(opt.num_threads)
/home/mingshi/Project/AI/ernie-image-ncnn-vulkan/third_party/ncnn/src/layer/x86/rmsnorm_x86.cpp:208: warning: ignoring '#pragma omp parallel' [-Wunknown-pragmas]
  208 |             #pragma omp parallel for num_threads(opt.num_threads)
/home/mingshi/Project/AI/ernie-image-ncnn-vulkan/third_party/ncnn/src/layer/x86/rmsnorm_x86.cpp:220: warning: ignoring '#pragma omp parallel' [-Wunknown-pragmas]
  220 |             #pragma omp parallel for num_threads(opt.num_threads)
/home/mingshi/Project/AI/ernie-image-ncnn-vulkan/third_party/ncnn/src/layer/x86/rmsnorm_x86.cpp: In member function 'int ncnn::RMSNorm_x86::forward_inplace_bf16s(ncnn::Mat&, const ncnn::Option&) const':
/home/mingshi/Project/AI/ernie-image-ncnn-vulkan/third_party/ncnn/src/layer/x86/rmsnorm_x86.cpp:137:76: warning: unused parameter 'opt' [-Wunused-parameter]
  137 | int RMSNorm_x86::forward_inplace_bf16s(Mat& bottom_top_blob, const Option& opt) const
      |                                                              ~~~~~~~~~~~~~~^~~
[276/415] Building CXX object ncnn/src/CMakeFiles/ncnn.dir/layer/x86/rmsnorm_x86_avx512.cpp.obj
/home/mingshi/Project/AI/ernie-image-ncnn-vulkan/.worktrees/surpass-reference/build-windows-cpu-v1/ncnn/src/layer/x86/rmsnorm_x86_avx512.cpp:60: warning: ignoring '#pragma omp parallel' [-Wunknown-pragmas]
   60 |         #pragma omp parallel for num_threads(opt.num_threads)
/home/mingshi/Project/AI/ernie-image-ncnn-vulkan/.worktrees/surpass-reference/build-windows-cpu-v1/ncnn/src/layer/x86/rmsnorm_x86_avx512.cpp:72: warning: ignoring '#pragma omp parallel' [-Wunknown-pragmas]
   72 |             #pragma omp parallel for num_threads(opt.num_threads)
/home/mingshi/Project/AI/ernie-image-ncnn-vulkan/.worktrees/surpass-reference/build-windows-cpu-v1/ncnn/src/layer/x86/rmsnorm_x86_avx512.cpp:84: warning: ignoring '#pragma omp parallel' [-Wunknown-pragmas]
   84 |             #pragma omp parallel for num_threads(opt.num_threads)
/home/mingshi/Project/AI/ernie-image-ncnn-vulkan/.worktrees/surpass-reference/build-windows-cpu-v1/ncnn/src/layer/x86/rmsnorm_x86_avx512.cpp:97: warning: ignoring '#pragma omp parallel' [-Wunknown-pragmas]
   97 |             #pragma omp parallel for num_threads(opt.num_threads)
/home/mingshi/Project/AI/ernie-image-ncnn-vulkan/.worktrees/surpass-reference/build-windows-cpu-v1/ncnn/src/layer/x86/rmsnorm_x86_avx512.cpp:112: warning: ignoring '#pragma omp parallel' [-Wunknown-pragmas]
  112 |             #pragma omp parallel for num_threads(opt.num_threads)
/home/mingshi/Project/AI/ernie-image-ncnn-vulkan/.worktrees/surpass-reference/build-windows-cpu-v1/ncnn/src/layer/x86/rmsnorm_x86_avx512.cpp:124: warning: ignoring '#pragma omp parallel' [-Wunknown-pragmas]
  124 |             #pragma omp parallel for num_threads(opt.num_threads)
/home/mingshi/Project/AI/ernie-image-ncnn-vulkan/.worktrees/surpass-reference/build-windows-cpu-v1/ncnn/src/layer/x86/rmsnorm_x86_avx512.cpp:156: warning: ignoring '#pragma omp parallel' [-Wunknown-pragmas]
  156 |         #pragma omp parallel for num_threads(opt.num_threads)
/home/mingshi/Project/AI/ernie-image-ncnn-vulkan/.worktrees/surpass-reference/build-windows-cpu-v1/ncnn/src/layer/x86/rmsnorm_x86_avx512.cpp:168: warning: ignoring '#pragma omp parallel' [-Wunknown-pragmas]
  168 |             #pragma omp parallel for num_threads(opt.num_threads)
/home/mingshi/Project/AI/ernie-image-ncnn-vulkan/.worktrees/surpass-reference/build-windows-cpu-v1/ncnn/src/layer/x86/rmsnorm_x86_avx512.cpp:180: warning: ignoring '#pragma omp parallel' [-Wunknown-pragmas]
  180 |             #pragma omp parallel for num_threads(opt.num_threads)
/home/mingshi/Project/AI/ernie-image-ncnn-vulkan/.worktrees/surpass-reference/build-windows-cpu-v1/ncnn/src/layer/x86/rmsnorm_x86_avx512.cpp:193: warning: ignoring '#pragma omp parallel' [-Wunknown-pragmas]
  193 |             #pragma omp parallel for num_threads(opt.num_threads)
/home/mingshi/Project/AI/ernie-image-ncnn-vulkan/.worktrees/surpass-reference/build-windows-cpu-v1/ncnn/src/layer/x86/rmsnorm_x86_avx512.cpp:208: warning: ignoring '#pragma omp parallel' [-Wunknown-pragmas]
  208 |             #pragma omp parallel for num_threads(opt.num_threads)
/home/mingshi/Project/AI/ernie-image-ncnn-vulkan/.worktrees/surpass-reference/build-windows-cpu-v1/ncnn/src/layer/x86/rmsnorm_x86_avx512.cpp:220: warning: ignoring '#pragma omp parallel' [-Wunknown-pragmas]
  220 |             #pragma omp parallel for num_threads(opt.num_threads)
/home/mingshi/Project/AI/ernie-image-ncnn-vulkan/.worktrees/surpass-reference/build-windows-cpu-v1/ncnn/src/layer/x86/rmsnorm_x86_avx512.cpp: In member function 'int ncnn::RMSNorm_x86_avx512::forward_inplace_bf16s(ncnn::Mat&, const ncnn::Option&) const':
/home/mingshi/Project/AI/ernie-image-ncnn-vulkan/.worktrees/surpass-reference/build-windows-cpu-v1/ncnn/src/layer/x86/rmsnorm_x86_avx512.cpp:137:83: warning: unused parameter 'opt' [-Wunused-parameter]
  137 | int RMSNorm_x86_avx512::forward_inplace_bf16s(Mat& bottom_top_blob, const Option& opt) const
      |                                                                     ~~~~~~~~~~~~~~^~~
[277/415] Building CXX object ncnn/src/CMakeFiles/ncnn.dir/layer/x86/rmsnorm_x86_fma.cpp.obj
[278/415] Building CXX object ncnn/src/CMakeFiles/ncnn.dir/layer/x86/rmsnorm_x86_fma4.cpp.obj
[279/415] Building CXX object ncnn/src/CMakeFiles/ncnn.dir/layer/x86/rmsnorm_x86_avx512bf16.cpp.obj
[280/415] Building CXX object ncnn/src/CMakeFiles/ncnn.dir/layer/x86/rmsnorm_x86_avx.cpp.obj
/home/mingshi/Project/AI/ernie-image-ncnn-vulkan/.worktrees/surpass-reference/build-windows-cpu-v1/ncnn/src/layer/x86/rmsnorm_x86_avx.cpp:60: warning: ignoring '#pragma omp parallel' [-Wunknown-pragmas]
   60 |         #pragma omp parallel for num_threads(opt.num_threads)
/home/mingshi/Project/AI/ernie-image-ncnn-vulkan/.worktrees/surpass-reference/build-windows-cpu-v1/ncnn/src/layer/x86/rmsnorm_x86_avx.cpp:72: warning: ignoring '#pragma omp parallel' [-Wunknown-pragmas]
   72 |             #pragma omp parallel for num_threads(opt.num_threads)
/home/mingshi/Project/AI/ernie-image-ncnn-vulkan/.worktrees/surpass-reference/build-windows-cpu-v1/ncnn/src/layer/x86/rmsnorm_x86_avx.cpp:84: warning: ignoring '#pragma omp parallel' [-Wunknown-pragmas]
   84 |             #pragma omp parallel for num_threads(opt.num_threads)
/home/mingshi/Project/AI/ernie-image-ncnn-vulkan/.worktrees/surpass-reference/build-windows-cpu-v1/ncnn/src/layer/x86/rmsnorm_x86_avx.cpp:97: warning: ignoring '#pragma omp parallel' [-Wunknown-pragmas]
   97 |             #pragma omp parallel for num_threads(opt.num_threads)
/home/mingshi/Project/AI/ernie-image-ncnn-vulkan/.worktrees/surpass-reference/build-windows-cpu-v1/ncnn/src/layer/x86/rmsnorm_x86_avx.cpp:112: warning: ignoring '#pragma omp parallel' [-Wunknown-pragmas]
  112 |             #pragma omp parallel for num_threads(opt.num_threads)
/home/mingshi/Project/AI/ernie-image-ncnn-vulkan/.worktrees/surpass-reference/build-windows-cpu-v1/ncnn/src/layer/x86/rmsnorm_x86_avx.cpp:124: warning: ignoring '#pragma omp parallel' [-Wunknown-pragmas]
  124 |             #pragma omp parallel for num_threads(opt.num_threads)
/home/mingshi/Project/AI/ernie-image-ncnn-vulkan/.worktrees/surpass-reference/build-windows-cpu-v1/ncnn/src/layer/x86/rmsnorm_x86_avx.cpp:156: warning: ignoring '#pragma omp parallel' [-Wunknown-pragmas]
  156 |         #pragma omp parallel for num_threads(opt.num_threads)
/home/mingshi/Project/AI/ernie-image-ncnn-vulkan/.worktrees/surpass-reference/build-windows-cpu-v1/ncnn/src/layer/x86/rmsnorm_x86_avx.cpp:168: warning: ignoring '#pragma omp parallel' [-Wunknown-pragmas]
  168 |             #pragma omp parallel for num_threads(opt.num_threads)
/home/mingshi/Project/AI/ernie-image-ncnn-vulkan/.worktrees/surpass-reference/build-windows-cpu-v1/ncnn/src/layer/x86/rmsnorm_x86_avx.cpp:180: warning: ignoring '#pragma omp parallel' [-Wunknown-pragmas]
  180 |             #pragma omp parallel for num_threads(opt.num_threads)
/home/mingshi/Project/AI/ernie-image-ncnn-vulkan/.worktrees/surpass-reference/build-windows-cpu-v1/ncnn/src/layer/x86/rmsnorm_x86_avx.cpp:193: warning: ignoring '#pragma omp parallel' [-Wunknown-pragmas]
  193 |             #pragma omp parallel for num_threads(opt.num_threads)
/home/mingshi/Project/AI/ernie-image-ncnn-vulkan/.worktrees/surpass-reference/build-windows-cpu-v1/ncnn/src/layer/x86/rmsnorm_x86_avx.cpp:208: warning: ignoring '#pragma omp parallel' [-Wunknown-pragmas]
  208 |             #pragma omp parallel for num_threads(opt.num_threads)
/home/mingshi/Project/AI/ernie-image-ncnn-vulkan/.worktrees/surpass-reference/build-windows-cpu-v1/ncnn/src/layer/x86/rmsnorm_x86_avx.cpp:220: warning: ignoring '#pragma omp parallel' [-Wunknown-pragmas]
  220 |             #pragma omp parallel for num_threads(opt.num_threads)
/home/mingshi/Project/AI/ernie-image-ncnn-vulkan/.worktrees/surpass-reference/build-windows-cpu-v1/ncnn/src/layer/x86/rmsnorm_x86_avx.cpp: In member function 'int ncnn::RMSNorm_x86_avx::forward_inplace_bf16s(ncnn::Mat&, const ncnn::Option&) const':
/home/mingshi/Project/AI/ernie-image-ncnn-vulkan/.worktrees/surpass-reference/build-windows-cpu-v1/ncnn/src/layer/x86/rmsnorm_x86_avx.cpp:137:80: warning: unused parameter 'opt' [-Wunused-parameter]
  137 | int RMSNorm_x86_avx::forward_inplace_bf16s(Mat& bottom_top_blob, const Option& opt) const
      |                                                                  ~~~~~~~~~~~~~~^~~
[281/415] Building CXX object ncnn/src/CMakeFiles/ncnn.dir/layer/x86/rmsnorm_x86_avx2.cpp.obj
[282/415] Building CXX object ncnn/src/CMakeFiles/ncnn.dir/layer/sdpa.cpp.obj
/home/mingshi/Project/AI/ernie-image-ncnn-vulkan/third_party/ncnn/src/layer/sdpa.cpp:156: warning: ignoring '#pragma omp parallel' [-Wunknown-pragmas]
  156 |         #pragma omp parallel for num_threads(opt.num_threads)
/home/mingshi/Project/AI/ernie-image-ncnn-vulkan/third_party/ncnn/src/layer/sdpa.cpp:169: warning: ignoring '#pragma omp parallel' [-Wunknown-pragmas]
  169 |     #pragma omp parallel for num_threads(opt.num_threads)
[283/415] Building CXX object ncnn/src/CMakeFiles/ncnn.dir/layer/x86/sdpa_x86.cpp.obj
In file included from /home/mingshi/Project/AI/ernie-image-ncnn-vulkan/third_party/ncnn/src/layer/x86/sdpa_x86.cpp:27:
/home/mingshi/Project/AI/ernie-image-ncnn-vulkan/third_party/ncnn/src/layer/x86/sdpa_prefill.h:293: warning: ignoring '#pragma omp parallel' [-Wunknown-pragmas]
  293 |     #pragma omp parallel for num_threads(opt.num_threads)
/home/mingshi/Project/AI/ernie-image-ncnn-vulkan/third_party/ncnn/src/layer/x86/sdpa_prefill.h:892: warning: ignoring '#pragma omp parallel' [-Wunknown-pragmas]
  892 |     #pragma omp parallel for num_threads(nT)
/home/mingshi/Project/AI/ernie-image-ncnn-vulkan/third_party/ncnn/src/layer/x86/sdpa_prefill.h:3651: warning: ignoring '#pragma omp parallel' [-Wunknown-pragmas]
 3651 |     #pragma omp parallel for num_threads(nT)
/home/mingshi/Project/AI/ernie-image-ncnn-vulkan/third_party/ncnn/src/layer/x86/sdpa_prefill.h:3717: warning: ignoring '#pragma omp parallel' [-Wunknown-pragmas]
 3717 |     #pragma omp parallel for num_threads(nT)
In file included from /home/mingshi/Project/AI/ernie-image-ncnn-vulkan/third_party/ncnn/src/layer/x86/sdpa_x86.cpp:28:
/home/mingshi/Project/AI/ernie-image-ncnn-vulkan/third_party/ncnn/src/layer/x86/sdpa_decode.h:946: warning: ignoring '#pragma omp parallel' [-Wunknown-pragmas]
  946 |     #pragma omp parallel for num_threads(nT)
/home/mingshi/Project/AI/ernie-image-ncnn-vulkan/third_party/ncnn/src/layer/x86/sdpa_decode.h:1863: warning: ignoring '#pragma omp parallel' [-Wunknown-pragmas]
 1863 |     #pragma omp parallel for num_threads(nT)
In file included from /home/mingshi/Project/AI/ernie-image-ncnn-vulkan/third_party/ncnn/src/layer/x86/sdpa_x86.cpp:30:
/home/mingshi/Project/AI/ernie-image-ncnn-vulkan/third_party/ncnn/src/layer/x86/sdpa_prefill_bf16s.h:397: warning: ignoring '#pragma omp parallel' [-Wunknown-pragmas]
  397 |     #pragma omp parallel for num_threads(opt.num_threads)
/home/mingshi/Project/AI/ernie-image-ncnn-vulkan/third_party/ncnn/src/layer/x86/sdpa_prefill_bf16s.h:4503: warning: ignoring '#pragma omp parallel' [-Wunknown-pragmas]
 4503 |         #pragma omp parallel for num_threads(nT)
/home/mingshi/Project/AI/ernie-image-ncnn-vulkan/third_party/ncnn/src/layer/x86/sdpa_prefill_bf16s.h:4540: warning: ignoring '#pragma omp parallel' [-Wunknown-pragmas]
 4540 |         #pragma omp parallel for num_threads(pack_nT)
/home/mingshi/Project/AI/ernie-image-ncnn-vulkan/third_party/ncnn/src/layer/x86/sdpa_prefill_bf16s.h:4582: warning: ignoring '#pragma omp parallel' [-Wunknown-pragmas]
 4582 |     #pragma omp parallel for num_threads(nT)
/home/mingshi/Project/AI/ernie-image-ncnn-vulkan/third_party/ncnn/src/layer/x86/sdpa_prefill_bf16s.h:4654: warning: ignoring '#pragma omp parallel' [-Wunknown-pragmas]
 4654 |     #pragma omp parallel for num_threads(nT)
In file included from /home/mingshi/Project/AI/ernie-image-ncnn-vulkan/third_party/ncnn/src/layer/x86/sdpa_x86.cpp:31:
/home/mingshi/Project/AI/ernie-image-ncnn-vulkan/third_party/ncnn/src/layer/x86/sdpa_decode_bf16s.h:498: warning: ignoring '#pragma omp parallel' [-Wunknown-pragmas]
  498 |     #pragma omp parallel for num_threads(nT)
/home/mingshi/Project/AI/ernie-image-ncnn-vulkan/third_party/ncnn/src/layer/x86/sdpa_decode_bf16s.h:1605: warning: ignoring '#pragma omp parallel' [-Wunknown-pragmas]
 1605 |     #pragma omp parallel for num_threads(nT)
In file included from /home/mingshi/Project/AI/ernie-image-ncnn-vulkan/third_party/ncnn/src/layer/x86/sdpa_x86.cpp:33:
/home/mingshi/Project/AI/ernie-image-ncnn-vulkan/third_party/ncnn/src/layer/x86/sdpa_kvcache.h:106: warning: ignoring '#pragma omp parallel' [-Wunknown-pragmas]
  106 |         #pragma omp parallel for num_threads(nT)
/home/mingshi/Project/AI/ernie-image-ncnn-vulkan/third_party/ncnn/src/layer/x86/sdpa_kvcache.h:185: warning: ignoring '#pragma omp parallel' [-Wunknown-pragmas]
  185 |         #pragma omp parallel for num_threads(nT)
/home/mingshi/Project/AI/ernie-image-ncnn-vulkan/third_party/ncnn/src/layer/x86/sdpa_x86.cpp:248: warning: ignoring '#pragma omp parallel' [-Wunknown-pragmas]
  248 |         #pragma omp parallel for num_threads(opt.num_threads)
/home/mingshi/Project/AI/ernie-image-ncnn-vulkan/third_party/ncnn/src/layer/x86/sdpa_x86.cpp:313: warning: ignoring '#pragma omp parallel' [-Wunknown-pragmas]
  313 |     #pragma omp parallel for num_threads(opt.num_threads)
/home/mingshi/Project/AI/ernie-image-ncnn-vulkan/third_party/ncnn/src/layer/x86/sdpa_x86.cpp:377: warning: ignoring '#pragma omp parallel' [-Wunknown-pragmas]
  377 |     #pragma omp parallel for num_threads(opt.num_threads)
/home/mingshi/Project/AI/ernie-image-ncnn-vulkan/third_party/ncnn/src/layer/x86/sdpa_prefill.h: In function 'void ncnn::sdpa_pack_mask(const Mat&, Mat&, int, const Option&)':
/home/mingshi/Project/AI/ernie-image-ncnn-vulkan/third_party/ncnn/src/layer/x86/sdpa_prefill.h:287:100: warning: unused parameter 'opt' [-Wunused-parameter]
  287 | static void sdpa_pack_mask(const Mat& attn_mask_blob, Mat& packed_mask, int block_m, const Option& opt)
      |                                                                                      ~~~~~~~~~~~~~~^~~
/home/mingshi/Project/AI/ernie-image-ncnn-vulkan/third_party/ncnn/src/layer/x86/sdpa_prefill.h: In function 'int ncnn::sdpa_prefill(const Mat&, const Mat&, const Mat&, const Mat&, Mat&, float, const Option&)':
/home/mingshi/Project/AI/ernie-image-ncnn-vulkan/third_party/ncnn/src/layer/x86/sdpa_prefill.h:3715:15: warning: unused variable 'nT' [-Wunused-variable]
 3715 |     const int nT = key.h >= panel_width ? std::min(opt.num_threads, num_tasks) : 1;
      |               ^~
/home/mingshi/Project/AI/ernie-image-ncnn-vulkan/third_party/ncnn/src/layer/x86/sdpa_prefill_bf16s.h: In function 'void ncnn::sdpa_pack_mask_bf16s(const Mat&, Mat&, int, const Option&)':
/home/mingshi/Project/AI/ernie-image-ncnn-vulkan/third_party/ncnn/src/layer/x86/sdpa_prefill_bf16s.h:391:106: warning: unused parameter 'opt' [-Wunused-parameter]
  391 | static void sdpa_pack_mask_bf16s(const Mat& attn_mask_blob, Mat& packed_mask, int block_m, const Option& opt)
      |                                                                                            ~~~~~~~~~~~~~~^~~
/home/mingshi/Project/AI/ernie-image-ncnn-vulkan/third_party/ncnn/src/layer/x86/sdpa_prefill_bf16s.h: In function 'int ncnn::sdpa_prefill_bf16s(const Mat&, const Mat&, const Mat&, const Mat&, Mat&, float, const Option&)':
/home/mingshi/Project/AI/ernie-image-ncnn-vulkan/third_party/ncnn/src/layer/x86/sdpa_prefill_bf16s.h:4652:15: warning: unused variable 'nT' [-Wunused-variable]
 4652 |     const int nT = key.h >= panel_width ? std::min(opt.num_threads, num_tasks) : 1;
      |               ^~
/home/mingshi/Project/AI/ernie-image-ncnn-vulkan/third_party/ncnn/src/layer/x86/sdpa_kvcache.h: In function 'int ncnn::sdpa_kvcache(const Mat&, const Mat&, const Mat&, const Mat&, const Mat&, Mat&, Mat&, const Mat&, Mat&, float, const Option&)':
/home/mingshi/Project/AI/ernie-image-ncnn-vulkan/third_party/ncnn/src/layer/x86/sdpa_kvcache.h:104:19: warning: unused variable 'nT' [-Wunused-variable]
  104 |         const int nT = cur_key.h >= panel_width ? std::min(opt.num_threads, num_tasks) : 1;
      |                   ^~
/home/mingshi/Project/AI/ernie-image-ncnn-vulkan/third_party/ncnn/src/layer/x86/sdpa_kvcache.h: In function 'int ncnn::sdpa_kvcache_bf16s(const Mat&, const Mat&, const Mat&, const Mat&, const Mat&, Mat&, Mat&, const Mat&, Mat&, float, const Option&)':
/home/mingshi/Project/AI/ernie-image-ncnn-vulkan/third_party/ncnn/src/layer/x86/sdpa_kvcache.h:183:19: warning: unused variable 'nT' [-Wunused-variable]
  183 |         const int nT = cur_key.h >= panel_width ? std::min(opt.num_threads, num_tasks) : 1;
      |                   ^~
[284/415] Building CXX object ncnn/src/CMakeFiles/ncnn.dir/layer/x86/sdpa_x86_avx512.cpp.obj
In file included from /home/mingshi/Project/AI/ernie-image-ncnn-vulkan/.worktrees/surpass-reference/build-windows-cpu-v1/ncnn/src/layer/x86/sdpa_x86_avx512.cpp:27:
/home/mingshi/Project/AI/ernie-image-ncnn-vulkan/third_party/ncnn/src/layer/x86/sdpa_prefill.h:293: warning: ignoring '#pragma omp parallel' [-Wunknown-pragmas]
  293 |     #pragma omp parallel for num_threads(opt.num_threads)
/home/mingshi/Project/AI/ernie-image-ncnn-vulkan/third_party/ncnn/src/layer/x86/sdpa_prefill.h:892: warning: ignoring '#pragma omp parallel' [-Wunknown-pragmas]
  892 |     #pragma omp parallel for num_threads(nT)
/home/mingshi/Project/AI/ernie-image-ncnn-vulkan/third_party/ncnn/src/layer/x86/sdpa_prefill.h:3651: warning: ignoring '#pragma omp parallel' [-Wunknown-pragmas]
 3651 |     #pragma omp parallel for num_threads(nT)
/home/mingshi/Project/AI/ernie-image-ncnn-vulkan/third_party/ncnn/src/layer/x86/sdpa_prefill.h:3717: warning: ignoring '#pragma omp parallel' [-Wunknown-pragmas]
 3717 |     #pragma omp parallel for num_threads(nT)
In file included from /home/mingshi/Project/AI/ernie-image-ncnn-vulkan/.worktrees/surpass-reference/build-windows-cpu-v1/ncnn/src/layer/x86/sdpa_x86_avx512.cpp:28:
/home/mingshi/Project/AI/ernie-image-ncnn-vulkan/third_party/ncnn/src/layer/x86/sdpa_decode.h:946: warning: ignoring '#pragma omp parallel' [-Wunknown-pragmas]
  946 |     #pragma omp parallel for num_threads(nT)
/home/mingshi/Project/AI/ernie-image-ncnn-vulkan/third_party/ncnn/src/layer/x86/sdpa_decode.h:1863: warning: ignoring '#pragma omp parallel' [-Wunknown-pragmas]
 1863 |     #pragma omp parallel for num_threads(nT)
In file included from /home/mingshi/Project/AI/ernie-image-ncnn-vulkan/.worktrees/surpass-reference/build-windows-cpu-v1/ncnn/src/layer/x86/sdpa_x86_avx512.cpp:30:
/home/mingshi/Project/AI/ernie-image-ncnn-vulkan/third_party/ncnn/src/layer/x86/sdpa_prefill_bf16s.h:397: warning: ignoring '#pragma omp parallel' [-Wunknown-pragmas]
  397 |     #pragma omp parallel for num_threads(opt.num_threads)
/home/mingshi/Project/AI/ernie-image-ncnn-vulkan/third_party/ncnn/src/layer/x86/sdpa_prefill_bf16s.h:4503: warning: ignoring '#pragma omp parallel' [-Wunknown-pragmas]
 4503 |         #pragma omp parallel for num_threads(nT)
/home/mingshi/Project/AI/ernie-image-ncnn-vulkan/third_party/ncnn/src/layer/x86/sdpa_prefill_bf16s.h:4540: warning: ignoring '#pragma omp parallel' [-Wunknown-pragmas]
 4540 |         #pragma omp parallel for num_threads(pack_nT)
/home/mingshi/Project/AI/ernie-image-ncnn-vulkan/third_party/ncnn/src/layer/x86/sdpa_prefill_bf16s.h:4582: warning: ignoring '#pragma omp parallel' [-Wunknown-pragmas]
 4582 |     #pragma omp parallel for num_threads(nT)
/home/mingshi/Project/AI/ernie-image-ncnn-vulkan/third_party/ncnn/src/layer/x86/sdpa_prefill_bf16s.h:4654: warning: ignoring '#pragma omp parallel' [-Wunknown-pragmas]
 4654 |     #pragma omp parallel for num_threads(nT)
In file included from /home/mingshi/Project/AI/ernie-image-ncnn-vulkan/.worktrees/surpass-reference/build-windows-cpu-v1/ncnn/src/layer/x86/sdpa_x86_avx512.cpp:31:
/home/mingshi/Project/AI/ernie-image-ncnn-vulkan/third_party/ncnn/src/layer/x86/sdpa_decode_bf16s.h:498: warning: ignoring '#pragma omp parallel' [-Wunknown-pragmas]
  498 |     #pragma omp parallel for num_threads(nT)
/home/mingshi/Project/AI/ernie-image-ncnn-vulkan/third_party/ncnn/src/layer/x86/sdpa_decode_bf16s.h:1605: warning: ignoring '#pragma omp parallel' [-Wunknown-pragmas]
 1605 |     #pragma omp parallel for num_threads(nT)
In file included from /home/mingshi/Project/AI/ernie-image-ncnn-vulkan/.worktrees/surpass-reference/build-windows-cpu-v1/ncnn/src/layer/x86/sdpa_x86_avx512.cpp:33:
/home/mingshi/Project/AI/ernie-image-ncnn-vulkan/third_party/ncnn/src/layer/x86/sdpa_kvcache.h:106: warning: ignoring '#pragma omp parallel' [-Wunknown-pragmas]
  106 |         #pragma omp parallel for num_threads(nT)
/home/mingshi/Project/AI/ernie-image-ncnn-vulkan/third_party/ncnn/src/layer/x86/sdpa_kvcache.h:185: warning: ignoring '#pragma omp parallel' [-Wunknown-pragmas]
  185 |         #pragma omp parallel for num_threads(nT)
/home/mingshi/Project/AI/ernie-image-ncnn-vulkan/.worktrees/surpass-reference/build-windows-cpu-v1/ncnn/src/layer/x86/sdpa_x86_avx512.cpp:248: warning: ignoring '#pragma omp parallel' [-Wunknown-pragmas]
  248 |         #pragma omp parallel for num_threads(opt.num_threads)
/home/mingshi/Project/AI/ernie-image-ncnn-vulkan/.worktrees/surpass-reference/build-windows-cpu-v1/ncnn/src/layer/x86/sdpa_x86_avx512.cpp:313: warning: ignoring '#pragma omp parallel' [-Wunknown-pragmas]
  313 |     #pragma omp parallel for num_threads(opt.num_threads)
/home/mingshi/Project/AI/ernie-image-ncnn-vulkan/.worktrees/surpass-reference/build-windows-cpu-v1/ncnn/src/layer/x86/sdpa_x86_avx512.cpp:377: warning: ignoring '#pragma omp parallel' [-Wunknown-pragmas]
  377 |     #pragma omp parallel for num_threads(opt.num_threads)
/home/mingshi/Project/AI/ernie-image-ncnn-vulkan/third_party/ncnn/src/layer/x86/sdpa_prefill.h: In function 'void ncnn::sdpa_pack_mask(const Mat&, Mat&, int, const Option&)':
/home/mingshi/Project/AI/ernie-image-ncnn-vulkan/third_party/ncnn/src/layer/x86/sdpa_prefill.h:287:100: warning: unused parameter 'opt' [-Wunused-parameter]
  287 | static void sdpa_pack_mask(const Mat& attn_mask_blob, Mat& packed_mask, int block_m, const Option& opt)
      |                                                                                      ~~~~~~~~~~~~~~^~~
/home/mingshi/Project/AI/ernie-image-ncnn-vulkan/third_party/ncnn/src/layer/x86/sdpa_prefill.h: In function 'int ncnn::sdpa_prefill(const Mat&, const Mat&, const Mat&, const Mat&, Mat&, float, const Option&)':
/home/mingshi/Project/AI/ernie-image-ncnn-vulkan/third_party/ncnn/src/layer/x86/sdpa_prefill.h:3715:15: warning: unused variable 'nT' [-Wunused-variable]
 3715 |     const int nT = key.h >= panel_width ? std::min(opt.num_threads, num_tasks) : 1;
      |               ^~
/home/mingshi/Project/AI/ernie-image-ncnn-vulkan/third_party/ncnn/src/layer/x86/sdpa_prefill_bf16s.h: In function 'void ncnn::sdpa_pack_mask_bf16s(const Mat&, Mat&, int, const Option&)':
/home/mingshi/Project/AI/ernie-image-ncnn-vulkan/third_party/ncnn/src/layer/x86/sdpa_prefill_bf16s.h:391:106: warning: unused parameter 'opt' [-Wunused-parameter]
  391 | static void sdpa_pack_mask_bf16s(const Mat& attn_mask_blob, Mat& packed_mask, int block_m, const Option& opt)
      |                                                                                            ~~~~~~~~~~~~~~^~~
/home/mingshi/Project/AI/ernie-image-ncnn-vulkan/third_party/ncnn/src/layer/x86/sdpa_prefill_bf16s.h: In function 'int ncnn::sdpa_prefill_bf16s(const Mat&, const Mat&, const Mat&, const Mat&, Mat&, float, const Option&)':
/home/mingshi/Project/AI/ernie-image-ncnn-vulkan/third_party/ncnn/src/layer/x86/sdpa_prefill_bf16s.h:4652:15: warning: unused variable 'nT' [-Wunused-variable]
 4652 |     const int nT = key.h >= panel_width ? std::min(opt.num_threads, num_tasks) : 1;
      |               ^~
/home/mingshi/Project/AI/ernie-image-ncnn-vulkan/third_party/ncnn/src/layer/x86/sdpa_kvcache.h: In function 'int ncnn::sdpa_kvcache(const Mat&, const Mat&, const Mat&, const Mat&, const Mat&, Mat&, Mat&, const Mat&, Mat&, float, const Option&)':
/home/mingshi/Project/AI/ernie-image-ncnn-vulkan/third_party/ncnn/src/layer/x86/sdpa_kvcache.h:104:19: warning: unused variable 'nT' [-Wunused-variable]
  104 |         const int nT = cur_key.h >= panel_width ? std::min(opt.num_threads, num_tasks) : 1;
      |                   ^~
/home/mingshi/Project/AI/ernie-image-ncnn-vulkan/third_party/ncnn/src/layer/x86/sdpa_kvcache.h: In function 'int ncnn::sdpa_kvcache_bf16s(const Mat&, const Mat&, const Mat&, const Mat&, const Mat&, Mat&, Mat&, const Mat&, Mat&, float, const Option&)':
/home/mingshi/Project/AI/ernie-image-ncnn-vulkan/third_party/ncnn/src/layer/x86/sdpa_kvcache.h:183:19: warning: unused variable 'nT' [-Wunused-variable]
  183 |         const int nT = cur_key.h >= panel_width ? std::min(opt.num_threads, num_tasks) : 1;
      |                   ^~
[285/415] Building CXX object ncnn/src/CMakeFiles/ncnn.dir/layer/x86/sdpa_x86_fma.cpp.obj
In file included from /home/mingshi/Project/AI/ernie-image-ncnn-vulkan/third_party/ncnn/src/layer/x86/sdpa_x86_fma.cpp:23:
/home/mingshi/Project/AI/ernie-image-ncnn-vulkan/third_party/ncnn/src/layer/x86/sdpa_prefill.h:293: warning: ignoring '#pragma omp parallel' [-Wunknown-pragmas]
  293 |     #pragma omp parallel for num_threads(opt.num_threads)
/home/mingshi/Project/AI/ernie-image-ncnn-vulkan/third_party/ncnn/src/layer/x86/sdpa_prefill.h:892: warning: ignoring '#pragma omp parallel' [-Wunknown-pragmas]
  892 |     #pragma omp parallel for num_threads(nT)
/home/mingshi/Project/AI/ernie-image-ncnn-vulkan/third_party/ncnn/src/layer/x86/sdpa_prefill.h:3651: warning: ignoring '#pragma omp parallel' [-Wunknown-pragmas]
 3651 |     #pragma omp parallel for num_threads(nT)
/home/mingshi/Project/AI/ernie-image-ncnn-vulkan/third_party/ncnn/src/layer/x86/sdpa_prefill.h:3717: warning: ignoring '#pragma omp parallel' [-Wunknown-pragmas]
 3717 |     #pragma omp parallel for num_threads(nT)
In file included from /home/mingshi/Project/AI/ernie-image-ncnn-vulkan/third_party/ncnn/src/layer/x86/sdpa_x86_fma.cpp:24:
/home/mingshi/Project/AI/ernie-image-ncnn-vulkan/third_party/ncnn/src/layer/x86/sdpa_decode.h:946: warning: ignoring '#pragma omp parallel' [-Wunknown-pragmas]
  946 |     #pragma omp parallel for num_threads(nT)
/home/mingshi/Project/AI/ernie-image-ncnn-vulkan/third_party/ncnn/src/layer/x86/sdpa_decode.h:1863: warning: ignoring '#pragma omp parallel' [-Wunknown-pragmas]
 1863 |     #pragma omp parallel for num_threads(nT)
In file included from /home/mingshi/Project/AI/ernie-image-ncnn-vulkan/third_party/ncnn/src/layer/x86/sdpa_x86_fma.cpp:26:
/home/mingshi/Project/AI/ernie-image-ncnn-vulkan/third_party/ncnn/src/layer/x86/sdpa_prefill_bf16s.h:397: warning: ignoring '#pragma omp parallel' [-Wunknown-pragmas]
  397 |     #pragma omp parallel for num_threads(opt.num_threads)
/home/mingshi/Project/AI/ernie-image-ncnn-vulkan/third_party/ncnn/src/layer/x86/sdpa_prefill_bf16s.h:4503: warning: ignoring '#pragma omp parallel' [-Wunknown-pragmas]
 4503 |         #pragma omp parallel for num_threads(nT)
/home/mingshi/Project/AI/ernie-image-ncnn-vulkan/third_party/ncnn/src/layer/x86/sdpa_prefill_bf16s.h:4540: warning: ignoring '#pragma omp parallel' [-Wunknown-pragmas]
 4540 |         #pragma omp parallel for num_threads(pack_nT)
/home/mingshi/Project/AI/ernie-image-ncnn-vulkan/third_party/ncnn/src/layer/x86/sdpa_prefill_bf16s.h:4582: warning: ignoring '#pragma omp parallel' [-Wunknown-pragmas]
 4582 |     #pragma omp parallel for num_threads(nT)
/home/mingshi/Project/AI/ernie-image-ncnn-vulkan/third_party/ncnn/src/layer/x86/sdpa_prefill_bf16s.h:4654: warning: ignoring '#pragma omp parallel' [-Wunknown-pragmas]
 4654 |     #pragma omp parallel for num_threads(nT)
In file included from /home/mingshi/Project/AI/ernie-image-ncnn-vulkan/third_party/ncnn/src/layer/x86/sdpa_x86_fma.cpp:27:
/home/mingshi/Project/AI/ernie-image-ncnn-vulkan/third_party/ncnn/src/layer/x86/sdpa_decode_bf16s.h:498: warning: ignoring '#pragma omp parallel' [-Wunknown-pragmas]
  498 |     #pragma omp parallel for num_threads(nT)
/home/mingshi/Project/AI/ernie-image-ncnn-vulkan/third_party/ncnn/src/layer/x86/sdpa_decode_bf16s.h:1605: warning: ignoring '#pragma omp parallel' [-Wunknown-pragmas]
 1605 |     #pragma omp parallel for num_threads(nT)
/home/mingshi/Project/AI/ernie-image-ncnn-vulkan/third_party/ncnn/src/layer/x86/sdpa_prefill.h: In function 'void ncnn::sdpa_pack_mask(const Mat&, Mat&, int, const Option&)':
/home/mingshi/Project/AI/ernie-image-ncnn-vulkan/third_party/ncnn/src/layer/x86/sdpa_prefill.h:287:100: warning: unused parameter 'opt' [-Wunused-parameter]
  287 | static void sdpa_pack_mask(const Mat& attn_mask_blob, Mat& packed_mask, int block_m, const Option& opt)
      |                                                                                      ~~~~~~~~~~~~~~^~~
/home/mingshi/Project/AI/ernie-image-ncnn-vulkan/third_party/ncnn/src/layer/x86/sdpa_prefill.h: In function 'int ncnn::sdpa_prefill(const Mat&, const Mat&, const Mat&, const Mat&, Mat&, float, const Option&)':
/home/mingshi/Project/AI/ernie-image-ncnn-vulkan/third_party/ncnn/src/layer/x86/sdpa_prefill.h:3715:15: warning: unused variable 'nT' [-Wunused-variable]
 3715 |     const int nT = key.h >= panel_width ? std::min(opt.num_threads, num_tasks) : 1;
      |               ^~
/home/mingshi/Project/AI/ernie-image-ncnn-vulkan/third_party/ncnn/src/layer/x86/sdpa_prefill_bf16s.h: In function 'void ncnn::sdpa_pack_mask_bf16s(const Mat&, Mat&, int, const Option&)':
/home/mingshi/Project/AI/ernie-image-ncnn-vulkan/third_party/ncnn/src/layer/x86/sdpa_prefill_bf16s.h:391:106: warning: unused parameter 'opt' [-Wunused-parameter]
  391 | static void sdpa_pack_mask_bf16s(const Mat& attn_mask_blob, Mat& packed_mask, int block_m, const Option& opt)
      |                                                                                            ~~~~~~~~~~~~~~^~~
/home/mingshi/Project/AI/ernie-image-ncnn-vulkan/third_party/ncnn/src/layer/x86/sdpa_prefill_bf16s.h: In function 'int ncnn::sdpa_prefill_bf16s(const Mat&, const Mat&, const Mat&, const Mat&, Mat&, float, const Option&)':
/home/mingshi/Project/AI/ernie-image-ncnn-vulkan/third_party/ncnn/src/layer/x86/sdpa_prefill_bf16s.h:4652:15: warning: unused variable 'nT' [-Wunused-variable]
 4652 |     const int nT = key.h >= panel_width ? std::min(opt.num_threads, num_tasks) : 1;
      |               ^~
[286/415] Building CXX object ncnn/src/CMakeFiles/ncnn.dir/layer/x86/sdpa_x86_fma4.cpp.obj
In file included from /home/mingshi/Project/AI/ernie-image-ncnn-vulkan/third_party/ncnn/src/layer/x86/sdpa_x86_fma4.cpp:23:
/home/mingshi/Project/AI/ernie-image-ncnn-vulkan/third_party/ncnn/src/layer/x86/sdpa_prefill.h:293: warning: ignoring '#pragma omp parallel' [-Wunknown-pragmas]
  293 |     #pragma omp parallel for num_threads(opt.num_threads)
/home/mingshi/Project/AI/ernie-image-ncnn-vulkan/third_party/ncnn/src/layer/x86/sdpa_prefill.h:892: warning: ignoring '#pragma omp parallel' [-Wunknown-pragmas]
  892 |     #pragma omp parallel for num_threads(nT)
/home/mingshi/Project/AI/ernie-image-ncnn-vulkan/third_party/ncnn/src/layer/x86/sdpa_prefill.h:3651: warning: ignoring '#pragma omp parallel' [-Wunknown-pragmas]
 3651 |     #pragma omp parallel for num_threads(nT)
/home/mingshi/Project/AI/ernie-image-ncnn-vulkan/third_party/ncnn/src/layer/x86/sdpa_prefill.h:3717: warning: ignoring '#pragma omp parallel' [-Wunknown-pragmas]
 3717 |     #pragma omp parallel for num_threads(nT)
In file included from /home/mingshi/Project/AI/ernie-image-ncnn-vulkan/third_party/ncnn/src/layer/x86/sdpa_x86_fma4.cpp:24:
/home/mingshi/Project/AI/ernie-image-ncnn-vulkan/third_party/ncnn/src/layer/x86/sdpa_decode.h:946: warning: ignoring '#pragma omp parallel' [-Wunknown-pragmas]
  946 |     #pragma omp parallel for num_threads(nT)
/home/mingshi/Project/AI/ernie-image-ncnn-vulkan/third_party/ncnn/src/layer/x86/sdpa_decode.h:1863: warning: ignoring '#pragma omp parallel' [-Wunknown-pragmas]
 1863 |     #pragma omp parallel for num_threads(nT)
In file included from /home/mingshi/Project/AI/ernie-image-ncnn-vulkan/third_party/ncnn/src/layer/x86/sdpa_x86_fma4.cpp:26:
/home/mingshi/Project/AI/ernie-image-ncnn-vulkan/third_party/ncnn/src/layer/x86/sdpa_prefill_bf16s.h:397: warning: ignoring '#pragma omp parallel' [-Wunknown-pragmas]
  397 |     #pragma omp parallel for num_threads(opt.num_threads)
/home/mingshi/Project/AI/ernie-image-ncnn-vulkan/third_party/ncnn/src/layer/x86/sdpa_prefill_bf16s.h:4503: warning: ignoring '#pragma omp parallel' [-Wunknown-pragmas]
 4503 |         #pragma omp parallel for num_threads(nT)
/home/mingshi/Project/AI/ernie-image-ncnn-vulkan/third_party/ncnn/src/layer/x86/sdpa_prefill_bf16s.h:4540: warning: ignoring '#pragma omp parallel' [-Wunknown-pragmas]
 4540 |         #pragma omp parallel for num_threads(pack_nT)
/home/mingshi/Project/AI/ernie-image-ncnn-vulkan/third_party/ncnn/src/layer/x86/sdpa_prefill_bf16s.h:4582: warning: ignoring '#pragma omp parallel' [-Wunknown-pragmas]
 4582 |     #pragma omp parallel for num_threads(nT)
/home/mingshi/Project/AI/ernie-image-ncnn-vulkan/third_party/ncnn/src/layer/x86/sdpa_prefill_bf16s.h:4654: warning: ignoring '#pragma omp parallel' [-Wunknown-pragmas]
 4654 |     #pragma omp parallel for num_threads(nT)
In file included from /home/mingshi/Project/AI/ernie-image-ncnn-vulkan/third_party/ncnn/src/layer/x86/sdpa_x86_fma4.cpp:27:
/home/mingshi/Project/AI/ernie-image-ncnn-vulkan/third_party/ncnn/src/layer/x86/sdpa_decode_bf16s.h:498: warning: ignoring '#pragma omp parallel' [-Wunknown-pragmas]
  498 |     #pragma omp parallel for num_threads(nT)
/home/mingshi/Project/AI/ernie-image-ncnn-vulkan/third_party/ncnn/src/layer/x86/sdpa_decode_bf16s.h:1605: warning: ignoring '#pragma omp parallel' [-Wunknown-pragmas]
 1605 |     #pragma omp parallel for num_threads(nT)
/home/mingshi/Project/AI/ernie-image-ncnn-vulkan/third_party/ncnn/src/layer/x86/sdpa_prefill.h: In function 'void ncnn::sdpa_pack_mask(const Mat&, Mat&, int, const Option&)':
/home/mingshi/Project/AI/ernie-image-ncnn-vulkan/third_party/ncnn/src/layer/x86/sdpa_prefill.h:287:100: warning: unused parameter 'opt' [-Wunused-parameter]
  287 | static void sdpa_pack_mask(const Mat& attn_mask_blob, Mat& packed_mask, int block_m, const Option& opt)
      |                                                                                      ~~~~~~~~~~~~~~^~~
/home/mingshi/Project/AI/ernie-image-ncnn-vulkan/third_party/ncnn/src/layer/x86/sdpa_prefill.h: In function 'int ncnn::sdpa_prefill(const Mat&, const Mat&, const Mat&, const Mat&, Mat&, float, const Option&)':
/home/mingshi/Project/AI/ernie-image-ncnn-vulkan/third_party/ncnn/src/layer/x86/sdpa_prefill.h:3715:15: warning: unused variable 'nT' [-Wunused-variable]
 3715 |     const int nT = key.h >= panel_width ? std::min(opt.num_threads, num_tasks) : 1;
      |               ^~
/home/mingshi/Project/AI/ernie-image-ncnn-vulkan/third_party/ncnn/src/layer/x86/sdpa_prefill_bf16s.h: In function 'void ncnn::sdpa_pack_mask_bf16s(const Mat&, Mat&, int, const Option&)':
/home/mingshi/Project/AI/ernie-image-ncnn-vulkan/third_party/ncnn/src/layer/x86/sdpa_prefill_bf16s.h:391:106: warning: unused parameter 'opt' [-Wunused-parameter]
  391 | static void sdpa_pack_mask_bf16s(const Mat& attn_mask_blob, Mat& packed_mask, int block_m, const Option& opt)
      |                                                                                            ~~~~~~~~~~~~~~^~~
/home/mingshi/Project/AI/ernie-image-ncnn-vulkan/third_party/ncnn/src/layer/x86/sdpa_prefill_bf16s.h: In function 'int ncnn::sdpa_prefill_bf16s(const Mat&, const Mat&, const Mat&, const Mat&, Mat&, float, const Option&)':
/home/mingshi/Project/AI/ernie-image-ncnn-vulkan/third_party/ncnn/src/layer/x86/sdpa_prefill_bf16s.h:4652:15: warning: unused variable 'nT' [-Wunused-variable]
 4652 |     const int nT = key.h >= panel_width ? std::min(opt.num_threads, num_tasks) : 1;
      |               ^~
[287/415] Building CXX object ncnn/src/CMakeFiles/ncnn.dir/layer/x86/sdpa_x86_avx.cpp.obj
In file included from /home/mingshi/Project/AI/ernie-image-ncnn-vulkan/.worktrees/surpass-reference/build-windows-cpu-v1/ncnn/src/layer/x86/sdpa_x86_avx.cpp:27:
/home/mingshi/Project/AI/ernie-image-ncnn-vulkan/third_party/ncnn/src/layer/x86/sdpa_prefill.h:293: warning: ignoring '#pragma omp parallel' [-Wunknown-pragmas]
  293 |     #pragma omp parallel for num_threads(opt.num_threads)
/home/mingshi/Project/AI/ernie-image-ncnn-vulkan/third_party/ncnn/src/layer/x86/sdpa_prefill.h:892: warning: ignoring '#pragma omp parallel' [-Wunknown-pragmas]
  892 |     #pragma omp parallel for num_threads(nT)
/home/mingshi/Project/AI/ernie-image-ncnn-vulkan/third_party/ncnn/src/layer/x86/sdpa_prefill.h:3651: warning: ignoring '#pragma omp parallel' [-Wunknown-pragmas]
 3651 |     #pragma omp parallel for num_threads(nT)
/home/mingshi/Project/AI/ernie-image-ncnn-vulkan/third_party/ncnn/src/layer/x86/sdpa_prefill.h:3717: warning: ignoring '#pragma omp parallel' [-Wunknown-pragmas]
 3717 |     #pragma omp parallel for num_threads(nT)
In file included from /home/mingshi/Project/AI/ernie-image-ncnn-vulkan/.worktrees/surpass-reference/build-windows-cpu-v1/ncnn/src/layer/x86/sdpa_x86_avx.cpp:28:
/home/mingshi/Project/AI/ernie-image-ncnn-vulkan/third_party/ncnn/src/layer/x86/sdpa_decode.h:946: warning: ignoring '#pragma omp parallel' [-Wunknown-pragmas]
  946 |     #pragma omp parallel for num_threads(nT)
/home/mingshi/Project/AI/ernie-image-ncnn-vulkan/third_party/ncnn/src/layer/x86/sdpa_decode.h:1863: warning: ignoring '#pragma omp parallel' [-Wunknown-pragmas]
 1863 |     #pragma omp parallel for num_threads(nT)
In file included from /home/mingshi/Project/AI/ernie-image-ncnn-vulkan/.worktrees/surpass-reference/build-windows-cpu-v1/ncnn/src/layer/x86/sdpa_x86_avx.cpp:30:
/home/mingshi/Project/AI/ernie-image-ncnn-vulkan/third_party/ncnn/src/layer/x86/sdpa_prefill_bf16s.h:397: warning: ignoring '#pragma omp parallel' [-Wunknown-pragmas]
  397 |     #pragma omp parallel for num_threads(opt.num_threads)
/home/mingshi/Project/AI/ernie-image-ncnn-vulkan/third_party/ncnn/src/layer/x86/sdpa_prefill_bf16s.h:4503: warning: ignoring '#pragma omp parallel' [-Wunknown-pragmas]
 4503 |         #pragma omp parallel for num_threads(nT)
/home/mingshi/Project/AI/ernie-image-ncnn-vulkan/third_party/ncnn/src/layer/x86/sdpa_prefill_bf16s.h:4540: warning: ignoring '#pragma omp parallel' [-Wunknown-pragmas]
 4540 |         #pragma omp parallel for num_threads(pack_nT)
/home/mingshi/Project/AI/ernie-image-ncnn-vulkan/third_party/ncnn/src/layer/x86/sdpa_prefill_bf16s.h:4582: warning: ignoring '#pragma omp parallel' [-Wunknown-pragmas]
 4582 |     #pragma omp parallel for num_threads(nT)
/home/mingshi/Project/AI/ernie-image-ncnn-vulkan/third_party/ncnn/src/layer/x86/sdpa_prefill_bf16s.h:4654: warning: ignoring '#pragma omp parallel' [-Wunknown-pragmas]
 4654 |     #pragma omp parallel for num_threads(nT)
In file included from /home/mingshi/Project/AI/ernie-image-ncnn-vulkan/.worktrees/surpass-reference/build-windows-cpu-v1/ncnn/src/layer/x86/sdpa_x86_avx.cpp:31:
/home/mingshi/Project/AI/ernie-image-ncnn-vulkan/third_party/ncnn/src/layer/x86/sdpa_decode_bf16s.h:498: warning: ignoring '#pragma omp parallel' [-Wunknown-pragmas]
  498 |     #pragma omp parallel for num_threads(nT)
/home/mingshi/Project/AI/ernie-image-ncnn-vulkan/third_party/ncnn/src/layer/x86/sdpa_decode_bf16s.h:1605: warning: ignoring '#pragma omp parallel' [-Wunknown-pragmas]
 1605 |     #pragma omp parallel for num_threads(nT)
In file included from /home/mingshi/Project/AI/ernie-image-ncnn-vulkan/.worktrees/surpass-reference/build-windows-cpu-v1/ncnn/src/layer/x86/sdpa_x86_avx.cpp:33:
/home/mingshi/Project/AI/ernie-image-ncnn-vulkan/third_party/ncnn/src/layer/x86/sdpa_kvcache.h:106: warning: ignoring '#pragma omp parallel' [-Wunknown-pragmas]
  106 |         #pragma omp parallel for num_threads(nT)
/home/mingshi/Project/AI/ernie-image-ncnn-vulkan/third_party/ncnn/src/layer/x86/sdpa_kvcache.h:185: warning: ignoring '#pragma omp parallel' [-Wunknown-pragmas]
  185 |         #pragma omp parallel for num_threads(nT)
/home/mingshi/Project/AI/ernie-image-ncnn-vulkan/.worktrees/surpass-reference/build-windows-cpu-v1/ncnn/src/layer/x86/sdpa_x86_avx.cpp:248: warning: ignoring '#pragma omp parallel' [-Wunknown-pragmas]
  248 |         #pragma omp parallel for num_threads(opt.num_threads)
/home/mingshi/Project/AI/ernie-image-ncnn-vulkan/.worktrees/surpass-reference/build-windows-cpu-v1/ncnn/src/layer/x86/sdpa_x86_avx.cpp:313: warning: ignoring '#pragma omp parallel' [-Wunknown-pragmas]
  313 |     #pragma omp parallel for num_threads(opt.num_threads)
/home/mingshi/Project/AI/ernie-image-ncnn-vulkan/.worktrees/surpass-reference/build-windows-cpu-v1/ncnn/src/layer/x86/sdpa_x86_avx.cpp:377: warning: ignoring '#pragma omp parallel' [-Wunknown-pragmas]
  377 |     #pragma omp parallel for num_threads(opt.num_threads)
/home/mingshi/Project/AI/ernie-image-ncnn-vulkan/third_party/ncnn/src/layer/x86/sdpa_prefill.h: In function 'void ncnn::sdpa_pack_mask(const Mat&, Mat&, int, const Option&)':
/home/mingshi/Project/AI/ernie-image-ncnn-vulkan/third_party/ncnn/src/layer/x86/sdpa_prefill.h:287:100: warning: unused parameter 'opt' [-Wunused-parameter]
  287 | static void sdpa_pack_mask(const Mat& attn_mask_blob, Mat& packed_mask, int block_m, const Option& opt)
      |                                                                                      ~~~~~~~~~~~~~~^~~
/home/mingshi/Project/AI/ernie-image-ncnn-vulkan/third_party/ncnn/src/layer/x86/sdpa_prefill.h: In function 'int ncnn::sdpa_prefill(const Mat&, const Mat&, const Mat&, const Mat&, Mat&, float, const Option&)':
/home/mingshi/Project/AI/ernie-image-ncnn-vulkan/third_party/ncnn/src/layer/x86/sdpa_prefill.h:3715:15: warning: unused variable 'nT' [-Wunused-variable]
 3715 |     const int nT = key.h >= panel_width ? std::min(opt.num_threads, num_tasks) : 1;
      |               ^~
/home/mingshi/Project/AI/ernie-image-ncnn-vulkan/third_party/ncnn/src/layer/x86/sdpa_prefill_bf16s.h: In function 'void ncnn::sdpa_pack_mask_bf16s(const Mat&, Mat&, int, const Option&)':
/home/mingshi/Project/AI/ernie-image-ncnn-vulkan/third_party/ncnn/src/layer/x86/sdpa_prefill_bf16s.h:391:106: warning: unused parameter 'opt' [-Wunused-parameter]
  391 | static void sdpa_pack_mask_bf16s(const Mat& attn_mask_blob, Mat& packed_mask, int block_m, const Option& opt)
      |                                                                                            ~~~~~~~~~~~~~~^~~
/home/mingshi/Project/AI/ernie-image-ncnn-vulkan/third_party/ncnn/src/layer/x86/sdpa_prefill_bf16s.h: In function 'int ncnn::sdpa_prefill_bf16s(const Mat&, const Mat&, const Mat&, const Mat&, Mat&, float, const Option&)':
/home/mingshi/Project/AI/ernie-image-ncnn-vulkan/third_party/ncnn/src/layer/x86/sdpa_prefill_bf16s.h:4652:15: warning: unused variable 'nT' [-Wunused-variable]
 4652 |     const int nT = key.h >= panel_width ? std::min(opt.num_threads, num_tasks) : 1;
      |               ^~
/home/mingshi/Project/AI/ernie-image-ncnn-vulkan/third_party/ncnn/src/layer/x86/sdpa_kvcache.h: In function 'int ncnn::sdpa_kvcache(const Mat&, const Mat&, const Mat&, const Mat&, const Mat&, Mat&, Mat&, const Mat&, Mat&, float, const Option&)':
/home/mingshi/Project/AI/ernie-image-ncnn-vulkan/third_party/ncnn/src/layer/x86/sdpa_kvcache.h:104:19: warning: unused variable 'nT' [-Wunused-variable]
  104 |         const int nT = cur_key.h >= panel_width ? std::min(opt.num_threads, num_tasks) : 1;
      |                   ^~
/home/mingshi/Project/AI/ernie-image-ncnn-vulkan/third_party/ncnn/src/layer/x86/sdpa_kvcache.h: In function 'int ncnn::sdpa_kvcache_bf16s(const Mat&, const Mat&, const Mat&, const Mat&, const Mat&, Mat&, Mat&, const Mat&, Mat&, float, const Option&)':
/home/mingshi/Project/AI/ernie-image-ncnn-vulkan/third_party/ncnn/src/layer/x86/sdpa_kvcache.h:183:19: warning: unused variable 'nT' [-Wunused-variable]
  183 |         const int nT = cur_key.h >= panel_width ? std::min(opt.num_threads, num_tasks) : 1;
      |                   ^~
[288/415] Building CXX object ncnn/src/CMakeFiles/ncnn.dir/layer/x86/sdpa_x86_avx512bf16.cpp.obj
In file included from /home/mingshi/Project/AI/ernie-image-ncnn-vulkan/third_party/ncnn/src/layer/x86/sdpa_x86_avx512bf16.cpp:26:
/home/mingshi/Project/AI/ernie-image-ncnn-vulkan/third_party/ncnn/src/layer/x86/sdpa_prefill.h:293: warning: ignoring '#pragma omp parallel' [-Wunknown-pragmas]
  293 |     #pragma omp parallel for num_threads(opt.num_threads)
/home/mingshi/Project/AI/ernie-image-ncnn-vulkan/third_party/ncnn/src/layer/x86/sdpa_prefill.h:892: warning: ignoring '#pragma omp parallel' [-Wunknown-pragmas]
  892 |     #pragma omp parallel for num_threads(nT)
/home/mingshi/Project/AI/ernie-image-ncnn-vulkan/third_party/ncnn/src/layer/x86/sdpa_prefill.h:3651: warning: ignoring '#pragma omp parallel' [-Wunknown-pragmas]
 3651 |     #pragma omp parallel for num_threads(nT)
/home/mingshi/Project/AI/ernie-image-ncnn-vulkan/third_party/ncnn/src/layer/x86/sdpa_prefill.h:3717: warning: ignoring '#pragma omp parallel' [-Wunknown-pragmas]
 3717 |     #pragma omp parallel for num_threads(nT)
In file included from /home/mingshi/Project/AI/ernie-image-ncnn-vulkan/third_party/ncnn/src/layer/x86/sdpa_x86_avx512bf16.cpp:27:
/home/mingshi/Project/AI/ernie-image-ncnn-vulkan/third_party/ncnn/src/layer/x86/sdpa_decode.h:946: warning: ignoring '#pragma omp parallel' [-Wunknown-pragmas]
  946 |     #pragma omp parallel for num_threads(nT)
/home/mingshi/Project/AI/ernie-image-ncnn-vulkan/third_party/ncnn/src/layer/x86/sdpa_decode.h:1863: warning: ignoring '#pragma omp parallel' [-Wunknown-pragmas]
 1863 |     #pragma omp parallel for num_threads(nT)
In file included from /home/mingshi/Project/AI/ernie-image-ncnn-vulkan/third_party/ncnn/src/layer/x86/sdpa_x86_avx512bf16.cpp:28:
/home/mingshi/Project/AI/ernie-image-ncnn-vulkan/third_party/ncnn/src/layer/x86/sdpa_prefill_bf16s.h:397: warning: ignoring '#pragma omp parallel' [-Wunknown-pragmas]
  397 |     #pragma omp parallel for num_threads(opt.num_threads)
/home/mingshi/Project/AI/ernie-image-ncnn-vulkan/third_party/ncnn/src/layer/x86/sdpa_prefill_bf16s.h:4503: warning: ignoring '#pragma omp parallel' [-Wunknown-pragmas]
 4503 |         #pragma omp parallel for num_threads(nT)
/home/mingshi/Project/AI/ernie-image-ncnn-vulkan/third_party/ncnn/src/layer/x86/sdpa_prefill_bf16s.h:4540: warning: ignoring '#pragma omp parallel' [-Wunknown-pragmas]
 4540 |         #pragma omp parallel for num_threads(pack_nT)
/home/mingshi/Project/AI/ernie-image-ncnn-vulkan/third_party/ncnn/src/layer/x86/sdpa_prefill_bf16s.h:4582: warning: ignoring '#pragma omp parallel' [-Wunknown-pragmas]
 4582 |     #pragma omp parallel for num_threads(nT)
/home/mingshi/Project/AI/ernie-image-ncnn-vulkan/third_party/ncnn/src/layer/x86/sdpa_prefill_bf16s.h:4654: warning: ignoring '#pragma omp parallel' [-Wunknown-pragmas]
 4654 |     #pragma omp parallel for num_threads(nT)
In file included from /home/mingshi/Project/AI/ernie-image-ncnn-vulkan/third_party/ncnn/src/layer/x86/sdpa_x86_avx512bf16.cpp:29:
/home/mingshi/Project/AI/ernie-image-ncnn-vulkan/third_party/ncnn/src/layer/x86/sdpa_decode_bf16s.h:498: warning: ignoring '#pragma omp parallel' [-Wunknown-pragmas]
  498 |     #pragma omp parallel for num_threads(nT)
/home/mingshi/Project/AI/ernie-image-ncnn-vulkan/third_party/ncnn/src/layer/x86/sdpa_decode_bf16s.h:1605: warning: ignoring '#pragma omp parallel' [-Wunknown-pragmas]
 1605 |     #pragma omp parallel for num_threads(nT)
In file included from /home/mingshi/Project/AI/ernie-image-ncnn-vulkan/third_party/ncnn/src/layer/x86/sdpa_x86_avx512bf16.cpp:30:
/home/mingshi/Project/AI/ernie-image-ncnn-vulkan/third_party/ncnn/src/layer/x86/sdpa_kvcache.h:106: warning: ignoring '#pragma omp parallel' [-Wunknown-pragmas]
  106 |         #pragma omp parallel for num_threads(nT)
/home/mingshi/Project/AI/ernie-image-ncnn-vulkan/third_party/ncnn/src/layer/x86/sdpa_kvcache.h:185: warning: ignoring '#pragma omp parallel' [-Wunknown-pragmas]
  185 |         #pragma omp parallel for num_threads(nT)
/home/mingshi/Project/AI/ernie-image-ncnn-vulkan/third_party/ncnn/src/layer/x86/sdpa_prefill.h: In function 'void ncnn::sdpa_pack_mask(const Mat&, Mat&, int, const Option&)':
/home/mingshi/Project/AI/ernie-image-ncnn-vulkan/third_party/ncnn/src/layer/x86/sdpa_prefill.h:287:100: warning: unused parameter 'opt' [-Wunused-parameter]
  287 | static void sdpa_pack_mask(const Mat& attn_mask_blob, Mat& packed_mask, int block_m, const Option& opt)
      |                                                                                      ~~~~~~~~~~~~~~^~~
/home/mingshi/Project/AI/ernie-image-ncnn-vulkan/third_party/ncnn/src/layer/x86/sdpa_prefill.h: In function 'int ncnn::sdpa_prefill(const Mat&, const Mat&, const Mat&, const Mat&, Mat&, float, const Option&)':
/home/mingshi/Project/AI/ernie-image-ncnn-vulkan/third_party/ncnn/src/layer/x86/sdpa_prefill.h:3715:15: warning: unused variable 'nT' [-Wunused-variable]
 3715 |     const int nT = key.h >= panel_width ? std::min(opt.num_threads, num_tasks) : 1;
      |               ^~
/home/mingshi/Project/AI/ernie-image-ncnn-vulkan/third_party/ncnn/src/layer/x86/sdpa_prefill_bf16s.h: In function 'void ncnn::sdpa_pack_mask_bf16s(const Mat&, Mat&, int, const Option&)':
/home/mingshi/Project/AI/ernie-image-ncnn-vulkan/third_party/ncnn/src/layer/x86/sdpa_prefill_bf16s.h:391:106: warning: unused parameter 'opt' [-Wunused-parameter]
  391 | static void sdpa_pack_mask_bf16s(const Mat& attn_mask_blob, Mat& packed_mask, int block_m, const Option& opt)
      |                                                                                            ~~~~~~~~~~~~~~^~~
/home/mingshi/Project/AI/ernie-image-ncnn-vulkan/third_party/ncnn/src/layer/x86/sdpa_prefill_bf16s.h: In function 'int ncnn::sdpa_prefill_bf16s(const Mat&, const Mat&, const Mat&, const Mat&, Mat&, float, const Option&)':
/home/mingshi/Project/AI/ernie-image-ncnn-vulkan/third_party/ncnn/src/layer/x86/sdpa_prefill_bf16s.h:4652:15: warning: unused variable 'nT' [-Wunused-variable]
 4652 |     const int nT = key.h >= panel_width ? std::min(opt.num_threads, num_tasks) : 1;
      |               ^~
/home/mingshi/Project/AI/ernie-image-ncnn-vulkan/third_party/ncnn/src/layer/x86/sdpa_kvcache.h: In function 'int ncnn::sdpa_kvcache(const Mat&, const Mat&, const Mat&, const Mat&, const Mat&, Mat&, Mat&, const Mat&, Mat&, float, const Option&)':
/home/mingshi/Project/AI/ernie-image-ncnn-vulkan/third_party/ncnn/src/layer/x86/sdpa_kvcache.h:104:19: warning: unused variable 'nT' [-Wunused-variable]
  104 |         const int nT = cur_key.h >= panel_width ? std::min(opt.num_threads, num_tasks) : 1;
      |                   ^~
/home/mingshi/Project/AI/ernie-image-ncnn-vulkan/third_party/ncnn/src/layer/x86/sdpa_kvcache.h: In function 'int ncnn::sdpa_kvcache_bf16s(const Mat&, const Mat&, const Mat&, const Mat&, const Mat&, Mat&, Mat&, const Mat&, Mat&, float, const Option&)':
/home/mingshi/Project/AI/ernie-image-ncnn-vulkan/third_party/ncnn/src/layer/x86/sdpa_kvcache.h:183:19: warning: unused variable 'nT' [-Wunused-variable]
  183 |         const int nT = cur_key.h >= panel_width ? std::min(opt.num_threads, num_tasks) : 1;
      |                   ^~
[289/415] Building CXX object tokenizer/CMakeFiles/ernie-tokenizer.dir/__/src/tokenizer.cpp.obj
[290/415] Building CXX object src/CMakeFiles/ernie-shape-plan.dir/shape_plan.cpp.obj
[291/415] Linking CXX static library tokenizer/libernie-tokenizer.a
[292/415] Building CXX object src/CMakeFiles/ernie-runtime.dir/ernie_gelu.cpp.obj
[293/415] Building CXX object src/CMakeFiles/ernie-runtime.dir/ernie_rmsnorm.cpp.obj
[294/415] Building CXX object ncnn/src/CMakeFiles/ncnn.dir/layer/x86/sdpa_x86_avx2.cpp.obj
In file included from /home/mingshi/Project/AI/ernie-image-ncnn-vulkan/third_party/ncnn/src/layer/x86/sdpa_x86_avx2.cpp:26:
/home/mingshi/Project/AI/ernie-image-ncnn-vulkan/third_party/ncnn/src/layer/x86/sdpa_prefill.h:293: warning: ignoring '#pragma omp parallel' [-Wunknown-pragmas]
  293 |     #pragma omp parallel for num_threads(opt.num_threads)
/home/mingshi/Project/AI/ernie-image-ncnn-vulkan/third_party/ncnn/src/layer/x86/sdpa_prefill.h:892: warning: ignoring '#pragma omp parallel' [-Wunknown-pragmas]
  892 |     #pragma omp parallel for num_threads(nT)
/home/mingshi/Project/AI/ernie-image-ncnn-vulkan/third_party/ncnn/src/layer/x86/sdpa_prefill.h:3651: warning: ignoring '#pragma omp parallel' [-Wunknown-pragmas]
 3651 |     #pragma omp parallel for num_threads(nT)
/home/mingshi/Project/AI/ernie-image-ncnn-vulkan/third_party/ncnn/src/layer/x86/sdpa_prefill.h:3717: warning: ignoring '#pragma omp parallel' [-Wunknown-pragmas]
 3717 |     #pragma omp parallel for num_threads(nT)
In file included from /home/mingshi/Project/AI/ernie-image-ncnn-vulkan/third_party/ncnn/src/layer/x86/sdpa_x86_avx2.cpp:27:
/home/mingshi/Project/AI/ernie-image-ncnn-vulkan/third_party/ncnn/src/layer/x86/sdpa_decode.h:946: warning: ignoring '#pragma omp parallel' [-Wunknown-pragmas]
  946 |     #pragma omp parallel for num_threads(nT)
/home/mingshi/Project/AI/ernie-image-ncnn-vulkan/third_party/ncnn/src/layer/x86/sdpa_decode.h:1863: warning: ignoring '#pragma omp parallel' [-Wunknown-pragmas]
 1863 |     #pragma omp parallel for num_threads(nT)
In file included from /home/mingshi/Project/AI/ernie-image-ncnn-vulkan/third_party/ncnn/src/layer/x86/sdpa_x86_avx2.cpp:28:
/home/mingshi/Project/AI/ernie-image-ncnn-vulkan/third_party/ncnn/src/layer/x86/sdpa_prefill_bf16s.h:397: warning: ignoring '#pragma omp parallel' [-Wunknown-pragmas]
  397 |     #pragma omp parallel for num_threads(opt.num_threads)
/home/mingshi/Project/AI/ernie-image-ncnn-vulkan/third_party/ncnn/src/layer/x86/sdpa_prefill_bf16s.h:4503: warning: ignoring '#pragma omp parallel' [-Wunknown-pragmas]
 4503 |         #pragma omp parallel for num_threads(nT)
/home/mingshi/Project/AI/ernie-image-ncnn-vulkan/third_party/ncnn/src/layer/x86/sdpa_prefill_bf16s.h:4540: warning: ignoring '#pragma omp parallel' [-Wunknown-pragmas]
 4540 |         #pragma omp parallel for num_threads(pack_nT)
/home/mingshi/Project/AI/ernie-image-ncnn-vulkan/third_party/ncnn/src/layer/x86/sdpa_prefill_bf16s.h:4582: warning: ignoring '#pragma omp parallel' [-Wunknown-pragmas]
 4582 |     #pragma omp parallel for num_threads(nT)
/home/mingshi/Project/AI/ernie-image-ncnn-vulkan/third_party/ncnn/src/layer/x86/sdpa_prefill_bf16s.h:4654: warning: ignoring '#pragma omp parallel' [-Wunknown-pragmas]
 4654 |     #pragma omp parallel for num_threads(nT)
In file included from /home/mingshi/Project/AI/ernie-image-ncnn-vulkan/third_party/ncnn/src/layer/x86/sdpa_x86_avx2.cpp:29:
/home/mingshi/Project/AI/ernie-image-ncnn-vulkan/third_party/ncnn/src/layer/x86/sdpa_decode_bf16s.h:498: warning: ignoring '#pragma omp parallel' [-Wunknown-pragmas]
  498 |     #pragma omp parallel for num_threads(nT)
/home/mingshi/Project/AI/ernie-image-ncnn-vulkan/third_party/ncnn/src/layer/x86/sdpa_decode_bf16s.h:1605: warning: ignoring '#pragma omp parallel' [-Wunknown-pragmas]
 1605 |     #pragma omp parallel for num_threads(nT)
In file included from /home/mingshi/Project/AI/ernie-image-ncnn-vulkan/third_party/ncnn/src/layer/x86/sdpa_x86_avx2.cpp:30:
/home/mingshi/Project/AI/ernie-image-ncnn-vulkan/third_party/ncnn/src/layer/x86/sdpa_kvcache.h:106: warning: ignoring '#pragma omp parallel' [-Wunknown-pragmas]
  106 |         #pragma omp parallel for num_threads(nT)
/home/mingshi/Project/AI/ernie-image-ncnn-vulkan/third_party/ncnn/src/layer/x86/sdpa_kvcache.h:185: warning: ignoring '#pragma omp parallel' [-Wunknown-pragmas]
  185 |         #pragma omp parallel for num_threads(nT)
/home/mingshi/Project/AI/ernie-image-ncnn-vulkan/third_party/ncnn/src/layer/x86/sdpa_prefill.h: In function 'void ncnn::sdpa_pack_mask(const Mat&, Mat&, int, const Option&)':
/home/mingshi/Project/AI/ernie-image-ncnn-vulkan/third_party/ncnn/src/layer/x86/sdpa_prefill.h:287:100: warning: unused parameter 'opt' [-Wunused-parameter]
  287 | static void sdpa_pack_mask(const Mat& attn_mask_blob, Mat& packed_mask, int block_m, const Option& opt)
      |                                                                                      ~~~~~~~~~~~~~~^~~
/home/mingshi/Project/AI/ernie-image-ncnn-vulkan/third_party/ncnn/src/layer/x86/sdpa_prefill.h: In function 'int ncnn::sdpa_prefill(const Mat&, const Mat&, const Mat&, const Mat&, Mat&, float, const Option&)':
/home/mingshi/Project/AI/ernie-image-ncnn-vulkan/third_party/ncnn/src/layer/x86/sdpa_prefill.h:3715:15: warning: unused variable 'nT' [-Wunused-variable]
 3715 |     const int nT = key.h >= panel_width ? std::min(opt.num_threads, num_tasks) : 1;
      |               ^~
/home/mingshi/Project/AI/ernie-image-ncnn-vulkan/third_party/ncnn/src/layer/x86/sdpa_prefill_bf16s.h: In function 'void ncnn::sdpa_pack_mask_bf16s(const Mat&, Mat&, int, const Option&)':
/home/mingshi/Project/AI/ernie-image-ncnn-vulkan/third_party/ncnn/src/layer/x86/sdpa_prefill_bf16s.h:391:106: warning: unused parameter 'opt' [-Wunused-parameter]
  391 | static void sdpa_pack_mask_bf16s(const Mat& attn_mask_blob, Mat& packed_mask, int block_m, const Option& opt)
      |                                                                                            ~~~~~~~~~~~~~~^~~
/home/mingshi/Project/AI/ernie-image-ncnn-vulkan/third_party/ncnn/src/layer/x86/sdpa_prefill_bf16s.h: In function 'int ncnn::sdpa_prefill_bf16s(const Mat&, const Mat&, const Mat&, const Mat&, Mat&, float, const Option&)':
/home/mingshi/Project/AI/ernie-image-ncnn-vulkan/third_party/ncnn/src/layer/x86/sdpa_prefill_bf16s.h:4652:15: warning: unused variable 'nT' [-Wunused-variable]
 4652 |     const int nT = key.h >= panel_width ? std::min(opt.num_threads, num_tasks) : 1;
      |               ^~
/home/mingshi/Project/AI/ernie-image-ncnn-vulkan/third_party/ncnn/src/layer/x86/sdpa_kvcache.h: In function 'int ncnn::sdpa_kvcache(const Mat&, const Mat&, const Mat&, const Mat&, const Mat&, Mat&, Mat&, const Mat&, Mat&, float, const Option&)':
/home/mingshi/Project/AI/ernie-image-ncnn-vulkan/third_party/ncnn/src/layer/x86/sdpa_kvcache.h:104:19: warning: unused variable 'nT' [-Wunused-variable]
  104 |         const int nT = cur_key.h >= panel_width ? std::min(opt.num_threads, num_tasks) : 1;
      |                   ^~
/home/mingshi/Project/AI/ernie-image-ncnn-vulkan/third_party/ncnn/src/layer/x86/sdpa_kvcache.h: In function 'int ncnn::sdpa_kvcache_bf16s(const Mat&, const Mat&, const Mat&, const Mat&, const Mat&, Mat&, Mat&, const Mat&, Mat&, float, const Option&)':
/home/mingshi/Project/AI/ernie-image-ncnn-vulkan/third_party/ncnn/src/layer/x86/sdpa_kvcache.h:183:19: warning: unused variable 'nT' [-Wunused-variable]
  183 |         const int nT = cur_key.h >= panel_width ? std::min(opt.num_threads, num_tasks) : 1;
      |                   ^~
[295/415] Linking CXX static library ncnn/src/libncnn.a
[296/415] Building CXX object src/CMakeFiles/ernie-runtime.dir/ernie_residual.cpp.obj
[297/415] Building CXX object src/CMakeFiles/ernie-runtime.dir/ernie_attention.cpp.obj
[298/415] Building CXX object src/CMakeFiles/ernie-runtime.dir/ernie_groupnorm.cpp.obj
[299/415] Building CXX object src/CMakeFiles/ernie-runtime.dir/latent_ops.cpp.obj
[300/415] Building CXX object src/CMakeFiles/ernie-runtime.dir/img2img.cpp.obj
[301/415] Building CXX object src/CMakeFiles/ernie-runtime.dir/image_encoder.cpp.obj
[302/415] Building CXX object src/CMakeFiles/ernie-runtime.dir/component_files.cpp.obj
[303/415] Building CXX object src/CMakeFiles/ernie-runtime.dir/weight_placement.cpp.obj
[304/415] Building CXX object src/CMakeFiles/ernie-runtime.dir/host_memory.cpp.obj
[305/415] Building CXX object src/CMakeFiles/ernie-runtime.dir/weight_session.cpp.obj
[306/415] Building CXX object src/CMakeFiles/ernie-runtime.dir/block_sequence.cpp.obj
[307/415] Building CXX object src/CMakeFiles/ernie-runtime.dir/denoiser.cpp.obj
[308/415] Building CXX object src/CMakeFiles/ernie-runtime.dir/dit.cpp.obj
[309/415] Building CXX object src/CMakeFiles/ernie-runtime.dir/ernie_text_down.cpp.obj
[310/415] Building CXX object src/CMakeFiles/ernie-runtime.dir/text_encoder.cpp.obj
[311/415] Building CXX object src/CMakeFiles/ernie-runtime.dir/conditioning.cpp.obj
[312/415] Linking CXX static library src/libernie-shape-plan.a
[313/415] Building CXX object src/CMakeFiles/ernie-runtime.dir/pe_session.cpp.obj
[314/415] Building CXX object src/CMakeFiles/ernie-shape-graph.dir/model_config.cpp.obj
[315/415] Linking CXX static library src/libernie-runtime.a
[316/415] Building CXX object src/CMakeFiles/ernie-shape-graph.dir/shape_graph.cpp.obj
[317/415] Linking CXX static library src/libernie-shape-graph.a
[318/415] Building CXX object src/CMakeFiles/ernie-model-package.dir/model_package.cpp.obj
[319/415] Building CXX object src/CMakeFiles/ernie-pe.dir/prompt_enhancer.cpp.obj
[320/415] Linking CXX static library src/libernie-pe.a
[321/415] Building CXX object src/CMakeFiles/ernie-execution-metrics.dir/execution_metrics.cpp.obj
[322/415] Building CXX object src/CMakeFiles/ernie-pipeline.dir/model_config.cpp.obj
[323/415] Building CXX object src/CMakeFiles/ernie-pipeline.dir/runtime_info.cpp.obj
[324/415] Building CXX object src/CMakeFiles/ernie-pipeline.dir/gpu_context.cpp.obj
[325/415] Building CXX object src/CMakeFiles/ernie-pipeline.dir/pipeline.cpp.obj
[326/415] Building CXX object src/CMakeFiles/ernie-pipeline.dir/tensor_io.cpp.obj
[327/415] Linking CXX static library src/libernie-model-package.a
[328/415] Linking CXX static library src/libernie-execution-metrics.a
[329/415] Building CXX object src/CMakeFiles/ernie-pipeline.dir/vae.cpp.obj
[330/415] Linking CXX static library src/libernie-pipeline.a
[331/415] Building CXX object cli/CMakeFiles/ernie-image.dir/main.cpp.obj
[332/415] Building CXX object cli/CMakeFiles/ernie-image.dir/prompt_file.cpp.obj
[333/415] Building CXX object cli/CMakeFiles/ernie-image.dir/options.cpp.obj
[334/415] Building CXX object cli/CMakeFiles/ernie-image.dir/generation_report.cpp.obj
[335/415] Building CXX object probes/CMakeFiles/ernie-attention-probe.dir/attention_probe.cpp.obj
[336/415] Building CXX object cli/CMakeFiles/ernie-image.dir/image_io.cpp.obj
[337/415] Building CXX object probes/CMakeFiles/ernie-block-runner.dir/block_runner.cpp.obj
[338/415] Building CXX object probes/CMakeFiles/ernie-attention-accuracy-probe.dir/attention_accuracy_probe.cpp.obj
[339/415] Building CXX object probes/CMakeFiles/ernie-attention-workspace-probe.dir/attention_workspace_probe.cpp.obj
[340/415] Building CXX object probes/CMakeFiles/ernie-gelu-probe.dir/gelu_probe.cpp.obj
[341/415] Building CXX object probes/CMakeFiles/ernie-latent-runner.dir/latent_runner.cpp.obj
[342/415] Building CXX object probes/CMakeFiles/ernie-block-sequence-runner.dir/block_sequence_runner.cpp.obj
[343/415] Building CXX object probes/CMakeFiles/ernie-head-runner.dir/head_runner.cpp.obj
[344/415] Building CXX object probes/CMakeFiles/ernie-img2img-runner.dir/img2img_runner.cpp.obj
[345/415] Building CXX object probes/CMakeFiles/ernie-denoise-runner.dir/denoise_runner.cpp.obj
[346/415] Building CXX object probes/CMakeFiles/ernie-pe-block-runner.dir/pe_block_runner.cpp.obj
[347/415] Building CXX object probes/CMakeFiles/ernie-text-runner.dir/text_runner.cpp.obj
[348/415] Building CXX object probes/CMakeFiles/ernie-tokenize.dir/tokenizer_runner.cpp.obj
[349/415] Building CXX object probes/CMakeFiles/ernie-rmsnorm-probe.dir/rmsnorm_probe.cpp.obj
[350/415] Building CXX object probes/CMakeFiles/ernie-text-gemm-diagnostic.dir/text_gemm_diagnostic.cpp.obj
FAILED: [code=1] probes/CMakeFiles/ernie-text-gemm-diagnostic.dir/text_gemm_diagnostic.cpp.obj 
/usr/bin/x86_64-w64-mingw32-g++ -DNOMINMAX -I/home/mingshi/Project/AI/ernie-image-ncnn-vulkan/.worktrees/surpass-reference/src -I/home/mingshi/Project/AI/ernie-image-ncnn-vulkan/third_party/ncnn/src -I/home/mingshi/Project/AI/ernie-image-ncnn-vulkan/.worktrees/surpass-reference/build-windows-cpu-v1/ncnn/src -O3 -DNDEBUG -std=gnu++17 -MD -MT probes/CMakeFiles/ernie-text-gemm-diagnostic.dir/text_gemm_diagnostic.cpp.obj -MF probes/CMakeFiles/ernie-text-gemm-diagnostic.dir/text_gemm_diagnostic.cpp.obj.d -o probes/CMakeFiles/ernie-text-gemm-diagnostic.dir/text_gemm_diagnostic.cpp.obj -c /home/mingshi/Project/AI/ernie-image-ncnn-vulkan/.worktrees/surpass-reference/probes/text_gemm_diagnostic.cpp
/home/mingshi/Project/AI/ernie-image-ncnn-vulkan/.worktrees/surpass-reference/probes/text_gemm_diagnostic.cpp:11:10: fatal error: sys/resource.h: No such file or directory
   11 | #include <sys/resource.h>
      |          ^~~~~~~~~~~~~~~~
compilation terminated.
[351/415] Building CXX object probes/CMakeFiles/ernie-pe-runner.dir/pe_runner.cpp.obj
ninja: build stopped: subcommand failed.
